L 07/11/2025 - 00:33:06: [CvarSettings] [c2m1_highway] Could not find CVar specified (confogl_boss_unprohibit)
L 07/11/2025 - 00:33:06: [CvarSettings] [c2m1_highway] Could not find CVar specified (gfc_hittable_override)
L 07/11/2025 - 00:33:06: [CvarSettings] [c2m1_highway] Could not find CVar specified (gfc_hittable_rage_override)
L 07/11/2025 - 00:33:06: [CvarSettings] [c2m1_highway] Could not find CVar specified (gfc_rock_override)
L 07/11/2025 - 00:33:06: [CvarSettings] [c2m1_highway] Could not find CVar specified (gfc_rock_rage_override)
L 07/11/2025 - 00:33:06: [CvarSettings] [c2m1_highway] Could not find CVar specified (gfc_spit_extra_time)
L 07/11/2025 - 00:33:06: [CvarSettings] [c2m1_highway] Could not find CVar specified (gfc_common_extra_time)
L 07/11/2025 - 00:33:06: [CvarSettings] [c2m1_highway] Could not find CVar specified (gfc_hunter_duration)
L 07/11/2025 - 00:33:06: [CvarSettings] [c2m1_highway] Could not find CVar specified (gfc_jockey_duration)
L 07/11/2025 - 00:33:06: [CvarSettings] [c2m1_highway] Could not find CVar specified (gfc_smoker_duration)
L 07/11/2025 - 00:33:06: [CvarSettings] [c2m1_highway] Could not find CVar specified (gfc_charger_duration)
L 07/11/2025 - 00:33:06: [CvarSettings] [c2m1_highway] Could not find CVar specified (gfc_charger_stagger_extra_time)
L 07/11/2025 - 00:33:06: [CvarSettings] [c2m1_highway] Could not find CVar specified (gfc_charger_stagger_flags)
L 07/11/2025 - 00:33:06: [CvarSettings] [c2m1_highway] Could not find CVar specified (gfc_common_zc_flags)
L 07/11/2025 - 00:33:06: [CvarSettings] [c2m1_highway] Could not find CVar specified (gfc_spit_zc_flags)
L 07/11/2025 - 00:33:06: [CvarSettings] [c2m1_highway] Could not find CVar specified (gfc_godframe_glows)
L 07/11/2025 - 00:33:06: [CvarSettings] [c2m1_highway] Could not find CVar specified (gfc_ff_min_time)
L 07/11/2025 - 00:33:06: [CvarSettings] [c2m1_highway] Could not find CVar specified (l4d2_undoff_enable)
L 07/11/2025 - 00:33:06: [CvarSettings] [c2m1_highway] Could not find CVar specified (l4d2_undoff_blockzerodmg)
L 07/11/2025 - 00:33:06: [CvarSettings] [c2m1_highway] Could not find CVar specified (l4d2_undoff_permdmgfrac)
L 07/11/2025 - 00:33:06: [CvarSettings] [c2m1_highway] Could not find CVar specified (l4d2_shotgun_ff_multi)
L 07/11/2025 - 00:33:06: [CvarSettings] [c2m1_highway] Could not find CVar specified (l4d2_shotgun_ff_min)
L 07/11/2025 - 00:33:06: [CvarSettings] [c2m1_highway] Could not find CVar specified (l4d2_shotgun_ff_max)
L 07/11/2025 - 11:00:51: [CvarSettings] [c2m1_highway] Could not find CVar specified (confogl_boss_unprohibit)
L 07/11/2025 - 11:00:51: [CvarSettings] [c2m1_highway] Could not find CVar specified (gfc_hittable_override)
L 07/11/2025 - 11:00:51: [CvarSettings] [c2m1_highway] Could not find CVar specified (gfc_hittable_rage_override)
L 07/11/2025 - 11:00:51: [CvarSettings] [c2m1_highway] Could not find CVar specified (gfc_rock_override)
L 07/11/2025 - 11:00:51: [CvarSettings] [c2m1_highway] Could not find CVar specified (gfc_rock_rage_override)
L 07/11/2025 - 11:00:51: [CvarSettings] [c2m1_highway] Could not find CVar specified (gfc_spit_extra_time)
L 07/11/2025 - 11:00:51: [CvarSettings] [c2m1_highway] Could not find CVar specified (gfc_common_extra_time)
L 07/11/2025 - 11:00:51: [CvarSettings] [c2m1_highway] Could not find CVar specified (gfc_hunter_duration)
L 07/11/2025 - 11:00:51: [CvarSettings] [c2m1_highway] Could not find CVar specified (gfc_jockey_duration)
L 07/11/2025 - 11:00:51: [CvarSettings] [c2m1_highway] Could not find CVar specified (gfc_smoker_duration)
L 07/11/2025 - 11:00:51: [CvarSettings] [c2m1_highway] Could not find CVar specified (gfc_charger_duration)
L 07/11/2025 - 11:00:51: [CvarSettings] [c2m1_highway] Could not find CVar specified (gfc_charger_stagger_extra_time)
L 07/11/2025 - 11:00:51: [CvarSettings] [c2m1_highway] Could not find CVar specified (gfc_charger_stagger_flags)
L 07/11/2025 - 11:00:51: [CvarSettings] [c2m1_highway] Could not find CVar specified (gfc_common_zc_flags)
L 07/11/2025 - 11:00:51: [CvarSettings] [c2m1_highway] Could not find CVar specified (gfc_spit_zc_flags)
L 07/11/2025 - 11:00:51: [CvarSettings] [c2m1_highway] Could not find CVar specified (gfc_godframe_glows)
L 07/11/2025 - 11:00:51: [CvarSettings] [c2m1_highway] Could not find CVar specified (gfc_ff_min_time)
L 07/11/2025 - 11:00:51: [CvarSettings] [c2m1_highway] Could not find CVar specified (l4d2_undoff_enable)
L 07/11/2025 - 11:00:51: [CvarSettings] [c2m1_highway] Could not find CVar specified (l4d2_undoff_blockzerodmg)
L 07/11/2025 - 11:00:51: [CvarSettings] [c2m1_highway] Could not find CVar specified (l4d2_undoff_permdmgfrac)
L 07/11/2025 - 11:00:51: [CvarSettings] [c2m1_highway] Could not find CVar specified (l4d2_shotgun_ff_multi)
L 07/11/2025 - 11:00:51: [CvarSettings] [c2m1_highway] Could not find CVar specified (l4d2_shotgun_ff_min)
L 07/11/2025 - 11:00:51: [CvarSettings] [c2m1_highway] Could not find CVar specified (l4d2_shotgun_ff_max)
L 07/11/2025 - 11:03:21: [CvarSettings] [c2m1_highway] Could not find CVar specified (confogl_boss_unprohibit)
L 07/11/2025 - 11:03:21: [CvarSettings] [c2m1_highway] Could not find CVar specified (gfc_hittable_override)
L 07/11/2025 - 11:03:21: [CvarSettings] [c2m1_highway] Could not find CVar specified (gfc_hittable_rage_override)
L 07/11/2025 - 11:03:21: [CvarSettings] [c2m1_highway] Could not find CVar specified (gfc_rock_override)
L 07/11/2025 - 11:03:21: [CvarSettings] [c2m1_highway] Could not find CVar specified (gfc_rock_rage_override)
L 07/11/2025 - 11:03:21: [CvarSettings] [c2m1_highway] Could not find CVar specified (gfc_spit_extra_time)
L 07/11/2025 - 11:03:21: [CvarSettings] [c2m1_highway] Could not find CVar specified (gfc_common_extra_time)
L 07/11/2025 - 11:03:21: [CvarSettings] [c2m1_highway] Could not find CVar specified (gfc_hunter_duration)
L 07/11/2025 - 11:03:21: [CvarSettings] [c2m1_highway] Could not find CVar specified (gfc_jockey_duration)
L 07/11/2025 - 11:03:21: [CvarSettings] [c2m1_highway] Could not find CVar specified (gfc_smoker_duration)
L 07/11/2025 - 11:03:21: [CvarSettings] [c2m1_highway] Could not find CVar specified (gfc_charger_duration)
L 07/11/2025 - 11:03:21: [CvarSettings] [c2m1_highway] Could not find CVar specified (gfc_charger_stagger_extra_time)
L 07/11/2025 - 11:03:21: [CvarSettings] [c2m1_highway] Could not find CVar specified (gfc_charger_stagger_flags)
L 07/11/2025 - 11:03:21: [CvarSettings] [c2m1_highway] Could not find CVar specified (gfc_common_zc_flags)
L 07/11/2025 - 11:03:21: [CvarSettings] [c2m1_highway] Could not find CVar specified (gfc_spit_zc_flags)
L 07/11/2025 - 11:03:21: [CvarSettings] [c2m1_highway] Could not find CVar specified (gfc_godframe_glows)
L 07/11/2025 - 11:03:21: [CvarSettings] [c2m1_highway] Could not find CVar specified (gfc_ff_min_time)
L 07/11/2025 - 11:03:21: [CvarSettings] [c2m1_highway] Could not find CVar specified (l4d2_undoff_enable)
L 07/11/2025 - 11:03:21: [CvarSettings] [c2m1_highway] Could not find CVar specified (l4d2_undoff_blockzerodmg)
L 07/11/2025 - 11:03:21: [CvarSettings] [c2m1_highway] Could not find CVar specified (l4d2_undoff_permdmgfrac)
L 07/11/2025 - 11:03:21: [CvarSettings] [c2m1_highway] Could not find CVar specified (l4d2_shotgun_ff_multi)
L 07/11/2025 - 11:03:21: [CvarSettings] [c2m1_highway] Could not find CVar specified (l4d2_shotgun_ff_min)
L 07/11/2025 - 11:03:21: [CvarSettings] [c2m1_highway] Could not find CVar specified (l4d2_shotgun_ff_max)
L 07/11/2025 - 11:24:15: [CvarSettings] [c2m1_highway] Could not find CVar specified (confogl_boss_unprohibit)
L 07/11/2025 - 11:24:15: [CvarSettings] [c2m1_highway] Could not find CVar specified (gfc_hittable_override)
L 07/11/2025 - 11:24:15: [CvarSettings] [c2m1_highway] Could not find CVar specified (gfc_hittable_rage_override)
L 07/11/2025 - 11:24:15: [CvarSettings] [c2m1_highway] Could not find CVar specified (gfc_rock_override)
L 07/11/2025 - 11:24:15: [CvarSettings] [c2m1_highway] Could not find CVar specified (gfc_rock_rage_override)
L 07/11/2025 - 11:24:15: [CvarSettings] [c2m1_highway] Could not find CVar specified (gfc_spit_extra_time)
L 07/11/2025 - 11:24:15: [CvarSettings] [c2m1_highway] Could not find CVar specified (gfc_common_extra_time)
L 07/11/2025 - 11:24:15: [CvarSettings] [c2m1_highway] Could not find CVar specified (gfc_hunter_duration)
L 07/11/2025 - 11:24:15: [CvarSettings] [c2m1_highway] Could not find CVar specified (gfc_jockey_duration)
L 07/11/2025 - 11:24:15: [CvarSettings] [c2m1_highway] Could not find CVar specified (gfc_smoker_duration)
L 07/11/2025 - 11:24:15: [CvarSettings] [c2m1_highway] Could not find CVar specified (gfc_charger_duration)
L 07/11/2025 - 11:24:15: [CvarSettings] [c2m1_highway] Could not find CVar specified (gfc_charger_stagger_extra_time)
L 07/11/2025 - 11:24:15: [CvarSettings] [c2m1_highway] Could not find CVar specified (gfc_charger_stagger_flags)
L 07/11/2025 - 11:24:15: [CvarSettings] [c2m1_highway] Could not find CVar specified (gfc_common_zc_flags)
L 07/11/2025 - 11:24:15: [CvarSettings] [c2m1_highway] Could not find CVar specified (gfc_spit_zc_flags)
L 07/11/2025 - 11:24:15: [CvarSettings] [c2m1_highway] Could not find CVar specified (gfc_godframe_glows)
L 07/11/2025 - 11:24:15: [CvarSettings] [c2m1_highway] Could not find CVar specified (gfc_ff_min_time)
L 07/11/2025 - 11:24:15: [CvarSettings] [c2m1_highway] Could not find CVar specified (l4d2_undoff_enable)
L 07/11/2025 - 11:24:15: [CvarSettings] [c2m1_highway] Could not find CVar specified (l4d2_undoff_blockzerodmg)
L 07/11/2025 - 11:24:15: [CvarSettings] [c2m1_highway] Could not find CVar specified (l4d2_undoff_permdmgfrac)
L 07/11/2025 - 11:24:15: [CvarSettings] [c2m1_highway] Could not find CVar specified (l4d2_shotgun_ff_multi)
L 07/11/2025 - 11:24:15: [CvarSettings] [c2m1_highway] Could not find CVar specified (l4d2_shotgun_ff_min)
L 07/11/2025 - 11:24:15: [CvarSettings] [c2m1_highway] Could not find CVar specified (l4d2_shotgun_ff_max)
L 07/11/2025 - 11:25:28: [CvarSettings] [c2m1_highway] Could not find CVar specified (confogl_boss_unprohibit)
L 07/11/2025 - 11:25:28: [CvarSettings] [c2m1_highway] Could not find CVar specified (gfc_hittable_override)
L 07/11/2025 - 11:25:28: [CvarSettings] [c2m1_highway] Could not find CVar specified (gfc_hittable_rage_override)
L 07/11/2025 - 11:25:28: [CvarSettings] [c2m1_highway] Could not find CVar specified (gfc_rock_override)
L 07/11/2025 - 11:25:28: [CvarSettings] [c2m1_highway] Could not find CVar specified (gfc_rock_rage_override)
L 07/11/2025 - 11:25:28: [CvarSettings] [c2m1_highway] Could not find CVar specified (gfc_spit_extra_time)
L 07/11/2025 - 11:25:28: [CvarSettings] [c2m1_highway] Could not find CVar specified (gfc_common_extra_time)
L 07/11/2025 - 11:25:28: [CvarSettings] [c2m1_highway] Could not find CVar specified (gfc_hunter_duration)
L 07/11/2025 - 11:25:28: [CvarSettings] [c2m1_highway] Could not find CVar specified (gfc_jockey_duration)
L 07/11/2025 - 11:25:28: [CvarSettings] [c2m1_highway] Could not find CVar specified (gfc_smoker_duration)
L 07/11/2025 - 11:25:28: [CvarSettings] [c2m1_highway] Could not find CVar specified (gfc_charger_duration)
L 07/11/2025 - 11:25:28: [CvarSettings] [c2m1_highway] Could not find CVar specified (gfc_charger_stagger_extra_time)
L 07/11/2025 - 11:25:28: [CvarSettings] [c2m1_highway] Could not find CVar specified (gfc_charger_stagger_flags)
L 07/11/2025 - 11:25:28: [CvarSettings] [c2m1_highway] Could not find CVar specified (gfc_common_zc_flags)
L 07/11/2025 - 11:25:28: [CvarSettings] [c2m1_highway] Could not find CVar specified (gfc_spit_zc_flags)
L 07/11/2025 - 11:25:28: [CvarSettings] [c2m1_highway] Could not find CVar specified (gfc_godframe_glows)
L 07/11/2025 - 11:25:28: [CvarSettings] [c2m1_highway] Could not find CVar specified (gfc_ff_min_time)
L 07/11/2025 - 11:25:28: [CvarSettings] [c2m1_highway] Could not find CVar specified (l4d2_undoff_enable)
L 07/11/2025 - 11:25:28: [CvarSettings] [c2m1_highway] Could not find CVar specified (l4d2_undoff_blockzerodmg)
L 07/11/2025 - 11:25:28: [CvarSettings] [c2m1_highway] Could not find CVar specified (l4d2_undoff_permdmgfrac)
L 07/11/2025 - 11:25:28: [CvarSettings] [c2m1_highway] Could not find CVar specified (l4d2_shotgun_ff_multi)
L 07/11/2025 - 11:25:28: [CvarSettings] [c2m1_highway] Could not find CVar specified (l4d2_shotgun_ff_min)
L 07/11/2025 - 11:25:28: [CvarSettings] [c2m1_highway] Could not find CVar specified (l4d2_shotgun_ff_max)
L 07/11/2025 - 11:41:40: [CvarSettings] [c2m1_highway] Could not find CVar specified (confogl_boss_unprohibit)
L 07/11/2025 - 11:41:40: [CvarSettings] [c2m1_highway] Could not find CVar specified (gfc_hittable_override)
L 07/11/2025 - 11:41:40: [CvarSettings] [c2m1_highway] Could not find CVar specified (gfc_hittable_rage_override)
L 07/11/2025 - 11:41:40: [CvarSettings] [c2m1_highway] Could not find CVar specified (gfc_rock_override)
L 07/11/2025 - 11:41:40: [CvarSettings] [c2m1_highway] Could not find CVar specified (gfc_rock_rage_override)
L 07/11/2025 - 11:41:40: [CvarSettings] [c2m1_highway] Could not find CVar specified (gfc_spit_extra_time)
L 07/11/2025 - 11:41:40: [CvarSettings] [c2m1_highway] Could not find CVar specified (gfc_common_extra_time)
L 07/11/2025 - 11:41:40: [CvarSettings] [c2m1_highway] Could not find CVar specified (gfc_hunter_duration)
L 07/11/2025 - 11:41:40: [CvarSettings] [c2m1_highway] Could not find CVar specified (gfc_jockey_duration)
L 07/11/2025 - 11:41:40: [CvarSettings] [c2m1_highway] Could not find CVar specified (gfc_smoker_duration)
L 07/11/2025 - 11:41:40: [CvarSettings] [c2m1_highway] Could not find CVar specified (gfc_charger_duration)
L 07/11/2025 - 11:41:40: [CvarSettings] [c2m1_highway] Could not find CVar specified (gfc_charger_stagger_extra_time)
L 07/11/2025 - 11:41:40: [CvarSettings] [c2m1_highway] Could not find CVar specified (gfc_charger_stagger_flags)
L 07/11/2025 - 11:41:40: [CvarSettings] [c2m1_highway] Could not find CVar specified (gfc_common_zc_flags)
L 07/11/2025 - 11:41:40: [CvarSettings] [c2m1_highway] Could not find CVar specified (gfc_spit_zc_flags)
L 07/11/2025 - 11:41:40: [CvarSettings] [c2m1_highway] Could not find CVar specified (gfc_godframe_glows)
L 07/11/2025 - 11:41:40: [CvarSettings] [c2m1_highway] Could not find CVar specified (gfc_ff_min_time)
L 07/11/2025 - 11:41:40: [CvarSettings] [c2m1_highway] Could not find CVar specified (l4d2_undoff_enable)
L 07/11/2025 - 11:41:40: [CvarSettings] [c2m1_highway] Could not find CVar specified (l4d2_undoff_blockzerodmg)
L 07/11/2025 - 11:41:40: [CvarSettings] [c2m1_highway] Could not find CVar specified (l4d2_undoff_permdmgfrac)
L 07/11/2025 - 11:41:40: [CvarSettings] [c2m1_highway] Could not find CVar specified (l4d2_shotgun_ff_multi)
L 07/11/2025 - 11:41:40: [CvarSettings] [c2m1_highway] Could not find CVar specified (l4d2_shotgun_ff_min)
L 07/11/2025 - 11:41:40: [CvarSettings] [c2m1_highway] Could not find CVar specified (l4d2_shotgun_ff_max)
L 07/11/2025 - 11:45:18: [CvarSettings] [c2m1_highway] Could not find CVar specified (confogl_boss_unprohibit)
L 07/11/2025 - 11:45:18: [CvarSettings] [c2m1_highway] Could not find CVar specified (gfc_hittable_override)
L 07/11/2025 - 11:45:18: [CvarSettings] [c2m1_highway] Could not find CVar specified (gfc_hittable_rage_override)
L 07/11/2025 - 11:45:18: [CvarSettings] [c2m1_highway] Could not find CVar specified (gfc_rock_override)
L 07/11/2025 - 11:45:18: [CvarSettings] [c2m1_highway] Could not find CVar specified (gfc_rock_rage_override)
L 07/11/2025 - 11:45:18: [CvarSettings] [c2m1_highway] Could not find CVar specified (gfc_spit_extra_time)
L 07/11/2025 - 11:45:18: [CvarSettings] [c2m1_highway] Could not find CVar specified (gfc_common_extra_time)
L 07/11/2025 - 11:45:18: [CvarSettings] [c2m1_highway] Could not find CVar specified (gfc_hunter_duration)
L 07/11/2025 - 11:45:18: [CvarSettings] [c2m1_highway] Could not find CVar specified (gfc_jockey_duration)
L 07/11/2025 - 11:45:18: [CvarSettings] [c2m1_highway] Could not find CVar specified (gfc_smoker_duration)
L 07/11/2025 - 11:45:18: [CvarSettings] [c2m1_highway] Could not find CVar specified (gfc_charger_duration)
L 07/11/2025 - 11:45:18: [CvarSettings] [c2m1_highway] Could not find CVar specified (gfc_charger_stagger_extra_time)
L 07/11/2025 - 11:45:18: [CvarSettings] [c2m1_highway] Could not find CVar specified (gfc_charger_stagger_flags)
L 07/11/2025 - 11:45:18: [CvarSettings] [c2m1_highway] Could not find CVar specified (gfc_common_zc_flags)
L 07/11/2025 - 11:45:18: [CvarSettings] [c2m1_highway] Could not find CVar specified (gfc_spit_zc_flags)
L 07/11/2025 - 11:45:18: [CvarSettings] [c2m1_highway] Could not find CVar specified (gfc_godframe_glows)
L 07/11/2025 - 11:45:18: [CvarSettings] [c2m1_highway] Could not find CVar specified (gfc_ff_min_time)
L 07/11/2025 - 11:45:18: [CvarSettings] [c2m1_highway] Could not find CVar specified (l4d2_undoff_enable)
L 07/11/2025 - 11:45:18: [CvarSettings] [c2m1_highway] Could not find CVar specified (l4d2_undoff_blockzerodmg)
L 07/11/2025 - 11:45:18: [CvarSettings] [c2m1_highway] Could not find CVar specified (l4d2_undoff_permdmgfrac)
L 07/11/2025 - 11:45:18: [CvarSettings] [c2m1_highway] Could not find CVar specified (l4d2_shotgun_ff_multi)
L 07/11/2025 - 11:45:18: [CvarSettings] [c2m1_highway] Could not find CVar specified (l4d2_shotgun_ff_min)
L 07/11/2025 - 11:45:18: [CvarSettings] [c2m1_highway] Could not find CVar specified (l4d2_shotgun_ff_max)
L 07/11/2025 - 12:02:59: [CvarSettings] [c2m1_highway] Could not find CVar specified (confogl_boss_unprohibit)
L 07/11/2025 - 12:02:59: [CvarSettings] [c2m1_highway] Could not find CVar specified (gfc_hittable_override)
L 07/11/2025 - 12:02:59: [CvarSettings] [c2m1_highway] Could not find CVar specified (gfc_hittable_rage_override)
L 07/11/2025 - 12:02:59: [CvarSettings] [c2m1_highway] Could not find CVar specified (gfc_rock_override)
L 07/11/2025 - 12:02:59: [CvarSettings] [c2m1_highway] Could not find CVar specified (gfc_rock_rage_override)
L 07/11/2025 - 12:02:59: [CvarSettings] [c2m1_highway] Could not find CVar specified (gfc_spit_extra_time)
L 07/11/2025 - 12:02:59: [CvarSettings] [c2m1_highway] Could not find CVar specified (gfc_common_extra_time)
L 07/11/2025 - 12:02:59: [CvarSettings] [c2m1_highway] Could not find CVar specified (gfc_hunter_duration)
L 07/11/2025 - 12:02:59: [CvarSettings] [c2m1_highway] Could not find CVar specified (gfc_jockey_duration)
L 07/11/2025 - 12:02:59: [CvarSettings] [c2m1_highway] Could not find CVar specified (gfc_smoker_duration)
L 07/11/2025 - 12:02:59: [CvarSettings] [c2m1_highway] Could not find CVar specified (gfc_charger_duration)
L 07/11/2025 - 12:02:59: [CvarSettings] [c2m1_highway] Could not find CVar specified (gfc_charger_stagger_extra_time)
L 07/11/2025 - 12:02:59: [CvarSettings] [c2m1_highway] Could not find CVar specified (gfc_charger_stagger_flags)
L 07/11/2025 - 12:02:59: [CvarSettings] [c2m1_highway] Could not find CVar specified (gfc_common_zc_flags)
L 07/11/2025 - 12:02:59: [CvarSettings] [c2m1_highway] Could not find CVar specified (gfc_spit_zc_flags)
L 07/11/2025 - 12:02:59: [CvarSettings] [c2m1_highway] Could not find CVar specified (gfc_godframe_glows)
L 07/11/2025 - 12:02:59: [CvarSettings] [c2m1_highway] Could not find CVar specified (gfc_ff_min_time)
L 07/11/2025 - 12:02:59: [CvarSettings] [c2m1_highway] Could not find CVar specified (l4d2_undoff_enable)
L 07/11/2025 - 12:02:59: [CvarSettings] [c2m1_highway] Could not find CVar specified (l4d2_undoff_blockzerodmg)
L 07/11/2025 - 12:02:59: [CvarSettings] [c2m1_highway] Could not find CVar specified (l4d2_undoff_permdmgfrac)
L 07/11/2025 - 12:02:59: [CvarSettings] [c2m1_highway] Could not find CVar specified (l4d2_shotgun_ff_multi)
L 07/11/2025 - 12:02:59: [CvarSettings] [c2m1_highway] Could not find CVar specified (l4d2_shotgun_ff_min)
L 07/11/2025 - 12:02:59: [CvarSettings] [c2m1_highway] Could not find CVar specified (l4d2_shotgun_ff_max)
L 07/11/2025 - 12:06:47: [CvarSettings] [c2m1_highway] Could not find CVar specified (confogl_boss_unprohibit)
L 07/11/2025 - 12:06:47: [CvarSettings] [c2m1_highway] Could not find CVar specified (ssb_block_car_alarms)
L 07/11/2025 - 12:06:47: [CvarSettings] [c2m1_highway] Could not find CVar specified (ssb_block_horde)
L 07/11/2025 - 12:40:56: [CvarSettings] [c2m1_highway] Could not find CVar specified (confogl_boss_unprohibit)
L 07/11/2025 - 12:40:56: [CvarSettings] [c2m1_highway] Could not find CVar specified (gfc_hittable_override)
L 07/11/2025 - 12:40:56: [CvarSettings] [c2m1_highway] Could not find CVar specified (gfc_hittable_rage_override)
L 07/11/2025 - 12:40:56: [CvarSettings] [c2m1_highway] Could not find CVar specified (gfc_rock_override)
L 07/11/2025 - 12:40:56: [CvarSettings] [c2m1_highway] Could not find CVar specified (gfc_rock_rage_override)
L 07/11/2025 - 12:40:56: [CvarSettings] [c2m1_highway] Could not find CVar specified (gfc_spit_extra_time)
L 07/11/2025 - 12:40:56: [CvarSettings] [c2m1_highway] Could not find CVar specified (gfc_common_extra_time)
L 07/11/2025 - 12:40:56: [CvarSettings] [c2m1_highway] Could not find CVar specified (gfc_hunter_duration)
L 07/11/2025 - 12:40:56: [CvarSettings] [c2m1_highway] Could not find CVar specified (gfc_jockey_duration)
L 07/11/2025 - 12:40:56: [CvarSettings] [c2m1_highway] Could not find CVar specified (gfc_smoker_duration)
L 07/11/2025 - 12:40:56: [CvarSettings] [c2m1_highway] Could not find CVar specified (gfc_charger_duration)
L 07/11/2025 - 12:40:56: [CvarSettings] [c2m1_highway] Could not find CVar specified (gfc_charger_stagger_extra_time)
L 07/11/2025 - 12:40:56: [CvarSettings] [c2m1_highway] Could not find CVar specified (gfc_charger_stagger_flags)
L 07/11/2025 - 12:40:56: [CvarSettings] [c2m1_highway] Could not find CVar specified (gfc_common_zc_flags)
L 07/11/2025 - 12:40:56: [CvarSettings] [c2m1_highway] Could not find CVar specified (gfc_spit_zc_flags)
L 07/11/2025 - 12:40:56: [CvarSettings] [c2m1_highway] Could not find CVar specified (gfc_godframe_glows)
L 07/11/2025 - 12:40:56: [CvarSettings] [c2m1_highway] Could not find CVar specified (gfc_ff_min_time)
L 07/11/2025 - 12:40:56: [CvarSettings] [c2m1_highway] Could not find CVar specified (l4d2_undoff_enable)
L 07/11/2025 - 12:40:56: [CvarSettings] [c2m1_highway] Could not find CVar specified (l4d2_undoff_blockzerodmg)
L 07/11/2025 - 12:40:56: [CvarSettings] [c2m1_highway] Could not find CVar specified (l4d2_undoff_permdmgfrac)
L 07/11/2025 - 12:40:56: [CvarSettings] [c2m1_highway] Could not find CVar specified (l4d2_shotgun_ff_multi)
L 07/11/2025 - 12:40:56: [CvarSettings] [c2m1_highway] Could not find CVar specified (l4d2_shotgun_ff_min)
L 07/11/2025 - 12:40:56: [CvarSettings] [c2m1_highway] Could not find CVar specified (l4d2_shotgun_ff_max)
L 07/11/2025 - 12:57:47: [CvarSettings] [c2m1_highway] Could not find CVar specified (confogl_boss_unprohibit)
L 07/11/2025 - 12:57:47: [CvarSettings] [c2m1_highway] Could not find CVar specified (gfc_hittable_override)
L 07/11/2025 - 12:57:47: [CvarSettings] [c2m1_highway] Could not find CVar specified (gfc_hittable_rage_override)
L 07/11/2025 - 12:57:47: [CvarSettings] [c2m1_highway] Could not find CVar specified (gfc_rock_override)
L 07/11/2025 - 12:57:47: [CvarSettings] [c2m1_highway] Could not find CVar specified (gfc_rock_rage_override)
L 07/11/2025 - 12:57:47: [CvarSettings] [c2m1_highway] Could not find CVar specified (gfc_spit_extra_time)
L 07/11/2025 - 12:57:47: [CvarSettings] [c2m1_highway] Could not find CVar specified (gfc_common_extra_time)
L 07/11/2025 - 12:57:47: [CvarSettings] [c2m1_highway] Could not find CVar specified (gfc_hunter_duration)
L 07/11/2025 - 12:57:47: [CvarSettings] [c2m1_highway] Could not find CVar specified (gfc_jockey_duration)
L 07/11/2025 - 12:57:47: [CvarSettings] [c2m1_highway] Could not find CVar specified (gfc_smoker_duration)
L 07/11/2025 - 12:57:47: [CvarSettings] [c2m1_highway] Could not find CVar specified (gfc_charger_duration)
L 07/11/2025 - 12:57:47: [CvarSettings] [c2m1_highway] Could not find CVar specified (gfc_charger_stagger_extra_time)
L 07/11/2025 - 12:57:47: [CvarSettings] [c2m1_highway] Could not find CVar specified (gfc_charger_stagger_flags)
L 07/11/2025 - 12:57:47: [CvarSettings] [c2m1_highway] Could not find CVar specified (gfc_common_zc_flags)
L 07/11/2025 - 12:57:47: [CvarSettings] [c2m1_highway] Could not find CVar specified (gfc_spit_zc_flags)
L 07/11/2025 - 12:57:47: [CvarSettings] [c2m1_highway] Could not find CVar specified (gfc_godframe_glows)
L 07/11/2025 - 12:57:47: [CvarSettings] [c2m1_highway] Could not find CVar specified (gfc_ff_min_time)
L 07/11/2025 - 12:57:47: [CvarSettings] [c2m1_highway] Could not find CVar specified (l4d2_undoff_enable)
L 07/11/2025 - 12:57:47: [CvarSettings] [c2m1_highway] Could not find CVar specified (l4d2_undoff_blockzerodmg)
L 07/11/2025 - 12:57:47: [CvarSettings] [c2m1_highway] Could not find CVar specified (l4d2_undoff_permdmgfrac)
L 07/11/2025 - 12:57:47: [CvarSettings] [c2m1_highway] Could not find CVar specified (l4d2_shotgun_ff_multi)
L 07/11/2025 - 12:57:47: [CvarSettings] [c2m1_highway] Could not find CVar specified (l4d2_shotgun_ff_min)
L 07/11/2025 - 12:57:47: [CvarSettings] [c2m1_highway] Could not find CVar specified (l4d2_shotgun_ff_max)
L 07/11/2025 - 12:59:45: [CvarSettings] [c2m1_highway] Could not find CVar specified (confogl_boss_unprohibit)
L 07/11/2025 - 12:59:45: [CvarSettings] [c2m1_highway] Could not find CVar specified (gfc_hittable_override)
L 07/11/2025 - 12:59:45: [CvarSettings] [c2m1_highway] Could not find CVar specified (gfc_hittable_rage_override)
L 07/11/2025 - 12:59:45: [CvarSettings] [c2m1_highway] Could not find CVar specified (gfc_rock_override)
L 07/11/2025 - 12:59:45: [CvarSettings] [c2m1_highway] Could not find CVar specified (gfc_rock_rage_override)
L 07/11/2025 - 12:59:45: [CvarSettings] [c2m1_highway] Could not find CVar specified (gfc_spit_extra_time)
L 07/11/2025 - 12:59:45: [CvarSettings] [c2m1_highway] Could not find CVar specified (gfc_common_extra_time)
L 07/11/2025 - 12:59:45: [CvarSettings] [c2m1_highway] Could not find CVar specified (gfc_hunter_duration)
L 07/11/2025 - 12:59:45: [CvarSettings] [c2m1_highway] Could not find CVar specified (gfc_jockey_duration)
L 07/11/2025 - 12:59:45: [CvarSettings] [c2m1_highway] Could not find CVar specified (gfc_smoker_duration)
L 07/11/2025 - 12:59:45: [CvarSettings] [c2m1_highway] Could not find CVar specified (gfc_charger_duration)
L 07/11/2025 - 12:59:45: [CvarSettings] [c2m1_highway] Could not find CVar specified (gfc_charger_stagger_extra_time)
L 07/11/2025 - 12:59:45: [CvarSettings] [c2m1_highway] Could not find CVar specified (gfc_charger_stagger_flags)
L 07/11/2025 - 12:59:45: [CvarSettings] [c2m1_highway] Could not find CVar specified (gfc_common_zc_flags)
L 07/11/2025 - 12:59:45: [CvarSettings] [c2m1_highway] Could not find CVar specified (gfc_spit_zc_flags)
L 07/11/2025 - 12:59:45: [CvarSettings] [c2m1_highway] Could not find CVar specified (gfc_godframe_glows)
L 07/11/2025 - 12:59:45: [CvarSettings] [c2m1_highway] Could not find CVar specified (gfc_ff_min_time)
L 07/11/2025 - 12:59:45: [CvarSettings] [c2m1_highway] Could not find CVar specified (l4d2_undoff_enable)
L 07/11/2025 - 12:59:45: [CvarSettings] [c2m1_highway] Could not find CVar specified (l4d2_undoff_blockzerodmg)
L 07/11/2025 - 12:59:45: [CvarSettings] [c2m1_highway] Could not find CVar specified (l4d2_undoff_permdmgfrac)
L 07/11/2025 - 12:59:45: [CvarSettings] [c2m1_highway] Could not find CVar specified (l4d2_shotgun_ff_multi)
L 07/11/2025 - 12:59:45: [CvarSettings] [c2m1_highway] Could not find CVar specified (l4d2_shotgun_ff_min)
L 07/11/2025 - 12:59:45: [CvarSettings] [c2m1_highway] Could not find CVar specified (l4d2_shotgun_ff_max)
L 07/11/2025 - 13:03:27: [CvarSettings] [c2m1_highway] Could not find CVar specified (confogl_boss_unprohibit)
L 07/11/2025 - 13:03:27: [CvarSettings] [c2m1_highway] Could not find CVar specified (gfc_hittable_override)
L 07/11/2025 - 13:03:27: [CvarSettings] [c2m1_highway] Could not find CVar specified (gfc_hittable_rage_override)
L 07/11/2025 - 13:03:27: [CvarSettings] [c2m1_highway] Could not find CVar specified (gfc_rock_override)
L 07/11/2025 - 13:03:27: [CvarSettings] [c2m1_highway] Could not find CVar specified (gfc_rock_rage_override)
L 07/11/2025 - 13:03:27: [CvarSettings] [c2m1_highway] Could not find CVar specified (gfc_spit_extra_time)
L 07/11/2025 - 13:03:27: [CvarSettings] [c2m1_highway] Could not find CVar specified (gfc_common_extra_time)
L 07/11/2025 - 13:03:27: [CvarSettings] [c2m1_highway] Could not find CVar specified (gfc_hunter_duration)
L 07/11/2025 - 13:03:27: [CvarSettings] [c2m1_highway] Could not find CVar specified (gfc_jockey_duration)
L 07/11/2025 - 13:03:27: [CvarSettings] [c2m1_highway] Could not find CVar specified (gfc_smoker_duration)
L 07/11/2025 - 13:03:27: [CvarSettings] [c2m1_highway] Could not find CVar specified (gfc_charger_duration)
L 07/11/2025 - 13:03:27: [CvarSettings] [c2m1_highway] Could not find CVar specified (gfc_charger_stagger_extra_time)
L 07/11/2025 - 13:03:27: [CvarSettings] [c2m1_highway] Could not find CVar specified (gfc_charger_stagger_flags)
L 07/11/2025 - 13:03:27: [CvarSettings] [c2m1_highway] Could not find CVar specified (gfc_common_zc_flags)
L 07/11/2025 - 13:03:27: [CvarSettings] [c2m1_highway] Could not find CVar specified (gfc_spit_zc_flags)
L 07/11/2025 - 13:03:27: [CvarSettings] [c2m1_highway] Could not find CVar specified (gfc_godframe_glows)
L 07/11/2025 - 13:03:27: [CvarSettings] [c2m1_highway] Could not find CVar specified (gfc_ff_min_time)
L 07/11/2025 - 13:03:27: [CvarSettings] [c2m1_highway] Could not find CVar specified (l4d2_undoff_enable)
L 07/11/2025 - 13:03:27: [CvarSettings] [c2m1_highway] Could not find CVar specified (l4d2_undoff_blockzerodmg)
L 07/11/2025 - 13:03:27: [CvarSettings] [c2m1_highway] Could not find CVar specified (l4d2_undoff_permdmgfrac)
L 07/11/2025 - 13:03:27: [CvarSettings] [c2m1_highway] Could not find CVar specified (l4d2_shotgun_ff_multi)
L 07/11/2025 - 13:03:27: [CvarSettings] [c2m1_highway] Could not find CVar specified (l4d2_shotgun_ff_min)
L 07/11/2025 - 13:03:27: [CvarSettings] [c2m1_highway] Could not find CVar specified (l4d2_shotgun_ff_max)
L 07/11/2025 - 13:04:17: [CvarSettings] [c2m1_highway] Could not find CVar specified (confogl_boss_unprohibit)
L 07/11/2025 - 13:04:17: [CvarSettings] [c2m1_highway] Could not find CVar specified (gfc_hittable_override)
L 07/11/2025 - 13:04:17: [CvarSettings] [c2m1_highway] Could not find CVar specified (gfc_hittable_rage_override)
L 07/11/2025 - 13:04:17: [CvarSettings] [c2m1_highway] Could not find CVar specified (gfc_rock_override)
L 07/11/2025 - 13:04:17: [CvarSettings] [c2m1_highway] Could not find CVar specified (gfc_rock_rage_override)
L 07/11/2025 - 13:04:17: [CvarSettings] [c2m1_highway] Could not find CVar specified (gfc_spit_extra_time)
L 07/11/2025 - 13:04:17: [CvarSettings] [c2m1_highway] Could not find CVar specified (gfc_common_extra_time)
L 07/11/2025 - 13:04:17: [CvarSettings] [c2m1_highway] Could not find CVar specified (gfc_hunter_duration)
L 07/11/2025 - 13:04:17: [CvarSettings] [c2m1_highway] Could not find CVar specified (gfc_jockey_duration)
L 07/11/2025 - 13:04:17: [CvarSettings] [c2m1_highway] Could not find CVar specified (gfc_smoker_duration)
L 07/11/2025 - 13:04:17: [CvarSettings] [c2m1_highway] Could not find CVar specified (gfc_charger_duration)
L 07/11/2025 - 13:04:17: [CvarSettings] [c2m1_highway] Could not find CVar specified (gfc_charger_stagger_extra_time)
L 07/11/2025 - 13:04:17: [CvarSettings] [c2m1_highway] Could not find CVar specified (gfc_charger_stagger_flags)
L 07/11/2025 - 13:04:17: [CvarSettings] [c2m1_highway] Could not find CVar specified (gfc_common_zc_flags)
L 07/11/2025 - 13:04:17: [CvarSettings] [c2m1_highway] Could not find CVar specified (gfc_spit_zc_flags)
L 07/11/2025 - 13:04:17: [CvarSettings] [c2m1_highway] Could not find CVar specified (gfc_godframe_glows)
L 07/11/2025 - 13:04:17: [CvarSettings] [c2m1_highway] Could not find CVar specified (gfc_ff_min_time)
L 07/11/2025 - 13:04:17: [CvarSettings] [c2m1_highway] Could not find CVar specified (l4d2_undoff_enable)
L 07/11/2025 - 13:04:17: [CvarSettings] [c2m1_highway] Could not find CVar specified (l4d2_undoff_blockzerodmg)
L 07/11/2025 - 13:04:17: [CvarSettings] [c2m1_highway] Could not find CVar specified (l4d2_undoff_permdmgfrac)
L 07/11/2025 - 13:04:17: [CvarSettings] [c2m1_highway] Could not find CVar specified (l4d2_shotgun_ff_multi)
L 07/11/2025 - 13:04:17: [CvarSettings] [c2m1_highway] Could not find CVar specified (l4d2_shotgun_ff_min)
L 07/11/2025 - 13:04:17: [CvarSettings] [c2m1_highway] Could not find CVar specified (l4d2_shotgun_ff_max)
L 07/11/2025 - 13:08:00: [CvarSettings] [c2m1_highway] Could not find CVar specified (confogl_boss_unprohibit)
L 07/11/2025 - 13:08:00: [CvarSettings] [c2m1_highway] Could not find CVar specified (gfc_hittable_override)
L 07/11/2025 - 13:08:00: [CvarSettings] [c2m1_highway] Could not find CVar specified (gfc_hittable_rage_override)
L 07/11/2025 - 13:08:00: [CvarSettings] [c2m1_highway] Could not find CVar specified (gfc_rock_override)
L 07/11/2025 - 13:08:00: [CvarSettings] [c2m1_highway] Could not find CVar specified (gfc_rock_rage_override)
L 07/11/2025 - 13:08:00: [CvarSettings] [c2m1_highway] Could not find CVar specified (gfc_spit_extra_time)
L 07/11/2025 - 13:08:00: [CvarSettings] [c2m1_highway] Could not find CVar specified (gfc_common_extra_time)
L 07/11/2025 - 13:08:00: [CvarSettings] [c2m1_highway] Could not find CVar specified (gfc_hunter_duration)
L 07/11/2025 - 13:08:00: [CvarSettings] [c2m1_highway] Could not find CVar specified (gfc_jockey_duration)
L 07/11/2025 - 13:08:00: [CvarSettings] [c2m1_highway] Could not find CVar specified (gfc_smoker_duration)
L 07/11/2025 - 13:08:00: [CvarSettings] [c2m1_highway] Could not find CVar specified (gfc_charger_duration)
L 07/11/2025 - 13:08:00: [CvarSettings] [c2m1_highway] Could not find CVar specified (gfc_charger_stagger_extra_time)
L 07/11/2025 - 13:08:00: [CvarSettings] [c2m1_highway] Could not find CVar specified (gfc_charger_stagger_flags)
L 07/11/2025 - 13:08:00: [CvarSettings] [c2m1_highway] Could not find CVar specified (gfc_common_zc_flags)
L 07/11/2025 - 13:08:00: [CvarSettings] [c2m1_highway] Could not find CVar specified (gfc_spit_zc_flags)
L 07/11/2025 - 13:08:00: [CvarSettings] [c2m1_highway] Could not find CVar specified (gfc_godframe_glows)
L 07/11/2025 - 13:08:00: [CvarSettings] [c2m1_highway] Could not find CVar specified (gfc_ff_min_time)
L 07/11/2025 - 13:08:00: [CvarSettings] [c2m1_highway] Could not find CVar specified (l4d2_undoff_enable)
L 07/11/2025 - 13:08:00: [CvarSettings] [c2m1_highway] Could not find CVar specified (l4d2_undoff_blockzerodmg)
L 07/11/2025 - 13:08:00: [CvarSettings] [c2m1_highway] Could not find CVar specified (l4d2_undoff_permdmgfrac)
L 07/11/2025 - 13:08:00: [CvarSettings] [c2m1_highway] Could not find CVar specified (l4d2_shotgun_ff_multi)
L 07/11/2025 - 13:08:00: [CvarSettings] [c2m1_highway] Could not find CVar specified (l4d2_shotgun_ff_min)
L 07/11/2025 - 13:08:00: [CvarSettings] [c2m1_highway] Could not find CVar specified (l4d2_shotgun_ff_max)
L 07/11/2025 - 13:08:47: [CvarSettings] [c2m1_highway] Could not find CVar specified (confogl_boss_unprohibit)
L 07/11/2025 - 13:08:47: [CvarSettings] [c2m1_highway] Could not find CVar specified (gfc_hittable_override)
L 07/11/2025 - 13:08:47: [CvarSettings] [c2m1_highway] Could not find CVar specified (gfc_hittable_rage_override)
L 07/11/2025 - 13:08:47: [CvarSettings] [c2m1_highway] Could not find CVar specified (gfc_rock_override)
L 07/11/2025 - 13:08:47: [CvarSettings] [c2m1_highway] Could not find CVar specified (gfc_rock_rage_override)
L 07/11/2025 - 13:08:47: [CvarSettings] [c2m1_highway] Could not find CVar specified (gfc_spit_extra_time)
L 07/11/2025 - 13:08:47: [CvarSettings] [c2m1_highway] Could not find CVar specified (gfc_common_extra_time)
L 07/11/2025 - 13:08:47: [CvarSettings] [c2m1_highway] Could not find CVar specified (gfc_hunter_duration)
L 07/11/2025 - 13:08:47: [CvarSettings] [c2m1_highway] Could not find CVar specified (gfc_jockey_duration)
L 07/11/2025 - 13:08:47: [CvarSettings] [c2m1_highway] Could not find CVar specified (gfc_smoker_duration)
L 07/11/2025 - 13:08:47: [CvarSettings] [c2m1_highway] Could not find CVar specified (gfc_charger_duration)
L 07/11/2025 - 13:08:47: [CvarSettings] [c2m1_highway] Could not find CVar specified (gfc_charger_stagger_extra_time)
L 07/11/2025 - 13:08:47: [CvarSettings] [c2m1_highway] Could not find CVar specified (gfc_charger_stagger_flags)
L 07/11/2025 - 13:08:47: [CvarSettings] [c2m1_highway] Could not find CVar specified (gfc_common_zc_flags)
L 07/11/2025 - 13:08:47: [CvarSettings] [c2m1_highway] Could not find CVar specified (gfc_spit_zc_flags)
L 07/11/2025 - 13:08:47: [CvarSettings] [c2m1_highway] Could not find CVar specified (gfc_godframe_glows)
L 07/11/2025 - 13:08:47: [CvarSettings] [c2m1_highway] Could not find CVar specified (gfc_ff_min_time)
L 07/11/2025 - 13:08:47: [CvarSettings] [c2m1_highway] Could not find CVar specified (l4d2_undoff_enable)
L 07/11/2025 - 13:08:47: [CvarSettings] [c2m1_highway] Could not find CVar specified (l4d2_undoff_blockzerodmg)
L 07/11/2025 - 13:08:47: [CvarSettings] [c2m1_highway] Could not find CVar specified (l4d2_undoff_permdmgfrac)
L 07/11/2025 - 13:08:47: [CvarSettings] [c2m1_highway] Could not find CVar specified (l4d2_shotgun_ff_multi)
L 07/11/2025 - 13:08:47: [CvarSettings] [c2m1_highway] Could not find CVar specified (l4d2_shotgun_ff_min)
L 07/11/2025 - 13:08:47: [CvarSettings] [c2m1_highway] Could not find CVar specified (l4d2_shotgun_ff_max)
L 07/11/2025 - 13:15:11: [CvarSettings] [c2m1_highway] Could not find CVar specified (confogl_boss_unprohibit)
L 07/11/2025 - 13:15:11: [CvarSettings] [c2m1_highway] Could not find CVar specified (gfc_hittable_override)
L 07/11/2025 - 13:15:11: [CvarSettings] [c2m1_highway] Could not find CVar specified (gfc_hittable_rage_override)
L 07/11/2025 - 13:15:11: [CvarSettings] [c2m1_highway] Could not find CVar specified (gfc_rock_override)
L 07/11/2025 - 13:15:11: [CvarSettings] [c2m1_highway] Could not find CVar specified (gfc_rock_rage_override)
L 07/11/2025 - 13:15:11: [CvarSettings] [c2m1_highway] Could not find CVar specified (gfc_spit_extra_time)
L 07/11/2025 - 13:15:11: [CvarSettings] [c2m1_highway] Could not find CVar specified (gfc_common_extra_time)
L 07/11/2025 - 13:15:11: [CvarSettings] [c2m1_highway] Could not find CVar specified (gfc_hunter_duration)
L 07/11/2025 - 13:15:11: [CvarSettings] [c2m1_highway] Could not find CVar specified (gfc_jockey_duration)
L 07/11/2025 - 13:15:11: [CvarSettings] [c2m1_highway] Could not find CVar specified (gfc_smoker_duration)
L 07/11/2025 - 13:15:11: [CvarSettings] [c2m1_highway] Could not find CVar specified (gfc_charger_duration)
L 07/11/2025 - 13:15:11: [CvarSettings] [c2m1_highway] Could not find CVar specified (gfc_charger_stagger_extra_time)
L 07/11/2025 - 13:15:11: [CvarSettings] [c2m1_highway] Could not find CVar specified (gfc_charger_stagger_flags)
L 07/11/2025 - 13:15:11: [CvarSettings] [c2m1_highway] Could not find CVar specified (gfc_common_zc_flags)
L 07/11/2025 - 13:15:11: [CvarSettings] [c2m1_highway] Could not find CVar specified (gfc_spit_zc_flags)
L 07/11/2025 - 13:15:11: [CvarSettings] [c2m1_highway] Could not find CVar specified (gfc_godframe_glows)
L 07/11/2025 - 13:15:11: [CvarSettings] [c2m1_highway] Could not find CVar specified (gfc_ff_min_time)
L 07/11/2025 - 13:15:11: [CvarSettings] [c2m1_highway] Could not find CVar specified (l4d2_undoff_enable)
L 07/11/2025 - 13:15:11: [CvarSettings] [c2m1_highway] Could not find CVar specified (l4d2_undoff_blockzerodmg)
L 07/11/2025 - 13:15:11: [CvarSettings] [c2m1_highway] Could not find CVar specified (l4d2_undoff_permdmgfrac)
L 07/11/2025 - 13:15:11: [CvarSettings] [c2m1_highway] Could not find CVar specified (l4d2_shotgun_ff_multi)
L 07/11/2025 - 13:15:11: [CvarSettings] [c2m1_highway] Could not find CVar specified (l4d2_shotgun_ff_min)
L 07/11/2025 - 13:15:11: [CvarSettings] [c2m1_highway] Could not find CVar specified (l4d2_shotgun_ff_max)
L 07/11/2025 - 13:23:30: [CvarSettings] [c2m1_highway] Could not find CVar specified (confogl_boss_unprohibit)
L 07/11/2025 - 13:23:30: [CvarSettings] [c2m1_highway] Could not find CVar specified (gfc_hittable_override)
L 07/11/2025 - 13:23:30: [CvarSettings] [c2m1_highway] Could not find CVar specified (gfc_hittable_rage_override)
L 07/11/2025 - 13:23:30: [CvarSettings] [c2m1_highway] Could not find CVar specified (gfc_rock_override)
L 07/11/2025 - 13:23:30: [CvarSettings] [c2m1_highway] Could not find CVar specified (gfc_rock_rage_override)
L 07/11/2025 - 13:23:30: [CvarSettings] [c2m1_highway] Could not find CVar specified (gfc_spit_extra_time)
L 07/11/2025 - 13:23:30: [CvarSettings] [c2m1_highway] Could not find CVar specified (gfc_common_extra_time)
L 07/11/2025 - 13:23:30: [CvarSettings] [c2m1_highway] Could not find CVar specified (gfc_hunter_duration)
L 07/11/2025 - 13:23:30: [CvarSettings] [c2m1_highway] Could not find CVar specified (gfc_jockey_duration)
L 07/11/2025 - 13:23:30: [CvarSettings] [c2m1_highway] Could not find CVar specified (gfc_smoker_duration)
L 07/11/2025 - 13:23:30: [CvarSettings] [c2m1_highway] Could not find CVar specified (gfc_charger_duration)
L 07/11/2025 - 13:23:30: [CvarSettings] [c2m1_highway] Could not find CVar specified (gfc_charger_stagger_extra_time)
L 07/11/2025 - 13:23:30: [CvarSettings] [c2m1_highway] Could not find CVar specified (gfc_charger_stagger_flags)
L 07/11/2025 - 13:23:30: [CvarSettings] [c2m1_highway] Could not find CVar specified (gfc_common_zc_flags)
L 07/11/2025 - 13:23:30: [CvarSettings] [c2m1_highway] Could not find CVar specified (gfc_spit_zc_flags)
L 07/11/2025 - 13:23:30: [CvarSettings] [c2m1_highway] Could not find CVar specified (gfc_godframe_glows)
L 07/11/2025 - 13:23:30: [CvarSettings] [c2m1_highway] Could not find CVar specified (gfc_ff_min_time)
L 07/11/2025 - 13:23:30: [CvarSettings] [c2m1_highway] Could not find CVar specified (l4d2_undoff_enable)
L 07/11/2025 - 13:23:30: [CvarSettings] [c2m1_highway] Could not find CVar specified (l4d2_undoff_blockzerodmg)
L 07/11/2025 - 13:23:30: [CvarSettings] [c2m1_highway] Could not find CVar specified (l4d2_undoff_permdmgfrac)
L 07/11/2025 - 13:23:30: [CvarSettings] [c2m1_highway] Could not find CVar specified (l4d2_shotgun_ff_multi)
L 07/11/2025 - 13:23:30: [CvarSettings] [c2m1_highway] Could not find CVar specified (l4d2_shotgun_ff_min)
L 07/11/2025 - 13:23:30: [CvarSettings] [c2m1_highway] Could not find CVar specified (l4d2_shotgun_ff_max)
L 07/11/2025 - 13:26:21: [CvarSettings] [c2m1_highway] Could not find CVar specified (confogl_boss_unprohibit)
L 07/11/2025 - 13:26:21: [CvarSettings] [c2m1_highway] Could not find CVar specified (gfc_hittable_override)
L 07/11/2025 - 13:26:21: [CvarSettings] [c2m1_highway] Could not find CVar specified (gfc_hittable_rage_override)
L 07/11/2025 - 13:26:21: [CvarSettings] [c2m1_highway] Could not find CVar specified (gfc_rock_override)
L 07/11/2025 - 13:26:21: [CvarSettings] [c2m1_highway] Could not find CVar specified (gfc_rock_rage_override)
L 07/11/2025 - 13:26:21: [CvarSettings] [c2m1_highway] Could not find CVar specified (gfc_spit_extra_time)
L 07/11/2025 - 13:26:21: [CvarSettings] [c2m1_highway] Could not find CVar specified (gfc_common_extra_time)
L 07/11/2025 - 13:26:21: [CvarSettings] [c2m1_highway] Could not find CVar specified (gfc_hunter_duration)
L 07/11/2025 - 13:26:21: [CvarSettings] [c2m1_highway] Could not find CVar specified (gfc_jockey_duration)
L 07/11/2025 - 13:26:21: [CvarSettings] [c2m1_highway] Could not find CVar specified (gfc_smoker_duration)
L 07/11/2025 - 13:26:21: [CvarSettings] [c2m1_highway] Could not find CVar specified (gfc_charger_duration)
L 07/11/2025 - 13:26:21: [CvarSettings] [c2m1_highway] Could not find CVar specified (gfc_charger_stagger_extra_time)
L 07/11/2025 - 13:26:21: [CvarSettings] [c2m1_highway] Could not find CVar specified (gfc_charger_stagger_flags)
L 07/11/2025 - 13:26:21: [CvarSettings] [c2m1_highway] Could not find CVar specified (gfc_common_zc_flags)
L 07/11/2025 - 13:26:21: [CvarSettings] [c2m1_highway] Could not find CVar specified (gfc_spit_zc_flags)
L 07/11/2025 - 13:26:21: [CvarSettings] [c2m1_highway] Could not find CVar specified (gfc_godframe_glows)
L 07/11/2025 - 13:26:21: [CvarSettings] [c2m1_highway] Could not find CVar specified (gfc_ff_min_time)
L 07/11/2025 - 13:26:21: [CvarSettings] [c2m1_highway] Could not find CVar specified (l4d2_undoff_enable)
L 07/11/2025 - 13:26:21: [CvarSettings] [c2m1_highway] Could not find CVar specified (l4d2_undoff_blockzerodmg)
L 07/11/2025 - 13:26:21: [CvarSettings] [c2m1_highway] Could not find CVar specified (l4d2_undoff_permdmgfrac)
L 07/11/2025 - 13:26:21: [CvarSettings] [c2m1_highway] Could not find CVar specified (l4d2_shotgun_ff_multi)
L 07/11/2025 - 13:26:21: [CvarSettings] [c2m1_highway] Could not find CVar specified (l4d2_shotgun_ff_min)
L 07/11/2025 - 13:26:21: [CvarSettings] [c2m1_highway] Could not find CVar specified (l4d2_shotgun_ff_max)
L 07/11/2025 - 13:38:07: [CvarSettings] [c2m1_highway] Could not find CVar specified (confogl_boss_unprohibit)
L 07/11/2025 - 13:38:07: [CvarSettings] [c2m1_highway] Could not find CVar specified (gfc_hittable_override)
L 07/11/2025 - 13:38:07: [CvarSettings] [c2m1_highway] Could not find CVar specified (gfc_hittable_rage_override)
L 07/11/2025 - 13:38:07: [CvarSettings] [c2m1_highway] Could not find CVar specified (gfc_rock_override)
L 07/11/2025 - 13:38:07: [CvarSettings] [c2m1_highway] Could not find CVar specified (gfc_rock_rage_override)
L 07/11/2025 - 13:38:07: [CvarSettings] [c2m1_highway] Could not find CVar specified (gfc_spit_extra_time)
L 07/11/2025 - 13:38:07: [CvarSettings] [c2m1_highway] Could not find CVar specified (gfc_common_extra_time)
L 07/11/2025 - 13:38:07: [CvarSettings] [c2m1_highway] Could not find CVar specified (gfc_hunter_duration)
L 07/11/2025 - 13:38:07: [CvarSettings] [c2m1_highway] Could not find CVar specified (gfc_jockey_duration)
L 07/11/2025 - 13:38:07: [CvarSettings] [c2m1_highway] Could not find CVar specified (gfc_smoker_duration)
L 07/11/2025 - 13:38:07: [CvarSettings] [c2m1_highway] Could not find CVar specified (gfc_charger_duration)
L 07/11/2025 - 13:38:07: [CvarSettings] [c2m1_highway] Could not find CVar specified (gfc_charger_stagger_extra_time)
L 07/11/2025 - 13:38:07: [CvarSettings] [c2m1_highway] Could not find CVar specified (gfc_charger_stagger_flags)
L 07/11/2025 - 13:38:07: [CvarSettings] [c2m1_highway] Could not find CVar specified (gfc_common_zc_flags)
L 07/11/2025 - 13:38:07: [CvarSettings] [c2m1_highway] Could not find CVar specified (gfc_spit_zc_flags)
L 07/11/2025 - 13:38:07: [CvarSettings] [c2m1_highway] Could not find CVar specified (gfc_godframe_glows)
L 07/11/2025 - 13:38:07: [CvarSettings] [c2m1_highway] Could not find CVar specified (gfc_ff_min_time)
L 07/11/2025 - 13:38:07: [CvarSettings] [c2m1_highway] Could not find CVar specified (l4d2_undoff_enable)
L 07/11/2025 - 13:38:07: [CvarSettings] [c2m1_highway] Could not find CVar specified (l4d2_undoff_blockzerodmg)
L 07/11/2025 - 13:38:07: [CvarSettings] [c2m1_highway] Could not find CVar specified (l4d2_undoff_permdmgfrac)
L 07/11/2025 - 13:38:07: [CvarSettings] [c2m1_highway] Could not find CVar specified (l4d2_shotgun_ff_multi)
L 07/11/2025 - 13:38:07: [CvarSettings] [c2m1_highway] Could not find CVar specified (l4d2_shotgun_ff_min)
L 07/11/2025 - 13:38:07: [CvarSettings] [c2m1_highway] Could not find CVar specified (l4d2_shotgun_ff_max)
L 07/11/2025 - 13:42:29: [CvarSettings] [c2m1_highway] Could not find CVar specified (confogl_boss_unprohibit)
L 07/11/2025 - 13:42:29: [CvarSettings] [c2m1_highway] Could not find CVar specified (gfc_hittable_override)
L 07/11/2025 - 13:42:29: [CvarSettings] [c2m1_highway] Could not find CVar specified (gfc_hittable_rage_override)
L 07/11/2025 - 13:42:29: [CvarSettings] [c2m1_highway] Could not find CVar specified (gfc_rock_override)
L 07/11/2025 - 13:42:29: [CvarSettings] [c2m1_highway] Could not find CVar specified (gfc_rock_rage_override)
L 07/11/2025 - 13:42:29: [CvarSettings] [c2m1_highway] Could not find CVar specified (gfc_spit_extra_time)
L 07/11/2025 - 13:42:29: [CvarSettings] [c2m1_highway] Could not find CVar specified (gfc_common_extra_time)
L 07/11/2025 - 13:42:29: [CvarSettings] [c2m1_highway] Could not find CVar specified (gfc_hunter_duration)
L 07/11/2025 - 13:42:29: [CvarSettings] [c2m1_highway] Could not find CVar specified (gfc_jockey_duration)
L 07/11/2025 - 13:42:29: [CvarSettings] [c2m1_highway] Could not find CVar specified (gfc_smoker_duration)
L 07/11/2025 - 13:42:29: [CvarSettings] [c2m1_highway] Could not find CVar specified (gfc_charger_duration)
L 07/11/2025 - 13:42:29: [CvarSettings] [c2m1_highway] Could not find CVar specified (gfc_charger_stagger_extra_time)
L 07/11/2025 - 13:42:29: [CvarSettings] [c2m1_highway] Could not find CVar specified (gfc_charger_stagger_flags)
L 07/11/2025 - 13:42:29: [CvarSettings] [c2m1_highway] Could not find CVar specified (gfc_common_zc_flags)
L 07/11/2025 - 13:42:29: [CvarSettings] [c2m1_highway] Could not find CVar specified (gfc_spit_zc_flags)
L 07/11/2025 - 13:42:29: [CvarSettings] [c2m1_highway] Could not find CVar specified (gfc_godframe_glows)
L 07/11/2025 - 13:42:29: [CvarSettings] [c2m1_highway] Could not find CVar specified (gfc_ff_min_time)
L 07/11/2025 - 13:42:29: [CvarSettings] [c2m1_highway] Could not find CVar specified (l4d2_undoff_enable)
L 07/11/2025 - 13:42:29: [CvarSettings] [c2m1_highway] Could not find CVar specified (l4d2_undoff_blockzerodmg)
L 07/11/2025 - 13:42:29: [CvarSettings] [c2m1_highway] Could not find CVar specified (l4d2_undoff_permdmgfrac)
L 07/11/2025 - 13:42:29: [CvarSettings] [c2m1_highway] Could not find CVar specified (l4d2_shotgun_ff_multi)
L 07/11/2025 - 13:42:29: [CvarSettings] [c2m1_highway] Could not find CVar specified (l4d2_shotgun_ff_min)
L 07/11/2025 - 13:42:29: [CvarSettings] [c2m1_highway] Could not find CVar specified (l4d2_shotgun_ff_max)
L 07/11/2025 - 14:10:59: [CvarSettings] [c2m1_highway] Could not find CVar specified (confogl_boss_unprohibit)
L 07/11/2025 - 14:10:59: [CvarSettings] [c2m1_highway] Could not find CVar specified (gfc_hittable_override)
L 07/11/2025 - 14:10:59: [CvarSettings] [c2m1_highway] Could not find CVar specified (gfc_hittable_rage_override)
L 07/11/2025 - 14:10:59: [CvarSettings] [c2m1_highway] Could not find CVar specified (gfc_rock_override)
L 07/11/2025 - 14:10:59: [CvarSettings] [c2m1_highway] Could not find CVar specified (gfc_rock_rage_override)
L 07/11/2025 - 14:10:59: [CvarSettings] [c2m1_highway] Could not find CVar specified (gfc_spit_extra_time)
L 07/11/2025 - 14:10:59: [CvarSettings] [c2m1_highway] Could not find CVar specified (gfc_common_extra_time)
L 07/11/2025 - 14:10:59: [CvarSettings] [c2m1_highway] Could not find CVar specified (gfc_hunter_duration)
L 07/11/2025 - 14:10:59: [CvarSettings] [c2m1_highway] Could not find CVar specified (gfc_jockey_duration)
L 07/11/2025 - 14:10:59: [CvarSettings] [c2m1_highway] Could not find CVar specified (gfc_smoker_duration)
L 07/11/2025 - 14:10:59: [CvarSettings] [c2m1_highway] Could not find CVar specified (gfc_charger_duration)
L 07/11/2025 - 14:10:59: [CvarSettings] [c2m1_highway] Could not find CVar specified (gfc_charger_stagger_extra_time)
L 07/11/2025 - 14:10:59: [CvarSettings] [c2m1_highway] Could not find CVar specified (gfc_charger_stagger_flags)
L 07/11/2025 - 14:10:59: [CvarSettings] [c2m1_highway] Could not find CVar specified (gfc_common_zc_flags)
L 07/11/2025 - 14:10:59: [CvarSettings] [c2m1_highway] Could not find CVar specified (gfc_spit_zc_flags)
L 07/11/2025 - 14:10:59: [CvarSettings] [c2m1_highway] Could not find CVar specified (gfc_godframe_glows)
L 07/11/2025 - 14:10:59: [CvarSettings] [c2m1_highway] Could not find CVar specified (gfc_ff_min_time)
L 07/11/2025 - 14:10:59: [CvarSettings] [c2m1_highway] Could not find CVar specified (l4d2_undoff_enable)
L 07/11/2025 - 14:10:59: [CvarSettings] [c2m1_highway] Could not find CVar specified (l4d2_undoff_blockzerodmg)
L 07/11/2025 - 14:10:59: [CvarSettings] [c2m1_highway] Could not find CVar specified (l4d2_undoff_permdmgfrac)
L 07/11/2025 - 14:10:59: [CvarSettings] [c2m1_highway] Could not find CVar specified (l4d2_shotgun_ff_multi)
L 07/11/2025 - 14:10:59: [CvarSettings] [c2m1_highway] Could not find CVar specified (l4d2_shotgun_ff_min)
L 07/11/2025 - 14:10:59: [CvarSettings] [c2m1_highway] Could not find CVar specified (l4d2_shotgun_ff_max)
L 07/11/2025 - 15:45:50: [CvarSettings] [c2m1_highway] Could not find CVar specified (confogl_boss_unprohibit)
L 07/11/2025 - 15:45:50: [CvarSettings] [c2m1_highway] Could not find CVar specified (gfc_hittable_override)
L 07/11/2025 - 15:45:50: [CvarSettings] [c2m1_highway] Could not find CVar specified (gfc_hittable_rage_override)
L 07/11/2025 - 15:45:50: [CvarSettings] [c2m1_highway] Could not find CVar specified (gfc_rock_override)
L 07/11/2025 - 15:45:50: [CvarSettings] [c2m1_highway] Could not find CVar specified (gfc_rock_rage_override)
L 07/11/2025 - 15:45:50: [CvarSettings] [c2m1_highway] Could not find CVar specified (gfc_spit_extra_time)
L 07/11/2025 - 15:45:50: [CvarSettings] [c2m1_highway] Could not find CVar specified (gfc_common_extra_time)
L 07/11/2025 - 15:45:50: [CvarSettings] [c2m1_highway] Could not find CVar specified (gfc_hunter_duration)
L 07/11/2025 - 15:45:50: [CvarSettings] [c2m1_highway] Could not find CVar specified (gfc_jockey_duration)
L 07/11/2025 - 15:45:50: [CvarSettings] [c2m1_highway] Could not find CVar specified (gfc_smoker_duration)
L 07/11/2025 - 15:45:50: [CvarSettings] [c2m1_highway] Could not find CVar specified (gfc_charger_duration)
L 07/11/2025 - 15:45:50: [CvarSettings] [c2m1_highway] Could not find CVar specified (gfc_charger_stagger_extra_time)
L 07/11/2025 - 15:45:50: [CvarSettings] [c2m1_highway] Could not find CVar specified (gfc_charger_stagger_flags)
L 07/11/2025 - 15:45:50: [CvarSettings] [c2m1_highway] Could not find CVar specified (gfc_common_zc_flags)
L 07/11/2025 - 15:45:50: [CvarSettings] [c2m1_highway] Could not find CVar specified (gfc_spit_zc_flags)
L 07/11/2025 - 15:45:50: [CvarSettings] [c2m1_highway] Could not find CVar specified (gfc_godframe_glows)
L 07/11/2025 - 15:45:50: [CvarSettings] [c2m1_highway] Could not find CVar specified (gfc_ff_min_time)
L 07/11/2025 - 15:45:50: [CvarSettings] [c2m1_highway] Could not find CVar specified (l4d2_undoff_enable)
L 07/11/2025 - 15:45:50: [CvarSettings] [c2m1_highway] Could not find CVar specified (l4d2_undoff_blockzerodmg)
L 07/11/2025 - 15:45:50: [CvarSettings] [c2m1_highway] Could not find CVar specified (l4d2_undoff_permdmgfrac)
L 07/11/2025 - 15:45:50: [CvarSettings] [c2m1_highway] Could not find CVar specified (l4d2_shotgun_ff_multi)
L 07/11/2025 - 15:45:50: [CvarSettings] [c2m1_highway] Could not find CVar specified (l4d2_shotgun_ff_min)
L 07/11/2025 - 15:45:50: [CvarSettings] [c2m1_highway] Could not find CVar specified (l4d2_shotgun_ff_max)
L 07/11/2025 - 16:37:08: [CvarSettings] [c2m1_highway] Could not find CVar specified (confogl_boss_unprohibit)
L 07/11/2025 - 16:37:08: [CvarSettings] [c2m1_highway] Could not find CVar specified (ssb_block_car_alarms)
L 07/11/2025 - 16:37:08: [CvarSettings] [c2m1_highway] Could not find CVar specified (ssb_block_horde)
L 07/11/2025 - 16:39:05: [CvarSettings] [c2m1_highway] Could not find CVar specified (confogl_boss_unprohibit)
L 07/11/2025 - 16:39:05: [CvarSettings] [c2m1_highway] Could not find CVar specified (gfc_hittable_override)
L 07/11/2025 - 16:39:05: [CvarSettings] [c2m1_highway] Could not find CVar specified (gfc_hittable_rage_override)
L 07/11/2025 - 16:39:05: [CvarSettings] [c2m1_highway] Could not find CVar specified (gfc_rock_override)
L 07/11/2025 - 16:39:05: [CvarSettings] [c2m1_highway] Could not find CVar specified (gfc_rock_rage_override)
L 07/11/2025 - 16:39:05: [CvarSettings] [c2m1_highway] Could not find CVar specified (gfc_spit_extra_time)
L 07/11/2025 - 16:39:05: [CvarSettings] [c2m1_highway] Could not find CVar specified (gfc_common_extra_time)
L 07/11/2025 - 16:39:05: [CvarSettings] [c2m1_highway] Could not find CVar specified (gfc_hunter_duration)
L 07/11/2025 - 16:39:05: [CvarSettings] [c2m1_highway] Could not find CVar specified (gfc_jockey_duration)
L 07/11/2025 - 16:39:05: [CvarSettings] [c2m1_highway] Could not find CVar specified (gfc_smoker_duration)
L 07/11/2025 - 16:39:05: [CvarSettings] [c2m1_highway] Could not find CVar specified (gfc_charger_duration)
L 07/11/2025 - 16:39:05: [CvarSettings] [c2m1_highway] Could not find CVar specified (gfc_charger_stagger_extra_time)
L 07/11/2025 - 16:39:05: [CvarSettings] [c2m1_highway] Could not find CVar specified (gfc_charger_stagger_flags)
L 07/11/2025 - 16:39:05: [CvarSettings] [c2m1_highway] Could not find CVar specified (gfc_common_zc_flags)
L 07/11/2025 - 16:39:05: [CvarSettings] [c2m1_highway] Could not find CVar specified (gfc_spit_zc_flags)
L 07/11/2025 - 16:39:05: [CvarSettings] [c2m1_highway] Could not find CVar specified (gfc_godframe_glows)
L 07/11/2025 - 16:39:05: [CvarSettings] [c2m1_highway] Could not find CVar specified (gfc_ff_min_time)
L 07/11/2025 - 16:39:05: [CvarSettings] [c2m1_highway] Could not find CVar specified (l4d2_undoff_enable)
L 07/11/2025 - 16:39:05: [CvarSettings] [c2m1_highway] Could not find CVar specified (l4d2_undoff_blockzerodmg)
L 07/11/2025 - 16:39:05: [CvarSettings] [c2m1_highway] Could not find CVar specified (l4d2_undoff_permdmgfrac)
L 07/11/2025 - 16:39:05: [CvarSettings] [c2m1_highway] Could not find CVar specified (l4d2_shotgun_ff_multi)
L 07/11/2025 - 16:39:05: [CvarSettings] [c2m1_highway] Could not find CVar specified (l4d2_shotgun_ff_min)
L 07/11/2025 - 16:39:05: [CvarSettings] [c2m1_highway] Could not find CVar specified (l4d2_shotgun_ff_max)
L 07/11/2025 - 16:47:20: [CvarSettings] [c2m1_highway] Could not find CVar specified (confogl_boss_unprohibit)
L 07/11/2025 - 16:47:20: [CvarSettings] [c2m1_highway] Could not find CVar specified (gfc_hittable_override)
L 07/11/2025 - 16:47:20: [CvarSettings] [c2m1_highway] Could not find CVar specified (gfc_hittable_rage_override)
L 07/11/2025 - 16:47:20: [CvarSettings] [c2m1_highway] Could not find CVar specified (gfc_rock_override)
L 07/11/2025 - 16:47:20: [CvarSettings] [c2m1_highway] Could not find CVar specified (gfc_rock_rage_override)
L 07/11/2025 - 16:47:20: [CvarSettings] [c2m1_highway] Could not find CVar specified (gfc_spit_extra_time)
L 07/11/2025 - 16:47:20: [CvarSettings] [c2m1_highway] Could not find CVar specified (gfc_common_extra_time)
L 07/11/2025 - 16:47:20: [CvarSettings] [c2m1_highway] Could not find CVar specified (gfc_hunter_duration)
L 07/11/2025 - 16:47:20: [CvarSettings] [c2m1_highway] Could not find CVar specified (gfc_jockey_duration)
L 07/11/2025 - 16:47:20: [CvarSettings] [c2m1_highway] Could not find CVar specified (gfc_smoker_duration)
L 07/11/2025 - 16:47:20: [CvarSettings] [c2m1_highway] Could not find CVar specified (gfc_charger_duration)
L 07/11/2025 - 16:47:20: [CvarSettings] [c2m1_highway] Could not find CVar specified (gfc_charger_stagger_extra_time)
L 07/11/2025 - 16:47:20: [CvarSettings] [c2m1_highway] Could not find CVar specified (gfc_charger_stagger_flags)
L 07/11/2025 - 16:47:20: [CvarSettings] [c2m1_highway] Could not find CVar specified (gfc_common_zc_flags)
L 07/11/2025 - 16:47:20: [CvarSettings] [c2m1_highway] Could not find CVar specified (gfc_spit_zc_flags)
L 07/11/2025 - 16:47:20: [CvarSettings] [c2m1_highway] Could not find CVar specified (gfc_godframe_glows)
L 07/11/2025 - 16:47:20: [CvarSettings] [c2m1_highway] Could not find CVar specified (gfc_ff_min_time)
L 07/11/2025 - 16:47:20: [CvarSettings] [c2m1_highway] Could not find CVar specified (l4d2_undoff_enable)
L 07/11/2025 - 16:47:20: [CvarSettings] [c2m1_highway] Could not find CVar specified (l4d2_undoff_blockzerodmg)
L 07/11/2025 - 16:47:20: [CvarSettings] [c2m1_highway] Could not find CVar specified (l4d2_undoff_permdmgfrac)
L 07/11/2025 - 16:47:20: [CvarSettings] [c2m1_highway] Could not find CVar specified (l4d2_shotgun_ff_multi)
L 07/11/2025 - 16:47:20: [CvarSettings] [c2m1_highway] Could not find CVar specified (l4d2_shotgun_ff_min)
L 07/11/2025 - 16:47:20: [CvarSettings] [c2m1_highway] Could not find CVar specified (l4d2_shotgun_ff_max)
L 07/11/2025 - 16:56:24: [CvarSettings] [c2m1_highway] Could not find CVar specified (confogl_boss_unprohibit)
L 07/11/2025 - 16:56:24: [CvarSettings] [c2m1_highway] Could not find CVar specified (gfc_hittable_override)
L 07/11/2025 - 16:56:24: [CvarSettings] [c2m1_highway] Could not find CVar specified (gfc_hittable_rage_override)
L 07/11/2025 - 16:56:24: [CvarSettings] [c2m1_highway] Could not find CVar specified (gfc_rock_override)
L 07/11/2025 - 16:56:24: [CvarSettings] [c2m1_highway] Could not find CVar specified (gfc_rock_rage_override)
L 07/11/2025 - 16:56:24: [CvarSettings] [c2m1_highway] Could not find CVar specified (gfc_spit_extra_time)
L 07/11/2025 - 16:56:24: [CvarSettings] [c2m1_highway] Could not find CVar specified (gfc_common_extra_time)
L 07/11/2025 - 16:56:24: [CvarSettings] [c2m1_highway] Could not find CVar specified (gfc_hunter_duration)
L 07/11/2025 - 16:56:24: [CvarSettings] [c2m1_highway] Could not find CVar specified (gfc_jockey_duration)
L 07/11/2025 - 16:56:24: [CvarSettings] [c2m1_highway] Could not find CVar specified (gfc_smoker_duration)
L 07/11/2025 - 16:56:24: [CvarSettings] [c2m1_highway] Could not find CVar specified (gfc_charger_duration)
L 07/11/2025 - 16:56:24: [CvarSettings] [c2m1_highway] Could not find CVar specified (gfc_charger_stagger_extra_time)
L 07/11/2025 - 16:56:24: [CvarSettings] [c2m1_highway] Could not find CVar specified (gfc_charger_stagger_flags)
L 07/11/2025 - 16:56:24: [CvarSettings] [c2m1_highway] Could not find CVar specified (gfc_common_zc_flags)
L 07/11/2025 - 16:56:24: [CvarSettings] [c2m1_highway] Could not find CVar specified (gfc_spit_zc_flags)
L 07/11/2025 - 16:56:24: [CvarSettings] [c2m1_highway] Could not find CVar specified (gfc_godframe_glows)
L 07/11/2025 - 16:56:24: [CvarSettings] [c2m1_highway] Could not find CVar specified (gfc_ff_min_time)
L 07/11/2025 - 16:56:24: [CvarSettings] [c2m1_highway] Could not find CVar specified (l4d2_undoff_enable)
L 07/11/2025 - 16:56:24: [CvarSettings] [c2m1_highway] Could not find CVar specified (l4d2_undoff_blockzerodmg)
L 07/11/2025 - 16:56:24: [CvarSettings] [c2m1_highway] Could not find CVar specified (l4d2_undoff_permdmgfrac)
L 07/11/2025 - 16:56:24: [CvarSettings] [c2m1_highway] Could not find CVar specified (l4d2_shotgun_ff_multi)
L 07/11/2025 - 16:56:24: [CvarSettings] [c2m1_highway] Could not find CVar specified (l4d2_shotgun_ff_min)
L 07/11/2025 - 16:56:24: [CvarSettings] [c2m1_highway] Could not find CVar specified (l4d2_shotgun_ff_max)
L 07/11/2025 - 16:57:59: [CvarSettings] [c2m1_highway] Could not find CVar specified (confogl_boss_unprohibit)
L 07/11/2025 - 16:57:59: [CvarSettings] [c2m1_highway] Could not find CVar specified (gfc_hittable_override)
L 07/11/2025 - 16:57:59: [CvarSettings] [c2m1_highway] Could not find CVar specified (gfc_hittable_rage_override)
L 07/11/2025 - 16:57:59: [CvarSettings] [c2m1_highway] Could not find CVar specified (gfc_rock_override)
L 07/11/2025 - 16:57:59: [CvarSettings] [c2m1_highway] Could not find CVar specified (gfc_rock_rage_override)
L 07/11/2025 - 16:57:59: [CvarSettings] [c2m1_highway] Could not find CVar specified (gfc_spit_extra_time)
L 07/11/2025 - 16:57:59: [CvarSettings] [c2m1_highway] Could not find CVar specified (gfc_common_extra_time)
L 07/11/2025 - 16:57:59: [CvarSettings] [c2m1_highway] Could not find CVar specified (gfc_hunter_duration)
L 07/11/2025 - 16:57:59: [CvarSettings] [c2m1_highway] Could not find CVar specified (gfc_jockey_duration)
L 07/11/2025 - 16:57:59: [CvarSettings] [c2m1_highway] Could not find CVar specified (gfc_smoker_duration)
L 07/11/2025 - 16:57:59: [CvarSettings] [c2m1_highway] Could not find CVar specified (gfc_charger_duration)
L 07/11/2025 - 16:57:59: [CvarSettings] [c2m1_highway] Could not find CVar specified (gfc_charger_stagger_extra_time)
L 07/11/2025 - 16:57:59: [CvarSettings] [c2m1_highway] Could not find CVar specified (gfc_charger_stagger_flags)
L 07/11/2025 - 16:57:59: [CvarSettings] [c2m1_highway] Could not find CVar specified (gfc_common_zc_flags)
L 07/11/2025 - 16:57:59: [CvarSettings] [c2m1_highway] Could not find CVar specified (gfc_spit_zc_flags)
L 07/11/2025 - 16:57:59: [CvarSettings] [c2m1_highway] Could not find CVar specified (gfc_godframe_glows)
L 07/11/2025 - 16:57:59: [CvarSettings] [c2m1_highway] Could not find CVar specified (gfc_ff_min_time)
L 07/11/2025 - 16:57:59: [CvarSettings] [c2m1_highway] Could not find CVar specified (l4d2_undoff_enable)
L 07/11/2025 - 16:57:59: [CvarSettings] [c2m1_highway] Could not find CVar specified (l4d2_undoff_blockzerodmg)
L 07/11/2025 - 16:57:59: [CvarSettings] [c2m1_highway] Could not find CVar specified (l4d2_undoff_permdmgfrac)
L 07/11/2025 - 16:57:59: [CvarSettings] [c2m1_highway] Could not find CVar specified (l4d2_shotgun_ff_multi)
L 07/11/2025 - 16:57:59: [CvarSettings] [c2m1_highway] Could not find CVar specified (l4d2_shotgun_ff_min)
L 07/11/2025 - 16:57:59: [CvarSettings] [c2m1_highway] Could not find CVar specified (l4d2_shotgun_ff_max)
L 07/11/2025 - 17:03:25: [CvarSettings] [c2m1_highway] Could not find CVar specified (confogl_boss_unprohibit)
L 07/11/2025 - 17:03:25: [CvarSettings] [c2m1_highway] Could not find CVar specified (gfc_hittable_override)
L 07/11/2025 - 17:03:25: [CvarSettings] [c2m1_highway] Could not find CVar specified (gfc_hittable_rage_override)
L 07/11/2025 - 17:03:25: [CvarSettings] [c2m1_highway] Could not find CVar specified (gfc_rock_override)
L 07/11/2025 - 17:03:25: [CvarSettings] [c2m1_highway] Could not find CVar specified (gfc_rock_rage_override)
L 07/11/2025 - 17:03:25: [CvarSettings] [c2m1_highway] Could not find CVar specified (gfc_spit_extra_time)
L 07/11/2025 - 17:03:25: [CvarSettings] [c2m1_highway] Could not find CVar specified (gfc_common_extra_time)
L 07/11/2025 - 17:03:25: [CvarSettings] [c2m1_highway] Could not find CVar specified (gfc_hunter_duration)
L 07/11/2025 - 17:03:25: [CvarSettings] [c2m1_highway] Could not find CVar specified (gfc_jockey_duration)
L 07/11/2025 - 17:03:25: [CvarSettings] [c2m1_highway] Could not find CVar specified (gfc_smoker_duration)
L 07/11/2025 - 17:03:25: [CvarSettings] [c2m1_highway] Could not find CVar specified (gfc_charger_duration)
L 07/11/2025 - 17:03:25: [CvarSettings] [c2m1_highway] Could not find CVar specified (gfc_charger_stagger_extra_time)
L 07/11/2025 - 17:03:25: [CvarSettings] [c2m1_highway] Could not find CVar specified (gfc_charger_stagger_flags)
L 07/11/2025 - 17:03:25: [CvarSettings] [c2m1_highway] Could not find CVar specified (gfc_common_zc_flags)
L 07/11/2025 - 17:03:25: [CvarSettings] [c2m1_highway] Could not find CVar specified (gfc_spit_zc_flags)
L 07/11/2025 - 17:03:25: [CvarSettings] [c2m1_highway] Could not find CVar specified (gfc_godframe_glows)
L 07/11/2025 - 17:03:25: [CvarSettings] [c2m1_highway] Could not find CVar specified (gfc_ff_min_time)
L 07/11/2025 - 17:03:25: [CvarSettings] [c2m1_highway] Could not find CVar specified (l4d2_undoff_enable)
L 07/11/2025 - 17:03:25: [CvarSettings] [c2m1_highway] Could not find CVar specified (l4d2_undoff_blockzerodmg)
L 07/11/2025 - 17:03:25: [CvarSettings] [c2m1_highway] Could not find CVar specified (l4d2_undoff_permdmgfrac)
L 07/11/2025 - 17:03:25: [CvarSettings] [c2m1_highway] Could not find CVar specified (l4d2_shotgun_ff_multi)
L 07/11/2025 - 17:03:25: [CvarSettings] [c2m1_highway] Could not find CVar specified (l4d2_shotgun_ff_min)
L 07/11/2025 - 17:03:25: [CvarSettings] [c2m1_highway] Could not find CVar specified (l4d2_shotgun_ff_max)
L 07/11/2025 - 17:11:33: [CvarSettings] [c2m1_highway] Could not find CVar specified (confogl_boss_unprohibit)
L 07/11/2025 - 17:11:33: [CvarSettings] [c2m1_highway] Could not find CVar specified (gfc_hittable_override)
L 07/11/2025 - 17:11:33: [CvarSettings] [c2m1_highway] Could not find CVar specified (gfc_hittable_rage_override)
L 07/11/2025 - 17:11:33: [CvarSettings] [c2m1_highway] Could not find CVar specified (gfc_rock_override)
L 07/11/2025 - 17:11:33: [CvarSettings] [c2m1_highway] Could not find CVar specified (gfc_rock_rage_override)
L 07/11/2025 - 17:11:33: [CvarSettings] [c2m1_highway] Could not find CVar specified (gfc_spit_extra_time)
L 07/11/2025 - 17:11:33: [CvarSettings] [c2m1_highway] Could not find CVar specified (gfc_common_extra_time)
L 07/11/2025 - 17:11:33: [CvarSettings] [c2m1_highway] Could not find CVar specified (gfc_hunter_duration)
L 07/11/2025 - 17:11:33: [CvarSettings] [c2m1_highway] Could not find CVar specified (gfc_jockey_duration)
L 07/11/2025 - 17:11:33: [CvarSettings] [c2m1_highway] Could not find CVar specified (gfc_smoker_duration)
L 07/11/2025 - 17:11:33: [CvarSettings] [c2m1_highway] Could not find CVar specified (gfc_charger_duration)
L 07/11/2025 - 17:11:33: [CvarSettings] [c2m1_highway] Could not find CVar specified (gfc_charger_stagger_extra_time)
L 07/11/2025 - 17:11:33: [CvarSettings] [c2m1_highway] Could not find CVar specified (gfc_charger_stagger_flags)
L 07/11/2025 - 17:11:33: [CvarSettings] [c2m1_highway] Could not find CVar specified (gfc_common_zc_flags)
L 07/11/2025 - 17:11:33: [CvarSettings] [c2m1_highway] Could not find CVar specified (gfc_spit_zc_flags)
L 07/11/2025 - 17:11:33: [CvarSettings] [c2m1_highway] Could not find CVar specified (gfc_godframe_glows)
L 07/11/2025 - 17:11:33: [CvarSettings] [c2m1_highway] Could not find CVar specified (gfc_ff_min_time)
L 07/11/2025 - 17:11:33: [CvarSettings] [c2m1_highway] Could not find CVar specified (l4d2_undoff_enable)
L 07/11/2025 - 17:11:33: [CvarSettings] [c2m1_highway] Could not find CVar specified (l4d2_undoff_blockzerodmg)
L 07/11/2025 - 17:11:33: [CvarSettings] [c2m1_highway] Could not find CVar specified (l4d2_undoff_permdmgfrac)
L 07/11/2025 - 17:11:33: [CvarSettings] [c2m1_highway] Could not find CVar specified (l4d2_shotgun_ff_multi)
L 07/11/2025 - 17:11:33: [CvarSettings] [c2m1_highway] Could not find CVar specified (l4d2_shotgun_ff_min)
L 07/11/2025 - 17:11:33: [CvarSettings] [c2m1_highway] Could not find CVar specified (l4d2_shotgun_ff_max)
L 07/11/2025 - 17:15:28: [CvarSettings] [c2m1_highway] Could not find CVar specified (confogl_boss_unprohibit)
L 07/11/2025 - 17:15:28: [CvarSettings] [c2m1_highway] Could not find CVar specified (gfc_hittable_override)
L 07/11/2025 - 17:15:28: [CvarSettings] [c2m1_highway] Could not find CVar specified (gfc_hittable_rage_override)
L 07/11/2025 - 17:15:28: [CvarSettings] [c2m1_highway] Could not find CVar specified (gfc_rock_override)
L 07/11/2025 - 17:15:28: [CvarSettings] [c2m1_highway] Could not find CVar specified (gfc_rock_rage_override)
L 07/11/2025 - 17:15:28: [CvarSettings] [c2m1_highway] Could not find CVar specified (gfc_spit_extra_time)
L 07/11/2025 - 17:15:28: [CvarSettings] [c2m1_highway] Could not find CVar specified (gfc_common_extra_time)
L 07/11/2025 - 17:15:28: [CvarSettings] [c2m1_highway] Could not find CVar specified (gfc_hunter_duration)
L 07/11/2025 - 17:15:28: [CvarSettings] [c2m1_highway] Could not find CVar specified (gfc_jockey_duration)
L 07/11/2025 - 17:15:28: [CvarSettings] [c2m1_highway] Could not find CVar specified (gfc_smoker_duration)
L 07/11/2025 - 17:15:28: [CvarSettings] [c2m1_highway] Could not find CVar specified (gfc_charger_duration)
L 07/11/2025 - 17:15:28: [CvarSettings] [c2m1_highway] Could not find CVar specified (gfc_charger_stagger_extra_time)
L 07/11/2025 - 17:15:28: [CvarSettings] [c2m1_highway] Could not find CVar specified (gfc_charger_stagger_flags)
L 07/11/2025 - 17:15:28: [CvarSettings] [c2m1_highway] Could not find CVar specified (gfc_common_zc_flags)
L 07/11/2025 - 17:15:28: [CvarSettings] [c2m1_highway] Could not find CVar specified (gfc_spit_zc_flags)
L 07/11/2025 - 17:15:28: [CvarSettings] [c2m1_highway] Could not find CVar specified (gfc_godframe_glows)
L 07/11/2025 - 17:15:28: [CvarSettings] [c2m1_highway] Could not find CVar specified (gfc_ff_min_time)
L 07/11/2025 - 17:15:28: [CvarSettings] [c2m1_highway] Could not find CVar specified (l4d2_undoff_enable)
L 07/11/2025 - 17:15:28: [CvarSettings] [c2m1_highway] Could not find CVar specified (l4d2_undoff_blockzerodmg)
L 07/11/2025 - 17:15:28: [CvarSettings] [c2m1_highway] Could not find CVar specified (l4d2_undoff_permdmgfrac)
L 07/11/2025 - 17:15:28: [CvarSettings] [c2m1_highway] Could not find CVar specified (l4d2_shotgun_ff_multi)
L 07/11/2025 - 17:15:28: [CvarSettings] [c2m1_highway] Could not find CVar specified (l4d2_shotgun_ff_min)
L 07/11/2025 - 17:15:28: [CvarSettings] [c2m1_highway] Could not find CVar specified (l4d2_shotgun_ff_max)
L 07/11/2025 - 17:16:46: [CvarSettings] [c2m1_highway] Could not find CVar specified (confogl_boss_unprohibit)
L 07/11/2025 - 17:16:46: [CvarSettings] [c2m1_highway] Could not find CVar specified (gfc_hittable_override)
L 07/11/2025 - 17:16:46: [CvarSettings] [c2m1_highway] Could not find CVar specified (gfc_hittable_rage_override)
L 07/11/2025 - 17:16:46: [CvarSettings] [c2m1_highway] Could not find CVar specified (gfc_rock_override)
L 07/11/2025 - 17:16:46: [CvarSettings] [c2m1_highway] Could not find CVar specified (gfc_rock_rage_override)
L 07/11/2025 - 17:16:46: [CvarSettings] [c2m1_highway] Could not find CVar specified (gfc_spit_extra_time)
L 07/11/2025 - 17:16:46: [CvarSettings] [c2m1_highway] Could not find CVar specified (gfc_common_extra_time)
L 07/11/2025 - 17:16:46: [CvarSettings] [c2m1_highway] Could not find CVar specified (gfc_hunter_duration)
L 07/11/2025 - 17:16:46: [CvarSettings] [c2m1_highway] Could not find CVar specified (gfc_jockey_duration)
L 07/11/2025 - 17:16:46: [CvarSettings] [c2m1_highway] Could not find CVar specified (gfc_smoker_duration)
L 07/11/2025 - 17:16:46: [CvarSettings] [c2m1_highway] Could not find CVar specified (gfc_charger_duration)
L 07/11/2025 - 17:16:46: [CvarSettings] [c2m1_highway] Could not find CVar specified (gfc_charger_stagger_extra_time)
L 07/11/2025 - 17:16:46: [CvarSettings] [c2m1_highway] Could not find CVar specified (gfc_charger_stagger_flags)
L 07/11/2025 - 17:16:46: [CvarSettings] [c2m1_highway] Could not find CVar specified (gfc_common_zc_flags)
L 07/11/2025 - 17:16:46: [CvarSettings] [c2m1_highway] Could not find CVar specified (gfc_spit_zc_flags)
L 07/11/2025 - 17:16:46: [CvarSettings] [c2m1_highway] Could not find CVar specified (gfc_godframe_glows)
L 07/11/2025 - 17:16:46: [CvarSettings] [c2m1_highway] Could not find CVar specified (gfc_ff_min_time)
L 07/11/2025 - 17:16:46: [CvarSettings] [c2m1_highway] Could not find CVar specified (l4d2_undoff_enable)
L 07/11/2025 - 17:16:46: [CvarSettings] [c2m1_highway] Could not find CVar specified (l4d2_undoff_blockzerodmg)
L 07/11/2025 - 17:16:46: [CvarSettings] [c2m1_highway] Could not find CVar specified (l4d2_undoff_permdmgfrac)
L 07/11/2025 - 17:16:46: [CvarSettings] [c2m1_highway] Could not find CVar specified (l4d2_shotgun_ff_multi)
L 07/11/2025 - 17:16:46: [CvarSettings] [c2m1_highway] Could not find CVar specified (l4d2_shotgun_ff_min)
L 07/11/2025 - 17:16:46: [CvarSettings] [c2m1_highway] Could not find CVar specified (l4d2_shotgun_ff_max)
L 07/11/2025 - 17:23:56: [CvarSettings] [c2m1_highway] Could not find CVar specified (confogl_boss_unprohibit)
L 07/11/2025 - 17:23:56: [CvarSettings] [c2m1_highway] Could not find CVar specified (gfc_hittable_override)
L 07/11/2025 - 17:23:56: [CvarSettings] [c2m1_highway] Could not find CVar specified (gfc_hittable_rage_override)
L 07/11/2025 - 17:23:56: [CvarSettings] [c2m1_highway] Could not find CVar specified (gfc_rock_override)
L 07/11/2025 - 17:23:56: [CvarSettings] [c2m1_highway] Could not find CVar specified (gfc_rock_rage_override)
L 07/11/2025 - 17:23:56: [CvarSettings] [c2m1_highway] Could not find CVar specified (gfc_spit_extra_time)
L 07/11/2025 - 17:23:56: [CvarSettings] [c2m1_highway] Could not find CVar specified (gfc_common_extra_time)
L 07/11/2025 - 17:23:56: [CvarSettings] [c2m1_highway] Could not find CVar specified (gfc_hunter_duration)
L 07/11/2025 - 17:23:56: [CvarSettings] [c2m1_highway] Could not find CVar specified (gfc_jockey_duration)
L 07/11/2025 - 17:23:56: [CvarSettings] [c2m1_highway] Could not find CVar specified (gfc_smoker_duration)
L 07/11/2025 - 17:23:56: [CvarSettings] [c2m1_highway] Could not find CVar specified (gfc_charger_duration)
L 07/11/2025 - 17:23:56: [CvarSettings] [c2m1_highway] Could not find CVar specified (gfc_charger_stagger_extra_time)
L 07/11/2025 - 17:23:56: [CvarSettings] [c2m1_highway] Could not find CVar specified (gfc_charger_stagger_flags)
L 07/11/2025 - 17:23:56: [CvarSettings] [c2m1_highway] Could not find CVar specified (gfc_common_zc_flags)
L 07/11/2025 - 17:23:56: [CvarSettings] [c2m1_highway] Could not find CVar specified (gfc_spit_zc_flags)
L 07/11/2025 - 17:23:56: [CvarSettings] [c2m1_highway] Could not find CVar specified (gfc_godframe_glows)
L 07/11/2025 - 17:23:56: [CvarSettings] [c2m1_highway] Could not find CVar specified (gfc_ff_min_time)
L 07/11/2025 - 17:23:56: [CvarSettings] [c2m1_highway] Could not find CVar specified (l4d2_undoff_enable)
L 07/11/2025 - 17:23:56: [CvarSettings] [c2m1_highway] Could not find CVar specified (l4d2_undoff_blockzerodmg)
L 07/11/2025 - 17:23:56: [CvarSettings] [c2m1_highway] Could not find CVar specified (l4d2_undoff_permdmgfrac)
L 07/11/2025 - 17:23:56: [CvarSettings] [c2m1_highway] Could not find CVar specified (l4d2_shotgun_ff_multi)
L 07/11/2025 - 17:23:56: [CvarSettings] [c2m1_highway] Could not find CVar specified (l4d2_shotgun_ff_min)
L 07/11/2025 - 17:23:56: [CvarSettings] [c2m1_highway] Could not find CVar specified (l4d2_shotgun_ff_max)
L 07/11/2025 - 17:27:02: [CvarSettings] [c2m1_highway] Could not find CVar specified (confogl_boss_unprohibit)
L 07/11/2025 - 17:27:02: [CvarSettings] [c2m1_highway] Could not find CVar specified (gfc_hittable_override)
L 07/11/2025 - 17:27:02: [CvarSettings] [c2m1_highway] Could not find CVar specified (gfc_hittable_rage_override)
L 07/11/2025 - 17:27:02: [CvarSettings] [c2m1_highway] Could not find CVar specified (gfc_rock_override)
L 07/11/2025 - 17:27:02: [CvarSettings] [c2m1_highway] Could not find CVar specified (gfc_rock_rage_override)
L 07/11/2025 - 17:27:02: [CvarSettings] [c2m1_highway] Could not find CVar specified (gfc_spit_extra_time)
L 07/11/2025 - 17:27:02: [CvarSettings] [c2m1_highway] Could not find CVar specified (gfc_common_extra_time)
L 07/11/2025 - 17:27:02: [CvarSettings] [c2m1_highway] Could not find CVar specified (gfc_hunter_duration)
L 07/11/2025 - 17:27:02: [CvarSettings] [c2m1_highway] Could not find CVar specified (gfc_jockey_duration)
L 07/11/2025 - 17:27:02: [CvarSettings] [c2m1_highway] Could not find CVar specified (gfc_smoker_duration)
L 07/11/2025 - 17:27:02: [CvarSettings] [c2m1_highway] Could not find CVar specified (gfc_charger_duration)
L 07/11/2025 - 17:27:02: [CvarSettings] [c2m1_highway] Could not find CVar specified (gfc_charger_stagger_extra_time)
L 07/11/2025 - 17:27:02: [CvarSettings] [c2m1_highway] Could not find CVar specified (gfc_charger_stagger_flags)
L 07/11/2025 - 17:27:02: [CvarSettings] [c2m1_highway] Could not find CVar specified (gfc_common_zc_flags)
L 07/11/2025 - 17:27:02: [CvarSettings] [c2m1_highway] Could not find CVar specified (gfc_spit_zc_flags)
L 07/11/2025 - 17:27:02: [CvarSettings] [c2m1_highway] Could not find CVar specified (gfc_godframe_glows)
L 07/11/2025 - 17:27:02: [CvarSettings] [c2m1_highway] Could not find CVar specified (gfc_ff_min_time)
L 07/11/2025 - 17:27:02: [CvarSettings] [c2m1_highway] Could not find CVar specified (l4d2_undoff_enable)
L 07/11/2025 - 17:27:02: [CvarSettings] [c2m1_highway] Could not find CVar specified (l4d2_undoff_blockzerodmg)
L 07/11/2025 - 17:27:02: [CvarSettings] [c2m1_highway] Could not find CVar specified (l4d2_undoff_permdmgfrac)
L 07/11/2025 - 17:27:02: [CvarSettings] [c2m1_highway] Could not find CVar specified (l4d2_shotgun_ff_multi)
L 07/11/2025 - 17:27:02: [CvarSettings] [c2m1_highway] Could not find CVar specified (l4d2_shotgun_ff_min)
L 07/11/2025 - 17:27:02: [CvarSettings] [c2m1_highway] Could not find CVar specified (l4d2_shotgun_ff_max)
L 07/11/2025 - 17:31:21: [CvarSettings] [c2m1_highway] Could not find CVar specified (confogl_boss_unprohibit)
L 07/11/2025 - 17:31:21: [CvarSettings] [c2m1_highway] Could not find CVar specified (gfc_hittable_override)
L 07/11/2025 - 17:31:21: [CvarSettings] [c2m1_highway] Could not find CVar specified (gfc_hittable_rage_override)
L 07/11/2025 - 17:31:21: [CvarSettings] [c2m1_highway] Could not find CVar specified (gfc_rock_override)
L 07/11/2025 - 17:31:21: [CvarSettings] [c2m1_highway] Could not find CVar specified (gfc_rock_rage_override)
L 07/11/2025 - 17:31:21: [CvarSettings] [c2m1_highway] Could not find CVar specified (gfc_spit_extra_time)
L 07/11/2025 - 17:31:21: [CvarSettings] [c2m1_highway] Could not find CVar specified (gfc_common_extra_time)
L 07/11/2025 - 17:31:21: [CvarSettings] [c2m1_highway] Could not find CVar specified (gfc_hunter_duration)
L 07/11/2025 - 17:31:21: [CvarSettings] [c2m1_highway] Could not find CVar specified (gfc_jockey_duration)
L 07/11/2025 - 17:31:21: [CvarSettings] [c2m1_highway] Could not find CVar specified (gfc_smoker_duration)
L 07/11/2025 - 17:31:21: [CvarSettings] [c2m1_highway] Could not find CVar specified (gfc_charger_duration)
L 07/11/2025 - 17:31:21: [CvarSettings] [c2m1_highway] Could not find CVar specified (gfc_charger_stagger_extra_time)
L 07/11/2025 - 17:31:21: [CvarSettings] [c2m1_highway] Could not find CVar specified (gfc_charger_stagger_flags)
L 07/11/2025 - 17:31:21: [CvarSettings] [c2m1_highway] Could not find CVar specified (gfc_common_zc_flags)
L 07/11/2025 - 17:31:21: [CvarSettings] [c2m1_highway] Could not find CVar specified (gfc_spit_zc_flags)
L 07/11/2025 - 17:31:21: [CvarSettings] [c2m1_highway] Could not find CVar specified (gfc_godframe_glows)
L 07/11/2025 - 17:31:21: [CvarSettings] [c2m1_highway] Could not find CVar specified (gfc_ff_min_time)
L 07/11/2025 - 17:31:21: [CvarSettings] [c2m1_highway] Could not find CVar specified (l4d2_undoff_enable)
L 07/11/2025 - 17:31:21: [CvarSettings] [c2m1_highway] Could not find CVar specified (l4d2_undoff_blockzerodmg)
L 07/11/2025 - 17:31:21: [CvarSettings] [c2m1_highway] Could not find CVar specified (l4d2_undoff_permdmgfrac)
L 07/11/2025 - 17:31:21: [CvarSettings] [c2m1_highway] Could not find CVar specified (l4d2_shotgun_ff_multi)
L 07/11/2025 - 17:31:21: [CvarSettings] [c2m1_highway] Could not find CVar specified (l4d2_shotgun_ff_min)
L 07/11/2025 - 17:31:21: [CvarSettings] [c2m1_highway] Could not find CVar specified (l4d2_shotgun_ff_max)
L 07/11/2025 - 17:39:12: [CvarSettings] [c2m1_highway] Could not find CVar specified (confogl_boss_unprohibit)
L 07/11/2025 - 17:39:12: [CvarSettings] [c2m1_highway] Could not find CVar specified (gfc_hittable_override)
L 07/11/2025 - 17:39:12: [CvarSettings] [c2m1_highway] Could not find CVar specified (gfc_hittable_rage_override)
L 07/11/2025 - 17:39:12: [CvarSettings] [c2m1_highway] Could not find CVar specified (gfc_rock_override)
L 07/11/2025 - 17:39:12: [CvarSettings] [c2m1_highway] Could not find CVar specified (gfc_rock_rage_override)
L 07/11/2025 - 17:39:12: [CvarSettings] [c2m1_highway] Could not find CVar specified (gfc_spit_extra_time)
L 07/11/2025 - 17:39:12: [CvarSettings] [c2m1_highway] Could not find CVar specified (gfc_common_extra_time)
L 07/11/2025 - 17:39:12: [CvarSettings] [c2m1_highway] Could not find CVar specified (gfc_hunter_duration)
L 07/11/2025 - 17:39:12: [CvarSettings] [c2m1_highway] Could not find CVar specified (gfc_jockey_duration)
L 07/11/2025 - 17:39:12: [CvarSettings] [c2m1_highway] Could not find CVar specified (gfc_smoker_duration)
L 07/11/2025 - 17:39:12: [CvarSettings] [c2m1_highway] Could not find CVar specified (gfc_charger_duration)
L 07/11/2025 - 17:39:12: [CvarSettings] [c2m1_highway] Could not find CVar specified (gfc_charger_stagger_extra_time)
L 07/11/2025 - 17:39:12: [CvarSettings] [c2m1_highway] Could not find CVar specified (gfc_charger_stagger_flags)
L 07/11/2025 - 17:39:12: [CvarSettings] [c2m1_highway] Could not find CVar specified (gfc_common_zc_flags)
L 07/11/2025 - 17:39:12: [CvarSettings] [c2m1_highway] Could not find CVar specified (gfc_spit_zc_flags)
L 07/11/2025 - 17:39:12: [CvarSettings] [c2m1_highway] Could not find CVar specified (gfc_godframe_glows)
L 07/11/2025 - 17:39:12: [CvarSettings] [c2m1_highway] Could not find CVar specified (gfc_ff_min_time)
L 07/11/2025 - 17:39:12: [CvarSettings] [c2m1_highway] Could not find CVar specified (l4d2_undoff_enable)
L 07/11/2025 - 17:39:12: [CvarSettings] [c2m1_highway] Could not find CVar specified (l4d2_undoff_blockzerodmg)
L 07/11/2025 - 17:39:12: [CvarSettings] [c2m1_highway] Could not find CVar specified (l4d2_undoff_permdmgfrac)
L 07/11/2025 - 17:39:12: [CvarSettings] [c2m1_highway] Could not find CVar specified (l4d2_shotgun_ff_multi)
L 07/11/2025 - 17:39:12: [CvarSettings] [c2m1_highway] Could not find CVar specified (l4d2_shotgun_ff_min)
L 07/11/2025 - 17:39:12: [CvarSettings] [c2m1_highway] Could not find CVar specified (l4d2_shotgun_ff_max)
L 07/11/2025 - 17:46:19: [CvarSettings] [c2m1_highway] Could not find CVar specified (confogl_boss_unprohibit)
L 07/11/2025 - 17:46:19: [CvarSettings] [c2m1_highway] Could not find CVar specified (gfc_hittable_override)
L 07/11/2025 - 17:46:19: [CvarSettings] [c2m1_highway] Could not find CVar specified (gfc_hittable_rage_override)
L 07/11/2025 - 17:46:19: [CvarSettings] [c2m1_highway] Could not find CVar specified (gfc_rock_override)
L 07/11/2025 - 17:46:19: [CvarSettings] [c2m1_highway] Could not find CVar specified (gfc_rock_rage_override)
L 07/11/2025 - 17:46:19: [CvarSettings] [c2m1_highway] Could not find CVar specified (gfc_spit_extra_time)
L 07/11/2025 - 17:46:19: [CvarSettings] [c2m1_highway] Could not find CVar specified (gfc_common_extra_time)
L 07/11/2025 - 17:46:19: [CvarSettings] [c2m1_highway] Could not find CVar specified (gfc_hunter_duration)
L 07/11/2025 - 17:46:19: [CvarSettings] [c2m1_highway] Could not find CVar specified (gfc_jockey_duration)
L 07/11/2025 - 17:46:19: [CvarSettings] [c2m1_highway] Could not find CVar specified (gfc_smoker_duration)
L 07/11/2025 - 17:46:19: [CvarSettings] [c2m1_highway] Could not find CVar specified (gfc_charger_duration)
L 07/11/2025 - 17:46:19: [CvarSettings] [c2m1_highway] Could not find CVar specified (gfc_charger_stagger_extra_time)
L 07/11/2025 - 17:46:19: [CvarSettings] [c2m1_highway] Could not find CVar specified (gfc_charger_stagger_flags)
L 07/11/2025 - 17:46:19: [CvarSettings] [c2m1_highway] Could not find CVar specified (gfc_common_zc_flags)
L 07/11/2025 - 17:46:19: [CvarSettings] [c2m1_highway] Could not find CVar specified (gfc_spit_zc_flags)
L 07/11/2025 - 17:46:19: [CvarSettings] [c2m1_highway] Could not find CVar specified (gfc_godframe_glows)
L 07/11/2025 - 17:46:19: [CvarSettings] [c2m1_highway] Could not find CVar specified (gfc_ff_min_time)
L 07/11/2025 - 17:46:19: [CvarSettings] [c2m1_highway] Could not find CVar specified (l4d2_undoff_enable)
L 07/11/2025 - 17:46:19: [CvarSettings] [c2m1_highway] Could not find CVar specified (l4d2_undoff_blockzerodmg)
L 07/11/2025 - 17:46:19: [CvarSettings] [c2m1_highway] Could not find CVar specified (l4d2_undoff_permdmgfrac)
L 07/11/2025 - 17:46:19: [CvarSettings] [c2m1_highway] Could not find CVar specified (l4d2_shotgun_ff_multi)
L 07/11/2025 - 17:46:19: [CvarSettings] [c2m1_highway] Could not find CVar specified (l4d2_shotgun_ff_min)
L 07/11/2025 - 17:46:19: [CvarSettings] [c2m1_highway] Could not find CVar specified (l4d2_shotgun_ff_max)
L 07/11/2025 - 17:49:43: [CvarSettings] [c2m1_highway] Could not find CVar specified (confogl_boss_unprohibit)
L 07/11/2025 - 17:49:43: [CvarSettings] [c2m1_highway] Could not find CVar specified (gfc_hittable_override)
L 07/11/2025 - 17:49:43: [CvarSettings] [c2m1_highway] Could not find CVar specified (gfc_hittable_rage_override)
L 07/11/2025 - 17:49:43: [CvarSettings] [c2m1_highway] Could not find CVar specified (gfc_rock_override)
L 07/11/2025 - 17:49:43: [CvarSettings] [c2m1_highway] Could not find CVar specified (gfc_rock_rage_override)
L 07/11/2025 - 17:49:43: [CvarSettings] [c2m1_highway] Could not find CVar specified (gfc_spit_extra_time)
L 07/11/2025 - 17:49:43: [CvarSettings] [c2m1_highway] Could not find CVar specified (gfc_common_extra_time)
L 07/11/2025 - 17:49:43: [CvarSettings] [c2m1_highway] Could not find CVar specified (gfc_hunter_duration)
L 07/11/2025 - 17:49:43: [CvarSettings] [c2m1_highway] Could not find CVar specified (gfc_jockey_duration)
L 07/11/2025 - 17:49:43: [CvarSettings] [c2m1_highway] Could not find CVar specified (gfc_smoker_duration)
L 07/11/2025 - 17:49:43: [CvarSettings] [c2m1_highway] Could not find CVar specified (gfc_charger_duration)
L 07/11/2025 - 17:49:43: [CvarSettings] [c2m1_highway] Could not find CVar specified (gfc_charger_stagger_extra_time)
L 07/11/2025 - 17:49:43: [CvarSettings] [c2m1_highway] Could not find CVar specified (gfc_charger_stagger_flags)
L 07/11/2025 - 17:49:43: [CvarSettings] [c2m1_highway] Could not find CVar specified (gfc_common_zc_flags)
L 07/11/2025 - 17:49:43: [CvarSettings] [c2m1_highway] Could not find CVar specified (gfc_spit_zc_flags)
L 07/11/2025 - 17:49:43: [CvarSettings] [c2m1_highway] Could not find CVar specified (gfc_godframe_glows)
L 07/11/2025 - 17:49:43: [CvarSettings] [c2m1_highway] Could not find CVar specified (gfc_ff_min_time)
L 07/11/2025 - 17:49:43: [CvarSettings] [c2m1_highway] Could not find CVar specified (l4d2_undoff_enable)
L 07/11/2025 - 17:49:43: [CvarSettings] [c2m1_highway] Could not find CVar specified (l4d2_undoff_blockzerodmg)
L 07/11/2025 - 17:49:43: [CvarSettings] [c2m1_highway] Could not find CVar specified (l4d2_undoff_permdmgfrac)
L 07/11/2025 - 17:49:43: [CvarSettings] [c2m1_highway] Could not find CVar specified (l4d2_shotgun_ff_multi)
L 07/11/2025 - 17:49:43: [CvarSettings] [c2m1_highway] Could not find CVar specified (l4d2_shotgun_ff_min)
L 07/11/2025 - 17:49:43: [CvarSettings] [c2m1_highway] Could not find CVar specified (l4d2_shotgun_ff_max)
L 07/11/2025 - 17:54:31: [CvarSettings] [c2m1_highway] Could not find CVar specified (confogl_boss_unprohibit)
L 07/11/2025 - 17:54:31: [CvarSettings] [c2m1_highway] Could not find CVar specified (gfc_hittable_override)
L 07/11/2025 - 17:54:31: [CvarSettings] [c2m1_highway] Could not find CVar specified (gfc_hittable_rage_override)
L 07/11/2025 - 17:54:31: [CvarSettings] [c2m1_highway] Could not find CVar specified (gfc_rock_override)
L 07/11/2025 - 17:54:31: [CvarSettings] [c2m1_highway] Could not find CVar specified (gfc_rock_rage_override)
L 07/11/2025 - 17:54:31: [CvarSettings] [c2m1_highway] Could not find CVar specified (gfc_spit_extra_time)
L 07/11/2025 - 17:54:31: [CvarSettings] [c2m1_highway] Could not find CVar specified (gfc_common_extra_time)
L 07/11/2025 - 17:54:31: [CvarSettings] [c2m1_highway] Could not find CVar specified (gfc_hunter_duration)
L 07/11/2025 - 17:54:31: [CvarSettings] [c2m1_highway] Could not find CVar specified (gfc_jockey_duration)
L 07/11/2025 - 17:54:31: [CvarSettings] [c2m1_highway] Could not find CVar specified (gfc_smoker_duration)
L 07/11/2025 - 17:54:31: [CvarSettings] [c2m1_highway] Could not find CVar specified (gfc_charger_duration)
L 07/11/2025 - 17:54:31: [CvarSettings] [c2m1_highway] Could not find CVar specified (gfc_charger_stagger_extra_time)
L 07/11/2025 - 17:54:31: [CvarSettings] [c2m1_highway] Could not find CVar specified (gfc_charger_stagger_flags)
L 07/11/2025 - 17:54:31: [CvarSettings] [c2m1_highway] Could not find CVar specified (gfc_common_zc_flags)
L 07/11/2025 - 17:54:31: [CvarSettings] [c2m1_highway] Could not find CVar specified (gfc_spit_zc_flags)
L 07/11/2025 - 17:54:31: [CvarSettings] [c2m1_highway] Could not find CVar specified (gfc_godframe_glows)
L 07/11/2025 - 17:54:31: [CvarSettings] [c2m1_highway] Could not find CVar specified (gfc_ff_min_time)
L 07/11/2025 - 17:54:31: [CvarSettings] [c2m1_highway] Could not find CVar specified (l4d2_undoff_enable)
L 07/11/2025 - 17:54:31: [CvarSettings] [c2m1_highway] Could not find CVar specified (l4d2_undoff_blockzerodmg)
L 07/11/2025 - 17:54:31: [CvarSettings] [c2m1_highway] Could not find CVar specified (l4d2_undoff_permdmgfrac)
L 07/11/2025 - 17:54:31: [CvarSettings] [c2m1_highway] Could not find CVar specified (l4d2_shotgun_ff_multi)
L 07/11/2025 - 17:54:31: [CvarSettings] [c2m1_highway] Could not find CVar specified (l4d2_shotgun_ff_min)
L 07/11/2025 - 17:54:31: [CvarSettings] [c2m1_highway] Could not find CVar specified (l4d2_shotgun_ff_max)
L 07/11/2025 - 17:59:16: [CvarSettings] [c2m1_highway] Could not find CVar specified (confogl_boss_unprohibit)
L 07/11/2025 - 17:59:16: [CvarSettings] [c2m1_highway] Could not find CVar specified (gfc_hittable_override)
L 07/11/2025 - 17:59:16: [CvarSettings] [c2m1_highway] Could not find CVar specified (gfc_hittable_rage_override)
L 07/11/2025 - 17:59:16: [CvarSettings] [c2m1_highway] Could not find CVar specified (gfc_rock_override)
L 07/11/2025 - 17:59:16: [CvarSettings] [c2m1_highway] Could not find CVar specified (gfc_rock_rage_override)
L 07/11/2025 - 17:59:16: [CvarSettings] [c2m1_highway] Could not find CVar specified (gfc_spit_extra_time)
L 07/11/2025 - 17:59:16: [CvarSettings] [c2m1_highway] Could not find CVar specified (gfc_common_extra_time)
L 07/11/2025 - 17:59:16: [CvarSettings] [c2m1_highway] Could not find CVar specified (gfc_hunter_duration)
L 07/11/2025 - 17:59:16: [CvarSettings] [c2m1_highway] Could not find CVar specified (gfc_jockey_duration)
L 07/11/2025 - 17:59:16: [CvarSettings] [c2m1_highway] Could not find CVar specified (gfc_smoker_duration)
L 07/11/2025 - 17:59:16: [CvarSettings] [c2m1_highway] Could not find CVar specified (gfc_charger_duration)
L 07/11/2025 - 17:59:16: [CvarSettings] [c2m1_highway] Could not find CVar specified (gfc_charger_stagger_extra_time)
L 07/11/2025 - 17:59:16: [CvarSettings] [c2m1_highway] Could not find CVar specified (gfc_charger_stagger_flags)
L 07/11/2025 - 17:59:16: [CvarSettings] [c2m1_highway] Could not find CVar specified (gfc_common_zc_flags)
L 07/11/2025 - 17:59:16: [CvarSettings] [c2m1_highway] Could not find CVar specified (gfc_spit_zc_flags)
L 07/11/2025 - 17:59:16: [CvarSettings] [c2m1_highway] Could not find CVar specified (gfc_godframe_glows)
L 07/11/2025 - 17:59:16: [CvarSettings] [c2m1_highway] Could not find CVar specified (gfc_ff_min_time)
L 07/11/2025 - 17:59:16: [CvarSettings] [c2m1_highway] Could not find CVar specified (l4d2_undoff_enable)
L 07/11/2025 - 17:59:16: [CvarSettings] [c2m1_highway] Could not find CVar specified (l4d2_undoff_blockzerodmg)
L 07/11/2025 - 17:59:16: [CvarSettings] [c2m1_highway] Could not find CVar specified (l4d2_undoff_permdmgfrac)
L 07/11/2025 - 17:59:16: [CvarSettings] [c2m1_highway] Could not find CVar specified (l4d2_shotgun_ff_multi)
L 07/11/2025 - 17:59:16: [CvarSettings] [c2m1_highway] Could not find CVar specified (l4d2_shotgun_ff_min)
L 07/11/2025 - 17:59:16: [CvarSettings] [c2m1_highway] Could not find CVar specified (l4d2_shotgun_ff_max)
L 07/11/2025 - 18:02:31: [CvarSettings] [c2m1_highway] Could not find CVar specified (confogl_boss_unprohibit)
L 07/11/2025 - 18:02:31: [CvarSettings] [c2m1_highway] Could not find CVar specified (gfc_hittable_override)
L 07/11/2025 - 18:02:31: [CvarSettings] [c2m1_highway] Could not find CVar specified (gfc_hittable_rage_override)
L 07/11/2025 - 18:02:31: [CvarSettings] [c2m1_highway] Could not find CVar specified (gfc_rock_override)
L 07/11/2025 - 18:02:31: [CvarSettings] [c2m1_highway] Could not find CVar specified (gfc_rock_rage_override)
L 07/11/2025 - 18:02:31: [CvarSettings] [c2m1_highway] Could not find CVar specified (gfc_spit_extra_time)
L 07/11/2025 - 18:02:31: [CvarSettings] [c2m1_highway] Could not find CVar specified (gfc_common_extra_time)
L 07/11/2025 - 18:02:31: [CvarSettings] [c2m1_highway] Could not find CVar specified (gfc_hunter_duration)
L 07/11/2025 - 18:02:31: [CvarSettings] [c2m1_highway] Could not find CVar specified (gfc_jockey_duration)
L 07/11/2025 - 18:02:31: [CvarSettings] [c2m1_highway] Could not find CVar specified (gfc_smoker_duration)
L 07/11/2025 - 18:02:31: [CvarSettings] [c2m1_highway] Could not find CVar specified (gfc_charger_duration)
L 07/11/2025 - 18:02:31: [CvarSettings] [c2m1_highway] Could not find CVar specified (gfc_charger_stagger_extra_time)
L 07/11/2025 - 18:02:31: [CvarSettings] [c2m1_highway] Could not find CVar specified (gfc_charger_stagger_flags)
L 07/11/2025 - 18:02:31: [CvarSettings] [c2m1_highway] Could not find CVar specified (gfc_common_zc_flags)
L 07/11/2025 - 18:02:31: [CvarSettings] [c2m1_highway] Could not find CVar specified (gfc_spit_zc_flags)
L 07/11/2025 - 18:02:31: [CvarSettings] [c2m1_highway] Could not find CVar specified (gfc_godframe_glows)
L 07/11/2025 - 18:02:31: [CvarSettings] [c2m1_highway] Could not find CVar specified (gfc_ff_min_time)
L 07/11/2025 - 18:02:31: [CvarSettings] [c2m1_highway] Could not find CVar specified (l4d2_undoff_enable)
L 07/11/2025 - 18:02:31: [CvarSettings] [c2m1_highway] Could not find CVar specified (l4d2_undoff_blockzerodmg)
L 07/11/2025 - 18:02:31: [CvarSettings] [c2m1_highway] Could not find CVar specified (l4d2_undoff_permdmgfrac)
L 07/11/2025 - 18:02:31: [CvarSettings] [c2m1_highway] Could not find CVar specified (l4d2_shotgun_ff_multi)
L 07/11/2025 - 18:02:31: [CvarSettings] [c2m1_highway] Could not find CVar specified (l4d2_shotgun_ff_min)
L 07/11/2025 - 18:02:31: [CvarSettings] [c2m1_highway] Could not find CVar specified (l4d2_shotgun_ff_max)
L 07/11/2025 - 18:04:01: [CvarSettings] [c2m1_highway] Could not find CVar specified (confogl_boss_unprohibit)
L 07/11/2025 - 18:04:01: [CvarSettings] [c2m1_highway] Could not find CVar specified (gfc_hittable_override)
L 07/11/2025 - 18:04:01: [CvarSettings] [c2m1_highway] Could not find CVar specified (gfc_hittable_rage_override)
L 07/11/2025 - 18:04:01: [CvarSettings] [c2m1_highway] Could not find CVar specified (gfc_rock_override)
L 07/11/2025 - 18:04:01: [CvarSettings] [c2m1_highway] Could not find CVar specified (gfc_rock_rage_override)
L 07/11/2025 - 18:04:01: [CvarSettings] [c2m1_highway] Could not find CVar specified (gfc_spit_extra_time)
L 07/11/2025 - 18:04:01: [CvarSettings] [c2m1_highway] Could not find CVar specified (gfc_common_extra_time)
L 07/11/2025 - 18:04:01: [CvarSettings] [c2m1_highway] Could not find CVar specified (gfc_hunter_duration)
L 07/11/2025 - 18:04:01: [CvarSettings] [c2m1_highway] Could not find CVar specified (gfc_jockey_duration)
L 07/11/2025 - 18:04:01: [CvarSettings] [c2m1_highway] Could not find CVar specified (gfc_smoker_duration)
L 07/11/2025 - 18:04:01: [CvarSettings] [c2m1_highway] Could not find CVar specified (gfc_charger_duration)
L 07/11/2025 - 18:04:01: [CvarSettings] [c2m1_highway] Could not find CVar specified (gfc_charger_stagger_extra_time)
L 07/11/2025 - 18:04:01: [CvarSettings] [c2m1_highway] Could not find CVar specified (gfc_charger_stagger_flags)
L 07/11/2025 - 18:04:01: [CvarSettings] [c2m1_highway] Could not find CVar specified (gfc_common_zc_flags)
L 07/11/2025 - 18:04:01: [CvarSettings] [c2m1_highway] Could not find CVar specified (gfc_spit_zc_flags)
L 07/11/2025 - 18:04:01: [CvarSettings] [c2m1_highway] Could not find CVar specified (gfc_godframe_glows)
L 07/11/2025 - 18:04:01: [CvarSettings] [c2m1_highway] Could not find CVar specified (gfc_ff_min_time)
L 07/11/2025 - 18:04:01: [CvarSettings] [c2m1_highway] Could not find CVar specified (l4d2_undoff_enable)
L 07/11/2025 - 18:04:01: [CvarSettings] [c2m1_highway] Could not find CVar specified (l4d2_undoff_blockzerodmg)
L 07/11/2025 - 18:04:01: [CvarSettings] [c2m1_highway] Could not find CVar specified (l4d2_undoff_permdmgfrac)
L 07/11/2025 - 18:04:01: [CvarSettings] [c2m1_highway] Could not find CVar specified (l4d2_shotgun_ff_multi)
L 07/11/2025 - 18:04:01: [CvarSettings] [c2m1_highway] Could not find CVar specified (l4d2_shotgun_ff_min)
L 07/11/2025 - 18:04:01: [CvarSettings] [c2m1_highway] Could not find CVar specified (l4d2_shotgun_ff_max)
L 07/11/2025 - 18:05:33: [CvarSettings] [c2m1_highway] Could not find CVar specified (confogl_boss_unprohibit)
L 07/11/2025 - 18:05:33: [CvarSettings] [c2m1_highway] Could not find CVar specified (gfc_hittable_override)
L 07/11/2025 - 18:05:33: [CvarSettings] [c2m1_highway] Could not find CVar specified (gfc_hittable_rage_override)
L 07/11/2025 - 18:05:33: [CvarSettings] [c2m1_highway] Could not find CVar specified (gfc_rock_override)
L 07/11/2025 - 18:05:33: [CvarSettings] [c2m1_highway] Could not find CVar specified (gfc_rock_rage_override)
L 07/11/2025 - 18:05:33: [CvarSettings] [c2m1_highway] Could not find CVar specified (gfc_spit_extra_time)
L 07/11/2025 - 18:05:33: [CvarSettings] [c2m1_highway] Could not find CVar specified (gfc_common_extra_time)
L 07/11/2025 - 18:05:33: [CvarSettings] [c2m1_highway] Could not find CVar specified (gfc_hunter_duration)
L 07/11/2025 - 18:05:33: [CvarSettings] [c2m1_highway] Could not find CVar specified (gfc_jockey_duration)
L 07/11/2025 - 18:05:33: [CvarSettings] [c2m1_highway] Could not find CVar specified (gfc_smoker_duration)
L 07/11/2025 - 18:05:33: [CvarSettings] [c2m1_highway] Could not find CVar specified (gfc_charger_duration)
L 07/11/2025 - 18:05:33: [CvarSettings] [c2m1_highway] Could not find CVar specified (gfc_charger_stagger_extra_time)
L 07/11/2025 - 18:05:33: [CvarSettings] [c2m1_highway] Could not find CVar specified (gfc_charger_stagger_flags)
L 07/11/2025 - 18:05:33: [CvarSettings] [c2m1_highway] Could not find CVar specified (gfc_common_zc_flags)
L 07/11/2025 - 18:05:33: [CvarSettings] [c2m1_highway] Could not find CVar specified (gfc_spit_zc_flags)
L 07/11/2025 - 18:05:33: [CvarSettings] [c2m1_highway] Could not find CVar specified (gfc_godframe_glows)
L 07/11/2025 - 18:05:33: [CvarSettings] [c2m1_highway] Could not find CVar specified (gfc_ff_min_time)
L 07/11/2025 - 18:05:33: [CvarSettings] [c2m1_highway] Could not find CVar specified (l4d2_undoff_enable)
L 07/11/2025 - 18:05:33: [CvarSettings] [c2m1_highway] Could not find CVar specified (l4d2_undoff_blockzerodmg)
L 07/11/2025 - 18:05:33: [CvarSettings] [c2m1_highway] Could not find CVar specified (l4d2_undoff_permdmgfrac)
L 07/11/2025 - 18:05:33: [CvarSettings] [c2m1_highway] Could not find CVar specified (l4d2_shotgun_ff_multi)
L 07/11/2025 - 18:05:33: [CvarSettings] [c2m1_highway] Could not find CVar specified (l4d2_shotgun_ff_min)
L 07/11/2025 - 18:05:33: [CvarSettings] [c2m1_highway] Could not find CVar specified (l4d2_shotgun_ff_max)
L 07/11/2025 - 18:08:45: [CvarSettings] [c2m1_highway] Could not find CVar specified (confogl_boss_unprohibit)
L 07/11/2025 - 18:08:45: [CvarSettings] [c2m1_highway] Could not find CVar specified (gfc_hittable_override)
L 07/11/2025 - 18:08:45: [CvarSettings] [c2m1_highway] Could not find CVar specified (gfc_hittable_rage_override)
L 07/11/2025 - 18:08:45: [CvarSettings] [c2m1_highway] Could not find CVar specified (gfc_rock_override)
L 07/11/2025 - 18:08:45: [CvarSettings] [c2m1_highway] Could not find CVar specified (gfc_rock_rage_override)
L 07/11/2025 - 18:08:45: [CvarSettings] [c2m1_highway] Could not find CVar specified (gfc_spit_extra_time)
L 07/11/2025 - 18:08:45: [CvarSettings] [c2m1_highway] Could not find CVar specified (gfc_common_extra_time)
L 07/11/2025 - 18:08:45: [CvarSettings] [c2m1_highway] Could not find CVar specified (gfc_hunter_duration)
L 07/11/2025 - 18:08:45: [CvarSettings] [c2m1_highway] Could not find CVar specified (gfc_jockey_duration)
L 07/11/2025 - 18:08:45: [CvarSettings] [c2m1_highway] Could not find CVar specified (gfc_smoker_duration)
L 07/11/2025 - 18:08:45: [CvarSettings] [c2m1_highway] Could not find CVar specified (gfc_charger_duration)
L 07/11/2025 - 18:08:45: [CvarSettings] [c2m1_highway] Could not find CVar specified (gfc_charger_stagger_extra_time)
L 07/11/2025 - 18:08:45: [CvarSettings] [c2m1_highway] Could not find CVar specified (gfc_charger_stagger_flags)
L 07/11/2025 - 18:08:45: [CvarSettings] [c2m1_highway] Could not find CVar specified (gfc_common_zc_flags)
L 07/11/2025 - 18:08:45: [CvarSettings] [c2m1_highway] Could not find CVar specified (gfc_spit_zc_flags)
L 07/11/2025 - 18:08:45: [CvarSettings] [c2m1_highway] Could not find CVar specified (gfc_godframe_glows)
L 07/11/2025 - 18:08:45: [CvarSettings] [c2m1_highway] Could not find CVar specified (gfc_ff_min_time)
L 07/11/2025 - 18:08:45: [CvarSettings] [c2m1_highway] Could not find CVar specified (l4d2_undoff_enable)
L 07/11/2025 - 18:08:45: [CvarSettings] [c2m1_highway] Could not find CVar specified (l4d2_undoff_blockzerodmg)
L 07/11/2025 - 18:08:45: [CvarSettings] [c2m1_highway] Could not find CVar specified (l4d2_undoff_permdmgfrac)
L 07/11/2025 - 18:08:45: [CvarSettings] [c2m1_highway] Could not find CVar specified (l4d2_shotgun_ff_multi)
L 07/11/2025 - 18:08:45: [CvarSettings] [c2m1_highway] Could not find CVar specified (l4d2_shotgun_ff_min)
L 07/11/2025 - 18:08:45: [CvarSettings] [c2m1_highway] Could not find CVar specified (l4d2_shotgun_ff_max)
L 07/11/2025 - 18:09:44: [CvarSettings] [c2m1_highway] Could not find CVar specified (confogl_boss_unprohibit)
L 07/11/2025 - 18:09:44: [CvarSettings] [c2m1_highway] Could not find CVar specified (gfc_hittable_override)
L 07/11/2025 - 18:09:44: [CvarSettings] [c2m1_highway] Could not find CVar specified (gfc_hittable_rage_override)
L 07/11/2025 - 18:09:44: [CvarSettings] [c2m1_highway] Could not find CVar specified (gfc_rock_override)
L 07/11/2025 - 18:09:44: [CvarSettings] [c2m1_highway] Could not find CVar specified (gfc_rock_rage_override)
L 07/11/2025 - 18:09:44: [CvarSettings] [c2m1_highway] Could not find CVar specified (gfc_spit_extra_time)
L 07/11/2025 - 18:09:44: [CvarSettings] [c2m1_highway] Could not find CVar specified (gfc_common_extra_time)
L 07/11/2025 - 18:09:44: [CvarSettings] [c2m1_highway] Could not find CVar specified (gfc_hunter_duration)
L 07/11/2025 - 18:09:44: [CvarSettings] [c2m1_highway] Could not find CVar specified (gfc_jockey_duration)
L 07/11/2025 - 18:09:44: [CvarSettings] [c2m1_highway] Could not find CVar specified (gfc_smoker_duration)
L 07/11/2025 - 18:09:44: [CvarSettings] [c2m1_highway] Could not find CVar specified (gfc_charger_duration)
L 07/11/2025 - 18:09:44: [CvarSettings] [c2m1_highway] Could not find CVar specified (gfc_charger_stagger_extra_time)
L 07/11/2025 - 18:09:44: [CvarSettings] [c2m1_highway] Could not find CVar specified (gfc_charger_stagger_flags)
L 07/11/2025 - 18:09:44: [CvarSettings] [c2m1_highway] Could not find CVar specified (gfc_common_zc_flags)
L 07/11/2025 - 18:09:44: [CvarSettings] [c2m1_highway] Could not find CVar specified (gfc_spit_zc_flags)
L 07/11/2025 - 18:09:44: [CvarSettings] [c2m1_highway] Could not find CVar specified (gfc_godframe_glows)
L 07/11/2025 - 18:09:44: [CvarSettings] [c2m1_highway] Could not find CVar specified (gfc_ff_min_time)
L 07/11/2025 - 18:09:44: [CvarSettings] [c2m1_highway] Could not find CVar specified (l4d2_undoff_enable)
L 07/11/2025 - 18:09:44: [CvarSettings] [c2m1_highway] Could not find CVar specified (l4d2_undoff_blockzerodmg)
L 07/11/2025 - 18:09:44: [CvarSettings] [c2m1_highway] Could not find CVar specified (l4d2_undoff_permdmgfrac)
L 07/11/2025 - 18:09:44: [CvarSettings] [c2m1_highway] Could not find CVar specified (l4d2_shotgun_ff_multi)
L 07/11/2025 - 18:09:44: [CvarSettings] [c2m1_highway] Could not find CVar specified (l4d2_shotgun_ff_min)
L 07/11/2025 - 18:09:44: [CvarSettings] [c2m1_highway] Could not find CVar specified (l4d2_shotgun_ff_max)
L 07/11/2025 - 18:21:08: [CvarSettings] [c2m1_highway] Could not find CVar specified (confogl_boss_unprohibit)
L 07/11/2025 - 18:21:08: [CvarSettings] [c2m1_highway] Could not find CVar specified (gfc_hittable_override)
L 07/11/2025 - 18:21:08: [CvarSettings] [c2m1_highway] Could not find CVar specified (gfc_hittable_rage_override)
L 07/11/2025 - 18:21:08: [CvarSettings] [c2m1_highway] Could not find CVar specified (gfc_rock_override)
L 07/11/2025 - 18:21:08: [CvarSettings] [c2m1_highway] Could not find CVar specified (gfc_rock_rage_override)
L 07/11/2025 - 18:21:08: [CvarSettings] [c2m1_highway] Could not find CVar specified (gfc_spit_extra_time)
L 07/11/2025 - 18:21:08: [CvarSettings] [c2m1_highway] Could not find CVar specified (gfc_common_extra_time)
L 07/11/2025 - 18:21:08: [CvarSettings] [c2m1_highway] Could not find CVar specified (gfc_hunter_duration)
L 07/11/2025 - 18:21:08: [CvarSettings] [c2m1_highway] Could not find CVar specified (gfc_jockey_duration)
L 07/11/2025 - 18:21:08: [CvarSettings] [c2m1_highway] Could not find CVar specified (gfc_smoker_duration)
L 07/11/2025 - 18:21:08: [CvarSettings] [c2m1_highway] Could not find CVar specified (gfc_charger_duration)
L 07/11/2025 - 18:21:08: [CvarSettings] [c2m1_highway] Could not find CVar specified (gfc_charger_stagger_extra_time)
L 07/11/2025 - 18:21:08: [CvarSettings] [c2m1_highway] Could not find CVar specified (gfc_charger_stagger_flags)
L 07/11/2025 - 18:21:08: [CvarSettings] [c2m1_highway] Could not find CVar specified (gfc_common_zc_flags)
L 07/11/2025 - 18:21:08: [CvarSettings] [c2m1_highway] Could not find CVar specified (gfc_spit_zc_flags)
L 07/11/2025 - 18:21:08: [CvarSettings] [c2m1_highway] Could not find CVar specified (gfc_godframe_glows)
L 07/11/2025 - 18:21:08: [CvarSettings] [c2m1_highway] Could not find CVar specified (gfc_ff_min_time)
L 07/11/2025 - 18:21:08: [CvarSettings] [c2m1_highway] Could not find CVar specified (l4d2_undoff_enable)
L 07/11/2025 - 18:21:08: [CvarSettings] [c2m1_highway] Could not find CVar specified (l4d2_undoff_blockzerodmg)
L 07/11/2025 - 18:21:08: [CvarSettings] [c2m1_highway] Could not find CVar specified (l4d2_undoff_permdmgfrac)
L 07/11/2025 - 18:21:08: [CvarSettings] [c2m1_highway] Could not find CVar specified (l4d2_shotgun_ff_multi)
L 07/11/2025 - 18:21:08: [CvarSettings] [c2m1_highway] Could not find CVar specified (l4d2_shotgun_ff_min)
L 07/11/2025 - 18:21:08: [CvarSettings] [c2m1_highway] Could not find CVar specified (l4d2_shotgun_ff_max)
L 07/11/2025 - 18:22:04: [CvarSettings] [c2m1_highway] Could not find CVar specified (confogl_boss_unprohibit)
L 07/11/2025 - 18:22:04: [CvarSettings] [c2m1_highway] Could not find CVar specified (gfc_hittable_override)
L 07/11/2025 - 18:22:04: [CvarSettings] [c2m1_highway] Could not find CVar specified (gfc_hittable_rage_override)
L 07/11/2025 - 18:22:04: [CvarSettings] [c2m1_highway] Could not find CVar specified (gfc_rock_override)
L 07/11/2025 - 18:22:04: [CvarSettings] [c2m1_highway] Could not find CVar specified (gfc_rock_rage_override)
L 07/11/2025 - 18:22:04: [CvarSettings] [c2m1_highway] Could not find CVar specified (gfc_spit_extra_time)
L 07/11/2025 - 18:22:04: [CvarSettings] [c2m1_highway] Could not find CVar specified (gfc_common_extra_time)
L 07/11/2025 - 18:22:04: [CvarSettings] [c2m1_highway] Could not find CVar specified (gfc_hunter_duration)
L 07/11/2025 - 18:22:04: [CvarSettings] [c2m1_highway] Could not find CVar specified (gfc_jockey_duration)
L 07/11/2025 - 18:22:04: [CvarSettings] [c2m1_highway] Could not find CVar specified (gfc_smoker_duration)
L 07/11/2025 - 18:22:04: [CvarSettings] [c2m1_highway] Could not find CVar specified (gfc_charger_duration)
L 07/11/2025 - 18:22:04: [CvarSettings] [c2m1_highway] Could not find CVar specified (gfc_charger_stagger_extra_time)
L 07/11/2025 - 18:22:04: [CvarSettings] [c2m1_highway] Could not find CVar specified (gfc_charger_stagger_flags)
L 07/11/2025 - 18:22:04: [CvarSettings] [c2m1_highway] Could not find CVar specified (gfc_common_zc_flags)
L 07/11/2025 - 18:22:04: [CvarSettings] [c2m1_highway] Could not find CVar specified (gfc_spit_zc_flags)
L 07/11/2025 - 18:22:04: [CvarSettings] [c2m1_highway] Could not find CVar specified (gfc_godframe_glows)
L 07/11/2025 - 18:22:04: [CvarSettings] [c2m1_highway] Could not find CVar specified (gfc_ff_min_time)
L 07/11/2025 - 18:22:04: [CvarSettings] [c2m1_highway] Could not find CVar specified (l4d2_undoff_enable)
L 07/11/2025 - 18:22:04: [CvarSettings] [c2m1_highway] Could not find CVar specified (l4d2_undoff_blockzerodmg)
L 07/11/2025 - 18:22:04: [CvarSettings] [c2m1_highway] Could not find CVar specified (l4d2_undoff_permdmgfrac)
L 07/11/2025 - 18:22:04: [CvarSettings] [c2m1_highway] Could not find CVar specified (l4d2_shotgun_ff_multi)
L 07/11/2025 - 18:22:04: [CvarSettings] [c2m1_highway] Could not find CVar specified (l4d2_shotgun_ff_min)
L 07/11/2025 - 18:22:04: [CvarSettings] [c2m1_highway] Could not find CVar specified (l4d2_shotgun_ff_max)
L 07/11/2025 - 18:32:13: [CvarSettings] [c2m1_highway] Could not find CVar specified (confogl_boss_unprohibit)
L 07/11/2025 - 18:32:13: [CvarSettings] [c2m1_highway] Could not find CVar specified (ssb_block_car_alarms)
L 07/11/2025 - 18:32:13: [CvarSettings] [c2m1_highway] Could not find CVar specified (ssb_block_horde)
L 07/11/2025 - 19:00:02: [CvarSettings] [c2m1_highway] Could not find CVar specified (confogl_boss_unprohibit)
L 07/11/2025 - 19:00:02: [CvarSettings] [c2m1_highway] Could not find CVar specified (gfc_hittable_override)
L 07/11/2025 - 19:00:02: [CvarSettings] [c2m1_highway] Could not find CVar specified (gfc_hittable_rage_override)
L 07/11/2025 - 19:00:02: [CvarSettings] [c2m1_highway] Could not find CVar specified (gfc_rock_override)
L 07/11/2025 - 19:00:02: [CvarSettings] [c2m1_highway] Could not find CVar specified (gfc_rock_rage_override)
L 07/11/2025 - 19:00:02: [CvarSettings] [c2m1_highway] Could not find CVar specified (gfc_spit_extra_time)
L 07/11/2025 - 19:00:02: [CvarSettings] [c2m1_highway] Could not find CVar specified (gfc_common_extra_time)
L 07/11/2025 - 19:00:02: [CvarSettings] [c2m1_highway] Could not find CVar specified (gfc_hunter_duration)
L 07/11/2025 - 19:00:02: [CvarSettings] [c2m1_highway] Could not find CVar specified (gfc_jockey_duration)
L 07/11/2025 - 19:00:02: [CvarSettings] [c2m1_highway] Could not find CVar specified (gfc_smoker_duration)
L 07/11/2025 - 19:00:02: [CvarSettings] [c2m1_highway] Could not find CVar specified (gfc_charger_duration)
L 07/11/2025 - 19:00:02: [CvarSettings] [c2m1_highway] Could not find CVar specified (gfc_charger_stagger_extra_time)
L 07/11/2025 - 19:00:02: [CvarSettings] [c2m1_highway] Could not find CVar specified (gfc_charger_stagger_flags)
L 07/11/2025 - 19:00:02: [CvarSettings] [c2m1_highway] Could not find CVar specified (gfc_common_zc_flags)
L 07/11/2025 - 19:00:02: [CvarSettings] [c2m1_highway] Could not find CVar specified (gfc_spit_zc_flags)
L 07/11/2025 - 19:00:02: [CvarSettings] [c2m1_highway] Could not find CVar specified (gfc_godframe_glows)
L 07/11/2025 - 19:00:02: [CvarSettings] [c2m1_highway] Could not find CVar specified (gfc_ff_min_time)
L 07/11/2025 - 19:00:02: [CvarSettings] [c2m1_highway] Could not find CVar specified (l4d2_undoff_enable)
L 07/11/2025 - 19:00:02: [CvarSettings] [c2m1_highway] Could not find CVar specified (l4d2_undoff_blockzerodmg)
L 07/11/2025 - 19:00:02: [CvarSettings] [c2m1_highway] Could not find CVar specified (l4d2_undoff_permdmgfrac)
L 07/11/2025 - 19:00:02: [CvarSettings] [c2m1_highway] Could not find CVar specified (l4d2_shotgun_ff_multi)
L 07/11/2025 - 19:00:02: [CvarSettings] [c2m1_highway] Could not find CVar specified (l4d2_shotgun_ff_min)
L 07/11/2025 - 19:00:02: [CvarSettings] [c2m1_highway] Could not find CVar specified (l4d2_shotgun_ff_max)
L 07/11/2025 - 19:09:03: [CvarSettings] [c2m1_highway] Could not find CVar specified (confogl_boss_unprohibit)
L 07/11/2025 - 19:09:03: [CvarSettings] [c2m1_highway] Could not find CVar specified (gfc_hittable_override)
L 07/11/2025 - 19:09:03: [CvarSettings] [c2m1_highway] Could not find CVar specified (gfc_hittable_rage_override)
L 07/11/2025 - 19:09:03: [CvarSettings] [c2m1_highway] Could not find CVar specified (gfc_rock_override)
L 07/11/2025 - 19:09:03: [CvarSettings] [c2m1_highway] Could not find CVar specified (gfc_rock_rage_override)
L 07/11/2025 - 19:09:03: [CvarSettings] [c2m1_highway] Could not find CVar specified (gfc_spit_extra_time)
L 07/11/2025 - 19:09:03: [CvarSettings] [c2m1_highway] Could not find CVar specified (gfc_common_extra_time)
L 07/11/2025 - 19:09:03: [CvarSettings] [c2m1_highway] Could not find CVar specified (gfc_hunter_duration)
L 07/11/2025 - 19:09:03: [CvarSettings] [c2m1_highway] Could not find CVar specified (gfc_jockey_duration)
L 07/11/2025 - 19:09:03: [CvarSettings] [c2m1_highway] Could not find CVar specified (gfc_smoker_duration)
L 07/11/2025 - 19:09:03: [CvarSettings] [c2m1_highway] Could not find CVar specified (gfc_charger_duration)
L 07/11/2025 - 19:09:03: [CvarSettings] [c2m1_highway] Could not find CVar specified (gfc_charger_stagger_extra_time)
L 07/11/2025 - 19:09:03: [CvarSettings] [c2m1_highway] Could not find CVar specified (gfc_charger_stagger_flags)
L 07/11/2025 - 19:09:03: [CvarSettings] [c2m1_highway] Could not find CVar specified (gfc_common_zc_flags)
L 07/11/2025 - 19:09:03: [CvarSettings] [c2m1_highway] Could not find CVar specified (gfc_spit_zc_flags)
L 07/11/2025 - 19:09:03: [CvarSettings] [c2m1_highway] Could not find CVar specified (gfc_godframe_glows)
L 07/11/2025 - 19:09:03: [CvarSettings] [c2m1_highway] Could not find CVar specified (gfc_ff_min_time)
L 07/11/2025 - 19:09:03: [CvarSettings] [c2m1_highway] Could not find CVar specified (l4d2_undoff_enable)
L 07/11/2025 - 19:09:03: [CvarSettings] [c2m1_highway] Could not find CVar specified (l4d2_undoff_blockzerodmg)
L 07/11/2025 - 19:09:03: [CvarSettings] [c2m1_highway] Could not find CVar specified (l4d2_undoff_permdmgfrac)
L 07/11/2025 - 19:09:03: [CvarSettings] [c2m1_highway] Could not find CVar specified (l4d2_shotgun_ff_multi)
L 07/11/2025 - 19:09:03: [CvarSettings] [c2m1_highway] Could not find CVar specified (l4d2_shotgun_ff_min)
L 07/11/2025 - 19:09:03: [CvarSettings] [c2m1_highway] Could not find CVar specified (l4d2_shotgun_ff_max)
L 07/11/2025 - 19:25:32: [CvarSettings] [c2m1_highway] Could not find CVar specified (confogl_boss_unprohibit)
L 07/11/2025 - 19:25:32: [CvarSettings] [c2m1_highway] Could not find CVar specified (ssb_block_car_alarms)
L 07/11/2025 - 19:25:32: [CvarSettings] [c2m1_highway] Could not find CVar specified (ssb_block_horde)
L 07/11/2025 - 19:38:06: [CvarSettings] [c2m1_highway] Could not find CVar specified (confogl_boss_unprohibit)
L 07/11/2025 - 19:38:06: [CvarSettings] [c2m1_highway] Could not find CVar specified (gfc_hittable_override)
L 07/11/2025 - 19:38:06: [CvarSettings] [c2m1_highway] Could not find CVar specified (gfc_hittable_rage_override)
L 07/11/2025 - 19:38:06: [CvarSettings] [c2m1_highway] Could not find CVar specified (gfc_rock_override)
L 07/11/2025 - 19:38:06: [CvarSettings] [c2m1_highway] Could not find CVar specified (gfc_rock_rage_override)
L 07/11/2025 - 19:38:06: [CvarSettings] [c2m1_highway] Could not find CVar specified (gfc_spit_extra_time)
L 07/11/2025 - 19:38:06: [CvarSettings] [c2m1_highway] Could not find CVar specified (gfc_common_extra_time)
L 07/11/2025 - 19:38:06: [CvarSettings] [c2m1_highway] Could not find CVar specified (gfc_hunter_duration)
L 07/11/2025 - 19:38:06: [CvarSettings] [c2m1_highway] Could not find CVar specified (gfc_jockey_duration)
L 07/11/2025 - 19:38:06: [CvarSettings] [c2m1_highway] Could not find CVar specified (gfc_smoker_duration)
L 07/11/2025 - 19:38:06: [CvarSettings] [c2m1_highway] Could not find CVar specified (gfc_charger_duration)
L 07/11/2025 - 19:38:06: [CvarSettings] [c2m1_highway] Could not find CVar specified (gfc_charger_stagger_extra_time)
L 07/11/2025 - 19:38:06: [CvarSettings] [c2m1_highway] Could not find CVar specified (gfc_charger_stagger_flags)
L 07/11/2025 - 19:38:06: [CvarSettings] [c2m1_highway] Could not find CVar specified (gfc_common_zc_flags)
L 07/11/2025 - 19:38:06: [CvarSettings] [c2m1_highway] Could not find CVar specified (gfc_spit_zc_flags)
L 07/11/2025 - 19:38:06: [CvarSettings] [c2m1_highway] Could not find CVar specified (gfc_godframe_glows)
L 07/11/2025 - 19:38:06: [CvarSettings] [c2m1_highway] Could not find CVar specified (gfc_ff_min_time)
L 07/11/2025 - 19:38:06: [CvarSettings] [c2m1_highway] Could not find CVar specified (l4d2_undoff_enable)
L 07/11/2025 - 19:38:06: [CvarSettings] [c2m1_highway] Could not find CVar specified (l4d2_undoff_blockzerodmg)
L 07/11/2025 - 19:38:06: [CvarSettings] [c2m1_highway] Could not find CVar specified (l4d2_undoff_permdmgfrac)
L 07/11/2025 - 19:38:06: [CvarSettings] [c2m1_highway] Could not find CVar specified (l4d2_shotgun_ff_multi)
L 07/11/2025 - 19:38:06: [CvarSettings] [c2m1_highway] Could not find CVar specified (l4d2_shotgun_ff_min)
L 07/11/2025 - 19:38:06: [CvarSettings] [c2m1_highway] Could not find CVar specified (l4d2_shotgun_ff_max)
L 07/11/2025 - 19:40:12: [CvarSettings] [c2m1_highway] Could not find CVar specified (confogl_boss_unprohibit)
L 07/11/2025 - 19:40:12: [CvarSettings] [c2m1_highway] Could not find CVar specified (ssb_block_car_alarms)
L 07/11/2025 - 19:40:12: [CvarSettings] [c2m1_highway] Could not find CVar specified (ssb_block_horde)
L 07/11/2025 - 19:51:02: [CvarSettings] [c2m1_highway] Could not find CVar specified (confogl_boss_unprohibit)
L 07/11/2025 - 19:51:02: [CvarSettings] [c2m1_highway] Could not find CVar specified (gfc_hittable_override)
L 07/11/2025 - 19:51:02: [CvarSettings] [c2m1_highway] Could not find CVar specified (gfc_hittable_rage_override)
L 07/11/2025 - 19:51:02: [CvarSettings] [c2m1_highway] Could not find CVar specified (gfc_rock_override)
L 07/11/2025 - 19:51:02: [CvarSettings] [c2m1_highway] Could not find CVar specified (gfc_rock_rage_override)
L 07/11/2025 - 19:51:02: [CvarSettings] [c2m1_highway] Could not find CVar specified (gfc_spit_extra_time)
L 07/11/2025 - 19:51:02: [CvarSettings] [c2m1_highway] Could not find CVar specified (gfc_common_extra_time)
L 07/11/2025 - 19:51:02: [CvarSettings] [c2m1_highway] Could not find CVar specified (gfc_hunter_duration)
L 07/11/2025 - 19:51:02: [CvarSettings] [c2m1_highway] Could not find CVar specified (gfc_jockey_duration)
L 07/11/2025 - 19:51:02: [CvarSettings] [c2m1_highway] Could not find CVar specified (gfc_smoker_duration)
L 07/11/2025 - 19:51:02: [CvarSettings] [c2m1_highway] Could not find CVar specified (gfc_charger_duration)
L 07/11/2025 - 19:51:02: [CvarSettings] [c2m1_highway] Could not find CVar specified (gfc_charger_stagger_extra_time)
L 07/11/2025 - 19:51:02: [CvarSettings] [c2m1_highway] Could not find CVar specified (gfc_charger_stagger_flags)
L 07/11/2025 - 19:51:02: [CvarSettings] [c2m1_highway] Could not find CVar specified (gfc_common_zc_flags)
L 07/11/2025 - 19:51:02: [CvarSettings] [c2m1_highway] Could not find CVar specified (gfc_spit_zc_flags)
L 07/11/2025 - 19:51:02: [CvarSettings] [c2m1_highway] Could not find CVar specified (gfc_godframe_glows)
L 07/11/2025 - 19:51:02: [CvarSettings] [c2m1_highway] Could not find CVar specified (gfc_ff_min_time)
L 07/11/2025 - 19:51:02: [CvarSettings] [c2m1_highway] Could not find CVar specified (l4d2_undoff_enable)
L 07/11/2025 - 19:51:02: [CvarSettings] [c2m1_highway] Could not find CVar specified (l4d2_undoff_blockzerodmg)
L 07/11/2025 - 19:51:02: [CvarSettings] [c2m1_highway] Could not find CVar specified (l4d2_undoff_permdmgfrac)
L 07/11/2025 - 19:51:02: [CvarSettings] [c2m1_highway] Could not find CVar specified (l4d2_shotgun_ff_multi)
L 07/11/2025 - 19:51:02: [CvarSettings] [c2m1_highway] Could not find CVar specified (l4d2_shotgun_ff_min)
L 07/11/2025 - 19:51:02: [CvarSettings] [c2m1_highway] Could not find CVar specified (l4d2_shotgun_ff_max)
L 07/11/2025 - 20:00:10: [CvarSettings] [c2m1_highway] Could not find CVar specified (confogl_boss_unprohibit)
L 07/11/2025 - 20:00:10: [CvarSettings] [c2m1_highway] Could not find CVar specified (gfc_hittable_override)
L 07/11/2025 - 20:00:10: [CvarSettings] [c2m1_highway] Could not find CVar specified (gfc_hittable_rage_override)
L 07/11/2025 - 20:00:10: [CvarSettings] [c2m1_highway] Could not find CVar specified (gfc_rock_override)
L 07/11/2025 - 20:00:10: [CvarSettings] [c2m1_highway] Could not find CVar specified (gfc_rock_rage_override)
L 07/11/2025 - 20:00:10: [CvarSettings] [c2m1_highway] Could not find CVar specified (gfc_spit_extra_time)
L 07/11/2025 - 20:00:10: [CvarSettings] [c2m1_highway] Could not find CVar specified (gfc_common_extra_time)
L 07/11/2025 - 20:00:10: [CvarSettings] [c2m1_highway] Could not find CVar specified (gfc_hunter_duration)
L 07/11/2025 - 20:00:10: [CvarSettings] [c2m1_highway] Could not find CVar specified (gfc_jockey_duration)
L 07/11/2025 - 20:00:10: [CvarSettings] [c2m1_highway] Could not find CVar specified (gfc_smoker_duration)
L 07/11/2025 - 20:00:10: [CvarSettings] [c2m1_highway] Could not find CVar specified (gfc_charger_duration)
L 07/11/2025 - 20:00:10: [CvarSettings] [c2m1_highway] Could not find CVar specified (gfc_charger_stagger_extra_time)
L 07/11/2025 - 20:00:10: [CvarSettings] [c2m1_highway] Could not find CVar specified (gfc_charger_stagger_flags)
L 07/11/2025 - 20:00:10: [CvarSettings] [c2m1_highway] Could not find CVar specified (gfc_common_zc_flags)
L 07/11/2025 - 20:00:10: [CvarSettings] [c2m1_highway] Could not find CVar specified (gfc_spit_zc_flags)
L 07/11/2025 - 20:00:10: [CvarSettings] [c2m1_highway] Could not find CVar specified (gfc_godframe_glows)
L 07/11/2025 - 20:00:10: [CvarSettings] [c2m1_highway] Could not find CVar specified (gfc_ff_min_time)
L 07/11/2025 - 20:00:10: [CvarSettings] [c2m1_highway] Could not find CVar specified (l4d2_undoff_enable)
L 07/11/2025 - 20:00:10: [CvarSettings] [c2m1_highway] Could not find CVar specified (l4d2_undoff_blockzerodmg)
L 07/11/2025 - 20:00:10: [CvarSettings] [c2m1_highway] Could not find CVar specified (l4d2_undoff_permdmgfrac)
L 07/11/2025 - 20:00:10: [CvarSettings] [c2m1_highway] Could not find CVar specified (l4d2_shotgun_ff_multi)
L 07/11/2025 - 20:00:10: [CvarSettings] [c2m1_highway] Could not find CVar specified (l4d2_shotgun_ff_min)
L 07/11/2025 - 20:00:10: [CvarSettings] [c2m1_highway] Could not find CVar specified (l4d2_shotgun_ff_max)
L 07/11/2025 - 20:03:52: [CvarSettings] [c2m1_highway] Could not find CVar specified (confogl_boss_unprohibit)
L 07/11/2025 - 20:03:52: [CvarSettings] [c2m1_highway] Could not find CVar specified (ssb_block_car_alarms)
L 07/11/2025 - 20:03:52: [CvarSettings] [c2m1_highway] Could not find CVar specified (ssb_block_horde)
L 07/11/2025 - 20:06:31: [CvarSettings] [c2m1_highway] Could not find CVar specified (confogl_boss_unprohibit)
L 07/11/2025 - 20:06:31: [CvarSettings] [c2m1_highway] Could not find CVar specified (gfc_hittable_override)
L 07/11/2025 - 20:06:31: [CvarSettings] [c2m1_highway] Could not find CVar specified (gfc_hittable_rage_override)
L 07/11/2025 - 20:06:31: [CvarSettings] [c2m1_highway] Could not find CVar specified (gfc_rock_override)
L 07/11/2025 - 20:06:31: [CvarSettings] [c2m1_highway] Could not find CVar specified (gfc_rock_rage_override)
L 07/11/2025 - 20:06:31: [CvarSettings] [c2m1_highway] Could not find CVar specified (gfc_spit_extra_time)
L 07/11/2025 - 20:06:31: [CvarSettings] [c2m1_highway] Could not find CVar specified (gfc_common_extra_time)
L 07/11/2025 - 20:06:31: [CvarSettings] [c2m1_highway] Could not find CVar specified (gfc_hunter_duration)
L 07/11/2025 - 20:06:31: [CvarSettings] [c2m1_highway] Could not find CVar specified (gfc_jockey_duration)
L 07/11/2025 - 20:06:31: [CvarSettings] [c2m1_highway] Could not find CVar specified (gfc_smoker_duration)
L 07/11/2025 - 20:06:31: [CvarSettings] [c2m1_highway] Could not find CVar specified (gfc_charger_duration)
L 07/11/2025 - 20:06:31: [CvarSettings] [c2m1_highway] Could not find CVar specified (gfc_charger_stagger_extra_time)
L 07/11/2025 - 20:06:31: [CvarSettings] [c2m1_highway] Could not find CVar specified (gfc_charger_stagger_flags)
L 07/11/2025 - 20:06:31: [CvarSettings] [c2m1_highway] Could not find CVar specified (gfc_common_zc_flags)
L 07/11/2025 - 20:06:31: [CvarSettings] [c2m1_highway] Could not find CVar specified (gfc_spit_zc_flags)
L 07/11/2025 - 20:06:31: [CvarSettings] [c2m1_highway] Could not find CVar specified (gfc_godframe_glows)
L 07/11/2025 - 20:06:31: [CvarSettings] [c2m1_highway] Could not find CVar specified (gfc_ff_min_time)
L 07/11/2025 - 20:06:31: [CvarSettings] [c2m1_highway] Could not find CVar specified (l4d2_undoff_enable)
L 07/11/2025 - 20:06:31: [CvarSettings] [c2m1_highway] Could not find CVar specified (l4d2_undoff_blockzerodmg)
L 07/11/2025 - 20:06:31: [CvarSettings] [c2m1_highway] Could not find CVar specified (l4d2_undoff_permdmgfrac)
L 07/11/2025 - 20:06:31: [CvarSettings] [c2m1_highway] Could not find CVar specified (l4d2_shotgun_ff_multi)
L 07/11/2025 - 20:06:31: [CvarSettings] [c2m1_highway] Could not find CVar specified (l4d2_shotgun_ff_min)
L 07/11/2025 - 20:06:31: [CvarSettings] [c2m1_highway] Could not find CVar specified (l4d2_shotgun_ff_max)
L 07/11/2025 - 20:10:12: [CvarSettings] [c2m2_fairgrounds] Could not find CVar specified (confogl_boss_unprohibit)
L 07/11/2025 - 20:10:12: [CvarSettings] [c2m2_fairgrounds] Could not find CVar specified (ssb_block_car_alarms)
L 07/11/2025 - 20:10:12: [CvarSettings] [c2m2_fairgrounds] Could not find CVar specified (ssb_block_horde)
L 07/11/2025 - 20:11:14: [CvarSettings] [c2m1_highway] Could not find CVar specified (confogl_boss_unprohibit)
L 07/11/2025 - 20:11:14: [CvarSettings] [c2m1_highway] Could not find CVar specified (gfc_hittable_override)
L 07/11/2025 - 20:11:14: [CvarSettings] [c2m1_highway] Could not find CVar specified (gfc_hittable_rage_override)
L 07/11/2025 - 20:11:14: [CvarSettings] [c2m1_highway] Could not find CVar specified (gfc_rock_override)
L 07/11/2025 - 20:11:14: [CvarSettings] [c2m1_highway] Could not find CVar specified (gfc_rock_rage_override)
L 07/11/2025 - 20:11:14: [CvarSettings] [c2m1_highway] Could not find CVar specified (gfc_spit_extra_time)
L 07/11/2025 - 20:11:14: [CvarSettings] [c2m1_highway] Could not find CVar specified (gfc_common_extra_time)
L 07/11/2025 - 20:11:14: [CvarSettings] [c2m1_highway] Could not find CVar specified (gfc_hunter_duration)
L 07/11/2025 - 20:11:14: [CvarSettings] [c2m1_highway] Could not find CVar specified (gfc_jockey_duration)
L 07/11/2025 - 20:11:14: [CvarSettings] [c2m1_highway] Could not find CVar specified (gfc_smoker_duration)
L 07/11/2025 - 20:11:14: [CvarSettings] [c2m1_highway] Could not find CVar specified (gfc_charger_duration)
L 07/11/2025 - 20:11:14: [CvarSettings] [c2m1_highway] Could not find CVar specified (gfc_charger_stagger_extra_time)
L 07/11/2025 - 20:11:14: [CvarSettings] [c2m1_highway] Could not find CVar specified (gfc_charger_stagger_flags)
L 07/11/2025 - 20:11:14: [CvarSettings] [c2m1_highway] Could not find CVar specified (gfc_common_zc_flags)
L 07/11/2025 - 20:11:14: [CvarSettings] [c2m1_highway] Could not find CVar specified (gfc_spit_zc_flags)
L 07/11/2025 - 20:11:14: [CvarSettings] [c2m1_highway] Could not find CVar specified (gfc_godframe_glows)
L 07/11/2025 - 20:11:14: [CvarSettings] [c2m1_highway] Could not find CVar specified (gfc_ff_min_time)
L 07/11/2025 - 20:11:14: [CvarSettings] [c2m1_highway] Could not find CVar specified (l4d2_undoff_enable)
L 07/11/2025 - 20:11:14: [CvarSettings] [c2m1_highway] Could not find CVar specified (l4d2_undoff_blockzerodmg)
L 07/11/2025 - 20:11:14: [CvarSettings] [c2m1_highway] Could not find CVar specified (l4d2_undoff_permdmgfrac)
L 07/11/2025 - 20:11:14: [CvarSettings] [c2m1_highway] Could not find CVar specified (l4d2_shotgun_ff_multi)
L 07/11/2025 - 20:11:14: [CvarSettings] [c2m1_highway] Could not find CVar specified (l4d2_shotgun_ff_min)
L 07/11/2025 - 20:11:14: [CvarSettings] [c2m1_highway] Could not find CVar specified (l4d2_shotgun_ff_max)
L 07/11/2025 - 20:24:40: [CvarSettings] [c2m1_highway] Could not find CVar specified (confogl_boss_unprohibit)
L 07/11/2025 - 20:24:40: [CvarSettings] [c2m1_highway] Could not find CVar specified (gfc_hittable_override)
L 07/11/2025 - 20:24:40: [CvarSettings] [c2m1_highway] Could not find CVar specified (gfc_hittable_rage_override)
L 07/11/2025 - 20:24:40: [CvarSettings] [c2m1_highway] Could not find CVar specified (gfc_rock_override)
L 07/11/2025 - 20:24:40: [CvarSettings] [c2m1_highway] Could not find CVar specified (gfc_rock_rage_override)
L 07/11/2025 - 20:24:40: [CvarSettings] [c2m1_highway] Could not find CVar specified (gfc_spit_extra_time)
L 07/11/2025 - 20:24:40: [CvarSettings] [c2m1_highway] Could not find CVar specified (gfc_common_extra_time)
L 07/11/2025 - 20:24:40: [CvarSettings] [c2m1_highway] Could not find CVar specified (gfc_hunter_duration)
L 07/11/2025 - 20:24:40: [CvarSettings] [c2m1_highway] Could not find CVar specified (gfc_jockey_duration)
L 07/11/2025 - 20:24:40: [CvarSettings] [c2m1_highway] Could not find CVar specified (gfc_smoker_duration)
L 07/11/2025 - 20:24:40: [CvarSettings] [c2m1_highway] Could not find CVar specified (gfc_charger_duration)
L 07/11/2025 - 20:24:40: [CvarSettings] [c2m1_highway] Could not find CVar specified (gfc_charger_stagger_extra_time)
L 07/11/2025 - 20:24:40: [CvarSettings] [c2m1_highway] Could not find CVar specified (gfc_charger_stagger_flags)
L 07/11/2025 - 20:24:40: [CvarSettings] [c2m1_highway] Could not find CVar specified (gfc_common_zc_flags)
L 07/11/2025 - 20:24:40: [CvarSettings] [c2m1_highway] Could not find CVar specified (gfc_spit_zc_flags)
L 07/11/2025 - 20:24:40: [CvarSettings] [c2m1_highway] Could not find CVar specified (gfc_godframe_glows)
L 07/11/2025 - 20:24:40: [CvarSettings] [c2m1_highway] Could not find CVar specified (gfc_ff_min_time)
L 07/11/2025 - 20:24:40: [CvarSettings] [c2m1_highway] Could not find CVar specified (l4d2_undoff_enable)
L 07/11/2025 - 20:24:40: [CvarSettings] [c2m1_highway] Could not find CVar specified (l4d2_undoff_blockzerodmg)
L 07/11/2025 - 20:24:40: [CvarSettings] [c2m1_highway] Could not find CVar specified (l4d2_undoff_permdmgfrac)
L 07/11/2025 - 20:24:40: [CvarSettings] [c2m1_highway] Could not find CVar specified (l4d2_shotgun_ff_multi)
L 07/11/2025 - 20:24:40: [CvarSettings] [c2m1_highway] Could not find CVar specified (l4d2_shotgun_ff_min)
L 07/11/2025 - 20:24:40: [CvarSettings] [c2m1_highway] Could not find CVar specified (l4d2_shotgun_ff_max)
L 07/11/2025 - 20:26:18: [CvarSettings] [c2m1_highway] Could not find CVar specified (confogl_boss_unprohibit)
L 07/11/2025 - 20:26:18: [CvarSettings] [c2m1_highway] Could not find CVar specified (gfc_hittable_override)
L 07/11/2025 - 20:26:18: [CvarSettings] [c2m1_highway] Could not find CVar specified (gfc_hittable_rage_override)
L 07/11/2025 - 20:26:18: [CvarSettings] [c2m1_highway] Could not find CVar specified (gfc_rock_override)
L 07/11/2025 - 20:26:18: [CvarSettings] [c2m1_highway] Could not find CVar specified (gfc_rock_rage_override)
L 07/11/2025 - 20:26:18: [CvarSettings] [c2m1_highway] Could not find CVar specified (gfc_spit_extra_time)
L 07/11/2025 - 20:26:18: [CvarSettings] [c2m1_highway] Could not find CVar specified (gfc_common_extra_time)
L 07/11/2025 - 20:26:18: [CvarSettings] [c2m1_highway] Could not find CVar specified (gfc_hunter_duration)
L 07/11/2025 - 20:26:18: [CvarSettings] [c2m1_highway] Could not find CVar specified (gfc_jockey_duration)
L 07/11/2025 - 20:26:18: [CvarSettings] [c2m1_highway] Could not find CVar specified (gfc_smoker_duration)
L 07/11/2025 - 20:26:18: [CvarSettings] [c2m1_highway] Could not find CVar specified (gfc_charger_duration)
L 07/11/2025 - 20:26:18: [CvarSettings] [c2m1_highway] Could not find CVar specified (gfc_charger_stagger_extra_time)
L 07/11/2025 - 20:26:18: [CvarSettings] [c2m1_highway] Could not find CVar specified (gfc_charger_stagger_flags)
L 07/11/2025 - 20:26:18: [CvarSettings] [c2m1_highway] Could not find CVar specified (gfc_common_zc_flags)
L 07/11/2025 - 20:26:18: [CvarSettings] [c2m1_highway] Could not find CVar specified (gfc_spit_zc_flags)
L 07/11/2025 - 20:26:18: [CvarSettings] [c2m1_highway] Could not find CVar specified (gfc_godframe_glows)
L 07/11/2025 - 20:26:18: [CvarSettings] [c2m1_highway] Could not find CVar specified (gfc_ff_min_time)
L 07/11/2025 - 20:26:18: [CvarSettings] [c2m1_highway] Could not find CVar specified (l4d2_undoff_enable)
L 07/11/2025 - 20:26:18: [CvarSettings] [c2m1_highway] Could not find CVar specified (l4d2_undoff_blockzerodmg)
L 07/11/2025 - 20:26:18: [CvarSettings] [c2m1_highway] Could not find CVar specified (l4d2_undoff_permdmgfrac)
L 07/11/2025 - 20:26:18: [CvarSettings] [c2m1_highway] Could not find CVar specified (l4d2_shotgun_ff_multi)
L 07/11/2025 - 20:26:18: [CvarSettings] [c2m1_highway] Could not find CVar specified (l4d2_shotgun_ff_min)
L 07/11/2025 - 20:26:18: [CvarSettings] [c2m1_highway] Could not find CVar specified (l4d2_shotgun_ff_max)
L 07/11/2025 - 20:26:50: [CvarSettings] [c2m1_highway] Could not find CVar specified (confogl_boss_unprohibit)
L 07/11/2025 - 20:26:50: [CvarSettings] [c2m1_highway] Could not find CVar specified (gfc_hittable_override)
L 07/11/2025 - 20:26:50: [CvarSettings] [c2m1_highway] Could not find CVar specified (gfc_hittable_rage_override)
L 07/11/2025 - 20:26:50: [CvarSettings] [c2m1_highway] Could not find CVar specified (gfc_rock_override)
L 07/11/2025 - 20:26:50: [CvarSettings] [c2m1_highway] Could not find CVar specified (gfc_rock_rage_override)
L 07/11/2025 - 20:26:50: [CvarSettings] [c2m1_highway] Could not find CVar specified (gfc_spit_extra_time)
L 07/11/2025 - 20:26:50: [CvarSettings] [c2m1_highway] Could not find CVar specified (gfc_common_extra_time)
L 07/11/2025 - 20:26:50: [CvarSettings] [c2m1_highway] Could not find CVar specified (gfc_hunter_duration)
L 07/11/2025 - 20:26:50: [CvarSettings] [c2m1_highway] Could not find CVar specified (gfc_jockey_duration)
L 07/11/2025 - 20:26:50: [CvarSettings] [c2m1_highway] Could not find CVar specified (gfc_smoker_duration)
L 07/11/2025 - 20:26:50: [CvarSettings] [c2m1_highway] Could not find CVar specified (gfc_charger_duration)
L 07/11/2025 - 20:26:50: [CvarSettings] [c2m1_highway] Could not find CVar specified (gfc_charger_stagger_extra_time)
L 07/11/2025 - 20:26:50: [CvarSettings] [c2m1_highway] Could not find CVar specified (gfc_charger_stagger_flags)
L 07/11/2025 - 20:26:50: [CvarSettings] [c2m1_highway] Could not find CVar specified (gfc_common_zc_flags)
L 07/11/2025 - 20:26:50: [CvarSettings] [c2m1_highway] Could not find CVar specified (gfc_spit_zc_flags)
L 07/11/2025 - 20:26:50: [CvarSettings] [c2m1_highway] Could not find CVar specified (gfc_godframe_glows)
L 07/11/2025 - 20:26:50: [CvarSettings] [c2m1_highway] Could not find CVar specified (gfc_ff_min_time)
L 07/11/2025 - 20:26:50: [CvarSettings] [c2m1_highway] Could not find CVar specified (l4d2_undoff_enable)
L 07/11/2025 - 20:26:50: [CvarSettings] [c2m1_highway] Could not find CVar specified (l4d2_undoff_blockzerodmg)
L 07/11/2025 - 20:26:50: [CvarSettings] [c2m1_highway] Could not find CVar specified (l4d2_undoff_permdmgfrac)
L 07/11/2025 - 20:26:50: [CvarSettings] [c2m1_highway] Could not find CVar specified (l4d2_shotgun_ff_multi)
L 07/11/2025 - 20:26:50: [CvarSettings] [c2m1_highway] Could not find CVar specified (l4d2_shotgun_ff_min)
L 07/11/2025 - 20:26:50: [CvarSettings] [c2m1_highway] Could not find CVar specified (l4d2_shotgun_ff_max)
L 07/11/2025 - 20:34:08: [CvarSettings] [c2m1_highway] Could not find CVar specified (confogl_boss_unprohibit)
L 07/11/2025 - 20:34:08: [CvarSettings] [c2m1_highway] Could not find CVar specified (ssb_block_car_alarms)
L 07/11/2025 - 20:34:08: [CvarSettings] [c2m1_highway] Could not find CVar specified (ssb_block_horde)
L 07/11/2025 - 20:36:47: [CvarSettings] [c2m1_highway] Could not find CVar specified (confogl_boss_unprohibit)
L 07/11/2025 - 20:36:47: [CvarSettings] [c2m1_highway] Could not find CVar specified (gfc_hittable_override)
L 07/11/2025 - 20:36:47: [CvarSettings] [c2m1_highway] Could not find CVar specified (gfc_hittable_rage_override)
L 07/11/2025 - 20:36:47: [CvarSettings] [c2m1_highway] Could not find CVar specified (gfc_rock_override)
L 07/11/2025 - 20:36:47: [CvarSettings] [c2m1_highway] Could not find CVar specified (gfc_rock_rage_override)
L 07/11/2025 - 20:36:47: [CvarSettings] [c2m1_highway] Could not find CVar specified (gfc_spit_extra_time)
L 07/11/2025 - 20:36:47: [CvarSettings] [c2m1_highway] Could not find CVar specified (gfc_common_extra_time)
L 07/11/2025 - 20:36:47: [CvarSettings] [c2m1_highway] Could not find CVar specified (gfc_hunter_duration)
L 07/11/2025 - 20:36:47: [CvarSettings] [c2m1_highway] Could not find CVar specified (gfc_jockey_duration)
L 07/11/2025 - 20:36:47: [CvarSettings] [c2m1_highway] Could not find CVar specified (gfc_smoker_duration)
L 07/11/2025 - 20:36:47: [CvarSettings] [c2m1_highway] Could not find CVar specified (gfc_charger_duration)
L 07/11/2025 - 20:36:47: [CvarSettings] [c2m1_highway] Could not find CVar specified (gfc_charger_stagger_extra_time)
L 07/11/2025 - 20:36:47: [CvarSettings] [c2m1_highway] Could not find CVar specified (gfc_charger_stagger_flags)
L 07/11/2025 - 20:36:47: [CvarSettings] [c2m1_highway] Could not find CVar specified (gfc_common_zc_flags)
L 07/11/2025 - 20:36:47: [CvarSettings] [c2m1_highway] Could not find CVar specified (gfc_spit_zc_flags)
L 07/11/2025 - 20:36:47: [CvarSettings] [c2m1_highway] Could not find CVar specified (gfc_godframe_glows)
L 07/11/2025 - 20:36:47: [CvarSettings] [c2m1_highway] Could not find CVar specified (gfc_ff_min_time)
L 07/11/2025 - 20:36:47: [CvarSettings] [c2m1_highway] Could not find CVar specified (l4d2_undoff_enable)
L 07/11/2025 - 20:36:47: [CvarSettings] [c2m1_highway] Could not find CVar specified (l4d2_undoff_blockzerodmg)
L 07/11/2025 - 20:36:47: [CvarSettings] [c2m1_highway] Could not find CVar specified (l4d2_undoff_permdmgfrac)
L 07/11/2025 - 20:36:47: [CvarSettings] [c2m1_highway] Could not find CVar specified (l4d2_shotgun_ff_multi)
L 07/11/2025 - 20:36:47: [CvarSettings] [c2m1_highway] Could not find CVar specified (l4d2_shotgun_ff_min)
L 07/11/2025 - 20:36:47: [CvarSettings] [c2m1_highway] Could not find CVar specified (l4d2_shotgun_ff_max)
L 07/11/2025 - 20:37:46: [CvarSettings] [c2m1_highway] Could not find CVar specified (confogl_boss_unprohibit)
L 07/11/2025 - 20:37:46: [CvarSettings] [c2m1_highway] Could not find CVar specified (ssb_block_car_alarms)
L 07/11/2025 - 20:37:46: [CvarSettings] [c2m1_highway] Could not find CVar specified (ssb_block_horde)
L 07/11/2025 - 20:39:14: [CvarSettings] [c2m1_highway] Could not find CVar specified (confogl_boss_unprohibit)
L 07/11/2025 - 20:39:14: [CvarSettings] [c2m1_highway] Could not find CVar specified (gfc_hittable_override)
L 07/11/2025 - 20:39:14: [CvarSettings] [c2m1_highway] Could not find CVar specified (gfc_hittable_rage_override)
L 07/11/2025 - 20:39:14: [CvarSettings] [c2m1_highway] Could not find CVar specified (gfc_rock_override)
L 07/11/2025 - 20:39:14: [CvarSettings] [c2m1_highway] Could not find CVar specified (gfc_rock_rage_override)
L 07/11/2025 - 20:39:14: [CvarSettings] [c2m1_highway] Could not find CVar specified (gfc_spit_extra_time)
L 07/11/2025 - 20:39:14: [CvarSettings] [c2m1_highway] Could not find CVar specified (gfc_common_extra_time)
L 07/11/2025 - 20:39:14: [CvarSettings] [c2m1_highway] Could not find CVar specified (gfc_hunter_duration)
L 07/11/2025 - 20:39:14: [CvarSettings] [c2m1_highway] Could not find CVar specified (gfc_jockey_duration)
L 07/11/2025 - 20:39:14: [CvarSettings] [c2m1_highway] Could not find CVar specified (gfc_smoker_duration)
L 07/11/2025 - 20:39:14: [CvarSettings] [c2m1_highway] Could not find CVar specified (gfc_charger_duration)
L 07/11/2025 - 20:39:14: [CvarSettings] [c2m1_highway] Could not find CVar specified (gfc_charger_stagger_extra_time)
L 07/11/2025 - 20:39:14: [CvarSettings] [c2m1_highway] Could not find CVar specified (gfc_charger_stagger_flags)
L 07/11/2025 - 20:39:14: [CvarSettings] [c2m1_highway] Could not find CVar specified (gfc_common_zc_flags)
L 07/11/2025 - 20:39:14: [CvarSettings] [c2m1_highway] Could not find CVar specified (gfc_spit_zc_flags)
L 07/11/2025 - 20:39:14: [CvarSettings] [c2m1_highway] Could not find CVar specified (gfc_godframe_glows)
L 07/11/2025 - 20:39:14: [CvarSettings] [c2m1_highway] Could not find CVar specified (gfc_ff_min_time)
L 07/11/2025 - 20:39:14: [CvarSettings] [c2m1_highway] Could not find CVar specified (l4d2_undoff_enable)
L 07/11/2025 - 20:39:14: [CvarSettings] [c2m1_highway] Could not find CVar specified (l4d2_undoff_blockzerodmg)
L 07/11/2025 - 20:39:14: [CvarSettings] [c2m1_highway] Could not find CVar specified (l4d2_undoff_permdmgfrac)
L 07/11/2025 - 20:39:14: [CvarSettings] [c2m1_highway] Could not find CVar specified (l4d2_shotgun_ff_multi)
L 07/11/2025 - 20:39:14: [CvarSettings] [c2m1_highway] Could not find CVar specified (l4d2_shotgun_ff_min)
L 07/11/2025 - 20:39:14: [CvarSettings] [c2m1_highway] Could not find CVar specified (l4d2_shotgun_ff_max)
L 07/11/2025 - 20:42:50: [CvarSettings] [c2m1_highway] Could not find CVar specified (confogl_boss_unprohibit)
L 07/11/2025 - 20:42:50: [CvarSettings] [c2m1_highway] Could not find CVar specified (gfc_hittable_override)
L 07/11/2025 - 20:42:50: [CvarSettings] [c2m1_highway] Could not find CVar specified (gfc_hittable_rage_override)
L 07/11/2025 - 20:42:50: [CvarSettings] [c2m1_highway] Could not find CVar specified (gfc_rock_override)
L 07/11/2025 - 20:42:50: [CvarSettings] [c2m1_highway] Could not find CVar specified (gfc_rock_rage_override)
L 07/11/2025 - 20:42:50: [CvarSettings] [c2m1_highway] Could not find CVar specified (gfc_spit_extra_time)
L 07/11/2025 - 20:42:50: [CvarSettings] [c2m1_highway] Could not find CVar specified (gfc_common_extra_time)
L 07/11/2025 - 20:42:50: [CvarSettings] [c2m1_highway] Could not find CVar specified (gfc_hunter_duration)
L 07/11/2025 - 20:42:50: [CvarSettings] [c2m1_highway] Could not find CVar specified (gfc_jockey_duration)
L 07/11/2025 - 20:42:50: [CvarSettings] [c2m1_highway] Could not find CVar specified (gfc_smoker_duration)
L 07/11/2025 - 20:42:50: [CvarSettings] [c2m1_highway] Could not find CVar specified (gfc_charger_duration)
L 07/11/2025 - 20:42:50: [CvarSettings] [c2m1_highway] Could not find CVar specified (gfc_charger_stagger_extra_time)
L 07/11/2025 - 20:42:50: [CvarSettings] [c2m1_highway] Could not find CVar specified (gfc_charger_stagger_flags)
L 07/11/2025 - 20:42:50: [CvarSettings] [c2m1_highway] Could not find CVar specified (gfc_common_zc_flags)
L 07/11/2025 - 20:42:50: [CvarSettings] [c2m1_highway] Could not find CVar specified (gfc_spit_zc_flags)
L 07/11/2025 - 20:42:50: [CvarSettings] [c2m1_highway] Could not find CVar specified (gfc_godframe_glows)
L 07/11/2025 - 20:42:50: [CvarSettings] [c2m1_highway] Could not find CVar specified (gfc_ff_min_time)
L 07/11/2025 - 20:42:50: [CvarSettings] [c2m1_highway] Could not find CVar specified (l4d2_undoff_enable)
L 07/11/2025 - 20:42:50: [CvarSettings] [c2m1_highway] Could not find CVar specified (l4d2_undoff_blockzerodmg)
L 07/11/2025 - 20:42:50: [CvarSettings] [c2m1_highway] Could not find CVar specified (l4d2_undoff_permdmgfrac)
L 07/11/2025 - 20:42:50: [CvarSettings] [c2m1_highway] Could not find CVar specified (l4d2_shotgun_ff_multi)
L 07/11/2025 - 20:42:50: [CvarSettings] [c2m1_highway] Could not find CVar specified (l4d2_shotgun_ff_min)
L 07/11/2025 - 20:42:50: [CvarSettings] [c2m1_highway] Could not find CVar specified (l4d2_shotgun_ff_max)
L 07/11/2025 - 20:45:47: [CvarSettings] [c2m2_fairgrounds] Could not find CVar specified (confogl_boss_unprohibit)
L 07/11/2025 - 20:45:47: [CvarSettings] [c2m2_fairgrounds] Could not find CVar specified (gfc_hittable_override)
L 07/11/2025 - 20:45:47: [CvarSettings] [c2m2_fairgrounds] Could not find CVar specified (gfc_hittable_rage_override)
L 07/11/2025 - 20:45:47: [CvarSettings] [c2m2_fairgrounds] Could not find CVar specified (gfc_rock_override)
L 07/11/2025 - 20:45:47: [CvarSettings] [c2m2_fairgrounds] Could not find CVar specified (gfc_rock_rage_override)
L 07/11/2025 - 20:45:47: [CvarSettings] [c2m2_fairgrounds] Could not find CVar specified (gfc_spit_extra_time)
L 07/11/2025 - 20:45:47: [CvarSettings] [c2m2_fairgrounds] Could not find CVar specified (gfc_common_extra_time)
L 07/11/2025 - 20:45:47: [CvarSettings] [c2m2_fairgrounds] Could not find CVar specified (gfc_hunter_duration)
L 07/11/2025 - 20:45:47: [CvarSettings] [c2m2_fairgrounds] Could not find CVar specified (gfc_jockey_duration)
L 07/11/2025 - 20:45:47: [CvarSettings] [c2m2_fairgrounds] Could not find CVar specified (gfc_smoker_duration)
L 07/11/2025 - 20:45:47: [CvarSettings] [c2m2_fairgrounds] Could not find CVar specified (gfc_charger_duration)
L 07/11/2025 - 20:45:47: [CvarSettings] [c2m2_fairgrounds] Could not find CVar specified (gfc_charger_stagger_extra_time)
L 07/11/2025 - 20:45:47: [CvarSettings] [c2m2_fairgrounds] Could not find CVar specified (gfc_charger_stagger_flags)
L 07/11/2025 - 20:45:47: [CvarSettings] [c2m2_fairgrounds] Could not find CVar specified (gfc_common_zc_flags)
L 07/11/2025 - 20:45:47: [CvarSettings] [c2m2_fairgrounds] Could not find CVar specified (gfc_spit_zc_flags)
L 07/11/2025 - 20:45:47: [CvarSettings] [c2m2_fairgrounds] Could not find CVar specified (gfc_godframe_glows)
L 07/11/2025 - 20:45:47: [CvarSettings] [c2m2_fairgrounds] Could not find CVar specified (gfc_ff_min_time)
L 07/11/2025 - 20:45:47: [CvarSettings] [c2m2_fairgrounds] Could not find CVar specified (l4d2_undoff_enable)
L 07/11/2025 - 20:45:47: [CvarSettings] [c2m2_fairgrounds] Could not find CVar specified (l4d2_undoff_blockzerodmg)
L 07/11/2025 - 20:45:47: [CvarSettings] [c2m2_fairgrounds] Could not find CVar specified (l4d2_undoff_permdmgfrac)
L 07/11/2025 - 20:45:47: [CvarSettings] [c2m2_fairgrounds] Could not find CVar specified (l4d2_shotgun_ff_multi)
L 07/11/2025 - 20:45:47: [CvarSettings] [c2m2_fairgrounds] Could not find CVar specified (l4d2_shotgun_ff_min)
L 07/11/2025 - 20:45:47: [CvarSettings] [c2m2_fairgrounds] Could not find CVar specified (l4d2_shotgun_ff_max)
L 07/11/2025 - 20:47:19: [CvarSettings] [c2m2_fairgrounds] Could not find CVar specified (confogl_boss_unprohibit)
L 07/11/2025 - 20:47:19: [CvarSettings] [c2m2_fairgrounds] Could not find CVar specified (gfc_hittable_override)
L 07/11/2025 - 20:47:19: [CvarSettings] [c2m2_fairgrounds] Could not find CVar specified (gfc_hittable_rage_override)
L 07/11/2025 - 20:47:19: [CvarSettings] [c2m2_fairgrounds] Could not find CVar specified (gfc_rock_override)
L 07/11/2025 - 20:47:19: [CvarSettings] [c2m2_fairgrounds] Could not find CVar specified (gfc_rock_rage_override)
L 07/11/2025 - 20:47:19: [CvarSettings] [c2m2_fairgrounds] Could not find CVar specified (gfc_spit_extra_time)
L 07/11/2025 - 20:47:19: [CvarSettings] [c2m2_fairgrounds] Could not find CVar specified (gfc_common_extra_time)
L 07/11/2025 - 20:47:19: [CvarSettings] [c2m2_fairgrounds] Could not find CVar specified (gfc_hunter_duration)
L 07/11/2025 - 20:47:19: [CvarSettings] [c2m2_fairgrounds] Could not find CVar specified (gfc_jockey_duration)
L 07/11/2025 - 20:47:19: [CvarSettings] [c2m2_fairgrounds] Could not find CVar specified (gfc_smoker_duration)
L 07/11/2025 - 20:47:19: [CvarSettings] [c2m2_fairgrounds] Could not find CVar specified (gfc_charger_duration)
L 07/11/2025 - 20:47:19: [CvarSettings] [c2m2_fairgrounds] Could not find CVar specified (gfc_charger_stagger_extra_time)
L 07/11/2025 - 20:47:19: [CvarSettings] [c2m2_fairgrounds] Could not find CVar specified (gfc_charger_stagger_flags)
L 07/11/2025 - 20:47:19: [CvarSettings] [c2m2_fairgrounds] Could not find CVar specified (gfc_common_zc_flags)
L 07/11/2025 - 20:47:19: [CvarSettings] [c2m2_fairgrounds] Could not find CVar specified (gfc_spit_zc_flags)
L 07/11/2025 - 20:47:19: [CvarSettings] [c2m2_fairgrounds] Could not find CVar specified (gfc_godframe_glows)
L 07/11/2025 - 20:47:19: [CvarSettings] [c2m2_fairgrounds] Could not find CVar specified (gfc_ff_min_time)
L 07/11/2025 - 20:47:19: [CvarSettings] [c2m2_fairgrounds] Could not find CVar specified (l4d2_undoff_enable)
L 07/11/2025 - 20:47:19: [CvarSettings] [c2m2_fairgrounds] Could not find CVar specified (l4d2_undoff_blockzerodmg)
L 07/11/2025 - 20:47:19: [CvarSettings] [c2m2_fairgrounds] Could not find CVar specified (l4d2_undoff_permdmgfrac)
L 07/11/2025 - 20:47:19: [CvarSettings] [c2m2_fairgrounds] Could not find CVar specified (l4d2_shotgun_ff_multi)
L 07/11/2025 - 20:47:19: [CvarSettings] [c2m2_fairgrounds] Could not find CVar specified (l4d2_shotgun_ff_min)
L 07/11/2025 - 20:47:19: [CvarSettings] [c2m2_fairgrounds] Could not find CVar specified (l4d2_shotgun_ff_max)
L 07/11/2025 - 20:47:46: [CvarSettings] [c2m2_fairgrounds] Could not find CVar specified (confogl_boss_unprohibit)
L 07/11/2025 - 20:47:46: [CvarSettings] [c2m2_fairgrounds] Could not find CVar specified (ssb_block_car_alarms)
L 07/11/2025 - 20:47:46: [CvarSettings] [c2m2_fairgrounds] Could not find CVar specified (ssb_block_horde)
L 07/11/2025 - 20:49:17: [CvarSettings] [c2m1_highway] Could not find CVar specified (confogl_boss_unprohibit)
L 07/11/2025 - 20:49:17: [CvarSettings] [c2m1_highway] Could not find CVar specified (gfc_hittable_override)
L 07/11/2025 - 20:49:17: [CvarSettings] [c2m1_highway] Could not find CVar specified (gfc_hittable_rage_override)
L 07/11/2025 - 20:49:17: [CvarSettings] [c2m1_highway] Could not find CVar specified (gfc_rock_override)
L 07/11/2025 - 20:49:17: [CvarSettings] [c2m1_highway] Could not find CVar specified (gfc_rock_rage_override)
L 07/11/2025 - 20:49:17: [CvarSettings] [c2m1_highway] Could not find CVar specified (gfc_spit_extra_time)
L 07/11/2025 - 20:49:17: [CvarSettings] [c2m1_highway] Could not find CVar specified (gfc_common_extra_time)
L 07/11/2025 - 20:49:17: [CvarSettings] [c2m1_highway] Could not find CVar specified (gfc_hunter_duration)
L 07/11/2025 - 20:49:17: [CvarSettings] [c2m1_highway] Could not find CVar specified (gfc_jockey_duration)
L 07/11/2025 - 20:49:17: [CvarSettings] [c2m1_highway] Could not find CVar specified (gfc_smoker_duration)
L 07/11/2025 - 20:49:17: [CvarSettings] [c2m1_highway] Could not find CVar specified (gfc_charger_duration)
L 07/11/2025 - 20:49:17: [CvarSettings] [c2m1_highway] Could not find CVar specified (gfc_charger_stagger_extra_time)
L 07/11/2025 - 20:49:17: [CvarSettings] [c2m1_highway] Could not find CVar specified (gfc_charger_stagger_flags)
L 07/11/2025 - 20:49:17: [CvarSettings] [c2m1_highway] Could not find CVar specified (gfc_common_zc_flags)
L 07/11/2025 - 20:49:17: [CvarSettings] [c2m1_highway] Could not find CVar specified (gfc_spit_zc_flags)
L 07/11/2025 - 20:49:17: [CvarSettings] [c2m1_highway] Could not find CVar specified (gfc_godframe_glows)
L 07/11/2025 - 20:49:17: [CvarSettings] [c2m1_highway] Could not find CVar specified (gfc_ff_min_time)
L 07/11/2025 - 20:49:17: [CvarSettings] [c2m1_highway] Could not find CVar specified (l4d2_undoff_enable)
L 07/11/2025 - 20:49:17: [CvarSettings] [c2m1_highway] Could not find CVar specified (l4d2_undoff_blockzerodmg)
L 07/11/2025 - 20:49:17: [CvarSettings] [c2m1_highway] Could not find CVar specified (l4d2_undoff_permdmgfrac)
L 07/11/2025 - 20:49:17: [CvarSettings] [c2m1_highway] Could not find CVar specified (l4d2_shotgun_ff_multi)
L 07/11/2025 - 20:49:17: [CvarSettings] [c2m1_highway] Could not find CVar specified (l4d2_shotgun_ff_min)
L 07/11/2025 - 20:49:17: [CvarSettings] [c2m1_highway] Could not find CVar specified (l4d2_shotgun_ff_max)
L 07/11/2025 - 20:58:30: [CvarSettings] [c2m2_fairgrounds] Could not find CVar specified (confogl_boss_unprohibit)
L 07/11/2025 - 20:58:30: [CvarSettings] [c2m2_fairgrounds] Could not find CVar specified (ssb_block_car_alarms)
L 07/11/2025 - 20:58:30: [CvarSettings] [c2m2_fairgrounds] Could not find CVar specified (ssb_block_horde)
L 07/11/2025 - 20:59:07: [CvarSettings] [c2m1_highway] Could not find CVar specified (confogl_boss_unprohibit)
L 07/11/2025 - 20:59:07: [CvarSettings] [c2m1_highway] Could not find CVar specified (gfc_hittable_override)
L 07/11/2025 - 20:59:07: [CvarSettings] [c2m1_highway] Could not find CVar specified (gfc_hittable_rage_override)
L 07/11/2025 - 20:59:07: [CvarSettings] [c2m1_highway] Could not find CVar specified (gfc_rock_override)
L 07/11/2025 - 20:59:07: [CvarSettings] [c2m1_highway] Could not find CVar specified (gfc_rock_rage_override)
L 07/11/2025 - 20:59:07: [CvarSettings] [c2m1_highway] Could not find CVar specified (gfc_spit_extra_time)
L 07/11/2025 - 20:59:07: [CvarSettings] [c2m1_highway] Could not find CVar specified (gfc_common_extra_time)
L 07/11/2025 - 20:59:07: [CvarSettings] [c2m1_highway] Could not find CVar specified (gfc_hunter_duration)
L 07/11/2025 - 20:59:07: [CvarSettings] [c2m1_highway] Could not find CVar specified (gfc_jockey_duration)
L 07/11/2025 - 20:59:07: [CvarSettings] [c2m1_highway] Could not find CVar specified (gfc_smoker_duration)
L 07/11/2025 - 20:59:07: [CvarSettings] [c2m1_highway] Could not find CVar specified (gfc_charger_duration)
L 07/11/2025 - 20:59:07: [CvarSettings] [c2m1_highway] Could not find CVar specified (gfc_charger_stagger_extra_time)
L 07/11/2025 - 20:59:07: [CvarSettings] [c2m1_highway] Could not find CVar specified (gfc_charger_stagger_flags)
L 07/11/2025 - 20:59:07: [CvarSettings] [c2m1_highway] Could not find CVar specified (gfc_common_zc_flags)
L 07/11/2025 - 20:59:07: [CvarSettings] [c2m1_highway] Could not find CVar specified (gfc_spit_zc_flags)
L 07/11/2025 - 20:59:07: [CvarSettings] [c2m1_highway] Could not find CVar specified (gfc_godframe_glows)
L 07/11/2025 - 20:59:07: [CvarSettings] [c2m1_highway] Could not find CVar specified (gfc_ff_min_time)
L 07/11/2025 - 20:59:07: [CvarSettings] [c2m1_highway] Could not find CVar specified (l4d2_undoff_enable)
L 07/11/2025 - 20:59:07: [CvarSettings] [c2m1_highway] Could not find CVar specified (l4d2_undoff_blockzerodmg)
L 07/11/2025 - 20:59:07: [CvarSettings] [c2m1_highway] Could not find CVar specified (l4d2_undoff_permdmgfrac)
L 07/11/2025 - 20:59:07: [CvarSettings] [c2m1_highway] Could not find CVar specified (l4d2_shotgun_ff_multi)
L 07/11/2025 - 20:59:07: [CvarSettings] [c2m1_highway] Could not find CVar specified (l4d2_shotgun_ff_min)
L 07/11/2025 - 20:59:07: [CvarSettings] [c2m1_highway] Could not find CVar specified (l4d2_shotgun_ff_max)
L 07/11/2025 - 21:03:49: [CvarSettings] [c2m1_highway] Could not find CVar specified (confogl_boss_unprohibit)
L 07/11/2025 - 21:03:49: [CvarSettings] [c2m1_highway] Could not find CVar specified (gfc_hittable_override)
L 07/11/2025 - 21:03:49: [CvarSettings] [c2m1_highway] Could not find CVar specified (gfc_hittable_rage_override)
L 07/11/2025 - 21:03:49: [CvarSettings] [c2m1_highway] Could not find CVar specified (gfc_rock_override)
L 07/11/2025 - 21:03:49: [CvarSettings] [c2m1_highway] Could not find CVar specified (gfc_rock_rage_override)
L 07/11/2025 - 21:03:49: [CvarSettings] [c2m1_highway] Could not find CVar specified (gfc_spit_extra_time)
L 07/11/2025 - 21:03:49: [CvarSettings] [c2m1_highway] Could not find CVar specified (gfc_common_extra_time)
L 07/11/2025 - 21:03:49: [CvarSettings] [c2m1_highway] Could not find CVar specified (gfc_hunter_duration)
L 07/11/2025 - 21:03:49: [CvarSettings] [c2m1_highway] Could not find CVar specified (gfc_jockey_duration)
L 07/11/2025 - 21:03:49: [CvarSettings] [c2m1_highway] Could not find CVar specified (gfc_smoker_duration)
L 07/11/2025 - 21:03:49: [CvarSettings] [c2m1_highway] Could not find CVar specified (gfc_charger_duration)
L 07/11/2025 - 21:03:49: [CvarSettings] [c2m1_highway] Could not find CVar specified (gfc_charger_stagger_extra_time)
L 07/11/2025 - 21:03:49: [CvarSettings] [c2m1_highway] Could not find CVar specified (gfc_charger_stagger_flags)
L 07/11/2025 - 21:03:49: [CvarSettings] [c2m1_highway] Could not find CVar specified (gfc_common_zc_flags)
L 07/11/2025 - 21:03:49: [CvarSettings] [c2m1_highway] Could not find CVar specified (gfc_spit_zc_flags)
L 07/11/2025 - 21:03:49: [CvarSettings] [c2m1_highway] Could not find CVar specified (gfc_godframe_glows)
L 07/11/2025 - 21:03:49: [CvarSettings] [c2m1_highway] Could not find CVar specified (gfc_ff_min_time)
L 07/11/2025 - 21:03:49: [CvarSettings] [c2m1_highway] Could not find CVar specified (l4d2_undoff_enable)
L 07/11/2025 - 21:03:49: [CvarSettings] [c2m1_highway] Could not find CVar specified (l4d2_undoff_blockzerodmg)
L 07/11/2025 - 21:03:49: [CvarSettings] [c2m1_highway] Could not find CVar specified (l4d2_undoff_permdmgfrac)
L 07/11/2025 - 21:03:49: [CvarSettings] [c2m1_highway] Could not find CVar specified (l4d2_shotgun_ff_multi)
L 07/11/2025 - 21:03:49: [CvarSettings] [c2m1_highway] Could not find CVar specified (l4d2_shotgun_ff_min)
L 07/11/2025 - 21:03:49: [CvarSettings] [c2m1_highway] Could not find CVar specified (l4d2_shotgun_ff_max)
L 07/11/2025 - 21:11:46: [CvarSettings] [c2m1_highway] Could not find CVar specified (confogl_boss_unprohibit)
L 07/11/2025 - 21:11:46: [CvarSettings] [c2m1_highway] Could not find CVar specified (gfc_hittable_override)
L 07/11/2025 - 21:11:46: [CvarSettings] [c2m1_highway] Could not find CVar specified (gfc_hittable_rage_override)
L 07/11/2025 - 21:11:46: [CvarSettings] [c2m1_highway] Could not find CVar specified (gfc_rock_override)
L 07/11/2025 - 21:11:46: [CvarSettings] [c2m1_highway] Could not find CVar specified (gfc_rock_rage_override)
L 07/11/2025 - 21:11:46: [CvarSettings] [c2m1_highway] Could not find CVar specified (gfc_spit_extra_time)
L 07/11/2025 - 21:11:46: [CvarSettings] [c2m1_highway] Could not find CVar specified (gfc_common_extra_time)
L 07/11/2025 - 21:11:46: [CvarSettings] [c2m1_highway] Could not find CVar specified (gfc_hunter_duration)
L 07/11/2025 - 21:11:46: [CvarSettings] [c2m1_highway] Could not find CVar specified (gfc_jockey_duration)
L 07/11/2025 - 21:11:46: [CvarSettings] [c2m1_highway] Could not find CVar specified (gfc_smoker_duration)
L 07/11/2025 - 21:11:46: [CvarSettings] [c2m1_highway] Could not find CVar specified (gfc_charger_duration)
L 07/11/2025 - 21:11:46: [CvarSettings] [c2m1_highway] Could not find CVar specified (gfc_charger_stagger_extra_time)
L 07/11/2025 - 21:11:46: [CvarSettings] [c2m1_highway] Could not find CVar specified (gfc_charger_stagger_flags)
L 07/11/2025 - 21:11:46: [CvarSettings] [c2m1_highway] Could not find CVar specified (gfc_common_zc_flags)
L 07/11/2025 - 21:11:46: [CvarSettings] [c2m1_highway] Could not find CVar specified (gfc_spit_zc_flags)
L 07/11/2025 - 21:11:46: [CvarSettings] [c2m1_highway] Could not find CVar specified (gfc_godframe_glows)
L 07/11/2025 - 21:11:46: [CvarSettings] [c2m1_highway] Could not find CVar specified (gfc_ff_min_time)
L 07/11/2025 - 21:11:46: [CvarSettings] [c2m1_highway] Could not find CVar specified (l4d2_undoff_enable)
L 07/11/2025 - 21:11:46: [CvarSettings] [c2m1_highway] Could not find CVar specified (l4d2_undoff_blockzerodmg)
L 07/11/2025 - 21:11:46: [CvarSettings] [c2m1_highway] Could not find CVar specified (l4d2_undoff_permdmgfrac)
L 07/11/2025 - 21:11:46: [CvarSettings] [c2m1_highway] Could not find CVar specified (l4d2_shotgun_ff_multi)
L 07/11/2025 - 21:11:46: [CvarSettings] [c2m1_highway] Could not find CVar specified (l4d2_shotgun_ff_min)
L 07/11/2025 - 21:11:46: [CvarSettings] [c2m1_highway] Could not find CVar specified (l4d2_shotgun_ff_max)
L 07/11/2025 - 21:14:02: [CvarSettings] [c2m1_highway] Could not find CVar specified (confogl_boss_unprohibit)
L 07/11/2025 - 21:14:02: [CvarSettings] [c2m1_highway] Could not find CVar specified (gfc_hittable_override)
L 07/11/2025 - 21:14:02: [CvarSettings] [c2m1_highway] Could not find CVar specified (gfc_hittable_rage_override)
L 07/11/2025 - 21:14:02: [CvarSettings] [c2m1_highway] Could not find CVar specified (gfc_rock_override)
L 07/11/2025 - 21:14:02: [CvarSettings] [c2m1_highway] Could not find CVar specified (gfc_rock_rage_override)
L 07/11/2025 - 21:14:02: [CvarSettings] [c2m1_highway] Could not find CVar specified (gfc_spit_extra_time)
L 07/11/2025 - 21:14:02: [CvarSettings] [c2m1_highway] Could not find CVar specified (gfc_common_extra_time)
L 07/11/2025 - 21:14:02: [CvarSettings] [c2m1_highway] Could not find CVar specified (gfc_hunter_duration)
L 07/11/2025 - 21:14:02: [CvarSettings] [c2m1_highway] Could not find CVar specified (gfc_jockey_duration)
L 07/11/2025 - 21:14:02: [CvarSettings] [c2m1_highway] Could not find CVar specified (gfc_smoker_duration)
L 07/11/2025 - 21:14:02: [CvarSettings] [c2m1_highway] Could not find CVar specified (gfc_charger_duration)
L 07/11/2025 - 21:14:02: [CvarSettings] [c2m1_highway] Could not find CVar specified (gfc_charger_stagger_extra_time)
L 07/11/2025 - 21:14:02: [CvarSettings] [c2m1_highway] Could not find CVar specified (gfc_charger_stagger_flags)
L 07/11/2025 - 21:14:02: [CvarSettings] [c2m1_highway] Could not find CVar specified (gfc_common_zc_flags)
L 07/11/2025 - 21:14:02: [CvarSettings] [c2m1_highway] Could not find CVar specified (gfc_spit_zc_flags)
L 07/11/2025 - 21:14:02: [CvarSettings] [c2m1_highway] Could not find CVar specified (gfc_godframe_glows)
L 07/11/2025 - 21:14:02: [CvarSettings] [c2m1_highway] Could not find CVar specified (gfc_ff_min_time)
L 07/11/2025 - 21:14:02: [CvarSettings] [c2m1_highway] Could not find CVar specified (l4d2_undoff_enable)
L 07/11/2025 - 21:14:02: [CvarSettings] [c2m1_highway] Could not find CVar specified (l4d2_undoff_blockzerodmg)
L 07/11/2025 - 21:14:02: [CvarSettings] [c2m1_highway] Could not find CVar specified (l4d2_undoff_permdmgfrac)
L 07/11/2025 - 21:14:02: [CvarSettings] [c2m1_highway] Could not find CVar specified (l4d2_shotgun_ff_multi)
L 07/11/2025 - 21:14:02: [CvarSettings] [c2m1_highway] Could not find CVar specified (l4d2_shotgun_ff_min)
L 07/11/2025 - 21:14:02: [CvarSettings] [c2m1_highway] Could not find CVar specified (l4d2_shotgun_ff_max)
L 07/11/2025 - 21:15:58: [CvarSettings] [c2m1_highway] Could not find CVar specified (confogl_boss_unprohibit)
L 07/11/2025 - 21:15:59: [CvarSettings] [c2m1_highway] Could not find CVar specified (gfc_hittable_override)
L 07/11/2025 - 21:15:59: [CvarSettings] [c2m1_highway] Could not find CVar specified (gfc_hittable_rage_override)
L 07/11/2025 - 21:15:59: [CvarSettings] [c2m1_highway] Could not find CVar specified (gfc_rock_override)
L 07/11/2025 - 21:15:59: [CvarSettings] [c2m1_highway] Could not find CVar specified (gfc_rock_rage_override)
L 07/11/2025 - 21:15:59: [CvarSettings] [c2m1_highway] Could not find CVar specified (gfc_spit_extra_time)
L 07/11/2025 - 21:15:59: [CvarSettings] [c2m1_highway] Could not find CVar specified (gfc_common_extra_time)
L 07/11/2025 - 21:15:59: [CvarSettings] [c2m1_highway] Could not find CVar specified (gfc_hunter_duration)
L 07/11/2025 - 21:15:59: [CvarSettings] [c2m1_highway] Could not find CVar specified (gfc_jockey_duration)
L 07/11/2025 - 21:15:59: [CvarSettings] [c2m1_highway] Could not find CVar specified (gfc_smoker_duration)
L 07/11/2025 - 21:15:59: [CvarSettings] [c2m1_highway] Could not find CVar specified (gfc_charger_duration)
L 07/11/2025 - 21:15:59: [CvarSettings] [c2m1_highway] Could not find CVar specified (gfc_charger_stagger_extra_time)
L 07/11/2025 - 21:15:59: [CvarSettings] [c2m1_highway] Could not find CVar specified (gfc_charger_stagger_flags)
L 07/11/2025 - 21:15:59: [CvarSettings] [c2m1_highway] Could not find CVar specified (gfc_common_zc_flags)
L 07/11/2025 - 21:15:59: [CvarSettings] [c2m1_highway] Could not find CVar specified (gfc_spit_zc_flags)
L 07/11/2025 - 21:15:59: [CvarSettings] [c2m1_highway] Could not find CVar specified (gfc_godframe_glows)
L 07/11/2025 - 21:15:59: [CvarSettings] [c2m1_highway] Could not find CVar specified (gfc_ff_min_time)
L 07/11/2025 - 21:15:59: [CvarSettings] [c2m1_highway] Could not find CVar specified (l4d2_undoff_enable)
L 07/11/2025 - 21:15:59: [CvarSettings] [c2m1_highway] Could not find CVar specified (l4d2_undoff_blockzerodmg)
L 07/11/2025 - 21:15:59: [CvarSettings] [c2m1_highway] Could not find CVar specified (l4d2_undoff_permdmgfrac)
L 07/11/2025 - 21:15:59: [CvarSettings] [c2m1_highway] Could not find CVar specified (l4d2_shotgun_ff_multi)
L 07/11/2025 - 21:15:59: [CvarSettings] [c2m1_highway] Could not find CVar specified (l4d2_shotgun_ff_min)
L 07/11/2025 - 21:15:59: [CvarSettings] [c2m1_highway] Could not find CVar specified (l4d2_shotgun_ff_max)
L 07/11/2025 - 21:21:30: [CvarSettings] [c2m1_highway] Could not find CVar specified (confogl_boss_unprohibit)
L 07/11/2025 - 21:21:30: [CvarSettings] [c2m1_highway] Could not find CVar specified (gfc_hittable_override)
L 07/11/2025 - 21:21:30: [CvarSettings] [c2m1_highway] Could not find CVar specified (gfc_hittable_rage_override)
L 07/11/2025 - 21:21:30: [CvarSettings] [c2m1_highway] Could not find CVar specified (gfc_rock_override)
L 07/11/2025 - 21:21:30: [CvarSettings] [c2m1_highway] Could not find CVar specified (gfc_rock_rage_override)
L 07/11/2025 - 21:21:30: [CvarSettings] [c2m1_highway] Could not find CVar specified (gfc_spit_extra_time)
L 07/11/2025 - 21:21:30: [CvarSettings] [c2m1_highway] Could not find CVar specified (gfc_common_extra_time)
L 07/11/2025 - 21:21:30: [CvarSettings] [c2m1_highway] Could not find CVar specified (gfc_hunter_duration)
L 07/11/2025 - 21:21:30: [CvarSettings] [c2m1_highway] Could not find CVar specified (gfc_jockey_duration)
L 07/11/2025 - 21:21:30: [CvarSettings] [c2m1_highway] Could not find CVar specified (gfc_smoker_duration)
L 07/11/2025 - 21:21:30: [CvarSettings] [c2m1_highway] Could not find CVar specified (gfc_charger_duration)
L 07/11/2025 - 21:21:30: [CvarSettings] [c2m1_highway] Could not find CVar specified (gfc_charger_stagger_extra_time)
L 07/11/2025 - 21:21:30: [CvarSettings] [c2m1_highway] Could not find CVar specified (gfc_charger_stagger_flags)
L 07/11/2025 - 21:21:30: [CvarSettings] [c2m1_highway] Could not find CVar specified (gfc_common_zc_flags)
L 07/11/2025 - 21:21:30: [CvarSettings] [c2m1_highway] Could not find CVar specified (gfc_spit_zc_flags)
L 07/11/2025 - 21:21:30: [CvarSettings] [c2m1_highway] Could not find CVar specified (gfc_godframe_glows)
L 07/11/2025 - 21:21:30: [CvarSettings] [c2m1_highway] Could not find CVar specified (gfc_ff_min_time)
L 07/11/2025 - 21:21:30: [CvarSettings] [c2m1_highway] Could not find CVar specified (l4d2_undoff_enable)
L 07/11/2025 - 21:21:30: [CvarSettings] [c2m1_highway] Could not find CVar specified (l4d2_undoff_blockzerodmg)
L 07/11/2025 - 21:21:30: [CvarSettings] [c2m1_highway] Could not find CVar specified (l4d2_undoff_permdmgfrac)
L 07/11/2025 - 21:21:30: [CvarSettings] [c2m1_highway] Could not find CVar specified (l4d2_shotgun_ff_multi)
L 07/11/2025 - 21:21:30: [CvarSettings] [c2m1_highway] Could not find CVar specified (l4d2_shotgun_ff_min)
L 07/11/2025 - 21:21:30: [CvarSettings] [c2m1_highway] Could not find CVar specified (l4d2_shotgun_ff_max)
L 07/11/2025 - 22:46:33: [CvarSettings] [c5m5_bridge] Could not find CVar specified (confogl_boss_unprohibit)
L 07/11/2025 - 22:46:33: [CvarSettings] [c5m5_bridge] Could not find CVar specified (tankgank_killoncrash)
L 07/11/2025 - 22:46:33: [CvarSettings] [c5m5_bridge] Could not find CVar specified (gfc_hittable_override)
L 07/11/2025 - 22:46:33: [CvarSettings] [c5m5_bridge] Could not find CVar specified (gfc_hittable_rage_override)
L 07/11/2025 - 22:46:33: [CvarSettings] [c5m5_bridge] Could not find CVar specified (gfc_rock_override)
L 07/11/2025 - 22:46:33: [CvarSettings] [c5m5_bridge] Could not find CVar specified (gfc_rock_rage_override)
L 07/11/2025 - 22:46:33: [CvarSettings] [c5m5_bridge] Could not find CVar specified (gfc_spit_extra_time)
L 07/11/2025 - 22:46:33: [CvarSettings] [c5m5_bridge] Could not find CVar specified (gfc_common_extra_time)
L 07/11/2025 - 22:46:33: [CvarSettings] [c5m5_bridge] Could not find CVar specified (gfc_hunter_duration)
L 07/11/2025 - 22:46:33: [CvarSettings] [c5m5_bridge] Could not find CVar specified (gfc_jockey_duration)
L 07/11/2025 - 22:46:33: [CvarSettings] [c5m5_bridge] Could not find CVar specified (gfc_smoker_duration)
L 07/11/2025 - 22:46:33: [CvarSettings] [c5m5_bridge] Could not find CVar specified (gfc_charger_duration)
L 07/11/2025 - 22:46:33: [CvarSettings] [c5m5_bridge] Could not find CVar specified (gfc_charger_stagger_extra_time)
L 07/11/2025 - 22:46:33: [CvarSettings] [c5m5_bridge] Could not find CVar specified (gfc_charger_stagger_flags)
L 07/11/2025 - 22:46:33: [CvarSettings] [c5m5_bridge] Could not find CVar specified (gfc_common_zc_flags)
L 07/11/2025 - 22:46:33: [CvarSettings] [c5m5_bridge] Could not find CVar specified (gfc_spit_zc_flags)
L 07/11/2025 - 22:46:33: [CvarSettings] [c5m5_bridge] Could not find CVar specified (gfc_godframe_glows)
L 07/11/2025 - 22:46:33: [CvarSettings] [c5m5_bridge] Could not find CVar specified (gfc_ff_min_time)
L 07/11/2025 - 22:46:33: [CvarSettings] [c5m5_bridge] Could not find CVar specified (l4d2_undoff_enable)
L 07/11/2025 - 22:46:33: [CvarSettings] [c5m5_bridge] Could not find CVar specified (l4d2_undoff_blockzerodmg)
L 07/11/2025 - 22:46:33: [CvarSettings] [c5m5_bridge] Could not find CVar specified (l4d2_undoff_permdmgfrac)
L 07/11/2025 - 22:46:33: [CvarSettings] [c5m5_bridge] Could not find CVar specified (l4d2_shotgun_ff_multi)
L 07/11/2025 - 22:46:33: [CvarSettings] [c5m5_bridge] Could not find CVar specified (l4d2_shotgun_ff_min)
L 07/11/2025 - 22:46:33: [CvarSettings] [c5m5_bridge] Could not find CVar specified (l4d2_shotgun_ff_max)
L 07/11/2025 - 23:31:46: [CvarSettings] [c2m1_highway] Could not find CVar specified (confogl_boss_unprohibit)
L 07/11/2025 - 23:31:46: [CvarSettings] [c2m1_highway] Could not find CVar specified (gfc_hittable_override)
L 07/11/2025 - 23:31:46: [CvarSettings] [c2m1_highway] Could not find CVar specified (gfc_hittable_rage_override)
L 07/11/2025 - 23:31:46: [CvarSettings] [c2m1_highway] Could not find CVar specified (gfc_rock_override)
L 07/11/2025 - 23:31:46: [CvarSettings] [c2m1_highway] Could not find CVar specified (gfc_rock_rage_override)
L 07/11/2025 - 23:31:46: [CvarSettings] [c2m1_highway] Could not find CVar specified (gfc_spit_extra_time)
L 07/11/2025 - 23:31:46: [CvarSettings] [c2m1_highway] Could not find CVar specified (gfc_common_extra_time)
L 07/11/2025 - 23:31:46: [CvarSettings] [c2m1_highway] Could not find CVar specified (gfc_hunter_duration)
L 07/11/2025 - 23:31:46: [CvarSettings] [c2m1_highway] Could not find CVar specified (gfc_jockey_duration)
L 07/11/2025 - 23:31:46: [CvarSettings] [c2m1_highway] Could not find CVar specified (gfc_smoker_duration)
L 07/11/2025 - 23:31:46: [CvarSettings] [c2m1_highway] Could not find CVar specified (gfc_charger_duration)
L 07/11/2025 - 23:31:46: [CvarSettings] [c2m1_highway] Could not find CVar specified (gfc_charger_stagger_extra_time)
L 07/11/2025 - 23:31:46: [CvarSettings] [c2m1_highway] Could not find CVar specified (gfc_charger_stagger_flags)
L 07/11/2025 - 23:31:46: [CvarSettings] [c2m1_highway] Could not find CVar specified (gfc_common_zc_flags)
L 07/11/2025 - 23:31:46: [CvarSettings] [c2m1_highway] Could not find CVar specified (gfc_spit_zc_flags)
L 07/11/2025 - 23:31:46: [CvarSettings] [c2m1_highway] Could not find CVar specified (gfc_godframe_glows)
L 07/11/2025 - 23:31:46: [CvarSettings] [c2m1_highway] Could not find CVar specified (gfc_ff_min_time)
L 07/11/2025 - 23:31:46: [CvarSettings] [c2m1_highway] Could not find CVar specified (l4d2_undoff_enable)
L 07/11/2025 - 23:31:46: [CvarSettings] [c2m1_highway] Could not find CVar specified (l4d2_undoff_blockzerodmg)
L 07/11/2025 - 23:31:46: [CvarSettings] [c2m1_highway] Could not find CVar specified (l4d2_undoff_permdmgfrac)
L 07/11/2025 - 23:31:46: [CvarSettings] [c2m1_highway] Could not find CVar specified (l4d2_shotgun_ff_multi)
L 07/11/2025 - 23:31:46: [CvarSettings] [c2m1_highway] Could not find CVar specified (l4d2_shotgun_ff_min)
L 07/11/2025 - 23:31:46: [CvarSettings] [c2m1_highway] Could not find CVar specified (l4d2_shotgun_ff_max)
L 07/11/2025 - 23:34:48: [CvarSettings] [c2m1_highway] Could not find CVar specified (confogl_boss_unprohibit)
L 07/11/2025 - 23:34:48: [CvarSettings] [c2m1_highway] Could not find CVar specified (gfc_hittable_override)
L 07/11/2025 - 23:34:48: [CvarSettings] [c2m1_highway] Could not find CVar specified (gfc_hittable_rage_override)
L 07/11/2025 - 23:34:48: [CvarSettings] [c2m1_highway] Could not find CVar specified (gfc_rock_override)
L 07/11/2025 - 23:34:48: [CvarSettings] [c2m1_highway] Could not find CVar specified (gfc_rock_rage_override)
L 07/11/2025 - 23:34:48: [CvarSettings] [c2m1_highway] Could not find CVar specified (gfc_spit_extra_time)
L 07/11/2025 - 23:34:48: [CvarSettings] [c2m1_highway] Could not find CVar specified (gfc_common_extra_time)
L 07/11/2025 - 23:34:48: [CvarSettings] [c2m1_highway] Could not find CVar specified (gfc_hunter_duration)
L 07/11/2025 - 23:34:48: [CvarSettings] [c2m1_highway] Could not find CVar specified (gfc_jockey_duration)
L 07/11/2025 - 23:34:48: [CvarSettings] [c2m1_highway] Could not find CVar specified (gfc_smoker_duration)
L 07/11/2025 - 23:34:48: [CvarSettings] [c2m1_highway] Could not find CVar specified (gfc_charger_duration)
L 07/11/2025 - 23:34:48: [CvarSettings] [c2m1_highway] Could not find CVar specified (gfc_charger_stagger_extra_time)
L 07/11/2025 - 23:34:48: [CvarSettings] [c2m1_highway] Could not find CVar specified (gfc_charger_stagger_flags)
L 07/11/2025 - 23:34:48: [CvarSettings] [c2m1_highway] Could not find CVar specified (gfc_common_zc_flags)
L 07/11/2025 - 23:34:48: [CvarSettings] [c2m1_highway] Could not find CVar specified (gfc_spit_zc_flags)
L 07/11/2025 - 23:34:48: [CvarSettings] [c2m1_highway] Could not find CVar specified (gfc_godframe_glows)
L 07/11/2025 - 23:34:48: [CvarSettings] [c2m1_highway] Could not find CVar specified (gfc_ff_min_time)
L 07/11/2025 - 23:34:48: [CvarSettings] [c2m1_highway] Could not find CVar specified (l4d2_undoff_enable)
L 07/11/2025 - 23:34:48: [CvarSettings] [c2m1_highway] Could not find CVar specified (l4d2_undoff_blockzerodmg)
L 07/11/2025 - 23:34:48: [CvarSettings] [c2m1_highway] Could not find CVar specified (l4d2_undoff_permdmgfrac)
L 07/11/2025 - 23:34:48: [CvarSettings] [c2m1_highway] Could not find CVar specified (l4d2_shotgun_ff_multi)
L 07/11/2025 - 23:34:48: [CvarSettings] [c2m1_highway] Could not find CVar specified (l4d2_shotgun_ff_min)
L 07/11/2025 - 23:34:48: [CvarSettings] [c2m1_highway] Could not find CVar specified (l4d2_shotgun_ff_max)
