L 09/12/2026 - 19:04:54: SourceMod error session started
L 09/12/2026 - 19:04:54: Info (map "c2m1_highway") (file "/home/kaine/Steam/steamapps/common/ZonemodVersus/left4dead2/addons/sourcemod/logs/errors_20260912.log")
L 09/12/2026 - 19:04:54: [SM] Failed to load plugin "nextmap.smx": Nextmap is incompatible with this game.
L 09/12/2026 - 19:04:54: [SM] Failed to load plugin "fixes/l4d_prop_touching_rules.smx": Unable to load plugin (unsupported feature set; code is too new).
L 09/12/2026 - 19:04:54: [SM] Failed to load plugin "fixes/l4d_backjump_fix.smx": Unable to load plugin (unsupported feature set; code is too new).
L 09/12/2026 - 19:04:54: [SM] Failed to load plugin "fixes/l4d2_ai_damagefix.smx": Unable to load plugin (unsupported feature set; code is too new).
L 09/12/2026 - 19:04:54: [SM] Failed to load plugin "fixes/l4d2_explosiondmg_prev.smx": Unable to load plugin (unsupported feature set; code is too new).
L 09/12/2026 - 19:04:54: [SM] Failed to load plugin "fixes/annoyance_exploit_fixes.smx": Unable to load plugin (unsupported feature set; code is too new).
L 09/12/2026 - 19:04:54: [SM] Failed to load plugin "fixes/l4d_fix_prop_los.smx": Unable to load plugin (unsupported feature set; code is too new).
L 09/12/2026 - 19:04:54: [SM] Failed to load plugin "fixes/l4d2_spit_spread_patch.smx": Unable to load plugin (unsupported feature set; code is too new).
L 09/12/2026 - 19:04:54: [SM] Failed to load plugin "fixes/l4d2_ellis_hunter_bandaid_fix.smx": Unable to load plugin (unsupported feature set; code is too new).
L 09/12/2026 - 19:04:54: [SM] Failed to load plugin "fixes/frozen_tank_fix.smx": Unable to load plugin (unsupported feature set; code is too new).
L 09/12/2026 - 19:04:54: [SM] Failed to load plugin "fixes/l4d_votepoll_fix.smx": Unable to load plugin (unsupported feature set; code is too new).
L 09/12/2026 - 19:04:54: [SM] Failed to load plugin "fixes/l4d2_jockey_jumpcap_patch.smx": Unable to load plugin (unsupported feature set; code is too new).
L 09/12/2026 - 19:04:54: [SM] Failed to load plugin "fixes/l4d2_pistol_delay.smx": Unable to load plugin (unsupported feature set; code is too new).
L 09/12/2026 - 19:04:54: [SM] Failed to load plugin "fixes/l4d2_script_cmd_swap.smx": Unable to load plugin (unsupported feature set; code is too new).
L 09/12/2026 - 19:04:54: [SM] Failed to load plugin "fixes/l4d2_tank_flying_incap.smx": Unable to load plugin (unsupported feature set; code is too new).
L 09/12/2026 - 19:04:54: [SM] Failed to load plugin "fixes/l4d_consistent_escaperoute.smx": Unable to load plugin (unsupported feature set; code is too new).
L 09/12/2026 - 19:04:54: [SM] Failed to load plugin "fixes/l4d2_ladderblock.smx": Unable to load plugin (unsupported feature set; code is too new).
L 09/12/2026 - 19:04:54: [SM] Failed to load plugin "fixes/l4d_skip_intro.smx": Unable to load plugin (unsupported feature set; code is too new).
L 09/12/2026 - 19:04:54: [SM] Failed to load plugin "fixes/l4d2_jockey_hitbox_fix.smx": Unable to load plugin (unsupported feature set; code is too new).
L 09/12/2026 - 19:04:54: [SM] Failed to load plugin "fixes/firebulletsfix.smx": Unable to load plugin (unsupported feature set; code is too new).
L 09/12/2026 - 19:04:54: [SM] Failed to load plugin "fixes/l4d2_spit_cooldown_frozen_fix.smx": Unable to load plugin (unsupported feature set; code is too new).
L 09/12/2026 - 19:04:54: [SM] Failed to load plugin "fixes/l4d_fix_shove_duration.smx": Unable to load plugin (unsupported feature set; code is too new).
L 09/12/2026 - 19:04:54: [SM] Failed to load plugin "fixes/l4d2_car_alarm_hittable_fix.smx": Unable to load plugin (unsupported feature set; code is too new).
L 09/12/2026 - 19:04:54: [SM] Failed to load plugin "fixes/l4d2_boomer_shenanigans.smx": Unable to load plugin (unsupported feature set; code is too new).
L 09/12/2026 - 19:04:54: [SM] Failed to load plugin "fixes/l4d_fix_punch_block.smx": Unable to load plugin (unsupported feature set; code is too new).
L 09/12/2026 - 19:04:54: [SM] Failed to load plugin "fixes/l4d2_melee_damage_control.smx": Unable to load plugin (unsupported feature set; code is too new).
L 09/12/2026 - 19:04:54: [SM] Failed to load plugin "fixes/l4d2_shadow_removal.smx": Unable to load plugin (unsupported feature set; code is too new).
L 09/12/2026 - 19:04:54: [SM] Failed to load plugin "fixes/l4d2_rock_trace_unblock.smx": Unable to load plugin (unsupported feature set; code is too new).
L 09/12/2026 - 19:04:54: [SM] Failed to load plugin "fixes/l4d_tongue_bend_fix.smx": Unable to load plugin (unsupported feature set; code is too new).
L 09/12/2026 - 19:04:54: [SM] Failed to load plugin "fixes/l4d2_fix_firsthit.smx": Unable to load plugin (unsupported feature set; code is too new).
L 09/12/2026 - 19:04:54: [SM] Failed to load plugin "fixes/l4d2_boomer_ladder_fix.smx": Unable to load plugin (unsupported feature set; code is too new).
L 09/12/2026 - 19:04:54: [SM] Failed to load plugin "fixes/bequiet.smx": Unable to load plugin (unsupported feature set; code is too new).
L 09/12/2026 - 19:04:54: [SM] Failed to load plugin "fixes/l4d_fix_saferoom_ghostspawn.smx": Unable to load plugin (unsupported feature set; code is too new).
L 09/12/2026 - 19:04:54: [SM] Failed to load plugin "fixes/sv_consistency_fix.smx": Unable to load plugin (unsupported feature set; code is too new).
L 09/12/2026 - 19:04:54: [SM] Failed to load plugin "fixes/l4d2_jockeyed_ladder_fix.smx": Unable to load plugin (unsupported feature set; code is too new).
L 09/12/2026 - 19:04:54: [SM] Failed to load plugin "fixes/l4d2_charge_target_fix.smx": Unable to load plugin (unsupported feature set; code is too new).
L 09/12/2026 - 19:04:54: [SM] Failed to load plugin "fixes/l4d2_sg552_zoom_fix.smx": Unable to load plugin (unsupported feature set; code is too new).
L 09/12/2026 - 19:04:54: [SM] Failed to load plugin "fixes/l4d_fix_rocket_jump.smx": Unable to load plugin (unsupported feature set; code is too new).
L 09/12/2026 - 19:04:54: [SM] Failed to load plugin "fixes/fix_fastmelee.smx": Unable to load plugin (unsupported feature set; code is too new).
L 09/12/2026 - 19:04:54: [SM] Failed to load plugin "fixes/TickrateFixes.smx": Unable to load plugin (unsupported feature set; code is too new).
L 09/12/2026 - 19:04:54: [SM] Failed to load plugin "fixes/l4d_tongue_float_fix.smx": Unable to load plugin (unsupported feature set; code is too new).
L 09/12/2026 - 19:04:54: [SM] Failed to load plugin "fixes/l4d2_fix_changelevel.smx": Unable to load plugin (unsupported feature set; code is too new).
L 09/12/2026 - 19:04:54: [SM] Failed to load plugin "fixes/weapon_spawn_duplicate_fix.smx": Unable to load plugin (unsupported feature set; code is too new).
L 09/12/2026 - 19:04:54: [SM] Failed to load plugin "fixes/command_buffer.smx": Unable to load plugin (unsupported feature set; code is too new).
L 09/12/2026 - 19:04:54: [SM] Failed to load plugin "fixes/l4d2_scripted_tank_stage_fix.smx": Unable to load plugin (unsupported feature set; code is too new).
L 09/12/2026 - 19:04:54: [SM] Failed to load plugin "fixes/l4d_fix_rotated_physblocker.smx": Unable to load plugin (unsupported feature set; code is too new).
L 09/12/2026 - 19:04:54: [SM] Failed to load plugin "fixes/l4d_fix_stagger_dir.smx": Unable to load plugin (unsupported feature set; code is too new).
L 09/12/2026 - 19:04:54: [SM] Failed to load plugin "fixes/l4d_fix_deathfall_cam.smx": Unable to load plugin (unsupported feature set; code is too new).
L 09/12/2026 - 19:04:54: [SM] Failed to load plugin "fixes/l4d_fix_common_shove.smx": Unable to load plugin (unsupported feature set; code is too new).
L 09/12/2026 - 19:04:54: [SM] Failed to load plugin "fixes/l4d2_fix_rocket_pull.smx": Unable to load plugin (unsupported feature set; code is too new).
L 09/12/2026 - 19:04:54: [SM] Failed to load plugin "fixes/l4d2_null_cusercmd_fix.smx": Unable to load plugin (unsupported feature set; code is too new).
L 09/12/2026 - 19:04:54: [SM] Failed to load plugin "fixes/l4d_tongue_block_fix.smx": Unable to load plugin (unsupported feature set; code is too new).
L 09/12/2026 - 19:04:54: [SM] Failed to load plugin "fixes/l4d2_incap_fire_fix.smx": Unable to load plugin (unsupported feature set; code is too new).
L 09/12/2026 - 19:04:54: [SM] Failed to load plugin "fixes/l4d2_lagcomp_manager.smx": Unable to load plugin (unsupported feature set; code is too new).
L 09/12/2026 - 19:04:54: [SM] Failed to load plugin "fixes/l4d2_tank_spawn_antirock_protect.smx": Unable to load plugin (unsupported feature set; code is too new).
L 09/12/2026 - 19:04:54: [SM] Failed to load plugin "fixes/l4d2_fix_tank_rock_handoff.smx": Unable to load plugin (unsupported feature set; code is too new).
L 09/12/2026 - 19:04:54: [SM] Failed to load plugin "fixes/l4d2_no_post_jockey_deadstops.smx": Unable to load plugin (unsupported feature set; code is too new).
L 09/12/2026 - 19:04:54: [SM] Failed to load plugin "fixes/l4d2_hltv_crash_fix.smx": Unable to load plugin (unsupported feature set; code is too new).
L 09/12/2026 - 19:04:54: [SM] Failed to load plugin "fixes/l4d2_fix_team_shuffle.smx": Unable to load plugin (unsupported feature set; code is too new).
L 09/12/2026 - 19:04:54: [SM] Failed to load plugin "fixes/l4d2_shove_fix.smx": Unable to load plugin (unsupported feature set; code is too new).
L 09/12/2026 - 19:04:54: [SM] Failed to load plugin "fixes/l4d_static_punch_getup.smx": Unable to load plugin (unsupported feature set; code is too new).
L 09/12/2026 - 19:04:54: [SM] Failed to load plugin "fixes/l4d_fix_finale_breakable.smx": Unable to load plugin (unsupported feature set; code is too new).
L 09/12/2026 - 19:04:54: [SM] Failed to load plugin "fixes/l4d_console_spam.smx": Unable to load plugin (unsupported feature set; code is too new).
L 09/12/2026 - 19:04:54: [SM] Failed to load plugin "confoglcompmod.smx": Unable to load plugin (unsupported feature set; code is too new).
L 09/12/2026 - 19:04:54: [SM] Failed to load plugin "l4d2_skill_detect.smx": Unable to load plugin (unsupported feature set; code is too new).
L 09/12/2026 - 19:04:54: [SM] Failed to load plugin "l4d2_item_hint.smx": Unable to load plugin (unsupported feature set; code is too new).
L 09/12/2026 - 19:04:54: [SM] Failed to load plugin "match_vote.smx": Unable to load plugin (unsupported feature set; code is too new).
L 09/12/2026 - 19:04:54: [SM] Failed to load plugin "l4d_pause_message.smx": Unable to load plugin (unsupported feature set; code is too new).
L 09/12/2026 - 19:04:54: [SM] Failed to load plugin "LMC_Black_and_White_Notifier.smx": Unable to load plugin (unsupported feature set; code is too new).
L 09/12/2026 - 19:04:54: [SM] Failed to load plugin "anticheat/l4d2_noghostcheat.smx": Unable to load plugin (unsupported feature set; code is too new).
L 09/12/2026 - 19:04:54: [SM] Failed to load plugin "left4dhooks.smx": Unable to load plugin (unsupported feature set; code is too new).
L 09/12/2026 - 19:04:54: [SM] Unable to load plugin "show_mic.smx": Could not find required plugin "left4dhooks"
L 09/12/2026 - 19:04:54: [SM] Unable to load plugin "trigger_horde_notify.smx": Could not find required plugin "left4dhooks"
L 09/12/2026 - 19:04:54: [SM] Unable to load plugin "drop_secondary.smx": Could not find required plugin "left4dhooks"
L 09/12/2026 - 19:04:54: [SM] Unable to load plugin "l4d_pig_infected_notify.smx": Could not find required plugin "left4dhooks"
L 09/12/2026 - 19:04:54: [SM] Unable to load plugin "l4d2_karma_kill.smx": Could not find required plugin "left4dhooks"
L 09/12/2026 - 19:07:08: SourceMod error session started
L 09/12/2026 - 19:07:08: Info (map "c2m1_highway") (file "/home/kaine/Steam/steamapps/common/ZonemodVersus/left4dead2/addons/sourcemod/logs/errors_20260912.log")
L 09/12/2026 - 19:07:08: [SM] Failed to load plugin "nextmap.smx": Nextmap is incompatible with this game.
L 09/12/2026 - 19:07:08: [SM] Failed to load plugin "fixes/l4d_prop_touching_rules.smx": Unable to load plugin (unsupported feature set; code is too new).
L 09/12/2026 - 19:07:08: [SM] Failed to load plugin "fixes/l4d_backjump_fix.smx": Unable to load plugin (unsupported feature set; code is too new).
L 09/12/2026 - 19:07:08: [SM] Failed to load plugin "fixes/l4d2_ai_damagefix.smx": Unable to load plugin (unsupported feature set; code is too new).
L 09/12/2026 - 19:07:08: [SM] Failed to load plugin "fixes/l4d2_explosiondmg_prev.smx": Unable to load plugin (unsupported feature set; code is too new).
L 09/12/2026 - 19:07:08: [SM] Failed to load plugin "fixes/annoyance_exploit_fixes.smx": Unable to load plugin (unsupported feature set; code is too new).
L 09/12/2026 - 19:07:08: [SM] Failed to load plugin "fixes/l4d_fix_prop_los.smx": Unable to load plugin (unsupported feature set; code is too new).
L 09/12/2026 - 19:07:08: [SM] Failed to load plugin "fixes/l4d2_spit_spread_patch.smx": Unable to load plugin (unsupported feature set; code is too new).
L 09/12/2026 - 19:07:08: [SM] Failed to load plugin "fixes/l4d2_ellis_hunter_bandaid_fix.smx": Unable to load plugin (unsupported feature set; code is too new).
L 09/12/2026 - 19:07:08: [SM] Failed to load plugin "fixes/frozen_tank_fix.smx": Unable to load plugin (unsupported feature set; code is too new).
L 09/12/2026 - 19:07:08: [SM] Failed to load plugin "fixes/l4d_votepoll_fix.smx": Unable to load plugin (unsupported feature set; code is too new).
L 09/12/2026 - 19:07:08: [SM] Failed to load plugin "fixes/l4d2_jockey_jumpcap_patch.smx": Unable to load plugin (unsupported feature set; code is too new).
L 09/12/2026 - 19:07:08: [SM] Failed to load plugin "fixes/l4d2_pistol_delay.smx": Unable to load plugin (unsupported feature set; code is too new).
L 09/12/2026 - 19:07:08: [SM] Failed to load plugin "fixes/l4d2_script_cmd_swap.smx": Unable to load plugin (unsupported feature set; code is too new).
L 09/12/2026 - 19:07:08: [SM] Failed to load plugin "fixes/l4d2_tank_flying_incap.smx": Unable to load plugin (unsupported feature set; code is too new).
L 09/12/2026 - 19:07:08: [SM] Failed to load plugin "fixes/l4d_consistent_escaperoute.smx": Unable to load plugin (unsupported feature set; code is too new).
L 09/12/2026 - 19:07:08: [SM] Failed to load plugin "fixes/l4d2_ladderblock.smx": Unable to load plugin (unsupported feature set; code is too new).
L 09/12/2026 - 19:07:08: [SM] Failed to load plugin "fixes/l4d_skip_intro.smx": Unable to load plugin (unsupported feature set; code is too new).
L 09/12/2026 - 19:07:08: [SM] Failed to load plugin "fixes/l4d2_jockey_hitbox_fix.smx": Unable to load plugin (unsupported feature set; code is too new).
L 09/12/2026 - 19:07:08: [SM] Failed to load plugin "fixes/firebulletsfix.smx": Unable to load plugin (unsupported feature set; code is too new).
L 09/12/2026 - 19:07:08: [SM] Failed to load plugin "fixes/l4d2_spit_cooldown_frozen_fix.smx": Unable to load plugin (unsupported feature set; code is too new).
L 09/12/2026 - 19:07:08: [SM] Failed to load plugin "fixes/l4d_fix_shove_duration.smx": Unable to load plugin (unsupported feature set; code is too new).
L 09/12/2026 - 19:07:08: [SM] Failed to load plugin "fixes/l4d2_car_alarm_hittable_fix.smx": Unable to load plugin (unsupported feature set; code is too new).
L 09/12/2026 - 19:07:08: [SM] Failed to load plugin "fixes/l4d2_boomer_shenanigans.smx": Unable to load plugin (unsupported feature set; code is too new).
L 09/12/2026 - 19:07:08: [SM] Failed to load plugin "fixes/l4d_fix_punch_block.smx": Unable to load plugin (unsupported feature set; code is too new).
L 09/12/2026 - 19:07:08: [SM] Failed to load plugin "fixes/l4d2_melee_damage_control.smx": Unable to load plugin (unsupported feature set; code is too new).
L 09/12/2026 - 19:07:08: [SM] Failed to load plugin "fixes/l4d2_shadow_removal.smx": Unable to load plugin (unsupported feature set; code is too new).
L 09/12/2026 - 19:07:08: [SM] Failed to load plugin "fixes/l4d2_rock_trace_unblock.smx": Unable to load plugin (unsupported feature set; code is too new).
L 09/12/2026 - 19:07:08: [SM] Failed to load plugin "fixes/l4d_tongue_bend_fix.smx": Unable to load plugin (unsupported feature set; code is too new).
L 09/12/2026 - 19:07:08: [SM] Failed to load plugin "fixes/l4d2_fix_firsthit.smx": Unable to load plugin (unsupported feature set; code is too new).
L 09/12/2026 - 19:07:08: [SM] Failed to load plugin "fixes/l4d2_boomer_ladder_fix.smx": Unable to load plugin (unsupported feature set; code is too new).
L 09/12/2026 - 19:07:08: [SM] Failed to load plugin "fixes/bequiet.smx": Unable to load plugin (unsupported feature set; code is too new).
L 09/12/2026 - 19:07:08: [SM] Failed to load plugin "fixes/l4d_fix_saferoom_ghostspawn.smx": Unable to load plugin (unsupported feature set; code is too new).
L 09/12/2026 - 19:07:08: [SM] Failed to load plugin "fixes/sv_consistency_fix.smx": Unable to load plugin (unsupported feature set; code is too new).
L 09/12/2026 - 19:07:08: [SM] Failed to load plugin "fixes/l4d2_jockeyed_ladder_fix.smx": Unable to load plugin (unsupported feature set; code is too new).
L 09/12/2026 - 19:07:08: [SM] Failed to load plugin "fixes/l4d2_charge_target_fix.smx": Unable to load plugin (unsupported feature set; code is too new).
L 09/12/2026 - 19:07:08: [SM] Failed to load plugin "fixes/l4d2_sg552_zoom_fix.smx": Unable to load plugin (unsupported feature set; code is too new).
L 09/12/2026 - 19:07:08: [SM] Failed to load plugin "fixes/l4d_fix_rocket_jump.smx": Unable to load plugin (unsupported feature set; code is too new).
L 09/12/2026 - 19:07:08: [SM] Failed to load plugin "fixes/fix_fastmelee.smx": Unable to load plugin (unsupported feature set; code is too new).
L 09/12/2026 - 19:07:08: [SM] Failed to load plugin "fixes/TickrateFixes.smx": Unable to load plugin (unsupported feature set; code is too new).
L 09/12/2026 - 19:07:08: [SM] Failed to load plugin "fixes/l4d_tongue_float_fix.smx": Unable to load plugin (unsupported feature set; code is too new).
L 09/12/2026 - 19:07:08: [SM] Failed to load plugin "fixes/l4d2_fix_changelevel.smx": Unable to load plugin (unsupported feature set; code is too new).
L 09/12/2026 - 19:07:08: [SM] Failed to load plugin "fixes/weapon_spawn_duplicate_fix.smx": Unable to load plugin (unsupported feature set; code is too new).
L 09/12/2026 - 19:07:08: [SM] Failed to load plugin "fixes/command_buffer.smx": Unable to load plugin (unsupported feature set; code is too new).
L 09/12/2026 - 19:07:08: [SM] Failed to load plugin "fixes/l4d2_scripted_tank_stage_fix.smx": Unable to load plugin (unsupported feature set; code is too new).
L 09/12/2026 - 19:07:08: [SM] Failed to load plugin "fixes/l4d_fix_rotated_physblocker.smx": Unable to load plugin (unsupported feature set; code is too new).
L 09/12/2026 - 19:07:08: [SM] Failed to load plugin "fixes/l4d_fix_stagger_dir.smx": Unable to load plugin (unsupported feature set; code is too new).
L 09/12/2026 - 19:07:08: [SM] Failed to load plugin "fixes/l4d_fix_deathfall_cam.smx": Unable to load plugin (unsupported feature set; code is too new).
L 09/12/2026 - 19:07:08: [SM] Failed to load plugin "fixes/l4d_fix_common_shove.smx": Unable to load plugin (unsupported feature set; code is too new).
L 09/12/2026 - 19:07:08: [SM] Failed to load plugin "fixes/l4d2_fix_rocket_pull.smx": Unable to load plugin (unsupported feature set; code is too new).
L 09/12/2026 - 19:07:08: [SM] Failed to load plugin "fixes/l4d2_null_cusercmd_fix.smx": Unable to load plugin (unsupported feature set; code is too new).
L 09/12/2026 - 19:07:08: [SM] Failed to load plugin "fixes/l4d_tongue_block_fix.smx": Unable to load plugin (unsupported feature set; code is too new).
L 09/12/2026 - 19:07:08: [SM] Failed to load plugin "fixes/l4d2_incap_fire_fix.smx": Unable to load plugin (unsupported feature set; code is too new).
L 09/12/2026 - 19:07:08: [SM] Failed to load plugin "fixes/l4d2_lagcomp_manager.smx": Unable to load plugin (unsupported feature set; code is too new).
L 09/12/2026 - 19:07:08: [SM] Failed to load plugin "fixes/l4d2_tank_spawn_antirock_protect.smx": Unable to load plugin (unsupported feature set; code is too new).
L 09/12/2026 - 19:07:08: [SM] Failed to load plugin "fixes/l4d2_fix_tank_rock_handoff.smx": Unable to load plugin (unsupported feature set; code is too new).
L 09/12/2026 - 19:07:08: [SM] Failed to load plugin "fixes/l4d2_no_post_jockey_deadstops.smx": Unable to load plugin (unsupported feature set; code is too new).
L 09/12/2026 - 19:07:08: [SM] Failed to load plugin "fixes/l4d2_hltv_crash_fix.smx": Unable to load plugin (unsupported feature set; code is too new).
L 09/12/2026 - 19:07:08: [SM] Failed to load plugin "fixes/l4d2_fix_team_shuffle.smx": Unable to load plugin (unsupported feature set; code is too new).
L 09/12/2026 - 19:07:08: [SM] Failed to load plugin "fixes/l4d2_shove_fix.smx": Unable to load plugin (unsupported feature set; code is too new).
L 09/12/2026 - 19:07:08: [SM] Failed to load plugin "fixes/l4d_static_punch_getup.smx": Unable to load plugin (unsupported feature set; code is too new).
L 09/12/2026 - 19:07:08: [SM] Failed to load plugin "fixes/l4d_fix_finale_breakable.smx": Unable to load plugin (unsupported feature set; code is too new).
L 09/12/2026 - 19:07:08: [SM] Failed to load plugin "fixes/l4d_console_spam.smx": Unable to load plugin (unsupported feature set; code is too new).
L 09/12/2026 - 19:07:08: [SM] Failed to load plugin "confoglcompmod.smx": Unable to load plugin (unsupported feature set; code is too new).
L 09/12/2026 - 19:07:08: [SM] Failed to load plugin "l4d2_skill_detect.smx": Unable to load plugin (unsupported feature set; code is too new).
L 09/12/2026 - 19:07:08: [SM] Failed to load plugin "l4d2_item_hint.smx": Unable to load plugin (unsupported feature set; code is too new).
L 09/12/2026 - 19:07:08: [SM] Failed to load plugin "match_vote.smx": Unable to load plugin (unsupported feature set; code is too new).
L 09/12/2026 - 19:07:08: [SM] Failed to load plugin "l4d_pause_message.smx": Unable to load plugin (unsupported feature set; code is too new).
L 09/12/2026 - 19:07:08: [SM] Failed to load plugin "LMC_Black_and_White_Notifier.smx": Unable to load plugin (unsupported feature set; code is too new).
L 09/12/2026 - 19:07:08: [SM] Failed to load plugin "anticheat/l4d2_noghostcheat.smx": Unable to load plugin (unsupported feature set; code is too new).
L 09/12/2026 - 19:07:08: [SM] Failed to load plugin "left4dhooks.smx": Unable to load plugin (unsupported feature set; code is too new).
L 09/12/2026 - 19:07:08: [SM] Unable to load plugin "show_mic.smx": Could not find required plugin "left4dhooks"
L 09/12/2026 - 19:07:08: [SM] Unable to load plugin "trigger_horde_notify.smx": Could not find required plugin "left4dhooks"
L 09/12/2026 - 19:07:08: [SM] Unable to load plugin "drop_secondary.smx": Could not find required plugin "left4dhooks"
L 09/12/2026 - 19:07:08: [SM] Unable to load plugin "l4d_pig_infected_notify.smx": Could not find required plugin "left4dhooks"
L 09/12/2026 - 19:07:08: [SM] Unable to load plugin "l4d2_karma_kill.smx": Could not find required plugin "left4dhooks"
L 09/12/2026 - 19:08:29: SourceMod error session started
L 09/12/2026 - 19:08:29: Info (map "c2m1_highway") (file "/home/kaine/Steam/steamapps/common/ZonemodVersus/left4dead2/addons/sourcemod/logs/errors_20260912.log")
L 09/12/2026 - 19:08:29: [SM] Failed to load plugin "nextmap.smx": Nextmap is incompatible with this game.
L 09/12/2026 - 19:08:29: [SM] Failed to load plugin "fixes/l4d_prop_touching_rules.smx": Unable to load plugin (unsupported feature set; code is too new).
L 09/12/2026 - 19:08:29: [SM] Failed to load plugin "fixes/l4d_backjump_fix.smx": Unable to load plugin (unsupported feature set; code is too new).
L 09/12/2026 - 19:08:29: [SM] Failed to load plugin "fixes/l4d2_ai_damagefix.smx": Unable to load plugin (unsupported feature set; code is too new).
L 09/12/2026 - 19:08:29: [SM] Failed to load plugin "fixes/l4d2_explosiondmg_prev.smx": Unable to load plugin (unsupported feature set; code is too new).
L 09/12/2026 - 19:08:29: [SM] Failed to load plugin "fixes/annoyance_exploit_fixes.smx": Unable to load plugin (unsupported feature set; code is too new).
L 09/12/2026 - 19:08:29: [SM] Failed to load plugin "fixes/l4d_fix_prop_los.smx": Unable to load plugin (unsupported feature set; code is too new).
L 09/12/2026 - 19:08:29: [SM] Failed to load plugin "fixes/l4d2_spit_spread_patch.smx": Unable to load plugin (unsupported feature set; code is too new).
L 09/12/2026 - 19:08:29: [SM] Failed to load plugin "fixes/l4d2_ellis_hunter_bandaid_fix.smx": Unable to load plugin (unsupported feature set; code is too new).
L 09/12/2026 - 19:08:29: [SM] Failed to load plugin "fixes/frozen_tank_fix.smx": Unable to load plugin (unsupported feature set; code is too new).
L 09/12/2026 - 19:08:29: [SM] Failed to load plugin "fixes/l4d_votepoll_fix.smx": Unable to load plugin (unsupported feature set; code is too new).
L 09/12/2026 - 19:08:29: [SM] Failed to load plugin "fixes/l4d2_jockey_jumpcap_patch.smx": Unable to load plugin (unsupported feature set; code is too new).
L 09/12/2026 - 19:08:29: [SM] Failed to load plugin "fixes/l4d2_pistol_delay.smx": Unable to load plugin (unsupported feature set; code is too new).
L 09/12/2026 - 19:08:29: [SM] Failed to load plugin "fixes/l4d2_script_cmd_swap.smx": Unable to load plugin (unsupported feature set; code is too new).
L 09/12/2026 - 19:08:29: [SM] Failed to load plugin "fixes/l4d2_tank_flying_incap.smx": Unable to load plugin (unsupported feature set; code is too new).
L 09/12/2026 - 19:08:29: [SM] Failed to load plugin "fixes/l4d_consistent_escaperoute.smx": Unable to load plugin (unsupported feature set; code is too new).
L 09/12/2026 - 19:08:29: [SM] Failed to load plugin "fixes/l4d2_ladderblock.smx": Unable to load plugin (unsupported feature set; code is too new).
L 09/12/2026 - 19:08:29: [SM] Failed to load plugin "fixes/l4d_skip_intro.smx": Unable to load plugin (unsupported feature set; code is too new).
L 09/12/2026 - 19:08:29: [SM] Failed to load plugin "fixes/l4d2_jockey_hitbox_fix.smx": Unable to load plugin (unsupported feature set; code is too new).
L 09/12/2026 - 19:08:29: [SM] Failed to load plugin "fixes/firebulletsfix.smx": Unable to load plugin (unsupported feature set; code is too new).
L 09/12/2026 - 19:08:29: [SM] Failed to load plugin "fixes/l4d2_spit_cooldown_frozen_fix.smx": Unable to load plugin (unsupported feature set; code is too new).
L 09/12/2026 - 19:08:29: [SM] Failed to load plugin "fixes/l4d_fix_shove_duration.smx": Unable to load plugin (unsupported feature set; code is too new).
L 09/12/2026 - 19:08:29: [SM] Failed to load plugin "fixes/l4d2_car_alarm_hittable_fix.smx": Unable to load plugin (unsupported feature set; code is too new).
L 09/12/2026 - 19:08:29: [SM] Failed to load plugin "fixes/l4d2_boomer_shenanigans.smx": Unable to load plugin (unsupported feature set; code is too new).
L 09/12/2026 - 19:08:29: [SM] Failed to load plugin "fixes/l4d_fix_punch_block.smx": Unable to load plugin (unsupported feature set; code is too new).
L 09/12/2026 - 19:08:29: [SM] Failed to load plugin "fixes/l4d2_melee_damage_control.smx": Unable to load plugin (unsupported feature set; code is too new).
L 09/12/2026 - 19:08:29: [SM] Failed to load plugin "fixes/l4d2_shadow_removal.smx": Unable to load plugin (unsupported feature set; code is too new).
L 09/12/2026 - 19:08:29: [SM] Failed to load plugin "fixes/l4d2_rock_trace_unblock.smx": Unable to load plugin (unsupported feature set; code is too new).
L 09/12/2026 - 19:08:29: [SM] Failed to load plugin "fixes/l4d_tongue_bend_fix.smx": Unable to load plugin (unsupported feature set; code is too new).
L 09/12/2026 - 19:08:29: [SM] Failed to load plugin "fixes/l4d2_fix_firsthit.smx": Unable to load plugin (unsupported feature set; code is too new).
L 09/12/2026 - 19:08:29: [SM] Failed to load plugin "fixes/l4d2_boomer_ladder_fix.smx": Unable to load plugin (unsupported feature set; code is too new).
L 09/12/2026 - 19:08:29: [SM] Failed to load plugin "fixes/bequiet.smx": Unable to load plugin (unsupported feature set; code is too new).
L 09/12/2026 - 19:08:29: [SM] Failed to load plugin "fixes/l4d_fix_saferoom_ghostspawn.smx": Unable to load plugin (unsupported feature set; code is too new).
L 09/12/2026 - 19:08:29: [SM] Failed to load plugin "fixes/sv_consistency_fix.smx": Unable to load plugin (unsupported feature set; code is too new).
L 09/12/2026 - 19:08:29: [SM] Failed to load plugin "fixes/l4d2_jockeyed_ladder_fix.smx": Unable to load plugin (unsupported feature set; code is too new).
L 09/12/2026 - 19:08:29: [SM] Failed to load plugin "fixes/l4d2_charge_target_fix.smx": Unable to load plugin (unsupported feature set; code is too new).
L 09/12/2026 - 19:08:29: [SM] Failed to load plugin "fixes/l4d2_sg552_zoom_fix.smx": Unable to load plugin (unsupported feature set; code is too new).
L 09/12/2026 - 19:08:29: [SM] Failed to load plugin "fixes/l4d_fix_rocket_jump.smx": Unable to load plugin (unsupported feature set; code is too new).
L 09/12/2026 - 19:08:29: [SM] Failed to load plugin "fixes/fix_fastmelee.smx": Unable to load plugin (unsupported feature set; code is too new).
L 09/12/2026 - 19:08:29: [SM] Failed to load plugin "fixes/TickrateFixes.smx": Unable to load plugin (unsupported feature set; code is too new).
L 09/12/2026 - 19:08:29: [SM] Failed to load plugin "fixes/l4d_tongue_float_fix.smx": Unable to load plugin (unsupported feature set; code is too new).
L 09/12/2026 - 19:08:29: [SM] Failed to load plugin "fixes/l4d2_fix_changelevel.smx": Unable to load plugin (unsupported feature set; code is too new).
L 09/12/2026 - 19:08:29: [SM] Failed to load plugin "fixes/weapon_spawn_duplicate_fix.smx": Unable to load plugin (unsupported feature set; code is too new).
L 09/12/2026 - 19:08:29: [SM] Failed to load plugin "fixes/command_buffer.smx": Unable to load plugin (unsupported feature set; code is too new).
L 09/12/2026 - 19:08:29: [SM] Failed to load plugin "fixes/l4d2_scripted_tank_stage_fix.smx": Unable to load plugin (unsupported feature set; code is too new).
L 09/12/2026 - 19:08:29: [SM] Failed to load plugin "fixes/l4d_fix_rotated_physblocker.smx": Unable to load plugin (unsupported feature set; code is too new).
L 09/12/2026 - 19:08:29: [SM] Failed to load plugin "fixes/l4d_fix_stagger_dir.smx": Unable to load plugin (unsupported feature set; code is too new).
L 09/12/2026 - 19:08:29: [SM] Failed to load plugin "fixes/l4d_fix_deathfall_cam.smx": Unable to load plugin (unsupported feature set; code is too new).
L 09/12/2026 - 19:08:29: [SM] Failed to load plugin "fixes/l4d_fix_common_shove.smx": Unable to load plugin (unsupported feature set; code is too new).
L 09/12/2026 - 19:08:29: [SM] Failed to load plugin "fixes/l4d2_fix_rocket_pull.smx": Unable to load plugin (unsupported feature set; code is too new).
L 09/12/2026 - 19:08:29: [SM] Failed to load plugin "fixes/l4d2_null_cusercmd_fix.smx": Unable to load plugin (unsupported feature set; code is too new).
L 09/12/2026 - 19:08:29: [SM] Failed to load plugin "fixes/l4d_tongue_block_fix.smx": Unable to load plugin (unsupported feature set; code is too new).
L 09/12/2026 - 19:08:29: [SM] Failed to load plugin "fixes/l4d2_incap_fire_fix.smx": Unable to load plugin (unsupported feature set; code is too new).
L 09/12/2026 - 19:08:29: [SM] Failed to load plugin "fixes/l4d2_lagcomp_manager.smx": Unable to load plugin (unsupported feature set; code is too new).
L 09/12/2026 - 19:08:29: [SM] Failed to load plugin "fixes/l4d2_tank_spawn_antirock_protect.smx": Unable to load plugin (unsupported feature set; code is too new).
L 09/12/2026 - 19:08:29: [SM] Failed to load plugin "fixes/l4d2_fix_tank_rock_handoff.smx": Unable to load plugin (unsupported feature set; code is too new).
L 09/12/2026 - 19:08:29: [SM] Failed to load plugin "fixes/l4d2_no_post_jockey_deadstops.smx": Unable to load plugin (unsupported feature set; code is too new).
L 09/12/2026 - 19:08:29: [SM] Failed to load plugin "fixes/l4d2_hltv_crash_fix.smx": Unable to load plugin (unsupported feature set; code is too new).
L 09/12/2026 - 19:08:29: [SM] Failed to load plugin "fixes/l4d2_fix_team_shuffle.smx": Unable to load plugin (unsupported feature set; code is too new).
L 09/12/2026 - 19:08:29: [SM] Failed to load plugin "fixes/l4d2_shove_fix.smx": Unable to load plugin (unsupported feature set; code is too new).
L 09/12/2026 - 19:08:29: [SM] Failed to load plugin "fixes/l4d_static_punch_getup.smx": Unable to load plugin (unsupported feature set; code is too new).
L 09/12/2026 - 19:08:29: [SM] Failed to load plugin "fixes/l4d_fix_finale_breakable.smx": Unable to load plugin (unsupported feature set; code is too new).
L 09/12/2026 - 19:08:29: [SM] Failed to load plugin "fixes/l4d_console_spam.smx": Unable to load plugin (unsupported feature set; code is too new).
L 09/12/2026 - 19:08:29: [SM] Failed to load plugin "confoglcompmod.smx": Unable to load plugin (unsupported feature set; code is too new).
L 09/12/2026 - 19:08:29: [SM] Failed to load plugin "l4d2_skill_detect.smx": Unable to load plugin (unsupported feature set; code is too new).
L 09/12/2026 - 19:08:29: [SM] Failed to load plugin "l4d2_item_hint.smx": Unable to load plugin (unsupported feature set; code is too new).
L 09/12/2026 - 19:08:29: [SM] Failed to load plugin "match_vote.smx": Unable to load plugin (unsupported feature set; code is too new).
L 09/12/2026 - 19:08:29: [SM] Failed to load plugin "l4d_pause_message.smx": Unable to load plugin (unsupported feature set; code is too new).
L 09/12/2026 - 19:08:29: [SM] Failed to load plugin "LMC_Black_and_White_Notifier.smx": Unable to load plugin (unsupported feature set; code is too new).
L 09/12/2026 - 19:08:29: [SM] Failed to load plugin "anticheat/l4d2_noghostcheat.smx": Unable to load plugin (unsupported feature set; code is too new).
L 09/12/2026 - 19:08:29: [SM] Failed to load plugin "left4dhooks.smx": Unable to load plugin (unsupported feature set; code is too new).
L 09/12/2026 - 19:08:29: [SM] Unable to load plugin "show_mic.smx": Could not find required plugin "left4dhooks"
L 09/12/2026 - 19:08:29: [SM] Unable to load plugin "trigger_horde_notify.smx": Could not find required plugin "left4dhooks"
L 09/12/2026 - 19:08:29: [SM] Unable to load plugin "drop_secondary.smx": Could not find required plugin "left4dhooks"
L 09/12/2026 - 19:08:29: [SM] Unable to load plugin "l4d_pig_infected_notify.smx": Could not find required plugin "left4dhooks"
L 09/12/2026 - 19:08:29: [SM] Unable to load plugin "l4d2_karma_kill.smx": Could not find required plugin "left4dhooks"
L 09/12/2026 - 19:32:51: SourceMod error session started
L 09/12/2026 - 19:32:51: Info (map "c2m1_highway") (file "/home/kaine/Steam/steamapps/common/ZonemodVersus/left4dead2/addons/sourcemod/logs/errors_20260912.log")
L 09/12/2026 - 19:32:51: [SM] Failed to load plugin "nextmap.smx": Nextmap is incompatible with this game.
L 09/12/2026 - 19:32:58: Error log file session closed.
L 09/12/2026 - 19:36:51: SourceMod error session started
L 09/12/2026 - 19:36:51: Info (map "c2m1_highway") (file "/home/kaine/Steam/steamapps/common/ZonemodVersus/left4dead2/addons/sourcemod/logs/errors_20260912.log")
L 09/12/2026 - 19:36:51: [SM] Failed to load plugin "nextmap.smx": Nextmap is incompatible with this game.
L 09/12/2026 - 19:36:57: Error log file session closed.
L 09/12/2026 - 19:37:07: SourceMod error session started
L 09/12/2026 - 19:37:07: Info (map "c2m1_highway") (file "/home/kaine/Steam/steamapps/common/ZonemodVersus/left4dead2/addons/sourcemod/logs/errors_20260912.log")
L 09/12/2026 - 19:37:07: [SM] Failed to load plugin "nextmap.smx": Nextmap is incompatible with this game.
L 09/12/2026 - 19:37:14: Error log file session closed.
L 09/12/2026 - 19:37:41: SourceMod error session started
L 09/12/2026 - 19:37:41: Info (map "c2m1_highway") (file "/home/kaine/Steam/steamapps/common/ZonemodVersus/left4dead2/addons/sourcemod/logs/errors_20260912.log")
L 09/12/2026 - 19:37:41: [SM] Exception reported: Client 1 is not connected
L 09/12/2026 - 19:37:41: [SM] Blaming: optional/l4d2_player_time.smx
L 09/12/2026 - 19:37:41: [SM] Call stack trace:
L 09/12/2026 - 19:37:41: [SM]   [0] GetClientAuthId
L 09/12/2026 - 19:37:41: [SM]   [1] Line 110, D:\‰Ø¿¿∆˜œ¬‘ÿ\CompetitiveWithAnne-2024-02-25-nomysql\CompetitiveWithAnne-2024-02-25\left4dead2\addons\sourcemod\scripting\l4d2_player_time.sp::GetRealTime
L 09/12/2026 - 19:37:56: SourceMod error session started
L 09/12/2026 - 19:37:56: Info (map "c2m1_highway") (file "/home/kaine/Steam/steamapps/common/ZonemodVersus/left4dead2/addons/sourcemod/logs/errors_20260912.log")
L 09/12/2026 - 19:37:56: [SM] Failed to load plugin "nextmap.smx": Nextmap is incompatible with this game.
L 09/12/2026 - 19:38:03: Error log file session closed.
L 09/12/2026 - 19:38:37: SourceMod error session started
L 09/12/2026 - 19:38:37: Info (map "c2m1_highway") (file "/home/kaine/Steam/steamapps/common/ZonemodVersus/left4dead2/addons/sourcemod/logs/errors_20260912.log")
L 09/12/2026 - 19:38:37: [SM] Exception reported: Client 1 is not connected
L 09/12/2026 - 19:38:37: [SM] Blaming: optional/l4d2_player_time.smx
L 09/12/2026 - 19:38:37: [SM] Call stack trace:
L 09/12/2026 - 19:38:37: [SM]   [0] GetClientAuthId
L 09/12/2026 - 19:38:37: [SM]   [1] Line 110, D:\‰Ø¿¿∆˜œ¬‘ÿ\CompetitiveWithAnne-2024-02-25-nomysql\CompetitiveWithAnne-2024-02-25\left4dead2\addons\sourcemod\scripting\l4d2_player_time.sp::GetRealTime
L 09/12/2026 - 19:38:52: SourceMod error session started
L 09/12/2026 - 19:38:52: Info (map "c2m1_highway") (file "/home/kaine/Steam/steamapps/common/ZonemodVersus/left4dead2/addons/sourcemod/logs/errors_20260912.log")
L 09/12/2026 - 19:38:52: [SM] Failed to load plugin "nextmap.smx": Nextmap is incompatible with this game.
L 09/12/2026 - 19:38:59: Error log file session closed.
L 09/12/2026 - 19:39:10: SourceMod error session started
L 09/12/2026 - 19:39:10: Info (map "c2m1_highway") (file "/home/kaine/Steam/steamapps/common/ZonemodVersus/left4dead2/addons/sourcemod/logs/errors_20260912.log")
L 09/12/2026 - 19:39:10: [SM] Failed to load plugin "nextmap.smx": Nextmap is incompatible with this game.
L 09/12/2026 - 19:39:17: Error log file session closed.
L 09/12/2026 - 19:39:43: SourceMod error session started
L 09/12/2026 - 19:39:43: Info (map "c2m1_highway") (file "/home/kaine/Steam/steamapps/common/ZonemodVersus/left4dead2/addons/sourcemod/logs/errors_20260912.log")
L 09/12/2026 - 19:39:43: [SM] Failed to load plugin "nextmap.smx": Nextmap is incompatible with this game.
L 09/12/2026 - 19:39:50: Error log file session closed.
L 09/12/2026 - 19:47:13: SourceMod error session started
L 09/12/2026 - 19:47:13: Info (map "c2m1_highway") (file "/home/kaine/Steam/steamapps/common/ZonemodVersus/left4dead2/addons/sourcemod/logs/errors_20260912.log")
L 09/12/2026 - 19:47:13: [SM] Failed to load plugin "nextmap.smx": Nextmap is incompatible with this game.
L 09/12/2026 - 19:47:20: Error log file session closed.
L 09/12/2026 - 19:47:48: SourceMod error session started
L 09/12/2026 - 19:47:48: Info (map "c2m1_highway") (file "/home/kaine/Steam/steamapps/common/ZonemodVersus/left4dead2/addons/sourcemod/logs/errors_20260912.log")
L 09/12/2026 - 19:47:48: [SM] Failed to load plugin "nextmap.smx": Nextmap is incompatible with this game.
L 09/12/2026 - 19:47:55: Error log file session closed.
L 09/12/2026 - 19:50:47: SourceMod error session started
L 09/12/2026 - 19:50:47: Info (map "c2m1_highway") (file "/home/kaine/Steam/steamapps/common/ZonemodVersus/left4dead2/addons/sourcemod/logs/errors_20260912.log")
L 09/12/2026 - 19:50:47: [SM] Failed to load plugin "nextmap.smx": Nextmap is incompatible with this game.
L 09/12/2026 - 19:50:53: Error log file session closed.
L 09/12/2026 - 19:53:00: SourceMod error session started
L 09/12/2026 - 19:53:00: Info (map "c2m1_highway") (file "/home/kaine/Steam/steamapps/common/ZonemodVersus/left4dead2/addons/sourcemod/logs/errors_20260912.log")
L 09/12/2026 - 19:53:00: [SM] Failed to load plugin "nextmap.smx": Nextmap is incompatible with this game.
L 09/12/2026 - 19:53:07: Error log file session closed.
L 09/12/2026 - 19:53:43: SourceMod error session started
L 09/12/2026 - 19:53:43: Info (map "c2m1_highway") (file "/home/kaine/Steam/steamapps/common/ZonemodVersus/left4dead2/addons/sourcemod/logs/errors_20260912.log")
L 09/12/2026 - 19:53:43: [SM] Failed to load plugin "nextmap.smx": Nextmap is incompatible with this game.
L 09/12/2026 - 19:53:49: Error log file session closed.
L 09/12/2026 - 20:00:05: SourceMod error session started
L 09/12/2026 - 20:00:05: Info (map "c2m1_highway") (file "/home/kaine/Steam/steamapps/common/ZonemodVersus/left4dead2/addons/sourcemod/logs/errors_20260912.log")
L 09/12/2026 - 20:00:05: [SM] Failed to load plugin "nextmap.smx": Nextmap is incompatible with this game.
L 09/12/2026 - 20:00:11: Error log file session closed.
L 09/12/2026 - 20:03:09: SourceMod error session started
L 09/12/2026 - 20:03:09: Info (map "c2m1_highway") (file "/home/kaine/Steam/steamapps/common/ZonemodVersus/left4dead2/addons/sourcemod/logs/errors_20260912.log")
L 09/12/2026 - 20:03:09: [SM] Failed to load plugin "nextmap.smx": Nextmap is incompatible with this game.
L 09/12/2026 - 20:03:16: Error log file session closed.
L 09/12/2026 - 20:16:43: SourceMod error session started
L 09/12/2026 - 20:16:43: Info (map "c2m1_highway") (file "/home/kaine/Steam/steamapps/common/ZonemodVersus/left4dead2/addons/sourcemod/logs/errors_20260912.log")
L 09/12/2026 - 20:16:43: [SM] Failed to load plugin "nextmap.smx": Nextmap is incompatible with this game.
L 09/12/2026 - 20:16:46: [SM] Error parsing gameconfig file "/home/kaine/Steam/steamapps/common/ZonemodVersus/left4dead2/addons/sourcemod/gamedata/custom_fakelag.games.txt":
L 09/12/2026 - 20:16:46: [SM] Error 1 on line 0, col 0: Stream failed to open
L 09/12/2026 - 20:16:46: [SM] Unable to load extension "custom_fakelag.ext": Could not read custom_fakelag.games: File could not be opened: No such file or directory
L 09/12/2026 - 20:16:50: Error log file session closed.
L 09/12/2026 - 20:22:04: SourceMod error session started
L 09/12/2026 - 20:22:04: Info (map "c2m1_highway") (file "/home/kaine/Steam/steamapps/common/ZonemodVersus/left4dead2/addons/sourcemod/logs/errors_20260912.log")
L 09/12/2026 - 20:22:04: [SM] Exception reported: Could not retrieve value for key 'playtime_2weeks'
L 09/12/2026 - 20:22:04: [SM] Blaming: optional/l4d2_player_time.smx
L 09/12/2026 - 20:22:04: [SM] Call stack trace:
L 09/12/2026 - 20:22:04: [SM]   [0] JSONObject.GetInt
L 09/12/2026 - 20:22:04: [SM]   [1] Line 154, D:\‰Ø¿¿∆˜œ¬‘ÿ\CompetitiveWithAnne-2024-02-25-nomysql\CompetitiveWithAnne-2024-02-25\left4dead2\addons\sourcemod\scripting\l4d2_player_time.sp::HTTPResponse_GetOwnedGames
L 09/12/2026 - 20:22:42: [SM] Exception reported: Language phrase "" not found (arg 4)
L 09/12/2026 - 20:22:42: [SM] Blaming: l4d2_skill_detect.smx
L 09/12/2026 - 20:22:42: [SM] Call stack trace:
L 09/12/2026 - 20:22:42: [SM]   [0] VFormat
L 09/12/2026 - 20:22:42: [SM]   [1] Line 103, D:\Github\Private-Work\Source-Êèí‰ª∂\scripting_1.12\include\multicolors.inc::CPrintToChatAll
L 09/12/2026 - 20:22:42: [SM]   [2] Line 3309, d:\Github\Private-Work\Source-Êèí‰ª∂\scripting_l4d2\l4d2_skill_detect.sp::HandleSkeet
L 09/12/2026 - 20:22:42: [SM]   [3] Line 1390, d:\Github\Private-Work\Source-Êèí‰ª∂\scripting_l4d2\l4d2_skill_detect.sp::Event_PlayerDeath_Pre
L 09/12/2026 - 20:22:51: [SM] Exception reported: Language phrase "" not found (arg 4)
L 09/12/2026 - 20:22:51: [SM] Blaming: l4d2_skill_detect.smx
L 09/12/2026 - 20:22:51: [SM] Call stack trace:
L 09/12/2026 - 20:22:51: [SM]   [0] VFormat
L 09/12/2026 - 20:22:51: [SM]   [1] Line 103, D:\Github\Private-Work\Source-Êèí‰ª∂\scripting_1.12\include\multicolors.inc::CPrintToChatAll
L 09/12/2026 - 20:22:51: [SM]   [2] Line 3309, d:\Github\Private-Work\Source-Êèí‰ª∂\scripting_l4d2\l4d2_skill_detect.sp::HandleSkeet
L 09/12/2026 - 20:22:51: [SM]   [3] Line 1390, d:\Github\Private-Work\Source-Êèí‰ª∂\scripting_l4d2\l4d2_skill_detect.sp::Event_PlayerDeath_Pre
L 09/12/2026 - 20:22:55: [SM] Exception reported: Language phrase "" not found (arg 4)
L 09/12/2026 - 20:22:55: [SM] Blaming: l4d2_skill_detect.smx
L 09/12/2026 - 20:22:55: [SM] Call stack trace:
L 09/12/2026 - 20:22:55: [SM]   [0] VFormat
L 09/12/2026 - 20:22:55: [SM]   [1] Line 103, D:\Github\Private-Work\Source-Êèí‰ª∂\scripting_1.12\include\multicolors.inc::CPrintToChatAll
L 09/12/2026 - 20:22:55: [SM]   [2] Line 3309, d:\Github\Private-Work\Source-Êèí‰ª∂\scripting_l4d2\l4d2_skill_detect.sp::HandleSkeet
L 09/12/2026 - 20:22:55: [SM]   [3] Line 1390, d:\Github\Private-Work\Source-Êèí‰ª∂\scripting_l4d2\l4d2_skill_detect.sp::Event_PlayerDeath_Pre
L 09/12/2026 - 20:22:59: [SM] Exception reported: String formatted incorrectly - parameter 4 (total 3)
L 09/12/2026 - 20:22:59: [SM] Blaming: l4d2_skill_detect.smx
L 09/12/2026 - 20:22:59: [SM] Call stack trace:
L 09/12/2026 - 20:22:59: [SM]   [0] VFormat
L 09/12/2026 - 20:22:59: [SM]   [1] Line 103, D:\Github\Private-Work\Source-Êèí‰ª∂\scripting_1.12\include\multicolors.inc::CPrintToChatAll
L 09/12/2026 - 20:22:59: [SM]   [2] Line 3436, d:\Github\Private-Work\Source-Êèí‰ª∂\scripting_l4d2\l4d2_skill_detect.sp::HandleSkeet
L 09/12/2026 - 20:22:59: [SM]   [3] Line 1396, d:\Github\Private-Work\Source-Êèí‰ª∂\scripting_l4d2\l4d2_skill_detect.sp::Event_PlayerDeath_Pre
L 09/12/2026 - 20:23:02: [SM] Exception reported: String formatted incorrectly - parameter 4 (total 3)
L 09/12/2026 - 20:23:02: [SM] Blaming: l4d2_skill_detect.smx
L 09/12/2026 - 20:23:02: [SM] Call stack trace:
L 09/12/2026 - 20:23:02: [SM]   [0] VFormat
L 09/12/2026 - 20:23:02: [SM]   [1] Line 103, D:\Github\Private-Work\Source-Êèí‰ª∂\scripting_1.12\include\multicolors.inc::CPrintToChatAll
L 09/12/2026 - 20:23:02: [SM]   [2] Line 3436, d:\Github\Private-Work\Source-Êèí‰ª∂\scripting_l4d2\l4d2_skill_detect.sp::HandleSkeet
L 09/12/2026 - 20:23:02: [SM]   [3] Line 1396, d:\Github\Private-Work\Source-Êèí‰ª∂\scripting_l4d2\l4d2_skill_detect.sp::Event_PlayerDeath_Pre
L 09/12/2026 - 20:25:22: SourceMod error session started
L 09/12/2026 - 20:25:22: Info (map "c2m1_highway") (file "/home/kaine/Steam/steamapps/common/ZonemodVersus/left4dead2/addons/sourcemod/logs/errors_20260912.log")
L 09/12/2026 - 20:25:22: [SM] Failed to load plugin "nextmap.smx": Nextmap is incompatible with this game.
L 09/12/2026 - 20:25:25: [SM] Error parsing gameconfig file "/home/kaine/Steam/steamapps/common/ZonemodVersus/left4dead2/addons/sourcemod/gamedata/custom_fakelag.games.txt":
L 09/12/2026 - 20:25:25: [SM] Error 1 on line 0, col 0: Stream failed to open
L 09/12/2026 - 20:25:25: [SM] Unable to load extension "custom_fakelag.ext": Could not read custom_fakelag.games: File could not be opened: No such file or directory
L 09/12/2026 - 20:25:28: Error log file session closed.
L 09/12/2026 - 20:31:56: SourceMod error session started
L 09/12/2026 - 20:31:56: Info (map "c2m1_highway") (file "/home/kaine/Steam/steamapps/common/ZonemodVersus/left4dead2/addons/sourcemod/logs/errors_20260912.log")
L 09/12/2026 - 20:31:56: [SM] Exception reported: Could not retrieve value for key 'playtime_2weeks'
L 09/12/2026 - 20:31:56: [SM] Blaming: optional/l4d2_player_time.smx
L 09/12/2026 - 20:31:56: [SM] Call stack trace:
L 09/12/2026 - 20:31:56: [SM]   [0] JSONObject.GetInt
L 09/12/2026 - 20:31:56: [SM]   [1] Line 154, D:\‰Ø¿¿∆˜œ¬‘ÿ\CompetitiveWithAnne-2024-02-25-nomysql\CompetitiveWithAnne-2024-02-25\left4dead2\addons\sourcemod\scripting\l4d2_player_time.sp::HTTPResponse_GetOwnedGames
L 09/12/2026 - 20:32:29: SourceMod error session started
L 09/12/2026 - 20:32:29: Info (map "c2m1_highway") (file "/home/kaine/Steam/steamapps/common/ZonemodVersus/left4dead2/addons/sourcemod/logs/errors_20260912.log")
L 09/12/2026 - 20:32:29: [SM] Failed to load plugin "nextmap.smx": Nextmap is incompatible with this game.
L 09/12/2026 - 20:32:32: [SM] Error parsing gameconfig file "/home/kaine/Steam/steamapps/common/ZonemodVersus/left4dead2/addons/sourcemod/gamedata/custom_fakelag.games.txt":
L 09/12/2026 - 20:32:32: [SM] Error 1 on line 0, col 0: Stream failed to open
L 09/12/2026 - 20:32:32: [SM] Unable to load extension "custom_fakelag.ext": Could not read custom_fakelag.games: File could not be opened: No such file or directory
L 09/12/2026 - 20:32:35: Error log file session closed.
L 09/12/2026 - 20:35:11: SourceMod error session started
L 09/12/2026 - 20:35:11: Info (map "c2m1_highway") (file "/home/kaine/Steam/steamapps/common/ZonemodVersus/left4dead2/addons/sourcemod/logs/errors_20260912.log")
L 09/12/2026 - 20:35:11: [SM] Exception reported: Could not retrieve value for key 'playtime_2weeks'
L 09/12/2026 - 20:35:11: [SM] Blaming: optional/l4d2_player_time.smx
L 09/12/2026 - 20:35:11: [SM] Call stack trace:
L 09/12/2026 - 20:35:11: [SM]   [0] JSONObject.GetInt
L 09/12/2026 - 20:35:11: [SM]   [1] Line 154, D:\‰Ø¿¿∆˜œ¬‘ÿ\CompetitiveWithAnne-2024-02-25-nomysql\CompetitiveWithAnne-2024-02-25\left4dead2\addons\sourcemod\scripting\l4d2_player_time.sp::HTTPResponse_GetOwnedGames
L 09/12/2026 - 20:36:22: SourceMod error session started
L 09/12/2026 - 20:36:22: Info (map "c2m1_highway") (file "/home/kaine/Steam/steamapps/common/ZonemodVersus/left4dead2/addons/sourcemod/logs/errors_20260912.log")
L 09/12/2026 - 20:36:22: [SM] Failed to load plugin "nextmap.smx": Nextmap is incompatible with this game.
L 09/12/2026 - 20:36:25: [SM] Error parsing gameconfig file "/home/kaine/Steam/steamapps/common/ZonemodVersus/left4dead2/addons/sourcemod/gamedata/custom_fakelag.games.txt":
L 09/12/2026 - 20:36:25: [SM] Error 1 on line 0, col 0: Stream failed to open
L 09/12/2026 - 20:36:25: [SM] Unable to load extension "custom_fakelag.ext": Could not read custom_fakelag.games: File could not be opened: No such file or directory
L 09/12/2026 - 20:36:28: Error log file session closed.
L 09/12/2026 - 20:36:47: SourceMod error session started
L 09/12/2026 - 20:36:47: Info (map "c2m1_highway") (file "/home/kaine/Steam/steamapps/common/ZonemodVersus/left4dead2/addons/sourcemod/logs/errors_20260912.log")
L 09/12/2026 - 20:36:47: [optional/l4d2_player_time.smx] Failed to retrieve response (GetUserStatsForGame) - HTTPStatus: 400
L 09/12/2026 - 20:37:33: [SM] Exception reported: Could not retrieve value for key 'playtime_2weeks'
L 09/12/2026 - 20:37:33: [SM] Blaming: optional/l4d2_player_time.smx
L 09/12/2026 - 20:37:33: [SM] Call stack trace:
L 09/12/2026 - 20:37:33: [SM]   [0] JSONObject.GetInt
L 09/12/2026 - 20:37:33: [SM]   [1] Line 154, D:\‰Ø¿¿∆˜œ¬‘ÿ\CompetitiveWithAnne-2024-02-25-nomysql\CompetitiveWithAnne-2024-02-25\left4dead2\addons\sourcemod\scripting\l4d2_player_time.sp::HTTPResponse_GetOwnedGames
L 09/12/2026 - 20:37:56: [optional/l4d2_player_time.smx] Failed to retrieve response (GetUserStatsForGame) - HTTPStatus: 400
L 09/12/2026 - 20:38:07: [SM] Exception reported: Could not retrieve value for key 'playtime_2weeks'
L 09/12/2026 - 20:38:07: [SM] Blaming: optional/l4d2_player_time.smx
L 09/12/2026 - 20:38:07: [SM] Call stack trace:
L 09/12/2026 - 20:38:07: [SM]   [0] JSONObject.GetInt
L 09/12/2026 - 20:38:07: [SM]   [1] Line 154, D:\‰Ø¿¿∆˜œ¬‘ÿ\CompetitiveWithAnne-2024-02-25-nomysql\CompetitiveWithAnne-2024-02-25\left4dead2\addons\sourcemod\scripting\l4d2_player_time.sp::HTTPResponse_GetOwnedGames
L 09/12/2026 - 20:41:57: [SM] Exception reported: Client index 0 is invalid
L 09/12/2026 - 20:41:57: [SM] Blaming: optional/readyup.smx
L 09/12/2026 - 20:41:57: [SM] Call stack trace:
L 09/12/2026 - 20:41:57: [SM]   [0] IsClientInGame
L 09/12/2026 - 20:41:57: [SM]   [1] Line 101, readyup\player.inc::IsPlayer
L 09/12/2026 - 20:41:57: [SM]   [2] Line 63, readyup\player.inc::SetButtonTime
L 09/12/2026 - 20:41:57: [SM]   [3] Line 395, readyup.sp::OnClientSayCommand
L 09/12/2026 - 20:42:31: [optional/l4d2_player_time.smx] Failed to retrieve response (GetUserStatsForGame) - HTTPStatus: 400
L 09/12/2026 - 20:43:47: [optional/l4d2_player_time.smx] Failed to retrieve response (GetUserStatsForGame) - HTTPStatus: 400
L 09/12/2026 - 20:43:56: [SM] Exception reported: Language phrase "" not found (arg 4)
L 09/12/2026 - 20:43:56: [SM] Blaming: l4d2_skill_detect.smx
L 09/12/2026 - 20:43:56: [SM] Call stack trace:
L 09/12/2026 - 20:43:56: [SM]   [0] VFormat
L 09/12/2026 - 20:43:56: [SM]   [1] Line 103, D:\Github\Private-Work\Source-Êèí‰ª∂\scripting_1.12\include\multicolors.inc::CPrintToChatAll
L 09/12/2026 - 20:43:56: [SM]   [2] Line 3309, d:\Github\Private-Work\Source-Êèí‰ª∂\scripting_l4d2\l4d2_skill_detect.sp::HandleSkeet
L 09/12/2026 - 20:43:56: [SM]   [3] Line 1390, d:\Github\Private-Work\Source-Êèí‰ª∂\scripting_l4d2\l4d2_skill_detect.sp::Event_PlayerDeath_Pre
L 09/12/2026 - 20:44:01: [SM] Exception reported: Language phrase "Tag+" not found (arg 4)
L 09/12/2026 - 20:44:01: [SM] Blaming: optional/l4d2_skill_detect.smx
L 09/12/2026 - 20:44:01: [SM] Call stack trace:
L 09/12/2026 - 20:44:01: [SM]   [0] VFormat
L 09/12/2026 - 20:44:01: [SM]   [1] Line 141, addons\sourcemod\scripting\include\colors.inc::CPrintToChat
L 09/12/2026 - 20:44:01: [SM]   [2] Line 421, addons\sourcemod\scripting\l4d2_skill_detect\report.sp::HandleBHopStreak
L 09/12/2026 - 20:44:01: [SM]   [3] Line 721, addons\sourcemod\scripting\l4d2_skill_detect\tracking.sp::Timer_CheckHopStreak
L 09/12/2026 - 20:44:02: [SM] Exception reported: Language phrase "Tag+" not found (arg 4)
L 09/12/2026 - 20:44:02: [SM] Blaming: optional/l4d2_skill_detect.smx
L 09/12/2026 - 20:44:02: [SM] Call stack trace:
L 09/12/2026 - 20:44:02: [SM]   [0] VFormat
L 09/12/2026 - 20:44:02: [SM]   [1] Line 141, addons\sourcemod\scripting\include\colors.inc::CPrintToChat
L 09/12/2026 - 20:44:02: [SM]   [2] Line 421, addons\sourcemod\scripting\l4d2_skill_detect\report.sp::HandleBHopStreak
L 09/12/2026 - 20:44:02: [SM]   [3] Line 666, addons\sourcemod\scripting\l4d2_skill_detect\tracking.sp::Event_PlayerJumped
L 09/12/2026 - 20:44:04: [optional/l4d2_player_time.smx] Failed to retrieve response (GetUserStatsForGame) - HTTPStatus: 400
L 09/12/2026 - 20:44:24: [SM] Exception reported: Could not retrieve value for key 'playtime_2weeks'
L 09/12/2026 - 20:44:24: [SM] Blaming: optional/l4d2_player_time.smx
L 09/12/2026 - 20:44:24: [SM] Call stack trace:
L 09/12/2026 - 20:44:24: [SM]   [0] JSONObject.GetInt
L 09/12/2026 - 20:44:24: [SM]   [1] Line 154, D:\‰Ø¿¿∆˜œ¬‘ÿ\CompetitiveWithAnne-2024-02-25-nomysql\CompetitiveWithAnne-2024-02-25\left4dead2\addons\sourcemod\scripting\l4d2_player_time.sp::HTTPResponse_GetOwnedGames
L 09/12/2026 - 20:44:51: [SM] Exception reported: Language phrase "Tag+" not found (arg 4)
L 09/12/2026 - 20:44:51: [SM] Blaming: optional/l4d2_skill_detect.smx
L 09/12/2026 - 20:44:51: [SM] Call stack trace:
L 09/12/2026 - 20:44:51: [SM]   [0] VFormat
L 09/12/2026 - 20:44:51: [SM]   [1] Line 141, addons\sourcemod\scripting\include\colors.inc::CPrintToChat
L 09/12/2026 - 20:44:51: [SM]   [2] Line 421, addons\sourcemod\scripting\l4d2_skill_detect\report.sp::HandleBHopStreak
L 09/12/2026 - 20:44:51: [SM]   [3] Line 721, addons\sourcemod\scripting\l4d2_skill_detect\tracking.sp::Timer_CheckHopStreak
L 09/12/2026 - 20:45:48: [SM] Exception reported: Language phrase "Tag+" not found (arg 4)
L 09/12/2026 - 20:45:48: [SM] Blaming: optional/l4d2_skill_detect.smx
L 09/12/2026 - 20:45:48: [SM] Call stack trace:
L 09/12/2026 - 20:45:48: [SM]   [0] VFormat
L 09/12/2026 - 20:45:48: [SM]   [1] Line 141, addons\sourcemod\scripting\include\colors.inc::CPrintToChat
L 09/12/2026 - 20:45:48: [SM]   [2] Line 421, addons\sourcemod\scripting\l4d2_skill_detect\report.sp::HandleBHopStreak
L 09/12/2026 - 20:45:48: [SM]   [3] Line 721, addons\sourcemod\scripting\l4d2_skill_detect\tracking.sp::Timer_CheckHopStreak
L 09/12/2026 - 20:45:50: [SM] Exception reported: Language phrase "Tag+" not found (arg 4)
L 09/12/2026 - 20:45:50: [SM] Blaming: optional/l4d2_skill_detect.smx
L 09/12/2026 - 20:45:50: [SM] Call stack trace:
L 09/12/2026 - 20:45:50: [SM]   [0] VFormat
L 09/12/2026 - 20:45:50: [SM]   [1] Line 141, addons\sourcemod\scripting\include\colors.inc::CPrintToChat
L 09/12/2026 - 20:45:50: [SM]   [2] Line 421, addons\sourcemod\scripting\l4d2_skill_detect\report.sp::HandleBHopStreak
L 09/12/2026 - 20:45:50: [SM]   [3] Line 666, addons\sourcemod\scripting\l4d2_skill_detect\tracking.sp::Event_PlayerJumped
L 09/12/2026 - 20:47:06: [optional/l4d2_player_time.smx] Failed to retrieve response (GetUserStatsForGame) - HTTPStatus: 400
L 09/12/2026 - 20:49:47: [optional/l4d2_player_time.smx] Failed to retrieve response (GetUserStatsForGame) - HTTPStatus: 400
L 09/12/2026 - 20:50:07: [SM] Exception reported: Language phrase "Tag+" not found (arg 3)
L 09/12/2026 - 20:50:07: [SM] Blaming: optional/l4d2_skill_detect.smx
L 09/12/2026 - 20:50:07: [SM] Call stack trace:
L 09/12/2026 - 20:50:07: [SM]   [0] VFormat
L 09/12/2026 - 20:50:07: [SM]   [1] Line 248, addons\sourcemod\scripting\include\colors.inc::CPrintToChatAll
L 09/12/2026 - 20:50:07: [SM]   [2] Line 289, addons\sourcemod\scripting\l4d2_skill_detect\report.sp::HandleRockSkeeted
L 09/12/2026 - 20:50:07: [SM]   [3] Line 1131, addons\sourcemod\scripting\l4d2_skill_detect\tracking.sp::Timer_CheckRockSkeet
L 09/12/2026 - 20:51:29: [optional/l4d2_player_time.smx] Failed to retrieve response (GetUserStatsForGame) - HTTPStatus: 400
L 09/12/2026 - 20:54:18: [optional/l4d2_player_time.smx] Failed to retrieve response (GetUserStatsForGame) - HTTPStatus: 400
L 09/12/2026 - 20:58:40: [SM] Exception reported: Language phrase "Tag+" not found (arg 3)
L 09/12/2026 - 20:58:40: [SM] Blaming: optional/l4d2_skill_detect.smx
L 09/12/2026 - 20:58:40: [SM] Call stack trace:
L 09/12/2026 - 20:58:40: [SM]   [0] VFormat
L 09/12/2026 - 20:58:40: [SM]   [1] Line 248, addons\sourcemod\scripting\include\colors.inc::CPrintToChatAll
L 09/12/2026 - 20:58:40: [SM]   [2] Line 383, addons\sourcemod\scripting\l4d2_skill_detect\report.sp::HandleClear
L 09/12/2026 - 20:58:40: [SM]   [3] Line 428, addons\sourcemod\scripting\l4d2_skill_detect\tracking.sp::Event_PlayerDeath
L 09/12/2026 - 20:58:45: [SM] Exception reported: Language phrase "Tag+" not found (arg 3)
L 09/12/2026 - 20:58:45: [SM] Blaming: optional/l4d2_skill_detect.smx
L 09/12/2026 - 20:58:45: [SM] Call stack trace:
L 09/12/2026 - 20:58:45: [SM]   [0] VFormat
L 09/12/2026 - 20:58:45: [SM]   [1] Line 248, addons\sourcemod\scripting\include\colors.inc::CPrintToChatAll
L 09/12/2026 - 20:58:45: [SM]   [2] Line 383, addons\sourcemod\scripting\l4d2_skill_detect\report.sp::HandleClear
L 09/12/2026 - 20:58:45: [SM]   [3] Line 452, addons\sourcemod\scripting\l4d2_skill_detect\tracking.sp::Event_PlayerDeath
L 09/12/2026 - 21:00:36: [SM] Exception reported: Language phrase "Tag+" not found (arg 3)
L 09/12/2026 - 21:00:36: [SM] Blaming: optional/l4d2_skill_detect.smx
L 09/12/2026 - 21:00:36: [SM] Call stack trace:
L 09/12/2026 - 21:00:36: [SM]   [0] VFormat
L 09/12/2026 - 21:00:36: [SM]   [1] Line 248, addons\sourcemod\scripting\include\colors.inc::CPrintToChatAll
L 09/12/2026 - 21:00:36: [SM]   [2] Line 383, addons\sourcemod\scripting\l4d2_skill_detect\report.sp::HandleClear
L 09/12/2026 - 21:00:36: [SM]   [3] Line 428, addons\sourcemod\scripting\l4d2_skill_detect\tracking.sp::Event_PlayerDeath
L 09/12/2026 - 21:01:24: [SM] Exception reported: Language phrase "Tag+" not found (arg 3)
L 09/12/2026 - 21:01:24: [SM] Blaming: optional/l4d2_skill_detect.smx
L 09/12/2026 - 21:01:24: [SM] Call stack trace:
L 09/12/2026 - 21:01:24: [SM]   [0] VFormat
L 09/12/2026 - 21:01:24: [SM]   [1] Line 248, addons\sourcemod\scripting\include\colors.inc::CPrintToChatAll
L 09/12/2026 - 21:01:24: [SM]   [2] Line 289, addons\sourcemod\scripting\l4d2_skill_detect\report.sp::HandleRockSkeeted
L 09/12/2026 - 21:01:24: [SM]   [3] Line 1131, addons\sourcemod\scripting\l4d2_skill_detect\tracking.sp::Timer_CheckRockSkeet
L 09/12/2026 - 21:01:31: [SM] Exception reported: Language phrase "Tag+" not found (arg 3)
L 09/12/2026 - 21:01:31: [SM] Blaming: optional/l4d2_skill_detect.smx
L 09/12/2026 - 21:01:31: [SM] Call stack trace:
L 09/12/2026 - 21:01:31: [SM]   [0] VFormat
L 09/12/2026 - 21:01:31: [SM]   [1] Line 248, addons\sourcemod\scripting\include\colors.inc::CPrintToChatAll
L 09/12/2026 - 21:01:31: [SM]   [2] Line 289, addons\sourcemod\scripting\l4d2_skill_detect\report.sp::HandleRockSkeeted
L 09/12/2026 - 21:01:31: [SM]   [3] Line 1131, addons\sourcemod\scripting\l4d2_skill_detect\tracking.sp::Timer_CheckRockSkeet
L 09/12/2026 - 21:03:01: Error log file session closed.
L 09/12/2026 - 21:05:09: SourceMod error session started
L 09/12/2026 - 21:05:09: Info (map "c2m2_fairgrounds") (file "/home/kaine/Steam/steamapps/common/ZonemodVersus/left4dead2/addons/sourcemod/logs/errors_20260912.log")
L 09/12/2026 - 21:05:09: [optional/l4d2_player_time.smx] Failed to retrieve response (GetUserStatsForGame) - HTTPStatus: 400
L 09/12/2026 - 21:08:58: [SM] Exception reported: Language phrase "Tag+" not found (arg 3)
L 09/12/2026 - 21:08:58: [SM] Blaming: optional/l4d2_skill_detect.smx
L 09/12/2026 - 21:08:58: [SM] Call stack trace:
L 09/12/2026 - 21:08:58: [SM]   [0] VFormat
L 09/12/2026 - 21:08:58: [SM]   [1] Line 248, addons\sourcemod\scripting\include\colors.inc::CPrintToChatAll
L 09/12/2026 - 21:08:58: [SM]   [2] Line 383, addons\sourcemod\scripting\l4d2_skill_detect\report.sp::HandleClear
L 09/12/2026 - 21:08:58: [SM]   [3] Line 1496, addons\sourcemod\scripting\l4d2_skill_detect\tracking.sp::Event_TonguePullStopped
L 09/12/2026 - 21:10:53: [SM] Exception reported: Language phrase "Tag+" not found (arg 3)
L 09/12/2026 - 21:10:53: [SM] Blaming: optional/l4d2_skill_detect.smx
L 09/12/2026 - 21:10:53: [SM] Call stack trace:
L 09/12/2026 - 21:10:53: [SM]   [0] VFormat
L 09/12/2026 - 21:10:53: [SM]   [1] Line 248, addons\sourcemod\scripting\include\colors.inc::CPrintToChatAll
L 09/12/2026 - 21:10:53: [SM]   [2] Line 383, addons\sourcemod\scripting\l4d2_skill_detect\report.sp::HandleClear
L 09/12/2026 - 21:10:53: [SM]   [3] Line 1496, addons\sourcemod\scripting\l4d2_skill_detect\tracking.sp::Event_TonguePullStopped
L 09/12/2026 - 21:16:27: Error log file session closed.
L 09/12/2026 - 21:17:44: SourceMod error session started
L 09/12/2026 - 21:17:44: Info (map "c2m3_coaster") (file "/home/kaine/Steam/steamapps/common/ZonemodVersus/left4dead2/addons/sourcemod/logs/errors_20260912.log")
L 09/12/2026 - 21:17:44: [optional/l4d2_player_time.smx] Failed to retrieve response (GetUserStatsForGame) - HTTPStatus: 400
L 09/12/2026 - 21:21:03: [SM] Exception reported: Language phrase "Tag+" not found (arg 3)
L 09/12/2026 - 21:21:03: [SM] Blaming: optional/l4d2_skill_detect.smx
L 09/12/2026 - 21:21:03: [SM] Call stack trace:
L 09/12/2026 - 21:21:03: [SM]   [0] VFormat
L 09/12/2026 - 21:21:03: [SM]   [1] Line 248, addons\sourcemod\scripting\include\colors.inc::CPrintToChatAll
L 09/12/2026 - 21:21:03: [SM]   [2] Line 383, addons\sourcemod\scripting\l4d2_skill_detect\report.sp::HandleClear
L 09/12/2026 - 21:21:03: [SM]   [3] Line 428, addons\sourcemod\scripting\l4d2_skill_detect\tracking.sp::Event_PlayerDeath
L 09/12/2026 - 21:23:14: [SM] Exception reported: Language phrase "Tag+" not found (arg 3)
L 09/12/2026 - 21:23:14: [SM] Blaming: optional/l4d2_skill_detect.smx
L 09/12/2026 - 21:23:14: [SM] Call stack trace:
L 09/12/2026 - 21:23:14: [SM]   [0] VFormat
L 09/12/2026 - 21:23:14: [SM]   [1] Line 248, addons\sourcemod\scripting\include\colors.inc::CPrintToChatAll
L 09/12/2026 - 21:23:14: [SM]   [2] Line 289, addons\sourcemod\scripting\l4d2_skill_detect\report.sp::HandleRockSkeeted
L 09/12/2026 - 21:23:14: [SM]   [3] Line 1131, addons\sourcemod\scripting\l4d2_skill_detect\tracking.sp::Timer_CheckRockSkeet
L 09/12/2026 - 21:24:53: [SM] Exception reported: Language phrase "Tag+" not found (arg 3)
L 09/12/2026 - 21:24:53: [SM] Blaming: optional/l4d2_skill_detect.smx
L 09/12/2026 - 21:24:53: [SM] Call stack trace:
L 09/12/2026 - 21:24:53: [SM]   [0] VFormat
L 09/12/2026 - 21:24:53: [SM]   [1] Line 248, addons\sourcemod\scripting\include\colors.inc::CPrintToChatAll
L 09/12/2026 - 21:24:53: [SM]   [2] Line 289, addons\sourcemod\scripting\l4d2_skill_detect\report.sp::HandleRockSkeeted
L 09/12/2026 - 21:24:53: [SM]   [3] Line 1131, addons\sourcemod\scripting\l4d2_skill_detect\tracking.sp::Timer_CheckRockSkeet
L 09/12/2026 - 21:25:12: [SM] Exception reported: Language phrase "Tag+" not found (arg 3)
L 09/12/2026 - 21:25:12: [SM] Blaming: optional/l4d2_skill_detect.smx
L 09/12/2026 - 21:25:12: [SM] Call stack trace:
L 09/12/2026 - 21:25:12: [SM]   [0] VFormat
L 09/12/2026 - 21:25:12: [SM]   [1] Line 248, addons\sourcemod\scripting\include\colors.inc::CPrintToChatAll
L 09/12/2026 - 21:25:12: [SM]   [2] Line 289, addons\sourcemod\scripting\l4d2_skill_detect\report.sp::HandleRockSkeeted
L 09/12/2026 - 21:25:12: [SM]   [3] Line 1131, addons\sourcemod\scripting\l4d2_skill_detect\tracking.sp::Timer_CheckRockSkeet
L 09/12/2026 - 21:33:10: Error log file session closed.
L 09/12/2026 - 21:34:27: SourceMod error session started
L 09/12/2026 - 21:34:27: Info (map "c2m4_barns") (file "/home/kaine/Steam/steamapps/common/ZonemodVersus/left4dead2/addons/sourcemod/logs/errors_20260912.log")
L 09/12/2026 - 21:34:27: [optional/l4d2_player_time.smx] Failed to retrieve response (GetUserStatsForGame) - HTTPStatus: 400
L 09/12/2026 - 21:42:24: [SM] Exception reported: Language phrase "Tag+" not found (arg 3)
L 09/12/2026 - 21:42:24: [SM] Blaming: optional/l4d2_skill_detect.smx
L 09/12/2026 - 21:42:24: [SM] Call stack trace:
L 09/12/2026 - 21:42:24: [SM]   [0] VFormat
L 09/12/2026 - 21:42:24: [SM]   [1] Line 248, addons\sourcemod\scripting\include\colors.inc::CPrintToChatAll
L 09/12/2026 - 21:42:24: [SM]   [2] Line 383, addons\sourcemod\scripting\l4d2_skill_detect\report.sp::HandleClear
L 09/12/2026 - 21:42:24: [SM]   [3] Line 452, addons\sourcemod\scripting\l4d2_skill_detect\tracking.sp::Event_PlayerDeath
L 09/12/2026 - 21:48:43: Error log file session closed.
L 09/12/2026 - 21:53:55: SourceMod error session started
L 09/12/2026 - 21:53:55: Info (map "l4d2_daybreak01_hotel") (file "/home/kaine/Steam/steamapps/common/ZonemodVersus/left4dead2/addons/sourcemod/logs/errors_20260912.log")
L 09/12/2026 - 21:53:55: [SM] Exception reported: Client index 0 is invalid
L 09/12/2026 - 21:53:55: [SM] Blaming: optional/readyup.smx
L 09/12/2026 - 21:53:55: [SM] Call stack trace:
L 09/12/2026 - 21:53:55: [SM]   [0] IsClientInGame
L 09/12/2026 - 21:53:55: [SM]   [1] Line 101, readyup\player.inc::IsPlayer
L 09/12/2026 - 21:53:55: [SM]   [2] Line 63, readyup\player.inc::SetButtonTime
L 09/12/2026 - 21:53:55: [SM]   [3] Line 395, readyup.sp::OnClientSayCommand
L 09/12/2026 - 21:54:27: [SM] Exception reported: Client index 0 is invalid
L 09/12/2026 - 21:54:27: [SM] Blaming: optional/readyup.smx
L 09/12/2026 - 21:54:27: [SM] Call stack trace:
L 09/12/2026 - 21:54:27: [SM]   [0] IsClientInGame
L 09/12/2026 - 21:54:27: [SM]   [1] Line 101, readyup\player.inc::IsPlayer
L 09/12/2026 - 21:54:27: [SM]   [2] Line 63, readyup\player.inc::SetButtonTime
L 09/12/2026 - 21:54:27: [SM]   [3] Line 395, readyup.sp::OnClientSayCommand
L 09/12/2026 - 21:56:15: [optional/l4d2_player_time.smx] Failed to retrieve response (GetUserStatsForGame) - HTTPStatus: 400
L 09/12/2026 - 22:05:57: [SM] Exception reported: Language phrase "Tag+" not found (arg 3)
L 09/12/2026 - 22:05:57: [SM] Blaming: optional/l4d2_skill_detect.smx
L 09/12/2026 - 22:05:57: [SM] Call stack trace:
L 09/12/2026 - 22:05:57: [SM]   [0] VFormat
L 09/12/2026 - 22:05:57: [SM]   [1] Line 248, addons\sourcemod\scripting\include\colors.inc::CPrintToChatAll
L 09/12/2026 - 22:05:57: [SM]   [2] Line 383, addons\sourcemod\scripting\l4d2_skill_detect\report.sp::HandleClear
L 09/12/2026 - 22:05:57: [SM]   [3] Line 428, addons\sourcemod\scripting\l4d2_skill_detect\tracking.sp::Event_PlayerDeath
L 09/12/2026 - 22:08:24: [SM] Exception reported: Language phrase "Tag+" not found (arg 3)
L 09/12/2026 - 22:08:24: [SM] Blaming: optional/l4d2_skill_detect.smx
L 09/12/2026 - 22:08:24: [SM] Call stack trace:
L 09/12/2026 - 22:08:24: [SM]   [0] VFormat
L 09/12/2026 - 22:08:24: [SM]   [1] Line 248, addons\sourcemod\scripting\include\colors.inc::CPrintToChatAll
L 09/12/2026 - 22:08:24: [SM]   [2] Line 289, addons\sourcemod\scripting\l4d2_skill_detect\report.sp::HandleRockSkeeted
L 09/12/2026 - 22:08:24: [SM]   [3] Line 1131, addons\sourcemod\scripting\l4d2_skill_detect\tracking.sp::Timer_CheckRockSkeet
L 09/12/2026 - 22:09:08: [SM] Exception reported: Language phrase "Tag+" not found (arg 3)
L 09/12/2026 - 22:09:08: [SM] Blaming: optional/l4d2_skill_detect.smx
L 09/12/2026 - 22:09:08: [SM] Call stack trace:
L 09/12/2026 - 22:09:08: [SM]   [0] VFormat
L 09/12/2026 - 22:09:08: [SM]   [1] Line 248, addons\sourcemod\scripting\include\colors.inc::CPrintToChatAll
L 09/12/2026 - 22:09:08: [SM]   [2] Line 383, addons\sourcemod\scripting\l4d2_skill_detect\report.sp::HandleClear
L 09/12/2026 - 22:09:08: [SM]   [3] Line 464, addons\sourcemod\scripting\l4d2_skill_detect\tracking.sp::Event_PlayerDeath
L 09/12/2026 - 22:17:26: [SM] Exception reported: Language phrase "Tag+" not found (arg 3)
L 09/12/2026 - 22:17:26: [SM] Blaming: optional/l4d2_skill_detect.smx
L 09/12/2026 - 22:17:26: [SM] Call stack trace:
L 09/12/2026 - 22:17:26: [SM]   [0] VFormat
L 09/12/2026 - 22:17:26: [SM]   [1] Line 248, addons\sourcemod\scripting\include\colors.inc::CPrintToChatAll
L 09/12/2026 - 22:17:26: [SM]   [2] Line 289, addons\sourcemod\scripting\l4d2_skill_detect\report.sp::HandleRockSkeeted
L 09/12/2026 - 22:17:26: [SM]   [3] Line 1131, addons\sourcemod\scripting\l4d2_skill_detect\tracking.sp::Timer_CheckRockSkeet
L 09/12/2026 - 22:18:01: [SM] Exception reported: Language phrase "Tag+" not found (arg 3)
L 09/12/2026 - 22:18:01: [SM] Blaming: optional/l4d2_skill_detect.smx
L 09/12/2026 - 22:18:01: [SM] Call stack trace:
L 09/12/2026 - 22:18:01: [SM]   [0] VFormat
L 09/12/2026 - 22:18:01: [SM]   [1] Line 248, addons\sourcemod\scripting\include\colors.inc::CPrintToChatAll
L 09/12/2026 - 22:18:01: [SM]   [2] Line 289, addons\sourcemod\scripting\l4d2_skill_detect\report.sp::HandleRockSkeeted
L 09/12/2026 - 22:18:01: [SM]   [3] Line 1131, addons\sourcemod\scripting\l4d2_skill_detect\tracking.sp::Timer_CheckRockSkeet
L 09/12/2026 - 22:18:15: [SM] Exception reported: Language phrase "Tag+" not found (arg 3)
L 09/12/2026 - 22:18:15: [SM] Blaming: optional/l4d2_skill_detect.smx
L 09/12/2026 - 22:18:15: [SM] Call stack trace:
L 09/12/2026 - 22:18:15: [SM]   [0] VFormat
L 09/12/2026 - 22:18:15: [SM]   [1] Line 248, addons\sourcemod\scripting\include\colors.inc::CPrintToChatAll
L 09/12/2026 - 22:18:15: [SM]   [2] Line 289, addons\sourcemod\scripting\l4d2_skill_detect\report.sp::HandleRockSkeeted
L 09/12/2026 - 22:18:15: [SM]   [3] Line 1131, addons\sourcemod\scripting\l4d2_skill_detect\tracking.sp::Timer_CheckRockSkeet
L 09/12/2026 - 22:18:21: [SM] Exception reported: Language phrase "Tag+" not found (arg 3)
L 09/12/2026 - 22:18:21: [SM] Blaming: optional/l4d2_skill_detect.smx
L 09/12/2026 - 22:18:21: [SM] Call stack trace:
L 09/12/2026 - 22:18:21: [SM]   [0] VFormat
L 09/12/2026 - 22:18:21: [SM]   [1] Line 248, addons\sourcemod\scripting\include\colors.inc::CPrintToChatAll
L 09/12/2026 - 22:18:21: [SM]   [2] Line 289, addons\sourcemod\scripting\l4d2_skill_detect\report.sp::HandleRockSkeeted
L 09/12/2026 - 22:18:21: [SM]   [3] Line 1131, addons\sourcemod\scripting\l4d2_skill_detect\tracking.sp::Timer_CheckRockSkeet
L 09/12/2026 - 22:18:28: [SM] Exception reported: Language phrase "Tag+" not found (arg 3)
L 09/12/2026 - 22:18:28: [SM] Blaming: optional/l4d2_skill_detect.smx
L 09/12/2026 - 22:18:28: [SM] Call stack trace:
L 09/12/2026 - 22:18:28: [SM]   [0] VFormat
L 09/12/2026 - 22:18:28: [SM]   [1] Line 248, addons\sourcemod\scripting\include\colors.inc::CPrintToChatAll
L 09/12/2026 - 22:18:28: [SM]   [2] Line 289, addons\sourcemod\scripting\l4d2_skill_detect\report.sp::HandleRockSkeeted
L 09/12/2026 - 22:18:28: [SM]   [3] Line 1131, addons\sourcemod\scripting\l4d2_skill_detect\tracking.sp::Timer_CheckRockSkeet
L 09/12/2026 - 22:18:34: [SM] Exception reported: Language phrase "Tag+" not found (arg 3)
L 09/12/2026 - 22:18:34: [SM] Blaming: optional/l4d2_skill_detect.smx
L 09/12/2026 - 22:18:34: [SM] Call stack trace:
L 09/12/2026 - 22:18:34: [SM]   [0] VFormat
L 09/12/2026 - 22:18:34: [SM]   [1] Line 248, addons\sourcemod\scripting\include\colors.inc::CPrintToChatAll
L 09/12/2026 - 22:18:34: [SM]   [2] Line 289, addons\sourcemod\scripting\l4d2_skill_detect\report.sp::HandleRockSkeeted
L 09/12/2026 - 22:18:34: [SM]   [3] Line 1131, addons\sourcemod\scripting\l4d2_skill_detect\tracking.sp::Timer_CheckRockSkeet
L 09/12/2026 - 22:18:39: [SM] Exception reported: Language phrase "Tag+" not found (arg 3)
L 09/12/2026 - 22:18:39: [SM] Blaming: optional/l4d2_skill_detect.smx
L 09/12/2026 - 22:18:39: [SM] Call stack trace:
L 09/12/2026 - 22:18:39: [SM]   [0] VFormat
L 09/12/2026 - 22:18:39: [SM]   [1] Line 248, addons\sourcemod\scripting\include\colors.inc::CPrintToChatAll
L 09/12/2026 - 22:18:39: [SM]   [2] Line 289, addons\sourcemod\scripting\l4d2_skill_detect\report.sp::HandleRockSkeeted
L 09/12/2026 - 22:18:39: [SM]   [3] Line 1131, addons\sourcemod\scripting\l4d2_skill_detect\tracking.sp::Timer_CheckRockSkeet
L 09/12/2026 - 22:18:52: [SM] Exception reported: Language phrase "Tag+" not found (arg 3)
L 09/12/2026 - 22:18:52: [SM] Blaming: optional/l4d2_skill_detect.smx
L 09/12/2026 - 22:18:52: [SM] Call stack trace:
L 09/12/2026 - 22:18:52: [SM]   [0] VFormat
L 09/12/2026 - 22:18:52: [SM]   [1] Line 248, addons\sourcemod\scripting\include\colors.inc::CPrintToChatAll
L 09/12/2026 - 22:18:52: [SM]   [2] Line 289, addons\sourcemod\scripting\l4d2_skill_detect\report.sp::HandleRockSkeeted
L 09/12/2026 - 22:18:52: [SM]   [3] Line 1131, addons\sourcemod\scripting\l4d2_skill_detect\tracking.sp::Timer_CheckRockSkeet
L 09/12/2026 - 22:18:58: [SM] Exception reported: Language phrase "Tag+" not found (arg 3)
L 09/12/2026 - 22:18:58: [SM] Blaming: optional/l4d2_skill_detect.smx
L 09/12/2026 - 22:18:58: [SM] Call stack trace:
L 09/12/2026 - 22:18:58: [SM]   [0] VFormat
L 09/12/2026 - 22:18:58: [SM]   [1] Line 248, addons\sourcemod\scripting\include\colors.inc::CPrintToChatAll
L 09/12/2026 - 22:18:58: [SM]   [2] Line 289, addons\sourcemod\scripting\l4d2_skill_detect\report.sp::HandleRockSkeeted
L 09/12/2026 - 22:18:58: [SM]   [3] Line 1131, addons\sourcemod\scripting\l4d2_skill_detect\tracking.sp::Timer_CheckRockSkeet
L 09/12/2026 - 22:19:11: [SM] Exception reported: Language phrase "Tag+" not found (arg 3)
L 09/12/2026 - 22:19:11: [SM] Blaming: optional/l4d2_skill_detect.smx
L 09/12/2026 - 22:19:11: [SM] Call stack trace:
L 09/12/2026 - 22:19:11: [SM]   [0] VFormat
L 09/12/2026 - 22:19:11: [SM]   [1] Line 248, addons\sourcemod\scripting\include\colors.inc::CPrintToChatAll
L 09/12/2026 - 22:19:11: [SM]   [2] Line 289, addons\sourcemod\scripting\l4d2_skill_detect\report.sp::HandleRockSkeeted
L 09/12/2026 - 22:19:11: [SM]   [3] Line 1131, addons\sourcemod\scripting\l4d2_skill_detect\tracking.sp::Timer_CheckRockSkeet
L 09/12/2026 - 22:19:17: [SM] Exception reported: Language phrase "Tag+" not found (arg 3)
L 09/12/2026 - 22:19:17: [SM] Blaming: optional/l4d2_skill_detect.smx
L 09/12/2026 - 22:19:17: [SM] Call stack trace:
L 09/12/2026 - 22:19:17: [SM]   [0] VFormat
L 09/12/2026 - 22:19:17: [SM]   [1] Line 248, addons\sourcemod\scripting\include\colors.inc::CPrintToChatAll
L 09/12/2026 - 22:19:17: [SM]   [2] Line 289, addons\sourcemod\scripting\l4d2_skill_detect\report.sp::HandleRockSkeeted
L 09/12/2026 - 22:19:17: [SM]   [3] Line 1131, addons\sourcemod\scripting\l4d2_skill_detect\tracking.sp::Timer_CheckRockSkeet
L 09/12/2026 - 22:19:39: [SM] Exception reported: Language phrase "Tag+" not found (arg 3)
L 09/12/2026 - 22:19:39: [SM] Blaming: optional/l4d2_skill_detect.smx
L 09/12/2026 - 22:19:39: [SM] Call stack trace:
L 09/12/2026 - 22:19:39: [SM]   [0] VFormat
L 09/12/2026 - 22:19:39: [SM]   [1] Line 248, addons\sourcemod\scripting\include\colors.inc::CPrintToChatAll
L 09/12/2026 - 22:19:39: [SM]   [2] Line 289, addons\sourcemod\scripting\l4d2_skill_detect\report.sp::HandleRockSkeeted
L 09/12/2026 - 22:19:39: [SM]   [3] Line 1131, addons\sourcemod\scripting\l4d2_skill_detect\tracking.sp::Timer_CheckRockSkeet
L 09/12/2026 - 22:19:51: [SM] Exception reported: Language phrase "Tag+" not found (arg 3)
L 09/12/2026 - 22:19:51: [SM] Blaming: optional/l4d2_skill_detect.smx
L 09/12/2026 - 22:19:51: [SM] Call stack trace:
L 09/12/2026 - 22:19:51: [SM]   [0] VFormat
L 09/12/2026 - 22:19:51: [SM]   [1] Line 248, addons\sourcemod\scripting\include\colors.inc::CPrintToChatAll
L 09/12/2026 - 22:19:51: [SM]   [2] Line 289, addons\sourcemod\scripting\l4d2_skill_detect\report.sp::HandleRockSkeeted
L 09/12/2026 - 22:19:51: [SM]   [3] Line 1131, addons\sourcemod\scripting\l4d2_skill_detect\tracking.sp::Timer_CheckRockSkeet
L 09/12/2026 - 22:20:06: [SM] Exception reported: Language phrase "Tag+" not found (arg 3)
L 09/12/2026 - 22:20:06: [SM] Blaming: optional/l4d2_skill_detect.smx
L 09/12/2026 - 22:20:06: [SM] Call stack trace:
L 09/12/2026 - 22:20:06: [SM]   [0] VFormat
L 09/12/2026 - 22:20:06: [SM]   [1] Line 248, addons\sourcemod\scripting\include\colors.inc::CPrintToChatAll
L 09/12/2026 - 22:20:06: [SM]   [2] Line 289, addons\sourcemod\scripting\l4d2_skill_detect\report.sp::HandleRockSkeeted
L 09/12/2026 - 22:20:06: [SM]   [3] Line 1131, addons\sourcemod\scripting\l4d2_skill_detect\tracking.sp::Timer_CheckRockSkeet
L 09/12/2026 - 22:20:49: Error log file session closed.
L 09/12/2026 - 22:24:01: SourceMod error session started
L 09/12/2026 - 22:24:01: Info (map "l4d2_daybreak02_coastline") (file "/home/kaine/Steam/steamapps/common/ZonemodVersus/left4dead2/addons/sourcemod/logs/errors_20260912.log")
L 09/12/2026 - 22:24:01: [SM] Exception reported: Language phrase "Tag+" not found (arg 3)
L 09/12/2026 - 22:24:01: [SM] Blaming: optional/l4d2_skill_detect.smx
L 09/12/2026 - 22:24:01: [SM] Call stack trace:
L 09/12/2026 - 22:24:01: [SM]   [0] VFormat
L 09/12/2026 - 22:24:01: [SM]   [1] Line 248, addons\sourcemod\scripting\include\colors.inc::CPrintToChatAll
L 09/12/2026 - 22:24:01: [SM]   [2] Line 289, addons\sourcemod\scripting\l4d2_skill_detect\report.sp::HandleRockSkeeted
L 09/12/2026 - 22:24:01: [SM]   [3] Line 1131, addons\sourcemod\scripting\l4d2_skill_detect\tracking.sp::Timer_CheckRockSkeet
L 09/12/2026 - 22:24:19: [SM] Exception reported: Language phrase "Tag+" not found (arg 3)
L 09/12/2026 - 22:24:19: [SM] Blaming: optional/l4d2_skill_detect.smx
L 09/12/2026 - 22:24:19: [SM] Call stack trace:
L 09/12/2026 - 22:24:19: [SM]   [0] VFormat
L 09/12/2026 - 22:24:19: [SM]   [1] Line 248, addons\sourcemod\scripting\include\colors.inc::CPrintToChatAll
L 09/12/2026 - 22:24:19: [SM]   [2] Line 289, addons\sourcemod\scripting\l4d2_skill_detect\report.sp::HandleRockSkeeted
L 09/12/2026 - 22:24:19: [SM]   [3] Line 1131, addons\sourcemod\scripting\l4d2_skill_detect\tracking.sp::Timer_CheckRockSkeet
L 09/12/2026 - 22:24:26: [SM] Exception reported: Language phrase "Tag+" not found (arg 3)
L 09/12/2026 - 22:24:26: [SM] Blaming: optional/l4d2_skill_detect.smx
L 09/12/2026 - 22:24:26: [SM] Call stack trace:
L 09/12/2026 - 22:24:26: [SM]   [0] VFormat
L 09/12/2026 - 22:24:26: [SM]   [1] Line 248, addons\sourcemod\scripting\include\colors.inc::CPrintToChatAll
L 09/12/2026 - 22:24:26: [SM]   [2] Line 289, addons\sourcemod\scripting\l4d2_skill_detect\report.sp::HandleRockSkeeted
L 09/12/2026 - 22:24:26: [SM]   [3] Line 1131, addons\sourcemod\scripting\l4d2_skill_detect\tracking.sp::Timer_CheckRockSkeet
L 09/12/2026 - 22:24:51: [SM] Exception reported: Language phrase "Tag+" not found (arg 3)
L 09/12/2026 - 22:24:51: [SM] Blaming: optional/l4d2_skill_detect.smx
L 09/12/2026 - 22:24:51: [SM] Call stack trace:
L 09/12/2026 - 22:24:51: [SM]   [0] VFormat
L 09/12/2026 - 22:24:51: [SM]   [1] Line 248, addons\sourcemod\scripting\include\colors.inc::CPrintToChatAll
L 09/12/2026 - 22:24:51: [SM]   [2] Line 383, addons\sourcemod\scripting\l4d2_skill_detect\report.sp::HandleClear
L 09/12/2026 - 22:24:51: [SM]   [3] Line 428, addons\sourcemod\scripting\l4d2_skill_detect\tracking.sp::Event_PlayerDeath
L 09/12/2026 - 22:25:11: [SM] Exception reported: Language phrase "Tag+" not found (arg 3)
L 09/12/2026 - 22:25:11: [SM] Blaming: optional/l4d2_skill_detect.smx
L 09/12/2026 - 22:25:11: [SM] Call stack trace:
L 09/12/2026 - 22:25:11: [SM]   [0] VFormat
L 09/12/2026 - 22:25:11: [SM]   [1] Line 248, addons\sourcemod\scripting\include\colors.inc::CPrintToChatAll
L 09/12/2026 - 22:25:11: [SM]   [2] Line 383, addons\sourcemod\scripting\l4d2_skill_detect\report.sp::HandleClear
L 09/12/2026 - 22:25:11: [SM]   [3] Line 452, addons\sourcemod\scripting\l4d2_skill_detect\tracking.sp::Event_PlayerDeath
L 09/12/2026 - 22:30:17: [SM] Exception reported: Language phrase "Tag+" not found (arg 3)
L 09/12/2026 - 22:30:17: [SM] Blaming: optional/l4d2_skill_detect.smx
L 09/12/2026 - 22:30:17: [SM] Call stack trace:
L 09/12/2026 - 22:30:17: [SM]   [0] VFormat
L 09/12/2026 - 22:30:17: [SM]   [1] Line 248, addons\sourcemod\scripting\include\colors.inc::CPrintToChatAll
L 09/12/2026 - 22:30:17: [SM]   [2] Line 289, addons\sourcemod\scripting\l4d2_skill_detect\report.sp::HandleRockSkeeted
L 09/12/2026 - 22:30:17: [SM]   [3] Line 1131, addons\sourcemod\scripting\l4d2_skill_detect\tracking.sp::Timer_CheckRockSkeet
L 09/12/2026 - 22:30:23: [SM] Exception reported: Language phrase "Tag+" not found (arg 3)
L 09/12/2026 - 22:30:23: [SM] Blaming: optional/l4d2_skill_detect.smx
L 09/12/2026 - 22:30:23: [SM] Call stack trace:
L 09/12/2026 - 22:30:23: [SM]   [0] VFormat
L 09/12/2026 - 22:30:23: [SM]   [1] Line 248, addons\sourcemod\scripting\include\colors.inc::CPrintToChatAll
L 09/12/2026 - 22:30:23: [SM]   [2] Line 289, addons\sourcemod\scripting\l4d2_skill_detect\report.sp::HandleRockSkeeted
L 09/12/2026 - 22:30:23: [SM]   [3] Line 1131, addons\sourcemod\scripting\l4d2_skill_detect\tracking.sp::Timer_CheckRockSkeet
L 09/12/2026 - 22:30:35: [SM] Exception reported: Language phrase "Tag+" not found (arg 3)
L 09/12/2026 - 22:30:35: [SM] Blaming: optional/l4d2_skill_detect.smx
L 09/12/2026 - 22:30:35: [SM] Call stack trace:
L 09/12/2026 - 22:30:35: [SM]   [0] VFormat
L 09/12/2026 - 22:30:35: [SM]   [1] Line 248, addons\sourcemod\scripting\include\colors.inc::CPrintToChatAll
L 09/12/2026 - 22:30:35: [SM]   [2] Line 289, addons\sourcemod\scripting\l4d2_skill_detect\report.sp::HandleRockSkeeted
L 09/12/2026 - 22:30:35: [SM]   [3] Line 1131, addons\sourcemod\scripting\l4d2_skill_detect\tracking.sp::Timer_CheckRockSkeet
L 09/12/2026 - 22:31:12: [SM] Exception reported: Language phrase "Tag+" not found (arg 3)
L 09/12/2026 - 22:31:12: [SM] Blaming: optional/l4d2_skill_detect.smx
L 09/12/2026 - 22:31:12: [SM] Call stack trace:
L 09/12/2026 - 22:31:12: [SM]   [0] VFormat
L 09/12/2026 - 22:31:12: [SM]   [1] Line 248, addons\sourcemod\scripting\include\colors.inc::CPrintToChatAll
L 09/12/2026 - 22:31:12: [SM]   [2] Line 289, addons\sourcemod\scripting\l4d2_skill_detect\report.sp::HandleRockSkeeted
L 09/12/2026 - 22:31:12: [SM]   [3] Line 1131, addons\sourcemod\scripting\l4d2_skill_detect\tracking.sp::Timer_CheckRockSkeet
L 09/12/2026 - 22:31:27: [SM] Exception reported: Language phrase "Tag+" not found (arg 3)
L 09/12/2026 - 22:31:27: [SM] Blaming: optional/l4d2_skill_detect.smx
L 09/12/2026 - 22:31:27: [SM] Call stack trace:
L 09/12/2026 - 22:31:27: [SM]   [0] VFormat
L 09/12/2026 - 22:31:27: [SM]   [1] Line 248, addons\sourcemod\scripting\include\colors.inc::CPrintToChatAll
L 09/12/2026 - 22:31:27: [SM]   [2] Line 289, addons\sourcemod\scripting\l4d2_skill_detect\report.sp::HandleRockSkeeted
L 09/12/2026 - 22:31:27: [SM]   [3] Line 1131, addons\sourcemod\scripting\l4d2_skill_detect\tracking.sp::Timer_CheckRockSkeet
L 09/12/2026 - 22:32:02: [SM] Exception reported: Language phrase "Tag+" not found (arg 3)
L 09/12/2026 - 22:32:02: [SM] Blaming: optional/l4d2_skill_detect.smx
L 09/12/2026 - 22:32:02: [SM] Call stack trace:
L 09/12/2026 - 22:32:02: [SM]   [0] VFormat
L 09/12/2026 - 22:32:02: [SM]   [1] Line 248, addons\sourcemod\scripting\include\colors.inc::CPrintToChatAll
L 09/12/2026 - 22:32:02: [SM]   [2] Line 289, addons\sourcemod\scripting\l4d2_skill_detect\report.sp::HandleRockSkeeted
L 09/12/2026 - 22:32:02: [SM]   [3] Line 1131, addons\sourcemod\scripting\l4d2_skill_detect\tracking.sp::Timer_CheckRockSkeet
L 09/12/2026 - 22:33:05: Error log file session closed.
L 09/12/2026 - 22:37:06: SourceMod error session started
L 09/12/2026 - 22:37:06: Info (map "l4d2_daybreak03_bridge") (file "/home/kaine/Steam/steamapps/common/ZonemodVersus/left4dead2/addons/sourcemod/logs/errors_20260912.log")
L 09/12/2026 - 22:37:06: [SM] Exception reported: Language phrase "Tag+" not found (arg 3)
L 09/12/2026 - 22:37:06: [SM] Blaming: optional/l4d2_skill_detect.smx
L 09/12/2026 - 22:37:06: [SM] Call stack trace:
L 09/12/2026 - 22:37:06: [SM]   [0] VFormat
L 09/12/2026 - 22:37:06: [SM]   [1] Line 248, addons\sourcemod\scripting\include\colors.inc::CPrintToChatAll
L 09/12/2026 - 22:37:06: [SM]   [2] Line 51, addons\sourcemod\scripting\l4d2_skill_detect\report.sp::HandleLevelHurt
L 09/12/2026 - 22:37:06: [SM]   [3] Line 196, addons\sourcemod\scripting\l4d2_skill_detect\tracking.sp::Event_PlayerHurt
L 09/12/2026 - 22:37:06: [SM] Exception reported: Language phrase "Tag+" not found (arg 3)
L 09/12/2026 - 22:37:06: [SM] Blaming: optional/l4d2_skill_detect.smx
L 09/12/2026 - 22:37:06: [SM] Call stack trace:
L 09/12/2026 - 22:37:06: [SM]   [0] VFormat
L 09/12/2026 - 22:37:06: [SM]   [1] Line 248, addons\sourcemod\scripting\include\colors.inc::CPrintToChatAll
L 09/12/2026 - 22:37:06: [SM]   [2] Line 383, addons\sourcemod\scripting\l4d2_skill_detect\report.sp::HandleClear
L 09/12/2026 - 22:37:06: [SM]   [3] Line 464, addons\sourcemod\scripting\l4d2_skill_detect\tracking.sp::Event_PlayerDeath
L 09/12/2026 - 22:37:59: [SM] Exception reported: Language phrase "Tag+" not found (arg 3)
L 09/12/2026 - 22:37:59: [SM] Blaming: optional/l4d2_skill_detect.smx
L 09/12/2026 - 22:37:59: [SM] Call stack trace:
L 09/12/2026 - 22:37:59: [SM]   [0] VFormat
L 09/12/2026 - 22:37:59: [SM]   [1] Line 248, addons\sourcemod\scripting\include\colors.inc::CPrintToChatAll
L 09/12/2026 - 22:37:59: [SM]   [2] Line 289, addons\sourcemod\scripting\l4d2_skill_detect\report.sp::HandleRockSkeeted
L 09/12/2026 - 22:37:59: [SM]   [3] Line 1131, addons\sourcemod\scripting\l4d2_skill_detect\tracking.sp::Timer_CheckRockSkeet
L 09/12/2026 - 22:38:09: [SM] Exception reported: Language phrase "Tag+" not found (arg 3)
L 09/12/2026 - 22:38:09: [SM] Blaming: optional/l4d2_skill_detect.smx
L 09/12/2026 - 22:38:09: [SM] Call stack trace:
L 09/12/2026 - 22:38:09: [SM]   [0] VFormat
L 09/12/2026 - 22:38:09: [SM]   [1] Line 248, addons\sourcemod\scripting\include\colors.inc::CPrintToChatAll
L 09/12/2026 - 22:38:09: [SM]   [2] Line 289, addons\sourcemod\scripting\l4d2_skill_detect\report.sp::HandleRockSkeeted
L 09/12/2026 - 22:38:09: [SM]   [3] Line 1131, addons\sourcemod\scripting\l4d2_skill_detect\tracking.sp::Timer_CheckRockSkeet
L 09/12/2026 - 22:38:17: [SM] Exception reported: Language phrase "Tag+" not found (arg 3)
L 09/12/2026 - 22:38:17: [SM] Blaming: optional/l4d2_skill_detect.smx
L 09/12/2026 - 22:38:17: [SM] Call stack trace:
L 09/12/2026 - 22:38:17: [SM]   [0] VFormat
L 09/12/2026 - 22:38:17: [SM]   [1] Line 248, addons\sourcemod\scripting\include\colors.inc::CPrintToChatAll
L 09/12/2026 - 22:38:17: [SM]   [2] Line 289, addons\sourcemod\scripting\l4d2_skill_detect\report.sp::HandleRockSkeeted
L 09/12/2026 - 22:38:17: [SM]   [3] Line 1131, addons\sourcemod\scripting\l4d2_skill_detect\tracking.sp::Timer_CheckRockSkeet
L 09/12/2026 - 22:38:24: [SM] Exception reported: Language phrase "Tag+" not found (arg 3)
L 09/12/2026 - 22:38:24: [SM] Blaming: optional/l4d2_skill_detect.smx
L 09/12/2026 - 22:38:24: [SM] Call stack trace:
L 09/12/2026 - 22:38:24: [SM]   [0] VFormat
L 09/12/2026 - 22:38:24: [SM]   [1] Line 248, addons\sourcemod\scripting\include\colors.inc::CPrintToChatAll
L 09/12/2026 - 22:38:24: [SM]   [2] Line 289, addons\sourcemod\scripting\l4d2_skill_detect\report.sp::HandleRockSkeeted
L 09/12/2026 - 22:38:24: [SM]   [3] Line 1131, addons\sourcemod\scripting\l4d2_skill_detect\tracking.sp::Timer_CheckRockSkeet
L 09/12/2026 - 22:41:32: [SM] Exception reported: Language phrase "Tag++" not found (arg 3)
L 09/12/2026 - 22:41:32: [SM] Blaming: optional/l4d2_skill_detect.smx
L 09/12/2026 - 22:41:32: [SM] Call stack trace:
L 09/12/2026 - 22:41:32: [SM]   [0] VFormat
L 09/12/2026 - 22:41:32: [SM]   [1] Line 248, addons\sourcemod\scripting\include\colors.inc::CPrintToChatAll
L 09/12/2026 - 22:41:32: [SM]   [2] Line 305, addons\sourcemod\scripting\l4d2_skill_detect\report.sp::HandleHunterDP
L 09/12/2026 - 22:41:32: [SM]   [3] Line 600, addons\sourcemod\scripting\l4d2_skill_detect\tracking.sp::Timer_HunterDP
L 09/12/2026 - 22:49:32: [SM] Exception reported: Language phrase "Tag+" not found (arg 3)
L 09/12/2026 - 22:49:32: [SM] Blaming: optional/l4d2_skill_detect.smx
L 09/12/2026 - 22:49:32: [SM] Call stack trace:
L 09/12/2026 - 22:49:32: [SM]   [0] VFormat
L 09/12/2026 - 22:49:32: [SM]   [1] Line 248, addons\sourcemod\scripting\include\colors.inc::CPrintToChatAll
L 09/12/2026 - 22:49:32: [SM]   [2] Line 289, addons\sourcemod\scripting\l4d2_skill_detect\report.sp::HandleRockSkeeted
L 09/12/2026 - 22:49:32: [SM]   [3] Line 1131, addons\sourcemod\scripting\l4d2_skill_detect\tracking.sp::Timer_CheckRockSkeet
L 09/12/2026 - 22:50:58: Error log file session closed.
L 09/12/2026 - 22:54:31: SourceMod error session started
L 09/12/2026 - 22:54:31: Info (map "l4d2_daybreak04_cruise") (file "/home/kaine/Steam/steamapps/common/ZonemodVersus/left4dead2/addons/sourcemod/logs/errors_20260912.log")
L 09/12/2026 - 22:54:31: [SM] Exception reported: Client index 0 is invalid
L 09/12/2026 - 22:54:31: [SM] Blaming: optional/readyup.smx
L 09/12/2026 - 22:54:31: [SM] Call stack trace:
L 09/12/2026 - 22:54:31: [SM]   [0] IsClientInGame
L 09/12/2026 - 22:54:31: [SM]   [1] Line 101, readyup\player.inc::IsPlayer
L 09/12/2026 - 22:54:31: [SM]   [2] Line 63, readyup\player.inc::SetButtonTime
L 09/12/2026 - 22:54:31: [SM]   [3] Line 395, readyup.sp::OnClientSayCommand
L 09/12/2026 - 23:10:16: [SM] Exception reported: Language phrase "Tag+" not found (arg 3)
L 09/12/2026 - 23:10:16: [SM] Blaming: optional/l4d2_skill_detect.smx
L 09/12/2026 - 23:10:16: [SM] Call stack trace:
L 09/12/2026 - 23:10:16: [SM]   [0] VFormat
L 09/12/2026 - 23:10:16: [SM]   [1] Line 248, addons\sourcemod\scripting\include\colors.inc::CPrintToChatAll
L 09/12/2026 - 23:10:16: [SM]   [2] Line 289, addons\sourcemod\scripting\l4d2_skill_detect\report.sp::HandleRockSkeeted
L 09/12/2026 - 23:10:16: [SM]   [3] Line 1131, addons\sourcemod\scripting\l4d2_skill_detect\tracking.sp::Timer_CheckRockSkeet
L 09/12/2026 - 23:10:42: [SM] Exception reported: Language phrase "Tag+" not found (arg 3)
L 09/12/2026 - 23:10:42: [SM] Blaming: optional/l4d2_skill_detect.smx
L 09/12/2026 - 23:10:42: [SM] Call stack trace:
L 09/12/2026 - 23:10:42: [SM]   [0] VFormat
L 09/12/2026 - 23:10:42: [SM]   [1] Line 248, addons\sourcemod\scripting\include\colors.inc::CPrintToChatAll
L 09/12/2026 - 23:10:42: [SM]   [2] Line 383, addons\sourcemod\scripting\l4d2_skill_detect\report.sp::HandleClear
L 09/12/2026 - 23:10:42: [SM]   [3] Line 452, addons\sourcemod\scripting\l4d2_skill_detect\tracking.sp::Event_PlayerDeath
L 09/12/2026 - 23:11:26: [SM] Exception reported: Language phrase "Tag+" not found (arg 3)
L 09/12/2026 - 23:11:26: [SM] Blaming: optional/l4d2_skill_detect.smx
L 09/12/2026 - 23:11:26: [SM] Call stack trace:
L 09/12/2026 - 23:11:26: [SM]   [0] VFormat
L 09/12/2026 - 23:11:26: [SM]   [1] Line 248, addons\sourcemod\scripting\include\colors.inc::CPrintToChatAll
L 09/12/2026 - 23:11:26: [SM]   [2] Line 383, addons\sourcemod\scripting\l4d2_skill_detect\report.sp::HandleClear
L 09/12/2026 - 23:11:26: [SM]   [3] Line 1496, addons\sourcemod\scripting\l4d2_skill_detect\tracking.sp::Event_TonguePullStopped
L 09/12/2026 - 23:12:54: Error log file session closed.
L 09/12/2026 - 23:13:28: SourceMod error session started
L 09/12/2026 - 23:13:28: Info (map "l4d2_daybreak05_rescue") (file "/home/kaine/Steam/steamapps/common/ZonemodVersus/left4dead2/addons/sourcemod/logs/errors_20260912.log")
L 09/12/2026 - 23:13:28: [SM] Exception reported: Language phrase "Tag+" not found (arg 4)
L 09/12/2026 - 23:13:28: [SM] Blaming: optional/l4d2_skill_detect.smx
L 09/12/2026 - 23:13:28: [SM] Call stack trace:
L 09/12/2026 - 23:13:28: [SM]   [0] VFormat
L 09/12/2026 - 23:13:28: [SM]   [1] Line 141, addons\sourcemod\scripting\include\colors.inc::CPrintToChat
L 09/12/2026 - 23:13:28: [SM]   [2] Line 421, addons\sourcemod\scripting\l4d2_skill_detect\report.sp::HandleBHopStreak
L 09/12/2026 - 23:13:28: [SM]   [3] Line 721, addons\sourcemod\scripting\l4d2_skill_detect\tracking.sp::Timer_CheckHopStreak
L 09/12/2026 - 23:13:49: [SM] Exception reported: Language phrase "Tag+" not found (arg 4)
L 09/12/2026 - 23:13:49: [SM] Blaming: optional/l4d2_skill_detect.smx
L 09/12/2026 - 23:13:49: [SM] Call stack trace:
L 09/12/2026 - 23:13:49: [SM]   [0] VFormat
L 09/12/2026 - 23:13:49: [SM]   [1] Line 141, addons\sourcemod\scripting\include\colors.inc::CPrintToChat
L 09/12/2026 - 23:13:49: [SM]   [2] Line 421, addons\sourcemod\scripting\l4d2_skill_detect\report.sp::HandleBHopStreak
L 09/12/2026 - 23:13:49: [SM]   [3] Line 721, addons\sourcemod\scripting\l4d2_skill_detect\tracking.sp::Timer_CheckHopStreak
L 09/12/2026 - 23:13:51: Error log file session closed.
L 09/12/2026 - 23:16:26: SourceMod error session started
L 09/12/2026 - 23:16:26: Info (map "c1m1_hotel") (file "/home/kaine/Steam/steamapps/common/ZonemodVersus/left4dead2/addons/sourcemod/logs/errors_20260912.log")
L 09/12/2026 - 23:16:26: [SM] Exception reported: Language phrase "Tag+" not found (arg 4)
L 09/12/2026 - 23:16:26: [SM] Blaming: optional/l4d2_skill_detect.smx
L 09/12/2026 - 23:16:26: [SM] Call stack trace:
L 09/12/2026 - 23:16:26: [SM]   [0] VFormat
L 09/12/2026 - 23:16:26: [SM]   [1] Line 141, addons\sourcemod\scripting\include\colors.inc::CPrintToChat
L 09/12/2026 - 23:16:26: [SM]   [2] Line 421, addons\sourcemod\scripting\l4d2_skill_detect\report.sp::HandleBHopStreak
L 09/12/2026 - 23:16:26: [SM]   [3] Line 721, addons\sourcemod\scripting\l4d2_skill_detect\tracking.sp::Timer_CheckHopStreak
L 09/12/2026 - 23:16:26: [SM] Exception reported: Language phrase "Tag+" not found (arg 4)
L 09/12/2026 - 23:16:26: [SM] Blaming: optional/l4d2_skill_detect.smx
L 09/12/2026 - 23:16:26: [SM] Call stack trace:
L 09/12/2026 - 23:16:26: [SM]   [0] VFormat
L 09/12/2026 - 23:16:26: [SM]   [1] Line 141, addons\sourcemod\scripting\include\colors.inc::CPrintToChat
L 09/12/2026 - 23:16:26: [SM]   [2] Line 421, addons\sourcemod\scripting\l4d2_skill_detect\report.sp::HandleBHopStreak
L 09/12/2026 - 23:16:26: [SM]   [3] Line 666, addons\sourcemod\scripting\l4d2_skill_detect\tracking.sp::Event_PlayerJumped
L 09/12/2026 - 23:17:00: [optional/l4d2_player_time.smx] Failed to retrieve response (GetUserStatsForGame) - HTTPStatus: 400
L 09/12/2026 - 23:17:06: [SM] Exception reported: Language phrase "Tag+" not found (arg 4)
L 09/12/2026 - 23:17:06: [SM] Blaming: optional/l4d2_skill_detect.smx
L 09/12/2026 - 23:17:06: [SM] Call stack trace:
L 09/12/2026 - 23:17:06: [SM]   [0] VFormat
L 09/12/2026 - 23:17:06: [SM]   [1] Line 141, addons\sourcemod\scripting\include\colors.inc::CPrintToChat
L 09/12/2026 - 23:17:06: [SM]   [2] Line 421, addons\sourcemod\scripting\l4d2_skill_detect\report.sp::HandleBHopStreak
L 09/12/2026 - 23:17:06: [SM]   [3] Line 666, addons\sourcemod\scripting\l4d2_skill_detect\tracking.sp::Event_PlayerJumped
L 09/12/2026 - 23:17:07: [SM] Exception reported: Language phrase "Tag+" not found (arg 4)
L 09/12/2026 - 23:17:07: [SM] Blaming: optional/l4d2_skill_detect.smx
L 09/12/2026 - 23:17:07: [SM] Call stack trace:
L 09/12/2026 - 23:17:07: [SM]   [0] VFormat
L 09/12/2026 - 23:17:07: [SM]   [1] Line 141, addons\sourcemod\scripting\include\colors.inc::CPrintToChat
L 09/12/2026 - 23:17:07: [SM]   [2] Line 421, addons\sourcemod\scripting\l4d2_skill_detect\report.sp::HandleBHopStreak
L 09/12/2026 - 23:17:07: [SM]   [3] Line 721, addons\sourcemod\scripting\l4d2_skill_detect\tracking.sp::Timer_CheckHopStreak
L 09/12/2026 - 23:17:07: [SM] Exception reported: Language phrase "Tag+" not found (arg 4)
L 09/12/2026 - 23:17:07: [SM] Blaming: optional/l4d2_skill_detect.smx
L 09/12/2026 - 23:17:07: [SM] Call stack trace:
L 09/12/2026 - 23:17:07: [SM]   [0] VFormat
L 09/12/2026 - 23:17:07: [SM]   [1] Line 141, addons\sourcemod\scripting\include\colors.inc::CPrintToChat
L 09/12/2026 - 23:17:07: [SM]   [2] Line 421, addons\sourcemod\scripting\l4d2_skill_detect\report.sp::HandleBHopStreak
L 09/12/2026 - 23:17:07: [SM]   [3] Line 721, addons\sourcemod\scripting\l4d2_skill_detect\tracking.sp::Timer_CheckHopStreak
L 09/12/2026 - 23:17:07: [SM] Exception reported: Language phrase "Tag+" not found (arg 4)
L 09/12/2026 - 23:17:07: [SM] Blaming: optional/l4d2_skill_detect.smx
L 09/12/2026 - 23:17:07: [SM] Call stack trace:
L 09/12/2026 - 23:17:07: [SM]   [0] VFormat
L 09/12/2026 - 23:17:07: [SM]   [1] Line 141, addons\sourcemod\scripting\include\colors.inc::CPrintToChat
L 09/12/2026 - 23:17:07: [SM]   [2] Line 421, addons\sourcemod\scripting\l4d2_skill_detect\report.sp::HandleBHopStreak
L 09/12/2026 - 23:17:07: [SM]   [3] Line 721, addons\sourcemod\scripting\l4d2_skill_detect\tracking.sp::Timer_CheckHopStreak
L 09/12/2026 - 23:34:11: Error log file session closed.
L 09/12/2026 - 23:43:25: SourceMod error session started
L 09/12/2026 - 23:43:25: Info (map "c1m2_streets") (file "/home/kaine/Steam/steamapps/common/ZonemodVersus/left4dead2/addons/sourcemod/logs/errors_20260912.log")
L 09/12/2026 - 23:43:25: [SM] Exception reported: Language phrase "Tag+" not found (arg 3)
L 09/12/2026 - 23:43:25: [SM] Blaming: optional/l4d2_skill_detect.smx
L 09/12/2026 - 23:43:25: [SM] Call stack trace:
L 09/12/2026 - 23:43:25: [SM]   [0] VFormat
L 09/12/2026 - 23:43:25: [SM]   [1] Line 248, addons\sourcemod\scripting\include\colors.inc::CPrintToChatAll
L 09/12/2026 - 23:43:25: [SM]   [2] Line 289, addons\sourcemod\scripting\l4d2_skill_detect\report.sp::HandleRockSkeeted
L 09/12/2026 - 23:43:25: [SM]   [3] Line 1131, addons\sourcemod\scripting\l4d2_skill_detect\tracking.sp::Timer_CheckRockSkeet
L 09/12/2026 - 23:45:55: Error log file session closed.
L 09/12/2026 - 23:50:28: SourceMod error session started
L 09/12/2026 - 23:50:28: Info (map "c1m3_mall") (file "/home/kaine/Steam/steamapps/common/ZonemodVersus/left4dead2/addons/sourcemod/logs/errors_20260912.log")
L 09/12/2026 - 23:50:28: [SM] Exception reported: Language phrase "Tag+++" not found (arg 3)
L 09/12/2026 - 23:50:28: [SM] Blaming: optional/l4d2_skill_detect.smx
L 09/12/2026 - 23:50:28: [SM] Call stack trace:
L 09/12/2026 - 23:50:28: [SM]   [0] VFormat
L 09/12/2026 - 23:50:28: [SM]   [1] Line 248, addons\sourcemod\scripting\include\colors.inc::CPrintToChatAll
L 09/12/2026 - 23:50:28: [SM]   [2] Line 326, addons\sourcemod\scripting\l4d2_skill_detect\report.sp::HandleJockeyDP
L 09/12/2026 - 23:50:28: [SM]   [3] Line 771, addons\sourcemod\scripting\l4d2_skill_detect\tracking.sp::Event_JockeyRide
L 09/12/2026 - 23:51:06: [SM] Exception reported: Language phrase "Tag+" not found (arg 3)
L 09/12/2026 - 23:51:06: [SM] Blaming: optional/l4d2_skill_detect.smx
L 09/12/2026 - 23:51:06: [SM] Call stack trace:
L 09/12/2026 - 23:51:06: [SM]   [0] VFormat
L 09/12/2026 - 23:51:06: [SM]   [1] Line 248, addons\sourcemod\scripting\include\colors.inc::CPrintToChatAll
L 09/12/2026 - 23:51:06: [SM]   [2] Line 383, addons\sourcemod\scripting\l4d2_skill_detect\report.sp::HandleClear
L 09/12/2026 - 23:51:06: [SM]   [3] Line 428, addons\sourcemod\scripting\l4d2_skill_detect\tracking.sp::Event_PlayerDeath
L 09/12/2026 - 23:54:40: [SM] Exception reported: Language phrase "Tag+" not found (arg 3)
L 09/12/2026 - 23:54:40: [SM] Blaming: optional/l4d2_skill_detect.smx
L 09/12/2026 - 23:54:40: [SM] Call stack trace:
L 09/12/2026 - 23:54:40: [SM]   [0] VFormat
L 09/12/2026 - 23:54:40: [SM]   [1] Line 248, addons\sourcemod\scripting\include\colors.inc::CPrintToChatAll
L 09/12/2026 - 23:54:40: [SM]   [2] Line 383, addons\sourcemod\scripting\l4d2_skill_detect\report.sp::HandleClear
L 09/12/2026 - 23:54:40: [SM]   [3] Line 1496, addons\sourcemod\scripting\l4d2_skill_detect\tracking.sp::Event_TonguePullStopped
L 09/12/2026 - 23:59:20: [SM] Exception reported: Language phrase "Tag+" not found (arg 3)
L 09/12/2026 - 23:59:20: [SM] Blaming: optional/l4d2_skill_detect.smx
L 09/12/2026 - 23:59:20: [SM] Call stack trace:
L 09/12/2026 - 23:59:20: [SM]   [0] VFormat
L 09/12/2026 - 23:59:20: [SM]   [1] Line 248, addons\sourcemod\scripting\include\colors.inc::CPrintToChatAll
L 09/12/2026 - 23:59:20: [SM]   [2] Line 383, addons\sourcemod\scripting\l4d2_skill_detect\report.sp::HandleClear
L 09/12/2026 - 23:59:20: [SM]   [3] Line 1496, addons\sourcemod\scripting\l4d2_skill_detect\tracking.sp::Event_TonguePullStopped
L 09/13/2026 - 00:00:27: Error log file session closed.
