L 07/10/2025 - 10:33:47: SourceMod log file session started (file "/root/Steam/steamapps/common/L4D21/left4dead2/addons/sourcemod/logs/L20250710.log") (Version "1.12.0.7195")
L 07/10/2025 - 10:33:47: [fixes/firebulletsfix.smx] Found offset for Weapon_ShootPosition 286
L 07/10/2025 - 10:33:49: [basecommands.smx] "Console<0><Console><Console>" changed cvar (cvar "confogl_match_execcfg_plugins") (value "generalfixes.cfg;confogl_plugins.cfg;sharedplugins.cfg")
L 07/10/2025 - 10:33:49: [basecommands.smx] "Console<0><Console><Console>" changed cvar (cvar "l4d2_addons_eclipse") (value "0")
L 07/10/2025 - 10:33:49: [basecommands.smx] "Console<0><Console><Console>" changed cvar (cvar "sv_allow_wait_command") (value "0")
L 07/10/2025 - 10:33:49: [basecommands.smx] "Console<0><Console><Console>" changed cvar (cvar "sv_minrate") (value "100000")
L 07/10/2025 - 10:33:49: [basecommands.smx] "Console<0><Console><Console>" changed cvar (cvar "sv_maxrate") (value "100000")
L 07/10/2025 - 10:33:49: [basecommands.smx] "Console<0><Console><Console>" changed cvar (cvar "sv_minupdaterate") (value "100")
L 07/10/2025 - 10:33:49: [basecommands.smx] "Console<0><Console><Console>" changed cvar (cvar "sv_maxupdaterate") (value "100")
L 07/10/2025 - 10:33:49: [basecommands.smx] "Console<0><Console><Console>" changed cvar (cvar "sv_mincmdrate") (value "100")
L 07/10/2025 - 10:33:49: [basecommands.smx] "Console<0><Console><Console>" changed cvar (cvar "sv_maxcmdrate") (value "100")
L 07/10/2025 - 10:33:49: [basecommands.smx] "Console<0><Console><Console>" changed cvar (cvar "sv_client_min_interp_ratio") (value "-1")
L 07/10/2025 - 10:33:49: [basecommands.smx] "Console<0><Console><Console>" changed cvar (cvar "sv_client_max_interp_ratio") (value "0")
L 07/10/2025 - 10:33:49: [basecommands.smx] "Console<0><Console><Console>" changed cvar (cvar "nb_update_frequency") (value "0.014")
L 07/10/2025 - 10:33:49: [basecommands.smx] "Console<0><Console><Console>" changed cvar (cvar "net_splitpacket_maxrate") (value "50000")
L 07/10/2025 - 10:33:49: [basecommands.smx] "Console<0><Console><Console>" changed cvar (cvar "net_maxcleartime") (value "0.0001")
L 07/10/2025 - 10:33:49: [basecommands.smx] "Console<0><Console><Console>" changed cvar (cvar "fps_max") (value "0")
L 07/10/2025 - 10:33:49: [basecommands.smx] "Console<0><Console><Console>" changed cvar (cvar "tick_door_speed") (value "1.3")
L 07/10/2025 - 10:33:49: [basecommands.smx] "Console<0><Console><Console>" changed cvar (cvar "mv_maxplayers") (value "30")
L 07/10/2025 - 10:33:49: [basecommands.smx] "Console<0><Console><Console>" changed cvar (cvar "mp_autoteambalance") (value "0")
L 07/10/2025 - 10:33:49: [basecommands.smx] "Console<0><Console><Console>" changed cvar (cvar "sv_unlag_fixstuck") (value "1")
L 07/10/2025 - 10:33:49: [basecommands.smx] "Console<0><Console><Console>" changed cvar (cvar "z_brawl_chance") (value "0")
L 07/10/2025 - 10:33:49: [basecommands.smx] "Console<0><Console><Console>" changed cvar (cvar "sv_maxunlag") (value "1")
L 07/10/2025 - 10:33:49: [basecommands.smx] "Console<0><Console><Console>" changed cvar (cvar "sv_forcepreload") (value "1")
L 07/10/2025 - 10:33:49: [basecommands.smx] "Console<0><Console><Console>" changed cvar (cvar "sv_client_predict") (value "1")
L 07/10/2025 - 10:33:49: [basecommands.smx] "Console<0><Console><Console>" changed cvar (cvar "sv_client_cmdrate_difference") (value "0")
L 07/10/2025 - 10:33:49: [basecommands.smx] "Console<0><Console><Console>" changed cvar (cvar "sv_max_queries_sec_global") (value "10")
L 07/10/2025 - 10:33:49: [basecommands.smx] "Console<0><Console><Console>" changed cvar (cvar "sv_max_queries_sec") (value "3")
L 07/10/2025 - 10:33:49: [basecommands.smx] "Console<0><Console><Console>" changed cvar (cvar "sv_max_queries_window") (value "10")
L 07/10/2025 - 10:33:49: [basecommands.smx] "Console<0><Console><Console>" changed cvar (cvar "sv_player_stuck_tolerance") (value "5")
L 07/10/2025 - 10:33:49: [basecommands.smx] "Console<0><Console><Console>" changed cvar (cvar "sv_stats") (value "0")
L 07/10/2025 - 10:33:49: [basecommands.smx] "Console<0><Console><Console>" changed cvar (cvar "sv_clockcorrection_msecs") (value "25")
L 07/10/2025 - 10:33:50: [fixes/firebulletsfix.smx] Found offset for Weapon_ShootPosition 286
L 07/10/2025 - 10:33:50: [optional/l4d2_item_hint.smx] 
==========
Warning: You should install "[L4D & L4D2] Use Priority Patch" to fix attached models blocking +USE action (item hint): https://forums.alliedmods.net/showthread.php?t=327511
==========

L 07/10/2025 - 10:33:50: [GEOIP] GeoIP2 database loaded: GeoLite2-Country (2023-12-22 14:46:10 UTC) (/root/Steam/steamapps/common/L4D21/left4dead2/addons/sourcemod/configs/geoip/GeoLite2-Country.mmdb)
L 07/10/2025 - 10:33:50: [GEOIP] GeoIP2 supported languages: de en es fr ja pt-BR ru zh-CN
L 07/10/2025 - 10:33:50: [GEOIP] Your database is older than 90 days. You should consider downloading a newer version from e.g. https://dev.maxmind.com/geoip/geolite2-free-geolocation-data
L 07/10/2025 - 10:33:55: -------- Mapchange to c2m1_highway --------
L 07/10/2025 - 10:33:56: [basecommands.smx] "Console<0><Console><Console>" changed cvar (cvar "confogl_match_execcfg_plugins") (value "generalfixes.cfg;confogl_plugins.cfg;sharedplugins.cfg")
L 07/10/2025 - 10:33:56: [basecommands.smx] "Console<0><Console><Console>" changed cvar (cvar "l4d2_addons_eclipse") (value "0")
L 07/10/2025 - 10:33:56: [basecommands.smx] "Console<0><Console><Console>" changed cvar (cvar "sv_allow_wait_command") (value "0")
L 07/10/2025 - 10:33:56: [basecommands.smx] "Console<0><Console><Console>" changed cvar (cvar "sv_minrate") (value "100000")
L 07/10/2025 - 10:33:56: [basecommands.smx] "Console<0><Console><Console>" changed cvar (cvar "sv_maxrate") (value "100000")
L 07/10/2025 - 10:33:56: [basecommands.smx] "Console<0><Console><Console>" changed cvar (cvar "sv_minupdaterate") (value "100")
L 07/10/2025 - 10:33:56: [basecommands.smx] "Console<0><Console><Console>" changed cvar (cvar "sv_maxupdaterate") (value "100")
L 07/10/2025 - 10:33:56: [basecommands.smx] "Console<0><Console><Console>" changed cvar (cvar "sv_mincmdrate") (value "100")
L 07/10/2025 - 10:33:56: [basecommands.smx] "Console<0><Console><Console>" changed cvar (cvar "sv_maxcmdrate") (value "100")
L 07/10/2025 - 10:33:56: [basecommands.smx] "Console<0><Console><Console>" changed cvar (cvar "sv_client_min_interp_ratio") (value "-1")
L 07/10/2025 - 10:33:56: [basecommands.smx] "Console<0><Console><Console>" changed cvar (cvar "sv_client_max_interp_ratio") (value "0")
L 07/10/2025 - 10:33:56: [basecommands.smx] "Console<0><Console><Console>" changed cvar (cvar "nb_update_frequency") (value "0.014")
L 07/10/2025 - 10:33:56: [basecommands.smx] "Console<0><Console><Console>" changed cvar (cvar "net_splitpacket_maxrate") (value "50000")
L 07/10/2025 - 10:33:56: [basecommands.smx] "Console<0><Console><Console>" changed cvar (cvar "net_maxcleartime") (value "0.0001")
L 07/10/2025 - 10:33:56: [basecommands.smx] "Console<0><Console><Console>" changed cvar (cvar "fps_max") (value "0")
L 07/10/2025 - 10:33:56: [basecommands.smx] "Console<0><Console><Console>" changed cvar (cvar "tick_door_speed") (value "1.3")
L 07/10/2025 - 10:33:56: [basecommands.smx] "Console<0><Console><Console>" changed cvar (cvar "mv_maxplayers") (value "30")
L 07/10/2025 - 10:33:56: [basecommands.smx] "Console<0><Console><Console>" changed cvar (cvar "mp_autoteambalance") (value "0")
L 07/10/2025 - 10:33:56: [basecommands.smx] "Console<0><Console><Console>" changed cvar (cvar "sv_unlag_fixstuck") (value "1")
L 07/10/2025 - 10:33:56: [basecommands.smx] "Console<0><Console><Console>" changed cvar (cvar "z_brawl_chance") (value "0")
L 07/10/2025 - 10:33:56: [basecommands.smx] "Console<0><Console><Console>" changed cvar (cvar "sv_maxunlag") (value "1")
L 07/10/2025 - 10:33:56: [basecommands.smx] "Console<0><Console><Console>" changed cvar (cvar "sv_forcepreload") (value "1")
L 07/10/2025 - 10:33:56: [basecommands.smx] "Console<0><Console><Console>" changed cvar (cvar "sv_client_predict") (value "1")
L 07/10/2025 - 10:33:56: [basecommands.smx] "Console<0><Console><Console>" changed cvar (cvar "sv_client_cmdrate_difference") (value "0")
L 07/10/2025 - 10:33:56: [basecommands.smx] "Console<0><Console><Console>" changed cvar (cvar "sv_max_queries_sec_global") (value "10")
L 07/10/2025 - 10:33:56: [basecommands.smx] "Console<0><Console><Console>" changed cvar (cvar "sv_max_queries_sec") (value "3")
L 07/10/2025 - 10:33:56: [basecommands.smx] "Console<0><Console><Console>" changed cvar (cvar "sv_max_queries_window") (value "10")
L 07/10/2025 - 10:33:56: [basecommands.smx] "Console<0><Console><Console>" changed cvar (cvar "sv_player_stuck_tolerance") (value "5")
L 07/10/2025 - 10:33:56: [basecommands.smx] "Console<0><Console><Console>" changed cvar (cvar "sv_stats") (value "0")
L 07/10/2025 - 10:33:56: [basecommands.smx] "Console<0><Console><Console>" changed cvar (cvar "sv_clockcorrection_msecs") (value "25")
L 07/10/2025 - 10:33:56: [basecommands.smx] "Console<0><Console><Console>" changed cvar (cvar "survivor_max_incapacitated_count") (value "2")
L 07/10/2025 - 10:33:57: [optional/l4d2_saferoom_item_remove.smx] Removed 0 saferoom item(s) (start: 0; end: 0).
L 07/10/2025 - 10:37:18: SourceMod log file session started (file "/root/Steam/steamapps/common/L4D21/left4dead2/addons/sourcemod/logs/L20250710.log") (Version "1.12.0.7195")
L 07/10/2025 - 10:37:18: [fixes/firebulletsfix.smx] Found offset for Weapon_ShootPosition 286
L 07/10/2025 - 10:37:20: [basecommands.smx] "Console<0><Console><Console>" changed cvar (cvar "confogl_match_execcfg_plugins") (value "generalfixes.cfg;confogl_plugins.cfg;sharedplugins.cfg")
L 07/10/2025 - 10:37:20: [basecommands.smx] "Console<0><Console><Console>" changed cvar (cvar "l4d2_addons_eclipse") (value "0")
L 07/10/2025 - 10:37:20: [basecommands.smx] "Console<0><Console><Console>" changed cvar (cvar "sv_allow_wait_command") (value "0")
L 07/10/2025 - 10:37:20: [basecommands.smx] "Console<0><Console><Console>" changed cvar (cvar "sv_minrate") (value "100000")
L 07/10/2025 - 10:37:20: [basecommands.smx] "Console<0><Console><Console>" changed cvar (cvar "sv_maxrate") (value "100000")
L 07/10/2025 - 10:37:20: [basecommands.smx] "Console<0><Console><Console>" changed cvar (cvar "sv_minupdaterate") (value "100")
L 07/10/2025 - 10:37:20: [basecommands.smx] "Console<0><Console><Console>" changed cvar (cvar "sv_maxupdaterate") (value "100")
L 07/10/2025 - 10:37:20: [basecommands.smx] "Console<0><Console><Console>" changed cvar (cvar "sv_mincmdrate") (value "100")
L 07/10/2025 - 10:37:20: [basecommands.smx] "Console<0><Console><Console>" changed cvar (cvar "sv_maxcmdrate") (value "100")
L 07/10/2025 - 10:37:20: [basecommands.smx] "Console<0><Console><Console>" changed cvar (cvar "sv_client_min_interp_ratio") (value "-1")
L 07/10/2025 - 10:37:20: [basecommands.smx] "Console<0><Console><Console>" changed cvar (cvar "sv_client_max_interp_ratio") (value "0")
L 07/10/2025 - 10:37:20: [basecommands.smx] "Console<0><Console><Console>" changed cvar (cvar "nb_update_frequency") (value "0.014")
L 07/10/2025 - 10:37:20: [basecommands.smx] "Console<0><Console><Console>" changed cvar (cvar "net_splitpacket_maxrate") (value "50000")
L 07/10/2025 - 10:37:20: [basecommands.smx] "Console<0><Console><Console>" changed cvar (cvar "net_maxcleartime") (value "0.0001")
L 07/10/2025 - 10:37:20: [basecommands.smx] "Console<0><Console><Console>" changed cvar (cvar "fps_max") (value "0")
L 07/10/2025 - 10:37:20: [basecommands.smx] "Console<0><Console><Console>" changed cvar (cvar "tick_door_speed") (value "1.3")
L 07/10/2025 - 10:37:20: [basecommands.smx] "Console<0><Console><Console>" changed cvar (cvar "mv_maxplayers") (value "30")
L 07/10/2025 - 10:37:20: [basecommands.smx] "Console<0><Console><Console>" changed cvar (cvar "mp_autoteambalance") (value "0")
L 07/10/2025 - 10:37:20: [basecommands.smx] "Console<0><Console><Console>" changed cvar (cvar "sv_unlag_fixstuck") (value "1")
L 07/10/2025 - 10:37:20: [basecommands.smx] "Console<0><Console><Console>" changed cvar (cvar "z_brawl_chance") (value "0")
L 07/10/2025 - 10:37:20: [basecommands.smx] "Console<0><Console><Console>" changed cvar (cvar "sv_maxunlag") (value "1")
L 07/10/2025 - 10:37:20: [basecommands.smx] "Console<0><Console><Console>" changed cvar (cvar "sv_forcepreload") (value "1")
L 07/10/2025 - 10:37:20: [basecommands.smx] "Console<0><Console><Console>" changed cvar (cvar "sv_client_predict") (value "1")
L 07/10/2025 - 10:37:20: [basecommands.smx] "Console<0><Console><Console>" changed cvar (cvar "sv_client_cmdrate_difference") (value "0")
L 07/10/2025 - 10:37:20: [basecommands.smx] "Console<0><Console><Console>" changed cvar (cvar "sv_max_queries_sec_global") (value "10")
L 07/10/2025 - 10:37:20: [basecommands.smx] "Console<0><Console><Console>" changed cvar (cvar "sv_max_queries_sec") (value "3")
L 07/10/2025 - 10:37:20: [basecommands.smx] "Console<0><Console><Console>" changed cvar (cvar "sv_max_queries_window") (value "10")
L 07/10/2025 - 10:37:20: [basecommands.smx] "Console<0><Console><Console>" changed cvar (cvar "sv_player_stuck_tolerance") (value "5")
L 07/10/2025 - 10:37:20: [basecommands.smx] "Console<0><Console><Console>" changed cvar (cvar "sv_stats") (value "0")
L 07/10/2025 - 10:37:20: [basecommands.smx] "Console<0><Console><Console>" changed cvar (cvar "sv_clockcorrection_msecs") (value "25")
L 07/10/2025 - 10:37:21: [fixes/firebulletsfix.smx] Found offset for Weapon_ShootPosition 286
L 07/10/2025 - 10:37:21: [optional/l4d2_item_hint.smx] 
==========
Warning: You should install "[L4D & L4D2] Use Priority Patch" to fix attached models blocking +USE action (item hint): https://forums.alliedmods.net/showthread.php?t=327511
==========

L 07/10/2025 - 10:37:21: [GEOIP] GeoIP2 database loaded: GeoLite2-Country (2023-12-22 14:46:10 UTC) (/root/Steam/steamapps/common/L4D21/left4dead2/addons/sourcemod/configs/geoip/GeoLite2-Country.mmdb)
L 07/10/2025 - 10:37:21: [GEOIP] GeoIP2 supported languages: de en es fr ja pt-BR ru zh-CN
L 07/10/2025 - 10:37:21: [GEOIP] Your database is older than 90 days. You should consider downloading a newer version from e.g. https://dev.maxmind.com/geoip/geolite2-free-geolocation-data
L 07/10/2025 - 10:37:25: -------- Mapchange to c2m1_highway --------
L 07/10/2025 - 10:37:26: [basecommands.smx] "Console<0><Console><Console>" changed cvar (cvar "confogl_match_execcfg_plugins") (value "generalfixes.cfg;confogl_plugins.cfg;sharedplugins.cfg")
L 07/10/2025 - 10:37:26: [basecommands.smx] "Console<0><Console><Console>" changed cvar (cvar "l4d2_addons_eclipse") (value "0")
L 07/10/2025 - 10:37:26: [basecommands.smx] "Console<0><Console><Console>" changed cvar (cvar "sv_allow_wait_command") (value "0")
L 07/10/2025 - 10:37:26: [basecommands.smx] "Console<0><Console><Console>" changed cvar (cvar "sv_minrate") (value "100000")
L 07/10/2025 - 10:37:26: [basecommands.smx] "Console<0><Console><Console>" changed cvar (cvar "sv_maxrate") (value "100000")
L 07/10/2025 - 10:37:26: [basecommands.smx] "Console<0><Console><Console>" changed cvar (cvar "sv_minupdaterate") (value "100")
L 07/10/2025 - 10:37:26: [basecommands.smx] "Console<0><Console><Console>" changed cvar (cvar "sv_maxupdaterate") (value "100")
L 07/10/2025 - 10:37:26: [basecommands.smx] "Console<0><Console><Console>" changed cvar (cvar "sv_mincmdrate") (value "100")
L 07/10/2025 - 10:37:26: [basecommands.smx] "Console<0><Console><Console>" changed cvar (cvar "sv_maxcmdrate") (value "100")
L 07/10/2025 - 10:37:26: [basecommands.smx] "Console<0><Console><Console>" changed cvar (cvar "sv_client_min_interp_ratio") (value "-1")
L 07/10/2025 - 10:37:26: [basecommands.smx] "Console<0><Console><Console>" changed cvar (cvar "sv_client_max_interp_ratio") (value "0")
L 07/10/2025 - 10:37:26: [basecommands.smx] "Console<0><Console><Console>" changed cvar (cvar "nb_update_frequency") (value "0.014")
L 07/10/2025 - 10:37:26: [basecommands.smx] "Console<0><Console><Console>" changed cvar (cvar "net_splitpacket_maxrate") (value "50000")
L 07/10/2025 - 10:37:26: [basecommands.smx] "Console<0><Console><Console>" changed cvar (cvar "net_maxcleartime") (value "0.0001")
L 07/10/2025 - 10:37:26: [basecommands.smx] "Console<0><Console><Console>" changed cvar (cvar "fps_max") (value "0")
L 07/10/2025 - 10:37:26: [basecommands.smx] "Console<0><Console><Console>" changed cvar (cvar "tick_door_speed") (value "1.3")
L 07/10/2025 - 10:37:26: [basecommands.smx] "Console<0><Console><Console>" changed cvar (cvar "mv_maxplayers") (value "30")
L 07/10/2025 - 10:37:26: [basecommands.smx] "Console<0><Console><Console>" changed cvar (cvar "mp_autoteambalance") (value "0")
L 07/10/2025 - 10:37:26: [basecommands.smx] "Console<0><Console><Console>" changed cvar (cvar "sv_unlag_fixstuck") (value "1")
L 07/10/2025 - 10:37:26: [basecommands.smx] "Console<0><Console><Console>" changed cvar (cvar "z_brawl_chance") (value "0")
L 07/10/2025 - 10:37:26: [basecommands.smx] "Console<0><Console><Console>" changed cvar (cvar "sv_maxunlag") (value "1")
L 07/10/2025 - 10:37:26: [basecommands.smx] "Console<0><Console><Console>" changed cvar (cvar "sv_forcepreload") (value "1")
L 07/10/2025 - 10:37:26: [basecommands.smx] "Console<0><Console><Console>" changed cvar (cvar "sv_client_predict") (value "1")
L 07/10/2025 - 10:37:26: [basecommands.smx] "Console<0><Console><Console>" changed cvar (cvar "sv_client_cmdrate_difference") (value "0")
L 07/10/2025 - 10:37:26: [basecommands.smx] "Console<0><Console><Console>" changed cvar (cvar "sv_max_queries_sec_global") (value "10")
L 07/10/2025 - 10:37:26: [basecommands.smx] "Console<0><Console><Console>" changed cvar (cvar "sv_max_queries_sec") (value "3")
L 07/10/2025 - 10:37:26: [basecommands.smx] "Console<0><Console><Console>" changed cvar (cvar "sv_max_queries_window") (value "10")
L 07/10/2025 - 10:37:26: [basecommands.smx] "Console<0><Console><Console>" changed cvar (cvar "sv_player_stuck_tolerance") (value "5")
L 07/10/2025 - 10:37:26: [basecommands.smx] "Console<0><Console><Console>" changed cvar (cvar "sv_stats") (value "0")
L 07/10/2025 - 10:37:26: [basecommands.smx] "Console<0><Console><Console>" changed cvar (cvar "sv_clockcorrection_msecs") (value "25")
L 07/10/2025 - 10:37:26: [basecommands.smx] "Console<0><Console><Console>" changed cvar (cvar "survivor_max_incapacitated_count") (value "2")
L 07/10/2025 - 10:37:27: [optional/l4d2_saferoom_item_remove.smx] Removed 0 saferoom item(s) (start: 0; end: 0).
L 07/10/2025 - 10:44:59: SourceMod log file session started (file "/root/Steam/steamapps/common/L4D21/left4dead2/addons/sourcemod/logs/L20250710.log") (Version "1.12.0.7195")
L 07/10/2025 - 10:44:59: [fixes/firebulletsfix.smx] Found offset for Weapon_ShootPosition 286
L 07/10/2025 - 10:45:01: [basecommands.smx] "Console<0><Console><Console>" changed cvar (cvar "confogl_match_execcfg_plugins") (value "generalfixes.cfg;confogl_plugins.cfg;sharedplugins.cfg")
L 07/10/2025 - 10:45:01: [basecommands.smx] "Console<0><Console><Console>" changed cvar (cvar "l4d2_addons_eclipse") (value "0")
L 07/10/2025 - 10:45:01: [basecommands.smx] "Console<0><Console><Console>" changed cvar (cvar "sv_allow_wait_command") (value "0")
L 07/10/2025 - 10:45:01: [basecommands.smx] "Console<0><Console><Console>" changed cvar (cvar "sv_minrate") (value "100000")
L 07/10/2025 - 10:45:01: [basecommands.smx] "Console<0><Console><Console>" changed cvar (cvar "sv_maxrate") (value "100000")
L 07/10/2025 - 10:45:01: [basecommands.smx] "Console<0><Console><Console>" changed cvar (cvar "sv_minupdaterate") (value "100")
L 07/10/2025 - 10:45:01: [basecommands.smx] "Console<0><Console><Console>" changed cvar (cvar "sv_maxupdaterate") (value "100")
L 07/10/2025 - 10:45:01: [basecommands.smx] "Console<0><Console><Console>" changed cvar (cvar "sv_mincmdrate") (value "100")
L 07/10/2025 - 10:45:01: [basecommands.smx] "Console<0><Console><Console>" changed cvar (cvar "sv_maxcmdrate") (value "100")
L 07/10/2025 - 10:45:01: [basecommands.smx] "Console<0><Console><Console>" changed cvar (cvar "sv_client_min_interp_ratio") (value "-1")
L 07/10/2025 - 10:45:01: [basecommands.smx] "Console<0><Console><Console>" changed cvar (cvar "sv_client_max_interp_ratio") (value "0")
L 07/10/2025 - 10:45:01: [basecommands.smx] "Console<0><Console><Console>" changed cvar (cvar "nb_update_frequency") (value "0.014")
L 07/10/2025 - 10:45:01: [basecommands.smx] "Console<0><Console><Console>" changed cvar (cvar "net_splitpacket_maxrate") (value "50000")
L 07/10/2025 - 10:45:01: [basecommands.smx] "Console<0><Console><Console>" changed cvar (cvar "net_maxcleartime") (value "0.0001")
L 07/10/2025 - 10:45:01: [basecommands.smx] "Console<0><Console><Console>" changed cvar (cvar "fps_max") (value "0")
L 07/10/2025 - 10:45:01: [basecommands.smx] "Console<0><Console><Console>" changed cvar (cvar "tick_door_speed") (value "1.3")
L 07/10/2025 - 10:45:01: [basecommands.smx] "Console<0><Console><Console>" changed cvar (cvar "mv_maxplayers") (value "30")
L 07/10/2025 - 10:45:01: [basecommands.smx] "Console<0><Console><Console>" changed cvar (cvar "mp_autoteambalance") (value "0")
L 07/10/2025 - 10:45:01: [basecommands.smx] "Console<0><Console><Console>" changed cvar (cvar "sv_unlag_fixstuck") (value "1")
L 07/10/2025 - 10:45:01: [basecommands.smx] "Console<0><Console><Console>" changed cvar (cvar "z_brawl_chance") (value "0")
L 07/10/2025 - 10:45:01: [basecommands.smx] "Console<0><Console><Console>" changed cvar (cvar "sv_maxunlag") (value "1")
L 07/10/2025 - 10:45:01: [basecommands.smx] "Console<0><Console><Console>" changed cvar (cvar "sv_forcepreload") (value "1")
L 07/10/2025 - 10:45:01: [basecommands.smx] "Console<0><Console><Console>" changed cvar (cvar "sv_client_predict") (value "1")
L 07/10/2025 - 10:45:01: [basecommands.smx] "Console<0><Console><Console>" changed cvar (cvar "sv_client_cmdrate_difference") (value "0")
L 07/10/2025 - 10:45:01: [basecommands.smx] "Console<0><Console><Console>" changed cvar (cvar "sv_max_queries_sec_global") (value "10")
L 07/10/2025 - 10:45:01: [basecommands.smx] "Console<0><Console><Console>" changed cvar (cvar "sv_max_queries_sec") (value "3")
L 07/10/2025 - 10:45:01: [basecommands.smx] "Console<0><Console><Console>" changed cvar (cvar "sv_max_queries_window") (value "10")
L 07/10/2025 - 10:45:01: [basecommands.smx] "Console<0><Console><Console>" changed cvar (cvar "sv_player_stuck_tolerance") (value "5")
L 07/10/2025 - 10:45:01: [basecommands.smx] "Console<0><Console><Console>" changed cvar (cvar "sv_stats") (value "0")
L 07/10/2025 - 10:45:01: [basecommands.smx] "Console<0><Console><Console>" changed cvar (cvar "sv_clockcorrection_msecs") (value "25")
L 07/10/2025 - 10:45:02: [fixes/firebulletsfix.smx] Found offset for Weapon_ShootPosition 286
L 07/10/2025 - 10:45:02: [optional/l4d2_item_hint.smx] 
==========
Warning: You should install "[L4D & L4D2] Use Priority Patch" to fix attached models blocking +USE action (item hint): https://forums.alliedmods.net/showthread.php?t=327511
==========

L 07/10/2025 - 10:45:02: [GEOIP] GeoIP2 database loaded: GeoLite2-Country (2023-12-22 14:46:10 UTC) (/root/Steam/steamapps/common/L4D21/left4dead2/addons/sourcemod/configs/geoip/GeoLite2-Country.mmdb)
L 07/10/2025 - 10:45:02: [GEOIP] GeoIP2 supported languages: de en es fr ja pt-BR ru zh-CN
L 07/10/2025 - 10:45:02: [GEOIP] Your database is older than 90 days. You should consider downloading a newer version from e.g. https://dev.maxmind.com/geoip/geolite2-free-geolocation-data
L 07/10/2025 - 10:45:06: -------- Mapchange to c2m1_highway --------
L 07/10/2025 - 10:45:07: [basecommands.smx] "Console<0><Console><Console>" changed cvar (cvar "confogl_match_execcfg_plugins") (value "generalfixes.cfg;confogl_plugins.cfg;sharedplugins.cfg")
L 07/10/2025 - 10:45:07: [basecommands.smx] "Console<0><Console><Console>" changed cvar (cvar "l4d2_addons_eclipse") (value "0")
L 07/10/2025 - 10:45:07: [basecommands.smx] "Console<0><Console><Console>" changed cvar (cvar "sv_allow_wait_command") (value "0")
L 07/10/2025 - 10:45:07: [basecommands.smx] "Console<0><Console><Console>" changed cvar (cvar "sv_minrate") (value "100000")
L 07/10/2025 - 10:45:07: [basecommands.smx] "Console<0><Console><Console>" changed cvar (cvar "sv_maxrate") (value "100000")
L 07/10/2025 - 10:45:07: [basecommands.smx] "Console<0><Console><Console>" changed cvar (cvar "sv_minupdaterate") (value "100")
L 07/10/2025 - 10:45:07: [basecommands.smx] "Console<0><Console><Console>" changed cvar (cvar "sv_maxupdaterate") (value "100")
L 07/10/2025 - 10:45:07: [basecommands.smx] "Console<0><Console><Console>" changed cvar (cvar "sv_mincmdrate") (value "100")
L 07/10/2025 - 10:45:07: [basecommands.smx] "Console<0><Console><Console>" changed cvar (cvar "sv_maxcmdrate") (value "100")
L 07/10/2025 - 10:45:07: [basecommands.smx] "Console<0><Console><Console>" changed cvar (cvar "sv_client_min_interp_ratio") (value "-1")
L 07/10/2025 - 10:45:07: [basecommands.smx] "Console<0><Console><Console>" changed cvar (cvar "sv_client_max_interp_ratio") (value "0")
L 07/10/2025 - 10:45:07: [basecommands.smx] "Console<0><Console><Console>" changed cvar (cvar "nb_update_frequency") (value "0.014")
L 07/10/2025 - 10:45:07: [basecommands.smx] "Console<0><Console><Console>" changed cvar (cvar "net_splitpacket_maxrate") (value "50000")
L 07/10/2025 - 10:45:07: [basecommands.smx] "Console<0><Console><Console>" changed cvar (cvar "net_maxcleartime") (value "0.0001")
L 07/10/2025 - 10:45:07: [basecommands.smx] "Console<0><Console><Console>" changed cvar (cvar "fps_max") (value "0")
L 07/10/2025 - 10:45:07: [basecommands.smx] "Console<0><Console><Console>" changed cvar (cvar "tick_door_speed") (value "1.3")
L 07/10/2025 - 10:45:07: [basecommands.smx] "Console<0><Console><Console>" changed cvar (cvar "mv_maxplayers") (value "30")
L 07/10/2025 - 10:45:07: [basecommands.smx] "Console<0><Console><Console>" changed cvar (cvar "mp_autoteambalance") (value "0")
L 07/10/2025 - 10:45:07: [basecommands.smx] "Console<0><Console><Console>" changed cvar (cvar "sv_unlag_fixstuck") (value "1")
L 07/10/2025 - 10:45:07: [basecommands.smx] "Console<0><Console><Console>" changed cvar (cvar "z_brawl_chance") (value "0")
L 07/10/2025 - 10:45:07: [basecommands.smx] "Console<0><Console><Console>" changed cvar (cvar "sv_maxunlag") (value "1")
L 07/10/2025 - 10:45:07: [basecommands.smx] "Console<0><Console><Console>" changed cvar (cvar "sv_forcepreload") (value "1")
L 07/10/2025 - 10:45:07: [basecommands.smx] "Console<0><Console><Console>" changed cvar (cvar "sv_client_predict") (value "1")
L 07/10/2025 - 10:45:07: [basecommands.smx] "Console<0><Console><Console>" changed cvar (cvar "sv_client_cmdrate_difference") (value "0")
L 07/10/2025 - 10:45:07: [basecommands.smx] "Console<0><Console><Console>" changed cvar (cvar "sv_max_queries_sec_global") (value "10")
L 07/10/2025 - 10:45:07: [basecommands.smx] "Console<0><Console><Console>" changed cvar (cvar "sv_max_queries_sec") (value "3")
L 07/10/2025 - 10:45:07: [basecommands.smx] "Console<0><Console><Console>" changed cvar (cvar "sv_max_queries_window") (value "10")
L 07/10/2025 - 10:45:07: [basecommands.smx] "Console<0><Console><Console>" changed cvar (cvar "sv_player_stuck_tolerance") (value "5")
L 07/10/2025 - 10:45:07: [basecommands.smx] "Console<0><Console><Console>" changed cvar (cvar "sv_stats") (value "0")
L 07/10/2025 - 10:45:07: [basecommands.smx] "Console<0><Console><Console>" changed cvar (cvar "sv_clockcorrection_msecs") (value "25")
L 07/10/2025 - 10:45:07: [basecommands.smx] "Console<0><Console><Console>" changed cvar (cvar "survivor_max_incapacitated_count") (value "2")
L 07/10/2025 - 10:45:08: [optional/l4d2_saferoom_item_remove.smx] Removed 0 saferoom item(s) (start: 0; end: 0).
L 07/10/2025 - 10:49:16: [fixes/firebulletsfix.smx] Found offset for Weapon_ShootPosition 286
L 07/10/2025 - 10:49:17: [confoglcompmod.smx] [PasswordSystem] Set password on 不会玩の苍蝇X﹏X, password 
L 07/10/2025 - 10:49:17: [confoglcompmod.smx] [PasswordSystem] Set password on Kobe Bryant, password 
L 07/10/2025 - 10:49:17: [optional/l4d2_item_hint.smx] 
==========
Warning: You should install "[L4D & L4D2] Use Priority Patch" to fix attached models blocking +USE action (item hint): https://forums.alliedmods.net/showthread.php?t=327511
==========

L 07/10/2025 - 10:49:17: [basecommands.smx] "Console<0><Console><Console>" changed cvar (cvar "survivor_max_incapacitated_count") (value "2")
L 07/10/2025 - 10:49:20: -------- Mapchange to c2m1_highway --------
L 07/10/2025 - 10:49:21: [basecommands.smx] "Console<0><Console><Console>" changed cvar (cvar "confogl_match_execcfg_plugins") (value "generalfixes.cfg;confogl_plugins.cfg;sharedplugins.cfg")
L 07/10/2025 - 10:49:21: [basecommands.smx] "Console<0><Console><Console>" changed cvar (cvar "l4d2_addons_eclipse") (value "0")
L 07/10/2025 - 10:49:21: [basecommands.smx] "Console<0><Console><Console>" changed cvar (cvar "sv_allow_wait_command") (value "0")
L 07/10/2025 - 10:49:21: [basecommands.smx] "Console<0><Console><Console>" changed cvar (cvar "sv_minrate") (value "100000")
L 07/10/2025 - 10:49:21: [basecommands.smx] "Console<0><Console><Console>" changed cvar (cvar "sv_maxrate") (value "100000")
L 07/10/2025 - 10:49:21: [basecommands.smx] "Console<0><Console><Console>" changed cvar (cvar "sv_minupdaterate") (value "100")
L 07/10/2025 - 10:49:21: [basecommands.smx] "Console<0><Console><Console>" changed cvar (cvar "sv_maxupdaterate") (value "100")
L 07/10/2025 - 10:49:21: [basecommands.smx] "Console<0><Console><Console>" changed cvar (cvar "sv_mincmdrate") (value "100")
L 07/10/2025 - 10:49:21: [basecommands.smx] "Console<0><Console><Console>" changed cvar (cvar "sv_maxcmdrate") (value "100")
L 07/10/2025 - 10:49:21: [basecommands.smx] "Console<0><Console><Console>" changed cvar (cvar "sv_client_min_interp_ratio") (value "-1")
L 07/10/2025 - 10:49:21: [basecommands.smx] "Console<0><Console><Console>" changed cvar (cvar "sv_client_max_interp_ratio") (value "0")
L 07/10/2025 - 10:49:21: [basecommands.smx] "Console<0><Console><Console>" changed cvar (cvar "nb_update_frequency") (value "0.014")
L 07/10/2025 - 10:49:21: [basecommands.smx] "Console<0><Console><Console>" changed cvar (cvar "net_splitpacket_maxrate") (value "50000")
L 07/10/2025 - 10:49:21: [basecommands.smx] "Console<0><Console><Console>" changed cvar (cvar "net_maxcleartime") (value "0.0001")
L 07/10/2025 - 10:49:21: [basecommands.smx] "Console<0><Console><Console>" changed cvar (cvar "fps_max") (value "0")
L 07/10/2025 - 10:49:21: [basecommands.smx] "Console<0><Console><Console>" changed cvar (cvar "tick_door_speed") (value "1.3")
L 07/10/2025 - 10:49:21: [basecommands.smx] "Console<0><Console><Console>" changed cvar (cvar "mv_maxplayers") (value "30")
L 07/10/2025 - 10:49:21: [basecommands.smx] "Console<0><Console><Console>" changed cvar (cvar "mp_autoteambalance") (value "0")
L 07/10/2025 - 10:49:21: [basecommands.smx] "Console<0><Console><Console>" changed cvar (cvar "sv_unlag_fixstuck") (value "1")
L 07/10/2025 - 10:49:21: [basecommands.smx] "Console<0><Console><Console>" changed cvar (cvar "z_brawl_chance") (value "0")
L 07/10/2025 - 10:49:21: [basecommands.smx] "Console<0><Console><Console>" changed cvar (cvar "sv_maxunlag") (value "1")
L 07/10/2025 - 10:49:21: [basecommands.smx] "Console<0><Console><Console>" changed cvar (cvar "sv_forcepreload") (value "1")
L 07/10/2025 - 10:49:21: [basecommands.smx] "Console<0><Console><Console>" changed cvar (cvar "sv_client_predict") (value "1")
L 07/10/2025 - 10:49:21: [basecommands.smx] "Console<0><Console><Console>" changed cvar (cvar "sv_client_cmdrate_difference") (value "0")
L 07/10/2025 - 10:49:21: [basecommands.smx] "Console<0><Console><Console>" changed cvar (cvar "sv_max_queries_sec_global") (value "10")
L 07/10/2025 - 10:49:21: [basecommands.smx] "Console<0><Console><Console>" changed cvar (cvar "sv_max_queries_sec") (value "3")
L 07/10/2025 - 10:49:21: [basecommands.smx] "Console<0><Console><Console>" changed cvar (cvar "sv_max_queries_window") (value "10")
L 07/10/2025 - 10:49:21: [basecommands.smx] "Console<0><Console><Console>" changed cvar (cvar "sv_player_stuck_tolerance") (value "5")
L 07/10/2025 - 10:49:21: [basecommands.smx] "Console<0><Console><Console>" changed cvar (cvar "sv_stats") (value "0")
L 07/10/2025 - 10:49:21: [basecommands.smx] "Console<0><Console><Console>" changed cvar (cvar "sv_clockcorrection_msecs") (value "25")
L 07/10/2025 - 10:49:22: [basecommands.smx] "Console<0><Console><Console>" changed cvar (cvar "survivor_max_incapacitated_count") (value "2")
L 07/10/2025 - 10:49:23: [optional/l4d2_saferoom_item_remove.smx] Removed 0 saferoom item(s) (start: 0; end: 0).
L 07/10/2025 - 10:50:21: [fixes/firebulletsfix.smx] Found offset for Weapon_ShootPosition 286
L 07/10/2025 - 10:50:21: [confoglcompmod.smx] [PasswordSystem] Set password on 不会玩の苍蝇X﹏X, password 
L 07/10/2025 - 10:50:21: [confoglcompmod.smx] [PasswordSystem] Set password on Kobe Bryant, password 
L 07/10/2025 - 10:50:21: [optional/l4d2_item_hint.smx] 
==========
Warning: You should install "[L4D & L4D2] Use Priority Patch" to fix attached models blocking +USE action (item hint): https://forums.alliedmods.net/showthread.php?t=327511
==========

L 07/10/2025 - 10:50:22: [basecommands.smx] "Console<0><Console><Console>" changed cvar (cvar "survivor_max_incapacitated_count") (value "2")
L 07/10/2025 - 10:50:25: -------- Mapchange to c2m1_highway --------
L 07/10/2025 - 10:50:26: [basecommands.smx] "Console<0><Console><Console>" changed cvar (cvar "confogl_match_execcfg_plugins") (value "generalfixes.cfg;confogl_plugins.cfg;sharedplugins.cfg")
L 07/10/2025 - 10:50:26: [basecommands.smx] "Console<0><Console><Console>" changed cvar (cvar "l4d2_addons_eclipse") (value "0")
L 07/10/2025 - 10:50:26: [basecommands.smx] "Console<0><Console><Console>" changed cvar (cvar "sv_allow_wait_command") (value "0")
L 07/10/2025 - 10:50:26: [basecommands.smx] "Console<0><Console><Console>" changed cvar (cvar "sv_minrate") (value "100000")
L 07/10/2025 - 10:50:26: [basecommands.smx] "Console<0><Console><Console>" changed cvar (cvar "sv_maxrate") (value "100000")
L 07/10/2025 - 10:50:26: [basecommands.smx] "Console<0><Console><Console>" changed cvar (cvar "sv_minupdaterate") (value "100")
L 07/10/2025 - 10:50:26: [basecommands.smx] "Console<0><Console><Console>" changed cvar (cvar "sv_maxupdaterate") (value "100")
L 07/10/2025 - 10:50:26: [basecommands.smx] "Console<0><Console><Console>" changed cvar (cvar "sv_mincmdrate") (value "100")
L 07/10/2025 - 10:50:26: [basecommands.smx] "Console<0><Console><Console>" changed cvar (cvar "sv_maxcmdrate") (value "100")
L 07/10/2025 - 10:50:26: [basecommands.smx] "Console<0><Console><Console>" changed cvar (cvar "sv_client_min_interp_ratio") (value "-1")
L 07/10/2025 - 10:50:26: [basecommands.smx] "Console<0><Console><Console>" changed cvar (cvar "sv_client_max_interp_ratio") (value "0")
L 07/10/2025 - 10:50:26: [basecommands.smx] "Console<0><Console><Console>" changed cvar (cvar "nb_update_frequency") (value "0.014")
L 07/10/2025 - 10:50:26: [basecommands.smx] "Console<0><Console><Console>" changed cvar (cvar "net_splitpacket_maxrate") (value "50000")
L 07/10/2025 - 10:50:26: [basecommands.smx] "Console<0><Console><Console>" changed cvar (cvar "net_maxcleartime") (value "0.0001")
L 07/10/2025 - 10:50:26: [basecommands.smx] "Console<0><Console><Console>" changed cvar (cvar "fps_max") (value "0")
L 07/10/2025 - 10:50:26: [basecommands.smx] "Console<0><Console><Console>" changed cvar (cvar "tick_door_speed") (value "1.3")
L 07/10/2025 - 10:50:26: [basecommands.smx] "Console<0><Console><Console>" changed cvar (cvar "mv_maxplayers") (value "30")
L 07/10/2025 - 10:50:26: [basecommands.smx] "Console<0><Console><Console>" changed cvar (cvar "mp_autoteambalance") (value "0")
L 07/10/2025 - 10:50:26: [basecommands.smx] "Console<0><Console><Console>" changed cvar (cvar "sv_unlag_fixstuck") (value "1")
L 07/10/2025 - 10:50:26: [basecommands.smx] "Console<0><Console><Console>" changed cvar (cvar "z_brawl_chance") (value "0")
L 07/10/2025 - 10:50:26: [basecommands.smx] "Console<0><Console><Console>" changed cvar (cvar "sv_maxunlag") (value "1")
L 07/10/2025 - 10:50:26: [basecommands.smx] "Console<0><Console><Console>" changed cvar (cvar "sv_forcepreload") (value "1")
L 07/10/2025 - 10:50:26: [basecommands.smx] "Console<0><Console><Console>" changed cvar (cvar "sv_client_predict") (value "1")
L 07/10/2025 - 10:50:26: [basecommands.smx] "Console<0><Console><Console>" changed cvar (cvar "sv_client_cmdrate_difference") (value "0")
L 07/10/2025 - 10:50:26: [basecommands.smx] "Console<0><Console><Console>" changed cvar (cvar "sv_max_queries_sec_global") (value "10")
L 07/10/2025 - 10:50:26: [basecommands.smx] "Console<0><Console><Console>" changed cvar (cvar "sv_max_queries_sec") (value "3")
L 07/10/2025 - 10:50:26: [basecommands.smx] "Console<0><Console><Console>" changed cvar (cvar "sv_max_queries_window") (value "10")
L 07/10/2025 - 10:50:26: [basecommands.smx] "Console<0><Console><Console>" changed cvar (cvar "sv_player_stuck_tolerance") (value "5")
L 07/10/2025 - 10:50:26: [basecommands.smx] "Console<0><Console><Console>" changed cvar (cvar "sv_stats") (value "0")
L 07/10/2025 - 10:50:26: [basecommands.smx] "Console<0><Console><Console>" changed cvar (cvar "sv_clockcorrection_msecs") (value "25")
L 07/10/2025 - 10:50:27: [basecommands.smx] "Console<0><Console><Console>" changed cvar (cvar "survivor_max_incapacitated_count") (value "2")
L 07/10/2025 - 10:50:28: [optional/l4d2_saferoom_item_remove.smx] Removed 0 saferoom item(s) (start: 0; end: 0).
L 07/10/2025 - 10:56:26: [optional/l4d2_saferoom_item_remove.smx] Removed 0 saferoom item(s) (start: 0; end: 0).
L 07/10/2025 - 10:59:35: [funcommands.smx] "Kobe Bryant<3><STEAM_1:1:801237070><>" toggled noclip on "Kobe Bryant<3><STEAM_1:1:801237070><>"
L 07/10/2025 - 11:00:54: [funcommands.smx] "Kobe Bryant<3><STEAM_1:1:801237070><>" toggled noclip on "Kobe Bryant<3><STEAM_1:1:801237070><>"
L 07/10/2025 - 11:00:55: [funcommands.smx] "Kobe Bryant<3><STEAM_1:1:801237070><>" toggled noclip on "不会玩の苍蝇X﹏X<2><STEAM_1:0:809674315><>"
L 07/10/2025 - 11:00:57: [funcommands.smx] "Kobe Bryant<3><STEAM_1:1:801237070><>" toggled noclip on "Kobe Bryant<3><STEAM_1:1:801237070><>"
L 07/10/2025 - 11:00:57: [funcommands.smx] "Kobe Bryant<3><STEAM_1:1:801237070><>" toggled noclip on "Kobe Bryant<3><STEAM_1:1:801237070><>"
L 07/10/2025 - 11:02:43: SourceMod log file session started (file "/root/Steam/steamapps/common/L4D21/left4dead2/addons/sourcemod/logs/L20250710.log") (Version "1.12.0.7195")
L 07/10/2025 - 11:02:43: [fixes/firebulletsfix.smx] Found offset for Weapon_ShootPosition 286
L 07/10/2025 - 11:02:45: [basecommands.smx] "Console<0><Console><Console>" changed cvar (cvar "confogl_match_execcfg_plugins") (value "generalfixes.cfg;confogl_plugins.cfg;sharedplugins.cfg")
L 07/10/2025 - 11:02:45: [basecommands.smx] "Console<0><Console><Console>" changed cvar (cvar "l4d2_addons_eclipse") (value "0")
L 07/10/2025 - 11:02:45: [basecommands.smx] "Console<0><Console><Console>" changed cvar (cvar "sv_allow_wait_command") (value "0")
L 07/10/2025 - 11:02:45: [basecommands.smx] "Console<0><Console><Console>" changed cvar (cvar "sv_minrate") (value "100000")
L 07/10/2025 - 11:02:45: [basecommands.smx] "Console<0><Console><Console>" changed cvar (cvar "sv_maxrate") (value "100000")
L 07/10/2025 - 11:02:45: [basecommands.smx] "Console<0><Console><Console>" changed cvar (cvar "sv_minupdaterate") (value "100")
L 07/10/2025 - 11:02:45: [basecommands.smx] "Console<0><Console><Console>" changed cvar (cvar "sv_maxupdaterate") (value "100")
L 07/10/2025 - 11:02:45: [basecommands.smx] "Console<0><Console><Console>" changed cvar (cvar "sv_mincmdrate") (value "100")
L 07/10/2025 - 11:02:45: [basecommands.smx] "Console<0><Console><Console>" changed cvar (cvar "sv_maxcmdrate") (value "100")
L 07/10/2025 - 11:02:45: [basecommands.smx] "Console<0><Console><Console>" changed cvar (cvar "sv_client_min_interp_ratio") (value "-1")
L 07/10/2025 - 11:02:45: [basecommands.smx] "Console<0><Console><Console>" changed cvar (cvar "sv_client_max_interp_ratio") (value "0")
L 07/10/2025 - 11:02:45: [basecommands.smx] "Console<0><Console><Console>" changed cvar (cvar "nb_update_frequency") (value "0.014")
L 07/10/2025 - 11:02:45: [basecommands.smx] "Console<0><Console><Console>" changed cvar (cvar "net_splitpacket_maxrate") (value "50000")
L 07/10/2025 - 11:02:45: [basecommands.smx] "Console<0><Console><Console>" changed cvar (cvar "net_maxcleartime") (value "0.0001")
L 07/10/2025 - 11:02:45: [basecommands.smx] "Console<0><Console><Console>" changed cvar (cvar "fps_max") (value "0")
L 07/10/2025 - 11:02:45: [basecommands.smx] "Console<0><Console><Console>" changed cvar (cvar "tick_door_speed") (value "1.3")
L 07/10/2025 - 11:02:45: [basecommands.smx] "Console<0><Console><Console>" changed cvar (cvar "mv_maxplayers") (value "30")
L 07/10/2025 - 11:02:45: [basecommands.smx] "Console<0><Console><Console>" changed cvar (cvar "mp_autoteambalance") (value "0")
L 07/10/2025 - 11:02:45: [basecommands.smx] "Console<0><Console><Console>" changed cvar (cvar "sv_unlag_fixstuck") (value "1")
L 07/10/2025 - 11:02:45: [basecommands.smx] "Console<0><Console><Console>" changed cvar (cvar "z_brawl_chance") (value "0")
L 07/10/2025 - 11:02:45: [basecommands.smx] "Console<0><Console><Console>" changed cvar (cvar "sv_maxunlag") (value "1")
L 07/10/2025 - 11:02:45: [basecommands.smx] "Console<0><Console><Console>" changed cvar (cvar "sv_forcepreload") (value "1")
L 07/10/2025 - 11:02:45: [basecommands.smx] "Console<0><Console><Console>" changed cvar (cvar "sv_client_predict") (value "1")
L 07/10/2025 - 11:02:45: [basecommands.smx] "Console<0><Console><Console>" changed cvar (cvar "sv_client_cmdrate_difference") (value "0")
L 07/10/2025 - 11:02:45: [basecommands.smx] "Console<0><Console><Console>" changed cvar (cvar "sv_max_queries_sec_global") (value "10")
L 07/10/2025 - 11:02:45: [basecommands.smx] "Console<0><Console><Console>" changed cvar (cvar "sv_max_queries_sec") (value "3")
L 07/10/2025 - 11:02:45: [basecommands.smx] "Console<0><Console><Console>" changed cvar (cvar "sv_max_queries_window") (value "10")
L 07/10/2025 - 11:02:45: [basecommands.smx] "Console<0><Console><Console>" changed cvar (cvar "sv_player_stuck_tolerance") (value "5")
L 07/10/2025 - 11:02:45: [basecommands.smx] "Console<0><Console><Console>" changed cvar (cvar "sv_stats") (value "0")
L 07/10/2025 - 11:02:45: [basecommands.smx] "Console<0><Console><Console>" changed cvar (cvar "sv_clockcorrection_msecs") (value "25")
L 07/10/2025 - 11:02:46: [fixes/firebulletsfix.smx] Found offset for Weapon_ShootPosition 286
L 07/10/2025 - 11:02:46: [optional/l4d2_item_hint.smx] 
==========
Warning: You should install "[L4D & L4D2] Use Priority Patch" to fix attached models blocking +USE action (item hint): https://forums.alliedmods.net/showthread.php?t=327511
==========

L 07/10/2025 - 11:02:46: [GEOIP] GeoIP2 database loaded: GeoLite2-Country (2023-12-22 14:46:10 UTC) (/root/Steam/steamapps/common/L4D21/left4dead2/addons/sourcemod/configs/geoip/GeoLite2-Country.mmdb)
L 07/10/2025 - 11:02:46: [GEOIP] GeoIP2 supported languages: de en es fr ja pt-BR ru zh-CN
L 07/10/2025 - 11:02:46: [GEOIP] Your database is older than 90 days. You should consider downloading a newer version from e.g. https://dev.maxmind.com/geoip/geolite2-free-geolocation-data
L 07/10/2025 - 11:02:50: -------- Mapchange to c2m1_highway --------
L 07/10/2025 - 11:02:51: [basecommands.smx] "Console<0><Console><Console>" changed cvar (cvar "confogl_match_execcfg_plugins") (value "generalfixes.cfg;confogl_plugins.cfg;sharedplugins.cfg")
L 07/10/2025 - 11:02:51: [basecommands.smx] "Console<0><Console><Console>" changed cvar (cvar "l4d2_addons_eclipse") (value "0")
L 07/10/2025 - 11:02:51: [basecommands.smx] "Console<0><Console><Console>" changed cvar (cvar "sv_allow_wait_command") (value "0")
L 07/10/2025 - 11:02:51: [basecommands.smx] "Console<0><Console><Console>" changed cvar (cvar "sv_minrate") (value "100000")
L 07/10/2025 - 11:02:51: [basecommands.smx] "Console<0><Console><Console>" changed cvar (cvar "sv_maxrate") (value "100000")
L 07/10/2025 - 11:02:51: [basecommands.smx] "Console<0><Console><Console>" changed cvar (cvar "sv_minupdaterate") (value "100")
L 07/10/2025 - 11:02:51: [basecommands.smx] "Console<0><Console><Console>" changed cvar (cvar "sv_maxupdaterate") (value "100")
L 07/10/2025 - 11:02:51: [basecommands.smx] "Console<0><Console><Console>" changed cvar (cvar "sv_mincmdrate") (value "100")
L 07/10/2025 - 11:02:51: [basecommands.smx] "Console<0><Console><Console>" changed cvar (cvar "sv_maxcmdrate") (value "100")
L 07/10/2025 - 11:02:51: [basecommands.smx] "Console<0><Console><Console>" changed cvar (cvar "sv_client_min_interp_ratio") (value "-1")
L 07/10/2025 - 11:02:51: [basecommands.smx] "Console<0><Console><Console>" changed cvar (cvar "sv_client_max_interp_ratio") (value "0")
L 07/10/2025 - 11:02:51: [basecommands.smx] "Console<0><Console><Console>" changed cvar (cvar "nb_update_frequency") (value "0.014")
L 07/10/2025 - 11:02:51: [basecommands.smx] "Console<0><Console><Console>" changed cvar (cvar "net_splitpacket_maxrate") (value "50000")
L 07/10/2025 - 11:02:51: [basecommands.smx] "Console<0><Console><Console>" changed cvar (cvar "net_maxcleartime") (value "0.0001")
L 07/10/2025 - 11:02:51: [basecommands.smx] "Console<0><Console><Console>" changed cvar (cvar "fps_max") (value "0")
L 07/10/2025 - 11:02:51: [basecommands.smx] "Console<0><Console><Console>" changed cvar (cvar "tick_door_speed") (value "1.3")
L 07/10/2025 - 11:02:51: [basecommands.smx] "Console<0><Console><Console>" changed cvar (cvar "mv_maxplayers") (value "30")
L 07/10/2025 - 11:02:51: [basecommands.smx] "Console<0><Console><Console>" changed cvar (cvar "mp_autoteambalance") (value "0")
L 07/10/2025 - 11:02:51: [basecommands.smx] "Console<0><Console><Console>" changed cvar (cvar "sv_unlag_fixstuck") (value "1")
L 07/10/2025 - 11:02:51: [basecommands.smx] "Console<0><Console><Console>" changed cvar (cvar "z_brawl_chance") (value "0")
L 07/10/2025 - 11:02:51: [basecommands.smx] "Console<0><Console><Console>" changed cvar (cvar "sv_maxunlag") (value "1")
L 07/10/2025 - 11:02:51: [basecommands.smx] "Console<0><Console><Console>" changed cvar (cvar "sv_forcepreload") (value "1")
L 07/10/2025 - 11:02:51: [basecommands.smx] "Console<0><Console><Console>" changed cvar (cvar "sv_client_predict") (value "1")
L 07/10/2025 - 11:02:51: [basecommands.smx] "Console<0><Console><Console>" changed cvar (cvar "sv_client_cmdrate_difference") (value "0")
L 07/10/2025 - 11:02:51: [basecommands.smx] "Console<0><Console><Console>" changed cvar (cvar "sv_max_queries_sec_global") (value "10")
L 07/10/2025 - 11:02:51: [basecommands.smx] "Console<0><Console><Console>" changed cvar (cvar "sv_max_queries_sec") (value "3")
L 07/10/2025 - 11:02:51: [basecommands.smx] "Console<0><Console><Console>" changed cvar (cvar "sv_max_queries_window") (value "10")
L 07/10/2025 - 11:02:51: [basecommands.smx] "Console<0><Console><Console>" changed cvar (cvar "sv_player_stuck_tolerance") (value "5")
L 07/10/2025 - 11:02:51: [basecommands.smx] "Console<0><Console><Console>" changed cvar (cvar "sv_stats") (value "0")
L 07/10/2025 - 11:02:51: [basecommands.smx] "Console<0><Console><Console>" changed cvar (cvar "sv_clockcorrection_msecs") (value "25")
L 07/10/2025 - 11:02:51: [basecommands.smx] "Console<0><Console><Console>" changed cvar (cvar "survivor_max_incapacitated_count") (value "2")
L 07/10/2025 - 11:02:52: [optional/l4d2_saferoom_item_remove.smx] Removed 0 saferoom item(s) (start: 0; end: 0).
L 07/10/2025 - 11:03:13: [UPDATER] Successfully updated gamedata file "sm-tf2.games.txt"
L 07/10/2025 - 11:03:13: [UPDATER] Successfully updated gamedata file "sm-cstrike.games/game.csgo.txt"
L 07/10/2025 - 11:03:13: [UPDATER] Successfully updated gamedata file "sm-cstrike.games/master.games.txt"
L 07/10/2025 - 11:03:13: [UPDATER] Successfully updated gamedata file "sdktools.games/game.dod.txt"
L 07/10/2025 - 11:03:13: [UPDATER] Successfully updated gamedata file "sdktools.games/game.hl2mp.txt"
L 07/10/2025 - 11:03:13: [UPDATER] Successfully updated gamedata file "sdktools.games/game.cstrike.txt"
L 07/10/2025 - 11:03:13: [UPDATER] Successfully updated gamedata file "sdktools.games/game.bms.txt"
L 07/10/2025 - 11:03:13: [UPDATER] Successfully updated gamedata file "sdktools.games/game.hl2ctf.txt"
L 07/10/2025 - 11:03:13: [UPDATER] Successfully updated gamedata file "sdktools.games/engine.ep2valve.txt"
L 07/10/2025 - 11:03:13: [UPDATER] Successfully updated gamedata file "sdktools.games/common.games.txt"
L 07/10/2025 - 11:03:13: [UPDATER] Successfully updated gamedata file "sdktools.games/game.tf.txt"
L 07/10/2025 - 11:03:13: [UPDATER] Successfully updated gamedata file "sdktools.games/game.tf2classic.txt"
L 07/10/2025 - 11:03:13: [UPDATER] Successfully updated gamedata file "sdktools.games/game.ios.txt"
L 07/10/2025 - 11:03:13: [UPDATER] Successfully updated gamedata file "sdkhooks.games/engine.ep2v.txt"
L 07/10/2025 - 11:03:13: [UPDATER] Successfully updated gamedata file "sdkhooks.games/game.bms.txt"
L 07/10/2025 - 11:03:13: [UPDATER] Successfully updated gamedata file "sdkhooks.games/game.hl2ctf.txt"
L 07/10/2025 - 11:03:13: [UPDATER] Successfully updated gamedata file "sdkhooks.games/game.fof.txt"
L 07/10/2025 - 11:03:13: [UPDATER] Successfully updated gamedata file "sdkhooks.games/game.pvkii.txt"
L 07/10/2025 - 11:03:13: [UPDATER] Successfully updated gamedata file "sdkhooks.games/common.games.txt"
L 07/10/2025 - 11:03:13: [UPDATER] Successfully updated gamedata file "sdkhooks.games/game.tf2classic.txt"
L 07/10/2025 - 11:03:13: [UPDATER] Successfully updated gamedata file "funcommands.games.txt"
L 07/10/2025 - 11:03:13: [UPDATER] Successfully updated gamedata file "core.games/engine.l4d2.txt"
L 07/10/2025 - 11:03:13: [UPDATER] Successfully updated gamedata file "core.games/engine.mcv.txt"
L 07/10/2025 - 11:03:13: [UPDATER] Successfully updated gamedata file "core.games/engine.eye.txt"
L 07/10/2025 - 11:03:13: [UPDATER] Successfully updated gamedata file "core.games/engine.sdk2013.txt"
L 07/10/2025 - 11:03:13: [UPDATER] Successfully updated gamedata file "core.games/engine.darkm.txt"
L 07/10/2025 - 11:03:13: [UPDATER] Successfully updated gamedata file "core.games/engine.csgo.txt"
L 07/10/2025 - 11:03:13: [UPDATER] Successfully updated gamedata file "core.games/engine.ep1.txt"
L 07/10/2025 - 11:03:13: [UPDATER] Successfully updated gamedata file "core.games/engine.insurgency.txt"
L 07/10/2025 - 11:03:13: [UPDATER] Successfully updated gamedata file "core.games/game.dinodday.txt"
L 07/10/2025 - 11:03:13: [UPDATER] Successfully updated gamedata file "core.games/engine.l4d.txt"
L 07/10/2025 - 11:03:13: [UPDATER] Successfully updated gamedata file "core.games/engine.swarm.txt"
L 07/10/2025 - 11:03:13: [UPDATER] Successfully updated gamedata file "core.games/engine.ep2valve.txt"
L 07/10/2025 - 11:03:13: [UPDATER] Successfully updated gamedata file "core.games/engine.blade.txt"
L 07/10/2025 - 11:03:13: [UPDATER] Successfully updated gamedata file "core.games/common.games.txt"
L 07/10/2025 - 11:03:13: [UPDATER] Successfully updated gamedata file "core.games/blocklist.plugins.txt"
L 07/10/2025 - 11:03:13: [UPDATER] Successfully updated gamedata file "core.games/engine.contagion.txt"
L 07/10/2025 - 11:03:13: [UPDATER] Successfully updated gamedata file "core.games/engine.ep2.txt"
L 07/10/2025 - 11:03:13: [UPDATER] Successfully updated gamedata file "core.games/engine.bgt.txt"
L 07/10/2025 - 11:03:13: [UPDATER] Successfully updated gamedata file "accelerator.games.txt"
L 07/10/2025 - 11:03:13: [UPDATER] SourceMod has been updated, please reload it or restart your server.
L 07/10/2025 - 14:22:45: SourceMod log file session started (file "/root/Steam/steamapps/common/L4D21/left4dead2/addons/sourcemod/logs/L20250710.log") (Version "1.12.0.7195")
L 07/10/2025 - 14:22:45: [fixes/firebulletsfix.smx] Found offset for Weapon_ShootPosition 286
L 07/10/2025 - 14:22:47: [basecommands.smx] "Console<0><Console><Console>" changed cvar (cvar "confogl_match_execcfg_plugins") (value "generalfixes.cfg;confogl_plugins.cfg;sharedplugins.cfg")
L 07/10/2025 - 14:22:47: [basecommands.smx] "Console<0><Console><Console>" changed cvar (cvar "l4d2_addons_eclipse") (value "0")
L 07/10/2025 - 14:22:47: [basecommands.smx] "Console<0><Console><Console>" changed cvar (cvar "sv_allow_wait_command") (value "0")
L 07/10/2025 - 14:22:47: [basecommands.smx] "Console<0><Console><Console>" changed cvar (cvar "sv_minrate") (value "100000")
L 07/10/2025 - 14:22:47: [basecommands.smx] "Console<0><Console><Console>" changed cvar (cvar "sv_maxrate") (value "100000")
L 07/10/2025 - 14:22:47: [basecommands.smx] "Console<0><Console><Console>" changed cvar (cvar "sv_minupdaterate") (value "100")
L 07/10/2025 - 14:22:47: [basecommands.smx] "Console<0><Console><Console>" changed cvar (cvar "sv_maxupdaterate") (value "100")
L 07/10/2025 - 14:22:47: [basecommands.smx] "Console<0><Console><Console>" changed cvar (cvar "sv_mincmdrate") (value "100")
L 07/10/2025 - 14:22:47: [basecommands.smx] "Console<0><Console><Console>" changed cvar (cvar "sv_maxcmdrate") (value "100")
L 07/10/2025 - 14:22:47: [basecommands.smx] "Console<0><Console><Console>" changed cvar (cvar "sv_client_min_interp_ratio") (value "-1")
L 07/10/2025 - 14:22:47: [basecommands.smx] "Console<0><Console><Console>" changed cvar (cvar "sv_client_max_interp_ratio") (value "0")
L 07/10/2025 - 14:22:47: [basecommands.smx] "Console<0><Console><Console>" changed cvar (cvar "nb_update_frequency") (value "0.014")
L 07/10/2025 - 14:22:47: [basecommands.smx] "Console<0><Console><Console>" changed cvar (cvar "net_splitpacket_maxrate") (value "50000")
L 07/10/2025 - 14:22:47: [basecommands.smx] "Console<0><Console><Console>" changed cvar (cvar "net_maxcleartime") (value "0.0001")
L 07/10/2025 - 14:22:47: [basecommands.smx] "Console<0><Console><Console>" changed cvar (cvar "fps_max") (value "0")
L 07/10/2025 - 14:22:47: [basecommands.smx] "Console<0><Console><Console>" changed cvar (cvar "tick_door_speed") (value "1.3")
L 07/10/2025 - 14:22:47: [basecommands.smx] "Console<0><Console><Console>" changed cvar (cvar "mv_maxplayers") (value "30")
L 07/10/2025 - 14:22:47: [basecommands.smx] "Console<0><Console><Console>" changed cvar (cvar "mp_autoteambalance") (value "0")
L 07/10/2025 - 14:22:47: [basecommands.smx] "Console<0><Console><Console>" changed cvar (cvar "sv_unlag_fixstuck") (value "1")
L 07/10/2025 - 14:22:47: [basecommands.smx] "Console<0><Console><Console>" changed cvar (cvar "z_brawl_chance") (value "0")
L 07/10/2025 - 14:22:47: [basecommands.smx] "Console<0><Console><Console>" changed cvar (cvar "sv_maxunlag") (value "1")
L 07/10/2025 - 14:22:47: [basecommands.smx] "Console<0><Console><Console>" changed cvar (cvar "sv_forcepreload") (value "1")
L 07/10/2025 - 14:22:47: [basecommands.smx] "Console<0><Console><Console>" changed cvar (cvar "sv_client_predict") (value "1")
L 07/10/2025 - 14:22:47: [basecommands.smx] "Console<0><Console><Console>" changed cvar (cvar "sv_client_cmdrate_difference") (value "0")
L 07/10/2025 - 14:22:47: [basecommands.smx] "Console<0><Console><Console>" changed cvar (cvar "sv_max_queries_sec_global") (value "10")
L 07/10/2025 - 14:22:47: [basecommands.smx] "Console<0><Console><Console>" changed cvar (cvar "sv_max_queries_sec") (value "3")
L 07/10/2025 - 14:22:47: [basecommands.smx] "Console<0><Console><Console>" changed cvar (cvar "sv_max_queries_window") (value "10")
L 07/10/2025 - 14:22:47: [basecommands.smx] "Console<0><Console><Console>" changed cvar (cvar "sv_player_stuck_tolerance") (value "5")
L 07/10/2025 - 14:22:47: [basecommands.smx] "Console<0><Console><Console>" changed cvar (cvar "sv_stats") (value "0")
L 07/10/2025 - 14:22:47: [basecommands.smx] "Console<0><Console><Console>" changed cvar (cvar "sv_clockcorrection_msecs") (value "25")
L 07/10/2025 - 14:22:47: [basecommands.smx] "Console<0><Console><Console>" changed cvar (cvar "survivor_max_incapacitated_count") (value "2")
L 07/10/2025 - 14:22:47: [fixes/firebulletsfix.smx] Found offset for Weapon_ShootPosition 286
L 07/10/2025 - 14:22:48: [optional/l4d2_item_hint.smx] 
==========
Warning: You should install "[L4D & L4D2] Use Priority Patch" to fix attached models blocking +USE action (item hint): https://forums.alliedmods.net/showthread.php?t=327511
==========

L 07/10/2025 - 14:22:48: [GEOIP] GeoIP2 database loaded: GeoLite2-Country (2023-12-22 14:46:10 UTC) (/root/Steam/steamapps/common/L4D21/left4dead2/addons/sourcemod/configs/geoip/GeoLite2-Country.mmdb)
L 07/10/2025 - 14:22:48: [GEOIP] GeoIP2 supported languages: de en es fr ja pt-BR ru zh-CN
L 07/10/2025 - 14:22:48: [GEOIP] Your database is older than 90 days. You should consider downloading a newer version from e.g. https://dev.maxmind.com/geoip/geolite2-free-geolocation-data
L 07/10/2025 - 14:22:51: -------- Mapchange to c2m1_highway --------
L 07/10/2025 - 14:22:52: [basecommands.smx] "Console<0><Console><Console>" changed cvar (cvar "confogl_match_execcfg_plugins") (value "generalfixes.cfg;confogl_plugins.cfg;sharedplugins.cfg")
L 07/10/2025 - 14:22:52: [basecommands.smx] "Console<0><Console><Console>" changed cvar (cvar "l4d2_addons_eclipse") (value "0")
L 07/10/2025 - 14:22:52: [basecommands.smx] "Console<0><Console><Console>" changed cvar (cvar "sv_allow_wait_command") (value "0")
L 07/10/2025 - 14:22:52: [basecommands.smx] "Console<0><Console><Console>" changed cvar (cvar "sv_minrate") (value "100000")
L 07/10/2025 - 14:22:52: [basecommands.smx] "Console<0><Console><Console>" changed cvar (cvar "sv_maxrate") (value "100000")
L 07/10/2025 - 14:22:52: [basecommands.smx] "Console<0><Console><Console>" changed cvar (cvar "sv_minupdaterate") (value "100")
L 07/10/2025 - 14:22:52: [basecommands.smx] "Console<0><Console><Console>" changed cvar (cvar "sv_maxupdaterate") (value "100")
L 07/10/2025 - 14:22:52: [basecommands.smx] "Console<0><Console><Console>" changed cvar (cvar "sv_mincmdrate") (value "100")
L 07/10/2025 - 14:22:52: [basecommands.smx] "Console<0><Console><Console>" changed cvar (cvar "sv_maxcmdrate") (value "100")
L 07/10/2025 - 14:22:52: [basecommands.smx] "Console<0><Console><Console>" changed cvar (cvar "sv_client_min_interp_ratio") (value "-1")
L 07/10/2025 - 14:22:52: [basecommands.smx] "Console<0><Console><Console>" changed cvar (cvar "sv_client_max_interp_ratio") (value "0")
L 07/10/2025 - 14:22:52: [basecommands.smx] "Console<0><Console><Console>" changed cvar (cvar "nb_update_frequency") (value "0.014")
L 07/10/2025 - 14:22:52: [basecommands.smx] "Console<0><Console><Console>" changed cvar (cvar "net_splitpacket_maxrate") (value "50000")
L 07/10/2025 - 14:22:52: [basecommands.smx] "Console<0><Console><Console>" changed cvar (cvar "net_maxcleartime") (value "0.0001")
L 07/10/2025 - 14:22:52: [basecommands.smx] "Console<0><Console><Console>" changed cvar (cvar "fps_max") (value "0")
L 07/10/2025 - 14:22:52: [basecommands.smx] "Console<0><Console><Console>" changed cvar (cvar "tick_door_speed") (value "1.3")
L 07/10/2025 - 14:22:52: [basecommands.smx] "Console<0><Console><Console>" changed cvar (cvar "mv_maxplayers") (value "30")
L 07/10/2025 - 14:22:52: [basecommands.smx] "Console<0><Console><Console>" changed cvar (cvar "mp_autoteambalance") (value "0")
L 07/10/2025 - 14:22:52: [basecommands.smx] "Console<0><Console><Console>" changed cvar (cvar "sv_unlag_fixstuck") (value "1")
L 07/10/2025 - 14:22:52: [basecommands.smx] "Console<0><Console><Console>" changed cvar (cvar "z_brawl_chance") (value "0")
L 07/10/2025 - 14:22:52: [basecommands.smx] "Console<0><Console><Console>" changed cvar (cvar "sv_maxunlag") (value "1")
L 07/10/2025 - 14:22:52: [basecommands.smx] "Console<0><Console><Console>" changed cvar (cvar "sv_forcepreload") (value "1")
L 07/10/2025 - 14:22:52: [basecommands.smx] "Console<0><Console><Console>" changed cvar (cvar "sv_client_predict") (value "1")
L 07/10/2025 - 14:22:52: [basecommands.smx] "Console<0><Console><Console>" changed cvar (cvar "sv_client_cmdrate_difference") (value "0")
L 07/10/2025 - 14:22:52: [basecommands.smx] "Console<0><Console><Console>" changed cvar (cvar "sv_max_queries_sec_global") (value "10")
L 07/10/2025 - 14:22:52: [basecommands.smx] "Console<0><Console><Console>" changed cvar (cvar "sv_max_queries_sec") (value "3")
L 07/10/2025 - 14:22:52: [basecommands.smx] "Console<0><Console><Console>" changed cvar (cvar "sv_max_queries_window") (value "10")
L 07/10/2025 - 14:22:52: [basecommands.smx] "Console<0><Console><Console>" changed cvar (cvar "sv_player_stuck_tolerance") (value "5")
L 07/10/2025 - 14:22:52: [basecommands.smx] "Console<0><Console><Console>" changed cvar (cvar "sv_stats") (value "0")
L 07/10/2025 - 14:22:52: [basecommands.smx] "Console<0><Console><Console>" changed cvar (cvar "sv_clockcorrection_msecs") (value "25")
L 07/10/2025 - 14:22:52: [basecommands.smx] "Console<0><Console><Console>" changed cvar (cvar "survivor_max_incapacitated_count") (value "2")
L 07/10/2025 - 14:22:54: [optional/l4d2_saferoom_item_remove.smx] Removed 0 saferoom item(s) (start: 0; end: 0).
L 07/10/2025 - 14:29:20: [fixes/firebulletsfix.smx] Found offset for Weapon_ShootPosition 286
L 07/10/2025 - 14:29:20: [confoglcompmod.smx] [PasswordSystem] Set password on MALISS-念安_居此, password 
L 07/10/2025 - 14:29:20: [confoglcompmod.smx] [PasswordSystem] Set password on Kobe Bryant, password 
L 07/10/2025 - 14:29:20: [optional/l4d2_item_hint.smx] 
==========
Warning: You should install "[L4D & L4D2] Use Priority Patch" to fix attached models blocking +USE action (item hint): https://forums.alliedmods.net/showthread.php?t=327511
==========

L 07/10/2025 - 14:29:20: [basecommands.smx] "Console<0><Console><Console>" changed cvar (cvar "survivor_max_incapacitated_count") (value "2")
L 07/10/2025 - 14:29:24: -------- Mapchange to c2m1_highway --------
L 07/10/2025 - 14:29:25: [basecommands.smx] "Console<0><Console><Console>" changed cvar (cvar "confogl_match_execcfg_plugins") (value "generalfixes.cfg;confogl_plugins.cfg;sharedplugins.cfg")
L 07/10/2025 - 14:29:25: [basecommands.smx] "Console<0><Console><Console>" changed cvar (cvar "l4d2_addons_eclipse") (value "0")
L 07/10/2025 - 14:29:25: [basecommands.smx] "Console<0><Console><Console>" changed cvar (cvar "sv_allow_wait_command") (value "0")
L 07/10/2025 - 14:29:25: [basecommands.smx] "Console<0><Console><Console>" changed cvar (cvar "sv_minrate") (value "100000")
L 07/10/2025 - 14:29:25: [basecommands.smx] "Console<0><Console><Console>" changed cvar (cvar "sv_maxrate") (value "100000")
L 07/10/2025 - 14:29:25: [basecommands.smx] "Console<0><Console><Console>" changed cvar (cvar "sv_minupdaterate") (value "100")
L 07/10/2025 - 14:29:25: [basecommands.smx] "Console<0><Console><Console>" changed cvar (cvar "sv_maxupdaterate") (value "100")
L 07/10/2025 - 14:29:25: [basecommands.smx] "Console<0><Console><Console>" changed cvar (cvar "sv_mincmdrate") (value "100")
L 07/10/2025 - 14:29:25: [basecommands.smx] "Console<0><Console><Console>" changed cvar (cvar "sv_maxcmdrate") (value "100")
L 07/10/2025 - 14:29:25: [basecommands.smx] "Console<0><Console><Console>" changed cvar (cvar "sv_client_min_interp_ratio") (value "-1")
L 07/10/2025 - 14:29:25: [basecommands.smx] "Console<0><Console><Console>" changed cvar (cvar "sv_client_max_interp_ratio") (value "0")
L 07/10/2025 - 14:29:25: [basecommands.smx] "Console<0><Console><Console>" changed cvar (cvar "nb_update_frequency") (value "0.014")
L 07/10/2025 - 14:29:25: [basecommands.smx] "Console<0><Console><Console>" changed cvar (cvar "net_splitpacket_maxrate") (value "50000")
L 07/10/2025 - 14:29:25: [basecommands.smx] "Console<0><Console><Console>" changed cvar (cvar "net_maxcleartime") (value "0.0001")
L 07/10/2025 - 14:29:25: [basecommands.smx] "Console<0><Console><Console>" changed cvar (cvar "fps_max") (value "0")
L 07/10/2025 - 14:29:25: [basecommands.smx] "Console<0><Console><Console>" changed cvar (cvar "tick_door_speed") (value "1.3")
L 07/10/2025 - 14:29:25: [basecommands.smx] "Console<0><Console><Console>" changed cvar (cvar "mv_maxplayers") (value "30")
L 07/10/2025 - 14:29:25: [basecommands.smx] "Console<0><Console><Console>" changed cvar (cvar "mp_autoteambalance") (value "0")
L 07/10/2025 - 14:29:25: [basecommands.smx] "Console<0><Console><Console>" changed cvar (cvar "sv_unlag_fixstuck") (value "1")
L 07/10/2025 - 14:29:25: [basecommands.smx] "Console<0><Console><Console>" changed cvar (cvar "z_brawl_chance") (value "0")
L 07/10/2025 - 14:29:25: [basecommands.smx] "Console<0><Console><Console>" changed cvar (cvar "sv_maxunlag") (value "1")
L 07/10/2025 - 14:29:25: [basecommands.smx] "Console<0><Console><Console>" changed cvar (cvar "sv_forcepreload") (value "1")
L 07/10/2025 - 14:29:25: [basecommands.smx] "Console<0><Console><Console>" changed cvar (cvar "sv_client_predict") (value "1")
L 07/10/2025 - 14:29:25: [basecommands.smx] "Console<0><Console><Console>" changed cvar (cvar "sv_client_cmdrate_difference") (value "0")
L 07/10/2025 - 14:29:25: [basecommands.smx] "Console<0><Console><Console>" changed cvar (cvar "sv_max_queries_sec_global") (value "10")
L 07/10/2025 - 14:29:25: [basecommands.smx] "Console<0><Console><Console>" changed cvar (cvar "sv_max_queries_sec") (value "3")
L 07/10/2025 - 14:29:25: [basecommands.smx] "Console<0><Console><Console>" changed cvar (cvar "sv_max_queries_window") (value "10")
L 07/10/2025 - 14:29:25: [basecommands.smx] "Console<0><Console><Console>" changed cvar (cvar "sv_player_stuck_tolerance") (value "5")
L 07/10/2025 - 14:29:25: [basecommands.smx] "Console<0><Console><Console>" changed cvar (cvar "sv_stats") (value "0")
L 07/10/2025 - 14:29:25: [basecommands.smx] "Console<0><Console><Console>" changed cvar (cvar "sv_clockcorrection_msecs") (value "25")
L 07/10/2025 - 14:29:25: [basecommands.smx] "Console<0><Console><Console>" changed cvar (cvar "survivor_max_incapacitated_count") (value "2")
L 07/10/2025 - 14:29:26: [optional/l4d2_saferoom_item_remove.smx] Removed 0 saferoom item(s) (start: 0; end: 0).
L 07/10/2025 - 14:35:26: [optional/l4d2_saferoom_item_remove.smx] Removed 0 saferoom item(s) (start: 0; end: 0).
L 07/10/2025 - 14:38:49: -------- Mapchange to c2m2_fairgrounds --------
L 07/10/2025 - 14:38:51: [basecommands.smx] "Console<0><Console><Console>" changed cvar (cvar "confogl_match_execcfg_plugins") (value "generalfixes.cfg;confogl_plugins.cfg;sharedplugins.cfg")
L 07/10/2025 - 14:38:51: [basecommands.smx] "Console<0><Console><Console>" changed cvar (cvar "l4d2_addons_eclipse") (value "0")
L 07/10/2025 - 14:38:51: [basecommands.smx] "Console<0><Console><Console>" changed cvar (cvar "sv_allow_wait_command") (value "0")
L 07/10/2025 - 14:38:51: [basecommands.smx] "Console<0><Console><Console>" changed cvar (cvar "sv_minrate") (value "100000")
L 07/10/2025 - 14:38:51: [basecommands.smx] "Console<0><Console><Console>" changed cvar (cvar "sv_maxrate") (value "100000")
L 07/10/2025 - 14:38:51: [basecommands.smx] "Console<0><Console><Console>" changed cvar (cvar "sv_minupdaterate") (value "100")
L 07/10/2025 - 14:38:51: [basecommands.smx] "Console<0><Console><Console>" changed cvar (cvar "sv_maxupdaterate") (value "100")
L 07/10/2025 - 14:38:51: [basecommands.smx] "Console<0><Console><Console>" changed cvar (cvar "sv_mincmdrate") (value "100")
L 07/10/2025 - 14:38:51: [basecommands.smx] "Console<0><Console><Console>" changed cvar (cvar "sv_maxcmdrate") (value "100")
L 07/10/2025 - 14:38:51: [basecommands.smx] "Console<0><Console><Console>" changed cvar (cvar "sv_client_min_interp_ratio") (value "-1")
L 07/10/2025 - 14:38:51: [basecommands.smx] "Console<0><Console><Console>" changed cvar (cvar "sv_client_max_interp_ratio") (value "0")
L 07/10/2025 - 14:38:51: [basecommands.smx] "Console<0><Console><Console>" changed cvar (cvar "nb_update_frequency") (value "0.014")
L 07/10/2025 - 14:38:51: [basecommands.smx] "Console<0><Console><Console>" changed cvar (cvar "net_splitpacket_maxrate") (value "50000")
L 07/10/2025 - 14:38:51: [basecommands.smx] "Console<0><Console><Console>" changed cvar (cvar "net_maxcleartime") (value "0.0001")
L 07/10/2025 - 14:38:51: [basecommands.smx] "Console<0><Console><Console>" changed cvar (cvar "fps_max") (value "0")
L 07/10/2025 - 14:38:51: [basecommands.smx] "Console<0><Console><Console>" changed cvar (cvar "tick_door_speed") (value "1.3")
L 07/10/2025 - 14:38:51: [basecommands.smx] "Console<0><Console><Console>" changed cvar (cvar "mv_maxplayers") (value "30")
L 07/10/2025 - 14:38:51: [basecommands.smx] "Console<0><Console><Console>" changed cvar (cvar "mp_autoteambalance") (value "0")
L 07/10/2025 - 14:38:51: [basecommands.smx] "Console<0><Console><Console>" changed cvar (cvar "sv_unlag_fixstuck") (value "1")
L 07/10/2025 - 14:38:51: [basecommands.smx] "Console<0><Console><Console>" changed cvar (cvar "z_brawl_chance") (value "0")
L 07/10/2025 - 14:38:51: [basecommands.smx] "Console<0><Console><Console>" changed cvar (cvar "sv_maxunlag") (value "1")
L 07/10/2025 - 14:38:51: [basecommands.smx] "Console<0><Console><Console>" changed cvar (cvar "sv_forcepreload") (value "1")
L 07/10/2025 - 14:38:51: [basecommands.smx] "Console<0><Console><Console>" changed cvar (cvar "sv_client_predict") (value "1")
L 07/10/2025 - 14:38:51: [basecommands.smx] "Console<0><Console><Console>" changed cvar (cvar "sv_client_cmdrate_difference") (value "0")
L 07/10/2025 - 14:38:51: [basecommands.smx] "Console<0><Console><Console>" changed cvar (cvar "sv_max_queries_sec_global") (value "10")
L 07/10/2025 - 14:38:51: [basecommands.smx] "Console<0><Console><Console>" changed cvar (cvar "sv_max_queries_sec") (value "3")
L 07/10/2025 - 14:38:51: [basecommands.smx] "Console<0><Console><Console>" changed cvar (cvar "sv_max_queries_window") (value "10")
L 07/10/2025 - 14:38:51: [basecommands.smx] "Console<0><Console><Console>" changed cvar (cvar "sv_player_stuck_tolerance") (value "5")
L 07/10/2025 - 14:38:51: [basecommands.smx] "Console<0><Console><Console>" changed cvar (cvar "sv_stats") (value "0")
L 07/10/2025 - 14:38:51: [basecommands.smx] "Console<0><Console><Console>" changed cvar (cvar "sv_clockcorrection_msecs") (value "25")
L 07/10/2025 - 14:38:51: [basecommands.smx] "Console<0><Console><Console>" changed cvar (cvar "survivor_max_incapacitated_count") (value "2")
L 07/10/2025 - 14:38:52: [optional/l4d2_saferoom_item_remove.smx] Removed 0 saferoom item(s) (start: 0; end: 0).
L 07/10/2025 - 14:44:59: [optional/l4d2_saferoom_item_remove.smx] Removed 0 saferoom item(s) (start: 0; end: 0).
L 07/10/2025 - 14:45:25: [playercommands.smx] "Kobe Bryant<7><STEAM_1:1:801237070><>" slapped "MALISS-念安_居此<10><STEAM_1:0:784199543><>" (damage "0")
L 07/10/2025 - 14:45:25: [playercommands.smx] "Kobe Bryant<7><STEAM_1:1:801237070><>" slapped "MALISS-念安_居此<10><STEAM_1:0:784199543><>" (damage "0")
L 07/10/2025 - 14:45:25: [playercommands.smx] "Kobe Bryant<7><STEAM_1:1:801237070><>" slapped "MALISS-念安_居此<10><STEAM_1:0:784199543><>" (damage "0")
L 07/10/2025 - 14:45:25: [playercommands.smx] "Kobe Bryant<7><STEAM_1:1:801237070><>" slapped "MALISS-念安_居此<10><STEAM_1:0:784199543><>" (damage "0")
L 07/10/2025 - 14:45:25: [playercommands.smx] "Kobe Bryant<7><STEAM_1:1:801237070><>" slapped "MALISS-念安_居此<10><STEAM_1:0:784199543><>" (damage "0")
L 07/10/2025 - 14:45:26: [playercommands.smx] "Kobe Bryant<7><STEAM_1:1:801237070><>" slapped "MALISS-念安_居此<10><STEAM_1:0:784199543><>" (damage "0")
L 07/10/2025 - 14:45:27: [playercommands.smx] "Kobe Bryant<7><STEAM_1:1:801237070><>" slapped "MALISS-念安_居此<10><STEAM_1:0:784199543><>" (damage "0")
L 07/10/2025 - 14:45:27: [playercommands.smx] "Kobe Bryant<7><STEAM_1:1:801237070><>" slapped "MALISS-念安_居此<10><STEAM_1:0:784199543><>" (damage "0")
L 07/10/2025 - 14:45:27: [playercommands.smx] "Kobe Bryant<7><STEAM_1:1:801237070><>" slapped "MALISS-念安_居此<10><STEAM_1:0:784199543><>" (damage "0")
L 07/10/2025 - 14:45:27: [playercommands.smx] "Kobe Bryant<7><STEAM_1:1:801237070><>" slapped "MALISS-念安_居此<10><STEAM_1:0:784199543><>" (damage "0")
L 07/10/2025 - 14:45:27: [playercommands.smx] "Kobe Bryant<7><STEAM_1:1:801237070><>" slapped "MALISS-念安_居此<10><STEAM_1:0:784199543><>" (damage "0")
L 07/10/2025 - 14:45:28: [playercommands.smx] "Kobe Bryant<7><STEAM_1:1:801237070><>" slapped "MALISS-念安_居此<10><STEAM_1:0:784199543><>" (damage "0")
L 07/10/2025 - 14:45:28: [playercommands.smx] "Kobe Bryant<7><STEAM_1:1:801237070><>" slapped "MALISS-念安_居此<10><STEAM_1:0:784199543><>" (damage "0")
L 07/10/2025 - 14:45:28: [playercommands.smx] "Kobe Bryant<7><STEAM_1:1:801237070><>" slapped "MALISS-念安_居此<10><STEAM_1:0:784199543><>" (damage "0")
L 07/10/2025 - 14:45:28: [playercommands.smx] "Kobe Bryant<7><STEAM_1:1:801237070><>" slapped "MALISS-念安_居此<10><STEAM_1:0:784199543><>" (damage "0")
L 07/10/2025 - 14:45:28: [playercommands.smx] "Kobe Bryant<7><STEAM_1:1:801237070><>" slapped "MALISS-念安_居此<10><STEAM_1:0:784199543><>" (damage "0")
L 07/10/2025 - 14:45:28: [playercommands.smx] "Kobe Bryant<7><STEAM_1:1:801237070><>" slapped "MALISS-念安_居此<10><STEAM_1:0:784199543><>" (damage "0")
L 07/10/2025 - 14:45:29: [playercommands.smx] "Kobe Bryant<7><STEAM_1:1:801237070><>" slapped "MALISS-念安_居此<10><STEAM_1:0:784199543><>" (damage "0")
L 07/10/2025 - 14:45:29: [playercommands.smx] "Kobe Bryant<7><STEAM_1:1:801237070><>" slapped "MALISS-念安_居此<10><STEAM_1:0:784199543><>" (damage "0")
L 07/10/2025 - 14:45:29: [playercommands.smx] "Kobe Bryant<7><STEAM_1:1:801237070><>" slapped "MALISS-念安_居此<10><STEAM_1:0:784199543><>" (damage "0")
L 07/10/2025 - 14:45:29: [playercommands.smx] "Kobe Bryant<7><STEAM_1:1:801237070><>" slapped "MALISS-念安_居此<10><STEAM_1:0:784199543><>" (damage "0")
L 07/10/2025 - 14:45:29: [playercommands.smx] "Kobe Bryant<7><STEAM_1:1:801237070><>" slapped "MALISS-念安_居此<10><STEAM_1:0:784199543><>" (damage "0")
L 07/10/2025 - 14:45:29: [playercommands.smx] "Kobe Bryant<7><STEAM_1:1:801237070><>" slapped "MALISS-念安_居此<10><STEAM_1:0:784199543><>" (damage "0")
L 07/10/2025 - 14:45:30: [playercommands.smx] "Kobe Bryant<7><STEAM_1:1:801237070><>" slapped "MALISS-念安_居此<10><STEAM_1:0:784199543><>" (damage "0")
L 07/10/2025 - 14:45:30: [playercommands.smx] "Kobe Bryant<7><STEAM_1:1:801237070><>" slapped "Kobe Bryant<7><STEAM_1:1:801237070><>" (damage "0")
L 07/10/2025 - 14:45:30: [playercommands.smx] "Kobe Bryant<7><STEAM_1:1:801237070><>" slapped "MALISS-念安_居此<10><STEAM_1:0:784199543><>" (damage "0")
L 07/10/2025 - 14:45:30: [playercommands.smx] "Kobe Bryant<7><STEAM_1:1:801237070><>" slapped "Kobe Bryant<7><STEAM_1:1:801237070><>" (damage "0")
L 07/10/2025 - 14:45:30: [playercommands.smx] "Kobe Bryant<7><STEAM_1:1:801237070><>" slapped "MALISS-念安_居此<10><STEAM_1:0:784199543><>" (damage "0")
L 07/10/2025 - 14:45:30: [playercommands.smx] "Kobe Bryant<7><STEAM_1:1:801237070><>" slapped "Kobe Bryant<7><STEAM_1:1:801237070><>" (damage "0")
L 07/10/2025 - 14:45:30: [playercommands.smx] "Kobe Bryant<7><STEAM_1:1:801237070><>" slapped "MALISS-念安_居此<10><STEAM_1:0:784199543><>" (damage "0")
L 07/10/2025 - 14:45:30: [playercommands.smx] "Kobe Bryant<7><STEAM_1:1:801237070><>" slapped "Kobe Bryant<7><STEAM_1:1:801237070><>" (damage "0")
L 07/10/2025 - 14:45:31: [playercommands.smx] "Kobe Bryant<7><STEAM_1:1:801237070><>" slapped "MALISS-念安_居此<10><STEAM_1:0:784199543><>" (damage "0")
L 07/10/2025 - 14:45:31: [playercommands.smx] "Kobe Bryant<7><STEAM_1:1:801237070><>" slapped "Kobe Bryant<7><STEAM_1:1:801237070><>" (damage "0")
L 07/10/2025 - 14:45:31: [playercommands.smx] "Kobe Bryant<7><STEAM_1:1:801237070><>" slapped "MALISS-念安_居此<10><STEAM_1:0:784199543><>" (damage "0")
L 07/10/2025 - 14:45:31: [playercommands.smx] "Kobe Bryant<7><STEAM_1:1:801237070><>" slapped "Kobe Bryant<7><STEAM_1:1:801237070><>" (damage "0")
L 07/10/2025 - 14:45:31: [playercommands.smx] "Kobe Bryant<7><STEAM_1:1:801237070><>" slapped "MALISS-念安_居此<10><STEAM_1:0:784199543><>" (damage "0")
L 07/10/2025 - 14:45:31: [playercommands.smx] "Kobe Bryant<7><STEAM_1:1:801237070><>" slapped "MALISS-念安_居此<10><STEAM_1:0:784199543><>" (damage "0")
L 07/10/2025 - 14:45:31: [playercommands.smx] "Kobe Bryant<7><STEAM_1:1:801237070><>" slapped "MALISS-念安_居此<10><STEAM_1:0:784199543><>" (damage "0")
L 07/10/2025 - 14:45:31: [playercommands.smx] "Kobe Bryant<7><STEAM_1:1:801237070><>" slapped "Kobe Bryant<7><STEAM_1:1:801237070><>" (damage "0")
L 07/10/2025 - 14:45:31: [playercommands.smx] "Kobe Bryant<7><STEAM_1:1:801237070><>" slapped "MALISS-念安_居此<10><STEAM_1:0:784199543><>" (damage "0")
L 07/10/2025 - 14:45:31: [playercommands.smx] "Kobe Bryant<7><STEAM_1:1:801237070><>" slapped "Kobe Bryant<7><STEAM_1:1:801237070><>" (damage "0")
L 07/10/2025 - 14:45:32: [playercommands.smx] "Kobe Bryant<7><STEAM_1:1:801237070><>" slapped "MALISS-念安_居此<10><STEAM_1:0:784199543><>" (damage "0")
L 07/10/2025 - 14:45:32: [playercommands.smx] "Kobe Bryant<7><STEAM_1:1:801237070><>" slapped "Kobe Bryant<7><STEAM_1:1:801237070><>" (damage "0")
L 07/10/2025 - 14:45:32: [playercommands.smx] "Kobe Bryant<7><STEAM_1:1:801237070><>" slapped "MALISS-念安_居此<10><STEAM_1:0:784199543><>" (damage "0")
L 07/10/2025 - 14:45:32: [playercommands.smx] "Kobe Bryant<7><STEAM_1:1:801237070><>" slapped "Kobe Bryant<7><STEAM_1:1:801237070><>" (damage "0")
L 07/10/2025 - 14:45:32: [playercommands.smx] "Kobe Bryant<7><STEAM_1:1:801237070><>" slapped "MALISS-念安_居此<10><STEAM_1:0:784199543><>" (damage "0")
L 07/10/2025 - 14:45:32: [playercommands.smx] "Kobe Bryant<7><STEAM_1:1:801237070><>" slapped "Kobe Bryant<7><STEAM_1:1:801237070><>" (damage "0")
L 07/10/2025 - 14:45:32: [playercommands.smx] "Kobe Bryant<7><STEAM_1:1:801237070><>" slapped "MALISS-念安_居此<10><STEAM_1:0:784199543><>" (damage "0")
L 07/10/2025 - 14:45:32: [playercommands.smx] "Kobe Bryant<7><STEAM_1:1:801237070><>" slapped "Kobe Bryant<7><STEAM_1:1:801237070><>" (damage "0")
L 07/10/2025 - 14:45:32: [playercommands.smx] "Kobe Bryant<7><STEAM_1:1:801237070><>" slapped "MALISS-念安_居此<10><STEAM_1:0:784199543><>" (damage "0")
L 07/10/2025 - 14:45:32: [playercommands.smx] "Kobe Bryant<7><STEAM_1:1:801237070><>" slapped "Kobe Bryant<7><STEAM_1:1:801237070><>" (damage "0")
L 07/10/2025 - 14:45:32: [playercommands.smx] "Kobe Bryant<7><STEAM_1:1:801237070><>" slapped "MALISS-念安_居此<10><STEAM_1:0:784199543><>" (damage "0")
L 07/10/2025 - 14:45:33: [playercommands.smx] "Kobe Bryant<7><STEAM_1:1:801237070><>" slapped "Kobe Bryant<7><STEAM_1:1:801237070><>" (damage "0")
L 07/10/2025 - 14:45:33: [playercommands.smx] "Kobe Bryant<7><STEAM_1:1:801237070><>" slapped "MALISS-念安_居此<10><STEAM_1:0:784199543><>" (damage "0")
L 07/10/2025 - 14:45:33: [playercommands.smx] "Kobe Bryant<7><STEAM_1:1:801237070><>" slapped "MALISS-念安_居此<10><STEAM_1:0:784199543><>" (damage "0")
L 07/10/2025 - 14:45:33: [playercommands.smx] "Kobe Bryant<7><STEAM_1:1:801237070><>" slapped "Kobe Bryant<7><STEAM_1:1:801237070><>" (damage "0")
L 07/10/2025 - 14:45:33: [playercommands.smx] "Kobe Bryant<7><STEAM_1:1:801237070><>" slapped "MALISS-念安_居此<10><STEAM_1:0:784199543><>" (damage "0")
L 07/10/2025 - 14:45:33: [playercommands.smx] "Kobe Bryant<7><STEAM_1:1:801237070><>" slapped "Kobe Bryant<7><STEAM_1:1:801237070><>" (damage "0")
L 07/10/2025 - 14:45:33: [playercommands.smx] "Kobe Bryant<7><STEAM_1:1:801237070><>" slapped "MALISS-念安_居此<10><STEAM_1:0:784199543><>" (damage "0")
L 07/10/2025 - 14:45:33: [playercommands.smx] "Kobe Bryant<7><STEAM_1:1:801237070><>" slapped "Kobe Bryant<7><STEAM_1:1:801237070><>" (damage "0")
L 07/10/2025 - 14:45:33: [playercommands.smx] "Kobe Bryant<7><STEAM_1:1:801237070><>" slapped "MALISS-念安_居此<10><STEAM_1:0:784199543><>" (damage "0")
L 07/10/2025 - 14:45:34: [playercommands.smx] "Kobe Bryant<7><STEAM_1:1:801237070><>" slapped "Kobe Bryant<7><STEAM_1:1:801237070><>" (damage "0")
L 07/10/2025 - 14:45:34: [playercommands.smx] "Kobe Bryant<7><STEAM_1:1:801237070><>" slapped "MALISS-念安_居此<10><STEAM_1:0:784199543><>" (damage "0")
L 07/10/2025 - 14:45:34: [playercommands.smx] "Kobe Bryant<7><STEAM_1:1:801237070><>" slapped "Kobe Bryant<7><STEAM_1:1:801237070><>" (damage "0")
L 07/10/2025 - 14:45:34: [playercommands.smx] "Kobe Bryant<7><STEAM_1:1:801237070><>" slapped "Kobe Bryant<7><STEAM_1:1:801237070><>" (damage "0")
L 07/10/2025 - 14:45:39: [playercommands.smx] "Kobe Bryant<7><STEAM_1:1:801237070><>" slapped "MALISS-念安_居此<10><STEAM_1:0:784199543><>" (damage "0")
L 07/10/2025 - 14:45:39: [playercommands.smx] "Kobe Bryant<7><STEAM_1:1:801237070><>" slapped "MALISS-念安_居此<10><STEAM_1:0:784199543><>" (damage "0")
L 07/10/2025 - 14:45:40: [playercommands.smx] "Kobe Bryant<7><STEAM_1:1:801237070><>" slapped "MALISS-念安_居此<10><STEAM_1:0:784199543><>" (damage "0")
L 07/10/2025 - 14:45:40: [playercommands.smx] "Kobe Bryant<7><STEAM_1:1:801237070><>" slapped "MALISS-念安_居此<10><STEAM_1:0:784199543><>" (damage "0")
L 07/10/2025 - 14:45:40: [playercommands.smx] "Kobe Bryant<7><STEAM_1:1:801237070><>" slapped "MALISS-念安_居此<10><STEAM_1:0:784199543><>" (damage "0")
L 07/10/2025 - 14:45:41: [playercommands.smx] "Kobe Bryant<7><STEAM_1:1:801237070><>" slapped "MALISS-念安_居此<10><STEAM_1:0:784199543><>" (damage "0")
L 07/10/2025 - 14:45:41: [playercommands.smx] "Kobe Bryant<7><STEAM_1:1:801237070><>" slapped "MALISS-念安_居此<10><STEAM_1:0:784199543><>" (damage "0")
L 07/10/2025 - 14:45:41: [playercommands.smx] "Kobe Bryant<7><STEAM_1:1:801237070><>" slapped "MALISS-念安_居此<10><STEAM_1:0:784199543><>" (damage "0")
L 07/10/2025 - 14:45:42: [playercommands.smx] "Kobe Bryant<7><STEAM_1:1:801237070><>" slapped "MALISS-念安_居此<10><STEAM_1:0:784199543><>" (damage "0")
L 07/10/2025 - 14:45:42: [playercommands.smx] "Kobe Bryant<7><STEAM_1:1:801237070><>" slapped "MALISS-念安_居此<10><STEAM_1:0:784199543><>" (damage "0")
L 07/10/2025 - 14:45:42: [playercommands.smx] "Kobe Bryant<7><STEAM_1:1:801237070><>" slapped "MALISS-念安_居此<10><STEAM_1:0:784199543><>" (damage "0")
L 07/10/2025 - 14:45:43: [playercommands.smx] "Kobe Bryant<7><STEAM_1:1:801237070><>" slapped "MALISS-念安_居此<10><STEAM_1:0:784199543><>" (damage "0")
L 07/10/2025 - 14:45:43: [playercommands.smx] "Kobe Bryant<7><STEAM_1:1:801237070><>" slapped "MALISS-念安_居此<10><STEAM_1:0:784199543><>" (damage "0")
L 07/10/2025 - 14:45:43: [playercommands.smx] "Kobe Bryant<7><STEAM_1:1:801237070><>" slapped "MALISS-念安_居此<10><STEAM_1:0:784199543><>" (damage "0")
L 07/10/2025 - 14:45:44: [playercommands.smx] "Kobe Bryant<7><STEAM_1:1:801237070><>" slapped "MALISS-念安_居此<10><STEAM_1:0:784199543><>" (damage "0")
L 07/10/2025 - 14:45:50: [playercommands.smx] "Kobe Bryant<7><STEAM_1:1:801237070><>" slapped "Kobe Bryant<7><STEAM_1:1:801237070><>" (damage "0")
L 07/10/2025 - 14:45:50: [playercommands.smx] "Kobe Bryant<7><STEAM_1:1:801237070><>" slapped "Kobe Bryant<7><STEAM_1:1:801237070><>" (damage "0")
L 07/10/2025 - 14:45:51: [playercommands.smx] "Kobe Bryant<7><STEAM_1:1:801237070><>" slapped "Kobe Bryant<7><STEAM_1:1:801237070><>" (damage "0")
L 07/10/2025 - 14:45:51: [playercommands.smx] "Kobe Bryant<7><STEAM_1:1:801237070><>" slapped "Kobe Bryant<7><STEAM_1:1:801237070><>" (damage "0")
L 07/10/2025 - 14:45:53: [playercommands.smx] "Kobe Bryant<7><STEAM_1:1:801237070><>" slapped "Kobe Bryant<7><STEAM_1:1:801237070><>" (damage "0")
L 07/10/2025 - 14:45:53: [playercommands.smx] "Kobe Bryant<7><STEAM_1:1:801237070><>" slapped "Kobe Bryant<7><STEAM_1:1:801237070><>" (damage "0")
L 07/10/2025 - 14:45:53: [playercommands.smx] "Kobe Bryant<7><STEAM_1:1:801237070><>" slapped "Kobe Bryant<7><STEAM_1:1:801237070><>" (damage "0")
L 07/10/2025 - 14:46:00: [playercommands.smx] "Kobe Bryant<7><STEAM_1:1:801237070><>" slapped "Kobe Bryant<7><STEAM_1:1:801237070><>" (damage "0")
L 07/10/2025 - 14:46:00: [playercommands.smx] "Kobe Bryant<7><STEAM_1:1:801237070><>" slapped "Kobe Bryant<7><STEAM_1:1:801237070><>" (damage "0")
L 07/10/2025 - 14:46:00: [playercommands.smx] "Kobe Bryant<7><STEAM_1:1:801237070><>" slapped "Kobe Bryant<7><STEAM_1:1:801237070><>" (damage "0")
L 07/10/2025 - 14:46:01: [playercommands.smx] "Kobe Bryant<7><STEAM_1:1:801237070><>" slapped "Kobe Bryant<7><STEAM_1:1:801237070><>" (damage "0")
L 07/10/2025 - 14:46:01: [playercommands.smx] "Kobe Bryant<7><STEAM_1:1:801237070><>" slapped "Kobe Bryant<7><STEAM_1:1:801237070><>" (damage "0")
L 07/10/2025 - 14:46:01: [playercommands.smx] "Kobe Bryant<7><STEAM_1:1:801237070><>" slapped "Kobe Bryant<7><STEAM_1:1:801237070><>" (damage "0")
L 07/10/2025 - 14:46:02: [playercommands.smx] "Kobe Bryant<7><STEAM_1:1:801237070><>" slapped "Kobe Bryant<7><STEAM_1:1:801237070><>" (damage "0")
L 07/10/2025 - 14:46:02: [playercommands.smx] "Kobe Bryant<7><STEAM_1:1:801237070><>" slapped "Kobe Bryant<7><STEAM_1:1:801237070><>" (damage "0")
L 07/10/2025 - 14:46:02: [playercommands.smx] "Kobe Bryant<7><STEAM_1:1:801237070><>" slapped "Kobe Bryant<7><STEAM_1:1:801237070><>" (damage "0")
L 07/10/2025 - 14:46:03: [playercommands.smx] "Kobe Bryant<7><STEAM_1:1:801237070><>" slapped "Kobe Bryant<7><STEAM_1:1:801237070><>" (damage "0")
L 07/10/2025 - 14:46:05: [playercommands.smx] "Kobe Bryant<7><STEAM_1:1:801237070><>" slapped "Kobe Bryant<7><STEAM_1:1:801237070><>" (damage "0")
L 07/10/2025 - 14:46:16: [playercommands.smx] "Kobe Bryant<7><STEAM_1:1:801237070><>" slapped "MALISS-念安_居此<10><STEAM_1:0:784199543><>" (damage "0")
L 07/10/2025 - 14:46:21: [playercommands.smx] "Kobe Bryant<7><STEAM_1:1:801237070><>" slapped "Kobe Bryant<7><STEAM_1:1:801237070><>" (damage "0")
L 07/10/2025 - 14:46:22: [playercommands.smx] "Kobe Bryant<7><STEAM_1:1:801237070><>" slapped "Kobe Bryant<7><STEAM_1:1:801237070><>" (damage "0")
L 07/10/2025 - 14:46:22: [playercommands.smx] "Kobe Bryant<7><STEAM_1:1:801237070><>" slapped "Kobe Bryant<7><STEAM_1:1:801237070><>" (damage "0")
L 07/10/2025 - 14:46:25: [playercommands.smx] "Kobe Bryant<7><STEAM_1:1:801237070><>" slapped "Kobe Bryant<7><STEAM_1:1:801237070><>" (damage "0")
L 07/10/2025 - 14:46:25: [playercommands.smx] "Kobe Bryant<7><STEAM_1:1:801237070><>" slapped "Kobe Bryant<7><STEAM_1:1:801237070><>" (damage "0")
L 07/10/2025 - 14:46:25: [playercommands.smx] "Kobe Bryant<7><STEAM_1:1:801237070><>" slapped "Kobe Bryant<7><STEAM_1:1:801237070><>" (damage "0")
L 07/10/2025 - 14:46:26: [playercommands.smx] "Kobe Bryant<7><STEAM_1:1:801237070><>" slapped "Kobe Bryant<7><STEAM_1:1:801237070><>" (damage "0")
L 07/10/2025 - 14:46:26: [playercommands.smx] "Kobe Bryant<7><STEAM_1:1:801237070><>" slapped "Kobe Bryant<7><STEAM_1:1:801237070><>" (damage "0")
L 07/10/2025 - 14:46:26: [playercommands.smx] "Kobe Bryant<7><STEAM_1:1:801237070><>" slapped "Kobe Bryant<7><STEAM_1:1:801237070><>" (damage "0")
L 07/10/2025 - 14:46:27: [playercommands.smx] "Kobe Bryant<7><STEAM_1:1:801237070><>" slapped "Kobe Bryant<7><STEAM_1:1:801237070><>" (damage "0")
L 07/10/2025 - 14:46:27: [playercommands.smx] "Kobe Bryant<7><STEAM_1:1:801237070><>" slapped "Kobe Bryant<7><STEAM_1:1:801237070><>" (damage "0")
L 07/10/2025 - 14:46:28: [playercommands.smx] "Kobe Bryant<7><STEAM_1:1:801237070><>" slapped "Kobe Bryant<7><STEAM_1:1:801237070><>" (damage "0")
L 07/10/2025 - 14:46:29: [playercommands.smx] "Kobe Bryant<7><STEAM_1:1:801237070><>" slapped "Kobe Bryant<7><STEAM_1:1:801237070><>" (damage "0")
L 07/10/2025 - 14:46:29: [playercommands.smx] "Kobe Bryant<7><STEAM_1:1:801237070><>" slapped "Kobe Bryant<7><STEAM_1:1:801237070><>" (damage "0")
L 07/10/2025 - 14:46:32: [playercommands.smx] "Kobe Bryant<7><STEAM_1:1:801237070><>" slapped "Kobe Bryant<7><STEAM_1:1:801237070><>" (damage "0")
L 07/10/2025 - 14:46:32: [playercommands.smx] "Kobe Bryant<7><STEAM_1:1:801237070><>" slapped "Kobe Bryant<7><STEAM_1:1:801237070><>" (damage "0")
L 07/10/2025 - 14:46:32: [playercommands.smx] "Kobe Bryant<7><STEAM_1:1:801237070><>" slapped "Kobe Bryant<7><STEAM_1:1:801237070><>" (damage "0")
L 07/10/2025 - 14:46:33: [playercommands.smx] "Kobe Bryant<7><STEAM_1:1:801237070><>" slapped "Kobe Bryant<7><STEAM_1:1:801237070><>" (damage "0")
L 07/10/2025 - 14:46:33: [playercommands.smx] "Kobe Bryant<7><STEAM_1:1:801237070><>" slapped "Kobe Bryant<7><STEAM_1:1:801237070><>" (damage "0")
L 07/10/2025 - 14:46:35: [playercommands.smx] "Kobe Bryant<7><STEAM_1:1:801237070><>" slapped "Kobe Bryant<7><STEAM_1:1:801237070><>" (damage "0")
L 07/10/2025 - 14:46:35: [playercommands.smx] "Kobe Bryant<7><STEAM_1:1:801237070><>" slapped "Kobe Bryant<7><STEAM_1:1:801237070><>" (damage "0")
L 07/10/2025 - 14:46:36: [playercommands.smx] "Kobe Bryant<7><STEAM_1:1:801237070><>" slapped "Kobe Bryant<7><STEAM_1:1:801237070><>" (damage "0")
L 07/10/2025 - 14:46:36: [playercommands.smx] "Kobe Bryant<7><STEAM_1:1:801237070><>" slapped "Kobe Bryant<7><STEAM_1:1:801237070><>" (damage "0")
L 07/10/2025 - 14:46:36: [playercommands.smx] "Kobe Bryant<7><STEAM_1:1:801237070><>" slapped "Kobe Bryant<7><STEAM_1:1:801237070><>" (damage "0")
L 07/10/2025 - 14:46:39: [playercommands.smx] "Kobe Bryant<7><STEAM_1:1:801237070><>" slapped "Kobe Bryant<7><STEAM_1:1:801237070><>" (damage "0")
L 07/10/2025 - 14:46:39: [playercommands.smx] "Kobe Bryant<7><STEAM_1:1:801237070><>" slapped "Kobe Bryant<7><STEAM_1:1:801237070><>" (damage "0")
L 07/10/2025 - 14:46:41: [playercommands.smx] "Kobe Bryant<7><STEAM_1:1:801237070><>" slapped "Kobe Bryant<7><STEAM_1:1:801237070><>" (damage "0")
L 07/10/2025 - 14:46:41: [playercommands.smx] "Kobe Bryant<7><STEAM_1:1:801237070><>" slapped "Kobe Bryant<7><STEAM_1:1:801237070><>" (damage "0")
L 07/10/2025 - 14:46:42: [playercommands.smx] "Kobe Bryant<7><STEAM_1:1:801237070><>" slapped "Kobe Bryant<7><STEAM_1:1:801237070><>" (damage "0")
L 07/10/2025 - 14:46:43: [playercommands.smx] "Kobe Bryant<7><STEAM_1:1:801237070><>" slapped "Kobe Bryant<7><STEAM_1:1:801237070><>" (damage "0")
L 07/10/2025 - 14:46:43: [playercommands.smx] "Kobe Bryant<7><STEAM_1:1:801237070><>" slapped "Kobe Bryant<7><STEAM_1:1:801237070><>" (damage "0")
L 07/10/2025 - 14:46:43: [playercommands.smx] "Kobe Bryant<7><STEAM_1:1:801237070><>" slapped "Kobe Bryant<7><STEAM_1:1:801237070><>" (damage "0")
L 07/10/2025 - 14:46:46: [playercommands.smx] "Kobe Bryant<7><STEAM_1:1:801237070><>" slapped "Kobe Bryant<7><STEAM_1:1:801237070><>" (damage "0")
L 07/10/2025 - 14:46:46: [playercommands.smx] "Kobe Bryant<7><STEAM_1:1:801237070><>" slapped "Kobe Bryant<7><STEAM_1:1:801237070><>" (damage "0")
L 07/10/2025 - 14:46:47: [playercommands.smx] "Kobe Bryant<7><STEAM_1:1:801237070><>" slapped "Kobe Bryant<7><STEAM_1:1:801237070><>" (damage "0")
L 07/10/2025 - 14:46:48: [playercommands.smx] "Kobe Bryant<7><STEAM_1:1:801237070><>" slapped "Kobe Bryant<7><STEAM_1:1:801237070><>" (damage "0")
L 07/10/2025 - 14:46:48: [playercommands.smx] "Kobe Bryant<7><STEAM_1:1:801237070><>" slapped "Kobe Bryant<7><STEAM_1:1:801237070><>" (damage "0")
L 07/10/2025 - 14:46:53: [playercommands.smx] "Kobe Bryant<7><STEAM_1:1:801237070><>" slapped "MALISS-念安_居此<10><STEAM_1:0:784199543><>" (damage "0")
L 07/10/2025 - 14:47:01: [playercommands.smx] "Kobe Bryant<7><STEAM_1:1:801237070><>" slapped "MALISS-念安_居此<10><STEAM_1:0:784199543><>" (damage "0")
L 07/10/2025 - 14:48:10: [playercommands.smx] "Kobe Bryant<7><STEAM_1:1:801237070><>" slapped "MALISS-念安_居此<10><STEAM_1:0:784199543><>" (damage "0")
L 07/10/2025 - 14:48:10: [playercommands.smx] "Kobe Bryant<7><STEAM_1:1:801237070><>" slapped "MALISS-念安_居此<10><STEAM_1:0:784199543><>" (damage "0")
L 07/10/2025 - 14:48:11: [playercommands.smx] "Kobe Bryant<7><STEAM_1:1:801237070><>" slapped "MALISS-念安_居此<10><STEAM_1:0:784199543><>" (damage "0")
L 07/10/2025 - 14:48:15: [playercommands.smx] "Kobe Bryant<7><STEAM_1:1:801237070><>" slapped "Kobe Bryant<7><STEAM_1:1:801237070><>" (damage "0")
L 07/10/2025 - 14:48:17: [playercommands.smx] "Kobe Bryant<7><STEAM_1:1:801237070><>" slapped "Kobe Bryant<7><STEAM_1:1:801237070><>" (damage "0")
L 07/10/2025 - 14:48:17: [playercommands.smx] "Kobe Bryant<7><STEAM_1:1:801237070><>" slapped "Kobe Bryant<7><STEAM_1:1:801237070><>" (damage "0")
L 07/10/2025 - 14:48:17: [playercommands.smx] "Kobe Bryant<7><STEAM_1:1:801237070><>" slapped "Kobe Bryant<7><STEAM_1:1:801237070><>" (damage "0")
L 07/10/2025 - 14:48:17: [playercommands.smx] "Kobe Bryant<7><STEAM_1:1:801237070><>" slapped "Kobe Bryant<7><STEAM_1:1:801237070><>" (damage "0")
L 07/10/2025 - 14:48:18: [playercommands.smx] "Kobe Bryant<7><STEAM_1:1:801237070><>" slapped "Kobe Bryant<7><STEAM_1:1:801237070><>" (damage "0")
L 07/10/2025 - 14:48:18: [playercommands.smx] "Kobe Bryant<7><STEAM_1:1:801237070><>" slapped "Kobe Bryant<7><STEAM_1:1:801237070><>" (damage "0")
L 07/10/2025 - 14:48:18: [playercommands.smx] "Kobe Bryant<7><STEAM_1:1:801237070><>" slapped "Kobe Bryant<7><STEAM_1:1:801237070><>" (damage "0")
L 07/10/2025 - 14:48:18: [playercommands.smx] "Kobe Bryant<7><STEAM_1:1:801237070><>" slapped "Kobe Bryant<7><STEAM_1:1:801237070><>" (damage "0")
L 07/10/2025 - 14:48:19: [playercommands.smx] "Kobe Bryant<7><STEAM_1:1:801237070><>" slapped "Kobe Bryant<7><STEAM_1:1:801237070><>" (damage "0")
L 07/10/2025 - 14:48:19: [playercommands.smx] "Kobe Bryant<7><STEAM_1:1:801237070><>" slapped "Kobe Bryant<7><STEAM_1:1:801237070><>" (damage "0")
L 07/10/2025 - 14:48:19: [playercommands.smx] "Kobe Bryant<7><STEAM_1:1:801237070><>" slapped "Kobe Bryant<7><STEAM_1:1:801237070><>" (damage "0")
L 07/10/2025 - 14:48:19: [playercommands.smx] "Kobe Bryant<7><STEAM_1:1:801237070><>" slapped "Kobe Bryant<7><STEAM_1:1:801237070><>" (damage "0")
L 07/10/2025 - 14:48:20: [playercommands.smx] "Kobe Bryant<7><STEAM_1:1:801237070><>" slapped "Kobe Bryant<7><STEAM_1:1:801237070><>" (damage "0")
L 07/10/2025 - 14:48:20: [playercommands.smx] "Kobe Bryant<7><STEAM_1:1:801237070><>" slapped "Kobe Bryant<7><STEAM_1:1:801237070><>" (damage "0")
L 07/10/2025 - 14:48:20: [playercommands.smx] "Kobe Bryant<7><STEAM_1:1:801237070><>" slapped "Kobe Bryant<7><STEAM_1:1:801237070><>" (damage "0")
L 07/10/2025 - 14:48:21: [playercommands.smx] "Kobe Bryant<7><STEAM_1:1:801237070><>" slapped "Kobe Bryant<7><STEAM_1:1:801237070><>" (damage "0")
L 07/10/2025 - 14:48:22: [playercommands.smx] "Kobe Bryant<7><STEAM_1:1:801237070><>" slapped "Kobe Bryant<7><STEAM_1:1:801237070><>" (damage "0")
L 07/10/2025 - 14:48:22: [playercommands.smx] "Kobe Bryant<7><STEAM_1:1:801237070><>" slapped "Kobe Bryant<7><STEAM_1:1:801237070><>" (damage "0")
L 07/10/2025 - 14:48:22: [playercommands.smx] "Kobe Bryant<7><STEAM_1:1:801237070><>" slapped "Kobe Bryant<7><STEAM_1:1:801237070><>" (damage "0")
L 07/10/2025 - 14:48:22: [playercommands.smx] "Kobe Bryant<7><STEAM_1:1:801237070><>" slapped "Kobe Bryant<7><STEAM_1:1:801237070><>" (damage "0")
L 07/10/2025 - 14:48:39: [playercommands.smx] "Kobe Bryant<7><STEAM_1:1:801237070><>" slapped "Kobe Bryant<7><STEAM_1:1:801237070><>" (damage "0")
L 07/10/2025 - 14:48:45: -------- Mapchange to c2m3_coaster --------
L 07/10/2025 - 14:48:47: [basecommands.smx] "Console<0><Console><Console>" changed cvar (cvar "confogl_match_execcfg_plugins") (value "generalfixes.cfg;confogl_plugins.cfg;sharedplugins.cfg")
L 07/10/2025 - 14:48:47: [basecommands.smx] "Console<0><Console><Console>" changed cvar (cvar "l4d2_addons_eclipse") (value "0")
L 07/10/2025 - 14:48:47: [basecommands.smx] "Console<0><Console><Console>" changed cvar (cvar "sv_allow_wait_command") (value "0")
L 07/10/2025 - 14:48:47: [basecommands.smx] "Console<0><Console><Console>" changed cvar (cvar "sv_minrate") (value "100000")
L 07/10/2025 - 14:48:47: [basecommands.smx] "Console<0><Console><Console>" changed cvar (cvar "sv_maxrate") (value "100000")
L 07/10/2025 - 14:48:47: [basecommands.smx] "Console<0><Console><Console>" changed cvar (cvar "sv_minupdaterate") (value "100")
L 07/10/2025 - 14:48:47: [basecommands.smx] "Console<0><Console><Console>" changed cvar (cvar "sv_maxupdaterate") (value "100")
L 07/10/2025 - 14:48:47: [basecommands.smx] "Console<0><Console><Console>" changed cvar (cvar "sv_mincmdrate") (value "100")
L 07/10/2025 - 14:48:47: [basecommands.smx] "Console<0><Console><Console>" changed cvar (cvar "sv_maxcmdrate") (value "100")
L 07/10/2025 - 14:48:47: [basecommands.smx] "Console<0><Console><Console>" changed cvar (cvar "sv_client_min_interp_ratio") (value "-1")
L 07/10/2025 - 14:48:47: [basecommands.smx] "Console<0><Console><Console>" changed cvar (cvar "sv_client_max_interp_ratio") (value "0")
L 07/10/2025 - 14:48:47: [basecommands.smx] "Console<0><Console><Console>" changed cvar (cvar "nb_update_frequency") (value "0.014")
L 07/10/2025 - 14:48:47: [basecommands.smx] "Console<0><Console><Console>" changed cvar (cvar "net_splitpacket_maxrate") (value "50000")
L 07/10/2025 - 14:48:47: [basecommands.smx] "Console<0><Console><Console>" changed cvar (cvar "net_maxcleartime") (value "0.0001")
L 07/10/2025 - 14:48:47: [basecommands.smx] "Console<0><Console><Console>" changed cvar (cvar "fps_max") (value "0")
L 07/10/2025 - 14:48:47: [basecommands.smx] "Console<0><Console><Console>" changed cvar (cvar "tick_door_speed") (value "1.3")
L 07/10/2025 - 14:48:47: [basecommands.smx] "Console<0><Console><Console>" changed cvar (cvar "mv_maxplayers") (value "30")
L 07/10/2025 - 14:48:47: [basecommands.smx] "Console<0><Console><Console>" changed cvar (cvar "mp_autoteambalance") (value "0")
L 07/10/2025 - 14:48:47: [basecommands.smx] "Console<0><Console><Console>" changed cvar (cvar "sv_unlag_fixstuck") (value "1")
L 07/10/2025 - 14:48:47: [basecommands.smx] "Console<0><Console><Console>" changed cvar (cvar "z_brawl_chance") (value "0")
L 07/10/2025 - 14:48:47: [basecommands.smx] "Console<0><Console><Console>" changed cvar (cvar "sv_maxunlag") (value "1")
L 07/10/2025 - 14:48:47: [basecommands.smx] "Console<0><Console><Console>" changed cvar (cvar "sv_forcepreload") (value "1")
L 07/10/2025 - 14:48:47: [basecommands.smx] "Console<0><Console><Console>" changed cvar (cvar "sv_client_predict") (value "1")
L 07/10/2025 - 14:48:47: [basecommands.smx] "Console<0><Console><Console>" changed cvar (cvar "sv_client_cmdrate_difference") (value "0")
L 07/10/2025 - 14:48:47: [basecommands.smx] "Console<0><Console><Console>" changed cvar (cvar "sv_max_queries_sec_global") (value "10")
L 07/10/2025 - 14:48:47: [basecommands.smx] "Console<0><Console><Console>" changed cvar (cvar "sv_max_queries_sec") (value "3")
L 07/10/2025 - 14:48:47: [basecommands.smx] "Console<0><Console><Console>" changed cvar (cvar "sv_max_queries_window") (value "10")
L 07/10/2025 - 14:48:47: [basecommands.smx] "Console<0><Console><Console>" changed cvar (cvar "sv_player_stuck_tolerance") (value "5")
L 07/10/2025 - 14:48:47: [basecommands.smx] "Console<0><Console><Console>" changed cvar (cvar "sv_stats") (value "0")
L 07/10/2025 - 14:48:47: [basecommands.smx] "Console<0><Console><Console>" changed cvar (cvar "sv_clockcorrection_msecs") (value "25")
L 07/10/2025 - 14:48:47: [basecommands.smx] "Console<0><Console><Console>" changed cvar (cvar "survivor_max_incapacitated_count") (value "2")
L 07/10/2025 - 14:48:48: [optional/l4d2_saferoom_item_remove.smx] Removed 0 saferoom item(s) (start: 0; end: 0).
L 07/10/2025 - 14:49:25: [playercommands.smx] "Kobe Bryant<7><STEAM_1:1:801237070><>" slapped "Kobe Bryant<7><STEAM_1:1:801237070><>" (damage "0")
L 07/10/2025 - 14:49:25: [playercommands.smx] "Kobe Bryant<7><STEAM_1:1:801237070><>" slapped "Kobe Bryant<7><STEAM_1:1:801237070><>" (damage "0")
L 07/10/2025 - 14:49:26: [playercommands.smx] "Kobe Bryant<7><STEAM_1:1:801237070><>" slapped "Kobe Bryant<7><STEAM_1:1:801237070><>" (damage "0")
L 07/10/2025 - 14:49:26: [playercommands.smx] "Kobe Bryant<7><STEAM_1:1:801237070><>" slapped "Kobe Bryant<7><STEAM_1:1:801237070><>" (damage "0")
L 07/10/2025 - 14:49:28: [playercommands.smx] "Kobe Bryant<7><STEAM_1:1:801237070><>" slapped "Kobe Bryant<7><STEAM_1:1:801237070><>" (damage "0")
L 07/10/2025 - 14:49:28: [playercommands.smx] "Kobe Bryant<7><STEAM_1:1:801237070><>" slapped "Kobe Bryant<7><STEAM_1:1:801237070><>" (damage "0")
L 07/10/2025 - 14:49:29: [playercommands.smx] "Kobe Bryant<7><STEAM_1:1:801237070><>" slapped "Kobe Bryant<7><STEAM_1:1:801237070><>" (damage "0")
L 07/10/2025 - 14:49:29: [playercommands.smx] "Kobe Bryant<7><STEAM_1:1:801237070><>" slapped "Kobe Bryant<7><STEAM_1:1:801237070><>" (damage "0")
L 07/10/2025 - 14:49:29: [playercommands.smx] "Kobe Bryant<7><STEAM_1:1:801237070><>" slapped "Kobe Bryant<7><STEAM_1:1:801237070><>" (damage "0")
L 07/10/2025 - 14:49:29: [playercommands.smx] "Kobe Bryant<7><STEAM_1:1:801237070><>" slapped "Kobe Bryant<7><STEAM_1:1:801237070><>" (damage "0")
L 07/10/2025 - 14:49:29: [playercommands.smx] "Kobe Bryant<7><STEAM_1:1:801237070><>" slapped "Kobe Bryant<7><STEAM_1:1:801237070><>" (damage "0")
L 07/10/2025 - 14:49:30: [playercommands.smx] "Kobe Bryant<7><STEAM_1:1:801237070><>" slapped "Kobe Bryant<7><STEAM_1:1:801237070><>" (damage "0")
L 07/10/2025 - 14:49:30: [playercommands.smx] "Kobe Bryant<7><STEAM_1:1:801237070><>" slapped "Kobe Bryant<7><STEAM_1:1:801237070><>" (damage "0")
L 07/10/2025 - 14:49:30: [playercommands.smx] "Kobe Bryant<7><STEAM_1:1:801237070><>" slapped "Kobe Bryant<7><STEAM_1:1:801237070><>" (damage "0")
L 07/10/2025 - 14:49:30: [playercommands.smx] "Kobe Bryant<7><STEAM_1:1:801237070><>" slapped "Kobe Bryant<7><STEAM_1:1:801237070><>" (damage "0")
L 07/10/2025 - 14:49:31: [playercommands.smx] "Kobe Bryant<7><STEAM_1:1:801237070><>" slapped "Kobe Bryant<7><STEAM_1:1:801237070><>" (damage "0")
L 07/10/2025 - 14:49:31: [playercommands.smx] "Kobe Bryant<7><STEAM_1:1:801237070><>" slapped "Kobe Bryant<7><STEAM_1:1:801237070><>" (damage "0")
L 07/10/2025 - 14:49:31: [playercommands.smx] "Kobe Bryant<7><STEAM_1:1:801237070><>" slapped "Kobe Bryant<7><STEAM_1:1:801237070><>" (damage "0")
L 07/10/2025 - 14:49:31: [playercommands.smx] "Kobe Bryant<7><STEAM_1:1:801237070><>" slapped "Kobe Bryant<7><STEAM_1:1:801237070><>" (damage "0")
L 07/10/2025 - 14:49:31: [playercommands.smx] "Kobe Bryant<7><STEAM_1:1:801237070><>" slapped "Kobe Bryant<7><STEAM_1:1:801237070><>" (damage "0")
L 07/10/2025 - 14:49:32: [playercommands.smx] "Kobe Bryant<7><STEAM_1:1:801237070><>" slapped "Kobe Bryant<7><STEAM_1:1:801237070><>" (damage "0")
L 07/10/2025 - 14:49:32: [playercommands.smx] "Kobe Bryant<7><STEAM_1:1:801237070><>" slapped "Kobe Bryant<7><STEAM_1:1:801237070><>" (damage "0")
L 07/10/2025 - 14:49:32: [playercommands.smx] "Kobe Bryant<7><STEAM_1:1:801237070><>" slapped "Kobe Bryant<7><STEAM_1:1:801237070><>" (damage "0")
L 07/10/2025 - 14:49:33: [playercommands.smx] "Kobe Bryant<7><STEAM_1:1:801237070><>" slapped "Kobe Bryant<7><STEAM_1:1:801237070><>" (damage "0")
L 07/10/2025 - 14:49:33: [playercommands.smx] "Kobe Bryant<7><STEAM_1:1:801237070><>" slapped "Kobe Bryant<7><STEAM_1:1:801237070><>" (damage "0")
L 07/10/2025 - 14:49:33: [playercommands.smx] "Kobe Bryant<7><STEAM_1:1:801237070><>" slapped "Kobe Bryant<7><STEAM_1:1:801237070><>" (damage "0")
L 07/10/2025 - 14:49:33: [playercommands.smx] "Kobe Bryant<7><STEAM_1:1:801237070><>" slapped "Kobe Bryant<7><STEAM_1:1:801237070><>" (damage "0")
L 07/10/2025 - 14:49:37: [playercommands.smx] "Kobe Bryant<7><STEAM_1:1:801237070><>" slapped "Kobe Bryant<7><STEAM_1:1:801237070><>" (damage "0")
L 07/10/2025 - 14:49:38: [playercommands.smx] "Kobe Bryant<7><STEAM_1:1:801237070><>" slapped "Kobe Bryant<7><STEAM_1:1:801237070><>" (damage "0")
L 07/10/2025 - 14:49:39: [playercommands.smx] "Kobe Bryant<7><STEAM_1:1:801237070><>" slapped "MALISS-念安_居此<10><STEAM_1:0:784199543><>" (damage "0")
L 07/10/2025 - 14:49:39: [playercommands.smx] "Kobe Bryant<7><STEAM_1:1:801237070><>" slapped "MALISS-念安_居此<10><STEAM_1:0:784199543><>" (damage "0")
L 07/10/2025 - 14:49:40: [playercommands.smx] "Kobe Bryant<7><STEAM_1:1:801237070><>" slapped "MALISS-念安_居此<10><STEAM_1:0:784199543><>" (damage "0")
L 07/10/2025 - 14:49:40: [playercommands.smx] "Kobe Bryant<7><STEAM_1:1:801237070><>" slapped "Kobe Bryant<7><STEAM_1:1:801237070><>" (damage "0")
L 07/10/2025 - 14:49:41: [playercommands.smx] "Kobe Bryant<7><STEAM_1:1:801237070><>" slapped "Kobe Bryant<7><STEAM_1:1:801237070><>" (damage "0")
L 07/10/2025 - 14:49:41: [playercommands.smx] "Kobe Bryant<7><STEAM_1:1:801237070><>" slapped "Kobe Bryant<7><STEAM_1:1:801237070><>" (damage "0")
L 07/10/2025 - 14:49:42: [playercommands.smx] "Kobe Bryant<7><STEAM_1:1:801237070><>" slapped "Kobe Bryant<7><STEAM_1:1:801237070><>" (damage "0")
L 07/10/2025 - 14:49:42: [playercommands.smx] "Kobe Bryant<7><STEAM_1:1:801237070><>" slapped "Kobe Bryant<7><STEAM_1:1:801237070><>" (damage "0")
L 07/10/2025 - 14:49:42: [playercommands.smx] "Kobe Bryant<7><STEAM_1:1:801237070><>" slapped "Kobe Bryant<7><STEAM_1:1:801237070><>" (damage "0")
L 07/10/2025 - 14:49:43: [playercommands.smx] "Kobe Bryant<7><STEAM_1:1:801237070><>" slapped "Kobe Bryant<7><STEAM_1:1:801237070><>" (damage "0")
L 07/10/2025 - 14:49:43: [playercommands.smx] "Kobe Bryant<7><STEAM_1:1:801237070><>" slapped "Kobe Bryant<7><STEAM_1:1:801237070><>" (damage "0")
L 07/10/2025 - 14:49:43: [playercommands.smx] "Kobe Bryant<7><STEAM_1:1:801237070><>" slapped "Kobe Bryant<7><STEAM_1:1:801237070><>" (damage "0")
L 07/10/2025 - 14:49:43: [playercommands.smx] "Kobe Bryant<7><STEAM_1:1:801237070><>" slapped "Kobe Bryant<7><STEAM_1:1:801237070><>" (damage "0")
L 07/10/2025 - 14:49:44: [playercommands.smx] "Kobe Bryant<7><STEAM_1:1:801237070><>" slapped "Kobe Bryant<7><STEAM_1:1:801237070><>" (damage "0")
L 07/10/2025 - 14:49:44: [playercommands.smx] "Kobe Bryant<7><STEAM_1:1:801237070><>" slapped "Kobe Bryant<7><STEAM_1:1:801237070><>" (damage "0")
L 07/10/2025 - 14:49:44: [playercommands.smx] "Kobe Bryant<7><STEAM_1:1:801237070><>" slapped "Kobe Bryant<7><STEAM_1:1:801237070><>" (damage "0")
L 07/10/2025 - 14:49:44: [playercommands.smx] "Kobe Bryant<7><STEAM_1:1:801237070><>" slapped "Kobe Bryant<7><STEAM_1:1:801237070><>" (damage "0")
L 07/10/2025 - 14:49:44: [playercommands.smx] "Kobe Bryant<7><STEAM_1:1:801237070><>" slapped "Kobe Bryant<7><STEAM_1:1:801237070><>" (damage "0")
L 07/10/2025 - 14:49:44: [playercommands.smx] "Kobe Bryant<7><STEAM_1:1:801237070><>" slapped "Kobe Bryant<7><STEAM_1:1:801237070><>" (damage "0")
L 07/10/2025 - 14:49:44: [playercommands.smx] "Kobe Bryant<7><STEAM_1:1:801237070><>" slapped "Kobe Bryant<7><STEAM_1:1:801237070><>" (damage "0")
L 07/10/2025 - 14:49:46: [playercommands.smx] "Kobe Bryant<7><STEAM_1:1:801237070><>" slapped "Kobe Bryant<7><STEAM_1:1:801237070><>" (damage "0")
L 07/10/2025 - 14:49:46: [playercommands.smx] "Kobe Bryant<7><STEAM_1:1:801237070><>" slapped "Kobe Bryant<7><STEAM_1:1:801237070><>" (damage "0")
L 07/10/2025 - 14:49:46: [playercommands.smx] "Kobe Bryant<7><STEAM_1:1:801237070><>" slapped "Kobe Bryant<7><STEAM_1:1:801237070><>" (damage "0")
L 07/10/2025 - 14:49:46: [playercommands.smx] "Kobe Bryant<7><STEAM_1:1:801237070><>" slapped "Kobe Bryant<7><STEAM_1:1:801237070><>" (damage "0")
L 07/10/2025 - 14:49:46: [playercommands.smx] "Kobe Bryant<7><STEAM_1:1:801237070><>" slapped "Kobe Bryant<7><STEAM_1:1:801237070><>" (damage "0")
L 07/10/2025 - 14:49:46: [playercommands.smx] "Kobe Bryant<7><STEAM_1:1:801237070><>" slapped "Kobe Bryant<7><STEAM_1:1:801237070><>" (damage "0")
L 07/10/2025 - 14:49:47: [playercommands.smx] "Kobe Bryant<7><STEAM_1:1:801237070><>" slapped "Kobe Bryant<7><STEAM_1:1:801237070><>" (damage "0")
L 07/10/2025 - 14:49:47: [playercommands.smx] "Kobe Bryant<7><STEAM_1:1:801237070><>" slapped "Kobe Bryant<7><STEAM_1:1:801237070><>" (damage "0")
L 07/10/2025 - 14:49:47: [playercommands.smx] "Kobe Bryant<7><STEAM_1:1:801237070><>" slapped "Kobe Bryant<7><STEAM_1:1:801237070><>" (damage "0")
L 07/10/2025 - 14:49:47: [playercommands.smx] "Kobe Bryant<7><STEAM_1:1:801237070><>" slapped "Kobe Bryant<7><STEAM_1:1:801237070><>" (damage "0")
L 07/10/2025 - 14:49:47: [playercommands.smx] "Kobe Bryant<7><STEAM_1:1:801237070><>" slapped "Kobe Bryant<7><STEAM_1:1:801237070><>" (damage "0")
L 07/10/2025 - 14:49:47: [playercommands.smx] "Kobe Bryant<7><STEAM_1:1:801237070><>" slapped "Kobe Bryant<7><STEAM_1:1:801237070><>" (damage "0")
L 07/10/2025 - 14:49:48: [playercommands.smx] "Kobe Bryant<7><STEAM_1:1:801237070><>" slapped "Kobe Bryant<7><STEAM_1:1:801237070><>" (damage "0")
L 07/10/2025 - 14:49:48: [playercommands.smx] "Kobe Bryant<7><STEAM_1:1:801237070><>" slapped "Kobe Bryant<7><STEAM_1:1:801237070><>" (damage "0")
L 07/10/2025 - 14:49:48: [playercommands.smx] "Kobe Bryant<7><STEAM_1:1:801237070><>" slapped "Kobe Bryant<7><STEAM_1:1:801237070><>" (damage "0")
L 07/10/2025 - 14:49:48: [playercommands.smx] "Kobe Bryant<7><STEAM_1:1:801237070><>" slapped "Kobe Bryant<7><STEAM_1:1:801237070><>" (damage "0")
L 07/10/2025 - 14:49:48: [playercommands.smx] "Kobe Bryant<7><STEAM_1:1:801237070><>" slapped "Kobe Bryant<7><STEAM_1:1:801237070><>" (damage "0")
L 07/10/2025 - 14:49:48: [playercommands.smx] "Kobe Bryant<7><STEAM_1:1:801237070><>" slapped "Kobe Bryant<7><STEAM_1:1:801237070><>" (damage "0")
L 07/10/2025 - 14:49:48: [playercommands.smx] "Kobe Bryant<7><STEAM_1:1:801237070><>" slapped "Kobe Bryant<7><STEAM_1:1:801237070><>" (damage "0")
L 07/10/2025 - 14:49:49: [playercommands.smx] "Kobe Bryant<7><STEAM_1:1:801237070><>" slapped "Kobe Bryant<7><STEAM_1:1:801237070><>" (damage "0")
L 07/10/2025 - 14:49:49: [playercommands.smx] "Kobe Bryant<7><STEAM_1:1:801237070><>" slapped "Kobe Bryant<7><STEAM_1:1:801237070><>" (damage "0")
L 07/10/2025 - 14:49:49: [playercommands.smx] "Kobe Bryant<7><STEAM_1:1:801237070><>" slapped "Kobe Bryant<7><STEAM_1:1:801237070><>" (damage "0")
L 07/10/2025 - 14:49:49: [playercommands.smx] "Kobe Bryant<7><STEAM_1:1:801237070><>" slapped "Kobe Bryant<7><STEAM_1:1:801237070><>" (damage "0")
L 07/10/2025 - 14:49:49: [playercommands.smx] "Kobe Bryant<7><STEAM_1:1:801237070><>" slapped "Kobe Bryant<7><STEAM_1:1:801237070><>" (damage "0")
L 07/10/2025 - 14:49:49: [playercommands.smx] "Kobe Bryant<7><STEAM_1:1:801237070><>" slapped "Kobe Bryant<7><STEAM_1:1:801237070><>" (damage "0")
L 07/10/2025 - 14:49:50: [playercommands.smx] "Kobe Bryant<7><STEAM_1:1:801237070><>" slapped "Kobe Bryant<7><STEAM_1:1:801237070><>" (damage "0")
L 07/10/2025 - 14:49:50: [playercommands.smx] "Kobe Bryant<7><STEAM_1:1:801237070><>" slapped "Kobe Bryant<7><STEAM_1:1:801237070><>" (damage "0")
L 07/10/2025 - 14:49:50: [playercommands.smx] "Kobe Bryant<7><STEAM_1:1:801237070><>" slapped "Kobe Bryant<7><STEAM_1:1:801237070><>" (damage "0")
L 07/10/2025 - 14:49:50: [playercommands.smx] "Kobe Bryant<7><STEAM_1:1:801237070><>" slapped "Kobe Bryant<7><STEAM_1:1:801237070><>" (damage "0")
L 07/10/2025 - 14:49:50: [playercommands.smx] "Kobe Bryant<7><STEAM_1:1:801237070><>" slapped "Kobe Bryant<7><STEAM_1:1:801237070><>" (damage "0")
L 07/10/2025 - 14:49:50: [playercommands.smx] "Kobe Bryant<7><STEAM_1:1:801237070><>" slapped "Kobe Bryant<7><STEAM_1:1:801237070><>" (damage "0")
L 07/10/2025 - 14:49:50: [playercommands.smx] "Kobe Bryant<7><STEAM_1:1:801237070><>" slapped "Kobe Bryant<7><STEAM_1:1:801237070><>" (damage "0")
L 07/10/2025 - 14:49:50: [playercommands.smx] "Kobe Bryant<7><STEAM_1:1:801237070><>" slapped "Kobe Bryant<7><STEAM_1:1:801237070><>" (damage "0")
L 07/10/2025 - 14:49:51: [playercommands.smx] "Kobe Bryant<7><STEAM_1:1:801237070><>" slapped "Kobe Bryant<7><STEAM_1:1:801237070><>" (damage "0")
L 07/10/2025 - 14:49:51: [playercommands.smx] "Kobe Bryant<7><STEAM_1:1:801237070><>" slapped "Kobe Bryant<7><STEAM_1:1:801237070><>" (damage "0")
L 07/10/2025 - 14:49:51: [playercommands.smx] "Kobe Bryant<7><STEAM_1:1:801237070><>" slapped "Kobe Bryant<7><STEAM_1:1:801237070><>" (damage "0")
L 07/10/2025 - 14:49:51: [playercommands.smx] "Kobe Bryant<7><STEAM_1:1:801237070><>" slapped "Kobe Bryant<7><STEAM_1:1:801237070><>" (damage "0")
L 07/10/2025 - 14:49:51: [playercommands.smx] "Kobe Bryant<7><STEAM_1:1:801237070><>" slapped "Kobe Bryant<7><STEAM_1:1:801237070><>" (damage "0")
L 07/10/2025 - 14:49:51: [playercommands.smx] "Kobe Bryant<7><STEAM_1:1:801237070><>" slapped "Kobe Bryant<7><STEAM_1:1:801237070><>" (damage "0")
L 07/10/2025 - 14:49:51: [playercommands.smx] "Kobe Bryant<7><STEAM_1:1:801237070><>" slapped "Kobe Bryant<7><STEAM_1:1:801237070><>" (damage "0")
L 07/10/2025 - 14:49:51: [playercommands.smx] "Kobe Bryant<7><STEAM_1:1:801237070><>" slapped "Kobe Bryant<7><STEAM_1:1:801237070><>" (damage "0")
L 07/10/2025 - 14:49:52: [playercommands.smx] "Kobe Bryant<7><STEAM_1:1:801237070><>" slapped "Kobe Bryant<7><STEAM_1:1:801237070><>" (damage "0")
L 07/10/2025 - 14:49:52: [playercommands.smx] "Kobe Bryant<7><STEAM_1:1:801237070><>" slapped "Kobe Bryant<7><STEAM_1:1:801237070><>" (damage "0")
L 07/10/2025 - 14:49:52: [playercommands.smx] "Kobe Bryant<7><STEAM_1:1:801237070><>" slapped "Kobe Bryant<7><STEAM_1:1:801237070><>" (damage "0")
L 07/10/2025 - 14:49:52: [playercommands.smx] "Kobe Bryant<7><STEAM_1:1:801237070><>" slapped "Kobe Bryant<7><STEAM_1:1:801237070><>" (damage "0")
L 07/10/2025 - 14:49:52: [playercommands.smx] "Kobe Bryant<7><STEAM_1:1:801237070><>" slapped "Kobe Bryant<7><STEAM_1:1:801237070><>" (damage "0")
L 07/10/2025 - 14:49:52: [playercommands.smx] "Kobe Bryant<7><STEAM_1:1:801237070><>" slapped "Kobe Bryant<7><STEAM_1:1:801237070><>" (damage "0")
L 07/10/2025 - 14:49:52: [playercommands.smx] "Kobe Bryant<7><STEAM_1:1:801237070><>" slapped "Kobe Bryant<7><STEAM_1:1:801237070><>" (damage "0")
L 07/10/2025 - 14:49:53: [playercommands.smx] "Kobe Bryant<7><STEAM_1:1:801237070><>" slapped "Kobe Bryant<7><STEAM_1:1:801237070><>" (damage "0")
L 07/10/2025 - 14:49:53: [playercommands.smx] "Kobe Bryant<7><STEAM_1:1:801237070><>" slapped "Kobe Bryant<7><STEAM_1:1:801237070><>" (damage "0")
L 07/10/2025 - 14:49:54: [playercommands.smx] "Kobe Bryant<7><STEAM_1:1:801237070><>" slapped "Kobe Bryant<7><STEAM_1:1:801237070><>" (damage "0")
L 07/10/2025 - 14:49:54: [playercommands.smx] "Kobe Bryant<7><STEAM_1:1:801237070><>" slapped "Kobe Bryant<7><STEAM_1:1:801237070><>" (damage "0")
L 07/10/2025 - 14:49:55: [playercommands.smx] "Kobe Bryant<7><STEAM_1:1:801237070><>" slapped "Kobe Bryant<7><STEAM_1:1:801237070><>" (damage "0")
L 07/10/2025 - 14:50:06: [playercommands.smx] "Kobe Bryant<7><STEAM_1:1:801237070><>" slapped "Kobe Bryant<7><STEAM_1:1:801237070><>" (damage "0")
L 07/10/2025 - 14:50:06: [playercommands.smx] "Kobe Bryant<7><STEAM_1:1:801237070><>" slapped "Kobe Bryant<7><STEAM_1:1:801237070><>" (damage "0")
L 07/10/2025 - 14:50:06: [playercommands.smx] "Kobe Bryant<7><STEAM_1:1:801237070><>" slapped "Kobe Bryant<7><STEAM_1:1:801237070><>" (damage "0")
L 07/10/2025 - 14:50:06: [playercommands.smx] "Kobe Bryant<7><STEAM_1:1:801237070><>" slapped "Kobe Bryant<7><STEAM_1:1:801237070><>" (damage "0")
L 07/10/2025 - 14:50:06: [playercommands.smx] "Kobe Bryant<7><STEAM_1:1:801237070><>" slapped "Kobe Bryant<7><STEAM_1:1:801237070><>" (damage "0")
L 07/10/2025 - 14:50:07: [playercommands.smx] "Kobe Bryant<7><STEAM_1:1:801237070><>" slapped "Kobe Bryant<7><STEAM_1:1:801237070><>" (damage "0")
L 07/10/2025 - 14:50:26: [playercommands.smx] "Kobe Bryant<7><STEAM_1:1:801237070><>" slapped "Kobe Bryant<7><STEAM_1:1:801237070><>" (damage "0")
L 07/10/2025 - 14:50:29: [playercommands.smx] "Kobe Bryant<7><STEAM_1:1:801237070><>" slapped "Kobe Bryant<7><STEAM_1:1:801237070><>" (damage "0")
L 07/10/2025 - 14:50:32: [playercommands.smx] "Kobe Bryant<7><STEAM_1:1:801237070><>" slapped "Kobe Bryant<7><STEAM_1:1:801237070><>" (damage "0")
L 07/10/2025 - 14:50:37: [playercommands.smx] "Kobe Bryant<7><STEAM_1:1:801237070><>" slapped "MALISS-念安_居此<10><STEAM_1:0:784199543><>" (damage "0")
L 07/10/2025 - 14:50:40: [playercommands.smx] "Kobe Bryant<7><STEAM_1:1:801237070><>" slapped "Kobe Bryant<7><STEAM_1:1:801237070><>" (damage "0")
L 07/10/2025 - 14:50:40: [playercommands.smx] "Kobe Bryant<7><STEAM_1:1:801237070><>" slapped "Kobe Bryant<7><STEAM_1:1:801237070><>" (damage "0")
L 07/10/2025 - 14:50:40: [playercommands.smx] "Kobe Bryant<7><STEAM_1:1:801237070><>" slapped "Kobe Bryant<7><STEAM_1:1:801237070><>" (damage "0")
L 07/10/2025 - 14:50:40: [playercommands.smx] "Kobe Bryant<7><STEAM_1:1:801237070><>" slapped "Kobe Bryant<7><STEAM_1:1:801237070><>" (damage "0")
L 07/10/2025 - 14:50:43: [playercommands.smx] "Kobe Bryant<7><STEAM_1:1:801237070><>" slapped "Kobe Bryant<7><STEAM_1:1:801237070><>" (damage "0")
L 07/10/2025 - 14:50:43: [playercommands.smx] "Kobe Bryant<7><STEAM_1:1:801237070><>" slapped "Kobe Bryant<7><STEAM_1:1:801237070><>" (damage "0")
L 07/10/2025 - 14:50:44: [playercommands.smx] "Kobe Bryant<7><STEAM_1:1:801237070><>" slapped "Kobe Bryant<7><STEAM_1:1:801237070><>" (damage "0")
L 07/10/2025 - 14:50:45: [playercommands.smx] "Kobe Bryant<7><STEAM_1:1:801237070><>" slapped "Kobe Bryant<7><STEAM_1:1:801237070><>" (damage "0")
L 07/10/2025 - 14:50:45: [playercommands.smx] "Kobe Bryant<7><STEAM_1:1:801237070><>" slapped "Kobe Bryant<7><STEAM_1:1:801237070><>" (damage "0")
L 07/10/2025 - 14:50:49: [playercommands.smx] "Kobe Bryant<7><STEAM_1:1:801237070><>" slapped "MALISS-念安_居此<10><STEAM_1:0:784199543><>" (damage "0")
L 07/10/2025 - 14:50:57: [playercommands.smx] "Kobe Bryant<7><STEAM_1:1:801237070><>" slapped "Kobe Bryant<7><STEAM_1:1:801237070><>" (damage "0")
L 07/10/2025 - 14:51:00: [playercommands.smx] "Kobe Bryant<7><STEAM_1:1:801237070><>" slapped "Kobe Bryant<7><STEAM_1:1:801237070><>" (damage "0")
L 07/10/2025 - 14:51:02: [playercommands.smx] "Kobe Bryant<7><STEAM_1:1:801237070><>" slapped "Kobe Bryant<7><STEAM_1:1:801237070><>" (damage "0")
L 07/10/2025 - 14:51:03: [playercommands.smx] "Kobe Bryant<7><STEAM_1:1:801237070><>" slapped "Kobe Bryant<7><STEAM_1:1:801237070><>" (damage "0")
L 07/10/2025 - 14:51:10: [playercommands.smx] "Kobe Bryant<7><STEAM_1:1:801237070><>" slapped "MALISS-念安_居此<10><STEAM_1:0:784199543><>" (damage "0")
L 07/10/2025 - 14:51:10: [playercommands.smx] "Kobe Bryant<7><STEAM_1:1:801237070><>" slapped "MALISS-念安_居此<10><STEAM_1:0:784199543><>" (damage "0")
L 07/10/2025 - 14:51:10: [playercommands.smx] "Kobe Bryant<7><STEAM_1:1:801237070><>" slapped "MALISS-念安_居此<10><STEAM_1:0:784199543><>" (damage "0")
L 07/10/2025 - 14:51:10: [playercommands.smx] "Kobe Bryant<7><STEAM_1:1:801237070><>" slapped "MALISS-念安_居此<10><STEAM_1:0:784199543><>" (damage "0")
L 07/10/2025 - 14:51:11: [playercommands.smx] "Kobe Bryant<7><STEAM_1:1:801237070><>" slapped "MALISS-念安_居此<10><STEAM_1:0:784199543><>" (damage "0")
L 07/10/2025 - 14:51:11: [playercommands.smx] "Kobe Bryant<7><STEAM_1:1:801237070><>" slapped "Kobe Bryant<7><STEAM_1:1:801237070><>" (damage "0")
L 07/10/2025 - 14:51:22: [playercommands.smx] "Kobe Bryant<7><STEAM_1:1:801237070><>" slapped "Kobe Bryant<7><STEAM_1:1:801237070><>" (damage "0")
L 07/10/2025 - 14:51:24: [playercommands.smx] "Kobe Bryant<7><STEAM_1:1:801237070><>" slapped "Kobe Bryant<7><STEAM_1:1:801237070><>" (damage "0")
L 07/10/2025 - 14:51:26: [playercommands.smx] "Kobe Bryant<7><STEAM_1:1:801237070><>" slapped "Kobe Bryant<7><STEAM_1:1:801237070><>" (damage "0")
L 07/10/2025 - 14:51:28: [playercommands.smx] "Kobe Bryant<7><STEAM_1:1:801237070><>" slapped "Kobe Bryant<7><STEAM_1:1:801237070><>" (damage "0")
L 07/10/2025 - 14:51:29: [playercommands.smx] "Kobe Bryant<7><STEAM_1:1:801237070><>" slapped "Kobe Bryant<7><STEAM_1:1:801237070><>" (damage "0")
L 07/10/2025 - 14:51:35: [playercommands.smx] "Kobe Bryant<7><STEAM_1:1:801237070><>" slapped "Kobe Bryant<7><STEAM_1:1:801237070><>" (damage "0")
L 07/10/2025 - 14:51:35: [playercommands.smx] "Kobe Bryant<7><STEAM_1:1:801237070><>" slapped "Kobe Bryant<7><STEAM_1:1:801237070><>" (damage "0")
L 07/10/2025 - 14:51:39: [playercommands.smx] "Kobe Bryant<7><STEAM_1:1:801237070><>" slapped "MALISS-念安_居此<10><STEAM_1:0:784199543><>" (damage "0")
L 07/10/2025 - 14:51:58: [playercommands.smx] "Kobe Bryant<7><STEAM_1:1:801237070><>" slapped "Kobe Bryant<7><STEAM_1:1:801237070><>" (damage "0")
L 07/10/2025 - 14:52:09: [playercommands.smx] "Kobe Bryant<7><STEAM_1:1:801237070><>" slapped "Kobe Bryant<7><STEAM_1:1:801237070><>" (damage "0")
L 07/10/2025 - 14:52:11: [playercommands.smx] "Kobe Bryant<7><STEAM_1:1:801237070><>" slapped "Kobe Bryant<7><STEAM_1:1:801237070><>" (damage "0")
L 07/10/2025 - 14:52:13: [playercommands.smx] "Kobe Bryant<7><STEAM_1:1:801237070><>" slapped "Kobe Bryant<7><STEAM_1:1:801237070><>" (damage "0")
L 07/10/2025 - 14:52:16: [playercommands.smx] "Kobe Bryant<7><STEAM_1:1:801237070><>" slapped "Kobe Bryant<7><STEAM_1:1:801237070><>" (damage "0")
L 07/10/2025 - 14:52:16: [playercommands.smx] "Kobe Bryant<7><STEAM_1:1:801237070><>" slapped "Kobe Bryant<7><STEAM_1:1:801237070><>" (damage "0")
L 07/10/2025 - 14:52:19: [playercommands.smx] "Kobe Bryant<7><STEAM_1:1:801237070><>" slapped "Kobe Bryant<7><STEAM_1:1:801237070><>" (damage "0")
L 07/10/2025 - 14:52:19: [playercommands.smx] "Kobe Bryant<7><STEAM_1:1:801237070><>" slapped "Kobe Bryant<7><STEAM_1:1:801237070><>" (damage "0")
L 07/10/2025 - 14:52:21: [playercommands.smx] "Kobe Bryant<7><STEAM_1:1:801237070><>" slapped "Kobe Bryant<7><STEAM_1:1:801237070><>" (damage "0")
L 07/10/2025 - 14:52:32: [playercommands.smx] "Kobe Bryant<7><STEAM_1:1:801237070><>" slapped "Kobe Bryant<7><STEAM_1:1:801237070><>" (damage "0")
L 07/10/2025 - 14:52:34: [playercommands.smx] "Kobe Bryant<7><STEAM_1:1:801237070><>" slapped "Kobe Bryant<7><STEAM_1:1:801237070><>" (damage "0")
L 07/10/2025 - 14:52:38: [playercommands.smx] "Kobe Bryant<7><STEAM_1:1:801237070><>" slapped "Kobe Bryant<7><STEAM_1:1:801237070><>" (damage "0")
L 07/10/2025 - 14:52:38: [playercommands.smx] "Kobe Bryant<7><STEAM_1:1:801237070><>" slapped "Kobe Bryant<7><STEAM_1:1:801237070><>" (damage "0")
L 07/10/2025 - 14:52:41: [playercommands.smx] "Kobe Bryant<7><STEAM_1:1:801237070><>" slapped "Kobe Bryant<7><STEAM_1:1:801237070><>" (damage "0")
L 07/10/2025 - 14:52:42: [playercommands.smx] "Kobe Bryant<7><STEAM_1:1:801237070><>" slapped "Kobe Bryant<7><STEAM_1:1:801237070><>" (damage "0")
L 07/10/2025 - 14:52:43: [playercommands.smx] "Kobe Bryant<7><STEAM_1:1:801237070><>" slapped "Kobe Bryant<7><STEAM_1:1:801237070><>" (damage "0")
L 07/10/2025 - 14:52:44: [playercommands.smx] "Kobe Bryant<7><STEAM_1:1:801237070><>" slapped "Kobe Bryant<7><STEAM_1:1:801237070><>" (damage "0")
L 07/10/2025 - 14:52:46: [playercommands.smx] "Kobe Bryant<7><STEAM_1:1:801237070><>" slapped "Kobe Bryant<7><STEAM_1:1:801237070><>" (damage "0")
L 07/10/2025 - 14:52:46: [playercommands.smx] "Kobe Bryant<7><STEAM_1:1:801237070><>" slapped "Kobe Bryant<7><STEAM_1:1:801237070><>" (damage "0")
L 07/10/2025 - 14:52:46: [playercommands.smx] "Kobe Bryant<7><STEAM_1:1:801237070><>" slapped "Kobe Bryant<7><STEAM_1:1:801237070><>" (damage "0")
L 07/10/2025 - 14:52:47: [playercommands.smx] "Kobe Bryant<7><STEAM_1:1:801237070><>" slapped "Kobe Bryant<7><STEAM_1:1:801237070><>" (damage "0")
L 07/10/2025 - 14:52:48: [playercommands.smx] "Kobe Bryant<7><STEAM_1:1:801237070><>" slapped "Kobe Bryant<7><STEAM_1:1:801237070><>" (damage "0")
L 07/10/2025 - 14:52:48: [playercommands.smx] "Kobe Bryant<7><STEAM_1:1:801237070><>" slapped "Kobe Bryant<7><STEAM_1:1:801237070><>" (damage "0")
L 07/10/2025 - 14:52:51: [playercommands.smx] "Kobe Bryant<7><STEAM_1:1:801237070><>" slapped "Kobe Bryant<7><STEAM_1:1:801237070><>" (damage "0")
L 07/10/2025 - 14:52:51: [playercommands.smx] "Kobe Bryant<7><STEAM_1:1:801237070><>" slapped "Kobe Bryant<7><STEAM_1:1:801237070><>" (damage "0")
L 07/10/2025 - 14:52:51: [playercommands.smx] "Kobe Bryant<7><STEAM_1:1:801237070><>" slapped "Kobe Bryant<7><STEAM_1:1:801237070><>" (damage "0")
L 07/10/2025 - 14:52:51: [playercommands.smx] "Kobe Bryant<7><STEAM_1:1:801237070><>" slapped "Kobe Bryant<7><STEAM_1:1:801237070><>" (damage "0")
L 07/10/2025 - 14:52:51: [playercommands.smx] "Kobe Bryant<7><STEAM_1:1:801237070><>" slapped "Kobe Bryant<7><STEAM_1:1:801237070><>" (damage "0")
L 07/10/2025 - 14:52:52: [playercommands.smx] "Kobe Bryant<7><STEAM_1:1:801237070><>" slapped "Kobe Bryant<7><STEAM_1:1:801237070><>" (damage "0")
L 07/10/2025 - 14:52:53: [playercommands.smx] "Kobe Bryant<7><STEAM_1:1:801237070><>" slapped "Kobe Bryant<7><STEAM_1:1:801237070><>" (damage "0")
L 07/10/2025 - 14:52:55: [playercommands.smx] "Kobe Bryant<7><STEAM_1:1:801237070><>" slapped "Kobe Bryant<7><STEAM_1:1:801237070><>" (damage "0")
L 07/10/2025 - 14:52:58: [playercommands.smx] "Kobe Bryant<7><STEAM_1:1:801237070><>" slapped "Kobe Bryant<7><STEAM_1:1:801237070><>" (damage "0")
L 07/10/2025 - 14:53:03: [playercommands.smx] "Kobe Bryant<7><STEAM_1:1:801237070><>" slapped "Kobe Bryant<7><STEAM_1:1:801237070><>" (damage "0")
L 07/10/2025 - 14:53:05: [playercommands.smx] "Kobe Bryant<7><STEAM_1:1:801237070><>" slapped "Kobe Bryant<7><STEAM_1:1:801237070><>" (damage "0")
L 07/10/2025 - 14:53:06: [playercommands.smx] "Kobe Bryant<7><STEAM_1:1:801237070><>" slapped "Kobe Bryant<7><STEAM_1:1:801237070><>" (damage "0")
L 07/10/2025 - 14:53:09: [playercommands.smx] "Kobe Bryant<7><STEAM_1:1:801237070><>" slapped "Kobe Bryant<7><STEAM_1:1:801237070><>" (damage "0")
L 07/10/2025 - 14:53:09: [playercommands.smx] "Kobe Bryant<7><STEAM_1:1:801237070><>" slapped "Kobe Bryant<7><STEAM_1:1:801237070><>" (damage "0")
L 07/10/2025 - 14:53:11: [playercommands.smx] "Kobe Bryant<7><STEAM_1:1:801237070><>" slapped "Kobe Bryant<7><STEAM_1:1:801237070><>" (damage "0")
L 07/10/2025 - 14:53:11: [playercommands.smx] "Kobe Bryant<7><STEAM_1:1:801237070><>" slapped "Kobe Bryant<7><STEAM_1:1:801237070><>" (damage "0")
L 07/10/2025 - 14:53:14: [playercommands.smx] "Kobe Bryant<7><STEAM_1:1:801237070><>" slapped "Kobe Bryant<7><STEAM_1:1:801237070><>" (damage "0")
L 07/10/2025 - 14:53:21: [playercommands.smx] "Kobe Bryant<7><STEAM_1:1:801237070><>" slapped "MALISS-念安_居此<10><STEAM_1:0:784199543><>" (damage "0")
L 07/10/2025 - 14:53:21: [playercommands.smx] "Kobe Bryant<7><STEAM_1:1:801237070><>" slapped "MALISS-念安_居此<10><STEAM_1:0:784199543><>" (damage "0")
L 07/10/2025 - 14:53:21: [playercommands.smx] "Kobe Bryant<7><STEAM_1:1:801237070><>" slapped "MALISS-念安_居此<10><STEAM_1:0:784199543><>" (damage "0")
L 07/10/2025 - 14:53:22: [playercommands.smx] "Kobe Bryant<7><STEAM_1:1:801237070><>" slapped "MALISS-念安_居此<10><STEAM_1:0:784199543><>" (damage "0")
L 07/10/2025 - 14:53:22: [playercommands.smx] "Kobe Bryant<7><STEAM_1:1:801237070><>" slapped "MALISS-念安_居此<10><STEAM_1:0:784199543><>" (damage "0")
L 07/10/2025 - 14:53:22: [playercommands.smx] "Kobe Bryant<7><STEAM_1:1:801237070><>" slapped "MALISS-念安_居此<10><STEAM_1:0:784199543><>" (damage "0")
L 07/10/2025 - 14:53:22: [playercommands.smx] "Kobe Bryant<7><STEAM_1:1:801237070><>" slapped "MALISS-念安_居此<10><STEAM_1:0:784199543><>" (damage "0")
L 07/10/2025 - 14:53:22: [playercommands.smx] "Kobe Bryant<7><STEAM_1:1:801237070><>" slapped "MALISS-念安_居此<10><STEAM_1:0:784199543><>" (damage "0")
L 07/10/2025 - 14:53:22: [playercommands.smx] "Kobe Bryant<7><STEAM_1:1:801237070><>" slapped "MALISS-念安_居此<10><STEAM_1:0:784199543><>" (damage "0")
L 07/10/2025 - 14:53:22: [playercommands.smx] "Kobe Bryant<7><STEAM_1:1:801237070><>" slapped "MALISS-念安_居此<10><STEAM_1:0:784199543><>" (damage "0")
L 07/10/2025 - 14:53:23: [playercommands.smx] "Kobe Bryant<7><STEAM_1:1:801237070><>" slapped "MALISS-念安_居此<10><STEAM_1:0:784199543><>" (damage "0")
L 07/10/2025 - 14:53:23: [playercommands.smx] "Kobe Bryant<7><STEAM_1:1:801237070><>" slapped "MALISS-念安_居此<10><STEAM_1:0:784199543><>" (damage "0")
L 07/10/2025 - 14:53:23: [playercommands.smx] "Kobe Bryant<7><STEAM_1:1:801237070><>" slapped "MALISS-念安_居此<10><STEAM_1:0:784199543><>" (damage "0")
L 07/10/2025 - 14:53:23: [playercommands.smx] "Kobe Bryant<7><STEAM_1:1:801237070><>" slapped "MALISS-念安_居此<10><STEAM_1:0:784199543><>" (damage "0")
L 07/10/2025 - 14:53:24: [playercommands.smx] "Kobe Bryant<7><STEAM_1:1:801237070><>" slapped "MALISS-念安_居此<10><STEAM_1:0:784199543><>" (damage "0")
L 07/10/2025 - 14:53:24: [playercommands.smx] "Kobe Bryant<7><STEAM_1:1:801237070><>" slapped "MALISS-念安_居此<10><STEAM_1:0:784199543><>" (damage "0")
L 07/10/2025 - 14:53:26: [playercommands.smx] "Kobe Bryant<7><STEAM_1:1:801237070><>" slapped "MALISS-念安_居此<10><STEAM_1:0:784199543><>" (damage "0")
L 07/10/2025 - 14:53:27: [playercommands.smx] "Kobe Bryant<7><STEAM_1:1:801237070><>" slapped "MALISS-念安_居此<10><STEAM_1:0:784199543><>" (damage "0")
L 07/10/2025 - 14:53:27: [playercommands.smx] "Kobe Bryant<7><STEAM_1:1:801237070><>" slapped "MALISS-念安_居此<10><STEAM_1:0:784199543><>" (damage "0")
L 07/10/2025 - 14:53:27: [playercommands.smx] "Kobe Bryant<7><STEAM_1:1:801237070><>" slapped "MALISS-念安_居此<10><STEAM_1:0:784199543><>" (damage "0")
L 07/10/2025 - 14:53:27: [playercommands.smx] "Kobe Bryant<7><STEAM_1:1:801237070><>" slapped "MALISS-念安_居此<10><STEAM_1:0:784199543><>" (damage "0")
L 07/10/2025 - 14:53:27: [playercommands.smx] "Kobe Bryant<7><STEAM_1:1:801237070><>" slapped "MALISS-念安_居此<10><STEAM_1:0:784199543><>" (damage "0")
L 07/10/2025 - 14:53:28: [playercommands.smx] "Kobe Bryant<7><STEAM_1:1:801237070><>" slapped "MALISS-念安_居此<10><STEAM_1:0:784199543><>" (damage "0")
L 07/10/2025 - 14:53:28: [playercommands.smx] "Kobe Bryant<7><STEAM_1:1:801237070><>" slapped "MALISS-念安_居此<10><STEAM_1:0:784199543><>" (damage "0")
L 07/10/2025 - 14:53:28: [playercommands.smx] "Kobe Bryant<7><STEAM_1:1:801237070><>" slapped "MALISS-念安_居此<10><STEAM_1:0:784199543><>" (damage "0")
L 07/10/2025 - 14:53:28: [playercommands.smx] "Kobe Bryant<7><STEAM_1:1:801237070><>" slapped "MALISS-念安_居此<10><STEAM_1:0:784199543><>" (damage "0")
L 07/10/2025 - 14:53:28: [playercommands.smx] "Kobe Bryant<7><STEAM_1:1:801237070><>" slapped "MALISS-念安_居此<10><STEAM_1:0:784199543><>" (damage "0")
L 07/10/2025 - 14:53:37: [optional/l4d2_saferoom_item_remove.smx] Removed 0 saferoom item(s) (start: 0; end: 0).
L 07/10/2025 - 14:53:38: [playercommands.smx] "Kobe Bryant<7><STEAM_1:1:801237070><>" slapped "MALISS-念安_居此<10><STEAM_1:0:784199543><>" (damage "0")
L 07/10/2025 - 14:53:39: [playercommands.smx] "Kobe Bryant<7><STEAM_1:1:801237070><>" slapped "MALISS-念安_居此<10><STEAM_1:0:784199543><>" (damage "0")
L 07/10/2025 - 14:53:39: [playercommands.smx] "Kobe Bryant<7><STEAM_1:1:801237070><>" slapped "MALISS-念安_居此<10><STEAM_1:0:784199543><>" (damage "0")
L 07/10/2025 - 14:53:39: [playercommands.smx] "Kobe Bryant<7><STEAM_1:1:801237070><>" slapped "MALISS-念安_居此<10><STEAM_1:0:784199543><>" (damage "0")
L 07/10/2025 - 14:53:39: [playercommands.smx] "Kobe Bryant<7><STEAM_1:1:801237070><>" slapped "MALISS-念安_居此<10><STEAM_1:0:784199543><>" (damage "0")
L 07/10/2025 - 14:53:39: [playercommands.smx] "Kobe Bryant<7><STEAM_1:1:801237070><>" slapped "MALISS-念安_居此<10><STEAM_1:0:784199543><>" (damage "0")
L 07/10/2025 - 14:53:40: [playercommands.smx] "Kobe Bryant<7><STEAM_1:1:801237070><>" slapped "MALISS-念安_居此<10><STEAM_1:0:784199543><>" (damage "0")
L 07/10/2025 - 14:53:40: [playercommands.smx] "Kobe Bryant<7><STEAM_1:1:801237070><>" slapped "MALISS-念安_居此<10><STEAM_1:0:784199543><>" (damage "0")
L 07/10/2025 - 14:53:41: [playercommands.smx] "Kobe Bryant<7><STEAM_1:1:801237070><>" slapped "MALISS-念安_居此<10><STEAM_1:0:784199543><>" (damage "0")
L 07/10/2025 - 14:53:41: [playercommands.smx] "Kobe Bryant<7><STEAM_1:1:801237070><>" slapped "MALISS-念安_居此<10><STEAM_1:0:784199543><>" (damage "0")
L 07/10/2025 - 14:53:41: [playercommands.smx] "Kobe Bryant<7><STEAM_1:1:801237070><>" slapped "MALISS-念安_居此<10><STEAM_1:0:784199543><>" (damage "0")
L 07/10/2025 - 14:53:41: [playercommands.smx] "Kobe Bryant<7><STEAM_1:1:801237070><>" slapped "MALISS-念安_居此<10><STEAM_1:0:784199543><>" (damage "0")
L 07/10/2025 - 14:53:42: [playercommands.smx] "Kobe Bryant<7><STEAM_1:1:801237070><>" slapped "MALISS-念安_居此<10><STEAM_1:0:784199543><>" (damage "0")
L 07/10/2025 - 14:54:43: [playercommands.smx] "Kobe Bryant<7><STEAM_1:1:801237070><>" slapped "Ellis<44><BOT><>" (damage "0")
L 07/10/2025 - 14:54:43: [playercommands.smx] "Kobe Bryant<7><STEAM_1:1:801237070><>" slapped "Ellis<44><BOT><>" (damage "0")
L 07/10/2025 - 14:54:44: [playercommands.smx] "Kobe Bryant<7><STEAM_1:1:801237070><>" slapped "Ellis<44><BOT><>" (damage "0")
L 07/10/2025 - 14:54:44: [playercommands.smx] "Kobe Bryant<7><STEAM_1:1:801237070><>" slapped "Ellis<44><BOT><>" (damage "0")
L 07/10/2025 - 14:54:44: [playercommands.smx] "Kobe Bryant<7><STEAM_1:1:801237070><>" slapped "Ellis<44><BOT><>" (damage "0")
L 07/10/2025 - 14:54:44: [playercommands.smx] "Kobe Bryant<7><STEAM_1:1:801237070><>" slapped "Ellis<44><BOT><>" (damage "0")
L 07/10/2025 - 14:54:44: [playercommands.smx] "Kobe Bryant<7><STEAM_1:1:801237070><>" slapped "Ellis<44><BOT><>" (damage "0")
L 07/10/2025 - 14:54:44: [playercommands.smx] "Kobe Bryant<7><STEAM_1:1:801237070><>" slapped "Ellis<44><BOT><>" (damage "0")
L 07/10/2025 - 14:54:45: [playercommands.smx] "Kobe Bryant<7><STEAM_1:1:801237070><>" slapped "Ellis<44><BOT><>" (damage "0")
L 07/10/2025 - 14:54:45: [playercommands.smx] "Kobe Bryant<7><STEAM_1:1:801237070><>" slapped "Ellis<44><BOT><>" (damage "0")
L 07/10/2025 - 14:54:45: [playercommands.smx] "Kobe Bryant<7><STEAM_1:1:801237070><>" slapped "Ellis<44><BOT><>" (damage "0")
L 07/10/2025 - 14:54:45: [playercommands.smx] "Kobe Bryant<7><STEAM_1:1:801237070><>" slapped "Ellis<44><BOT><>" (damage "0")
L 07/10/2025 - 14:55:12: [funcommands.smx] "Kobe Bryant<7><STEAM_1:1:801237070><>" ignited "Kobe Bryant<7><STEAM_1:1:801237070><>" (seconds "20.000000")
L 07/10/2025 - 14:55:14: [funcommands.smx] "Kobe Bryant<7><STEAM_1:1:801237070><>" ignited "Ellis<44><BOT><>" (seconds "20.000000")
L 07/10/2025 - 14:56:00: [funcommands.smx] "Kobe Bryant<7><STEAM_1:1:801237070><>" set gravity on "Kobe Bryant<7><STEAM_1:1:801237070><>" (amount "0.100000")
L 07/10/2025 - 14:56:58: [funcommands.smx] "Kobe Bryant<7><STEAM_1:1:801237070><>" set gravity on "Kobe Bryant<7><STEAM_1:1:801237070><>" (amount "0.100000")
L 07/10/2025 - 14:58:09: SourceMod log file session started (file "/root/Steam/steamapps/common/L4D21/left4dead2/addons/sourcemod/logs/L20250710.log") (Version "1.12.0.7195")
L 07/10/2025 - 14:58:09: [fixes/firebulletsfix.smx] Found offset for Weapon_ShootPosition 286
L 07/10/2025 - 14:58:11: [basecommands.smx] "Console<0><Console><Console>" changed cvar (cvar "confogl_match_execcfg_plugins") (value "generalfixes.cfg;confogl_plugins.cfg;sharedplugins.cfg")
L 07/10/2025 - 14:58:11: [basecommands.smx] "Console<0><Console><Console>" changed cvar (cvar "l4d2_addons_eclipse") (value "0")
L 07/10/2025 - 14:58:11: [basecommands.smx] "Console<0><Console><Console>" changed cvar (cvar "sv_allow_wait_command") (value "0")
L 07/10/2025 - 14:58:11: [basecommands.smx] "Console<0><Console><Console>" changed cvar (cvar "sv_minrate") (value "100000")
L 07/10/2025 - 14:58:11: [basecommands.smx] "Console<0><Console><Console>" changed cvar (cvar "sv_maxrate") (value "100000")
L 07/10/2025 - 14:58:11: [basecommands.smx] "Console<0><Console><Console>" changed cvar (cvar "sv_minupdaterate") (value "100")
L 07/10/2025 - 14:58:11: [basecommands.smx] "Console<0><Console><Console>" changed cvar (cvar "sv_maxupdaterate") (value "100")
L 07/10/2025 - 14:58:11: [basecommands.smx] "Console<0><Console><Console>" changed cvar (cvar "sv_mincmdrate") (value "100")
L 07/10/2025 - 14:58:11: [basecommands.smx] "Console<0><Console><Console>" changed cvar (cvar "sv_maxcmdrate") (value "100")
L 07/10/2025 - 14:58:11: [basecommands.smx] "Console<0><Console><Console>" changed cvar (cvar "sv_client_min_interp_ratio") (value "-1")
L 07/10/2025 - 14:58:11: [basecommands.smx] "Console<0><Console><Console>" changed cvar (cvar "sv_client_max_interp_ratio") (value "0")
L 07/10/2025 - 14:58:11: [basecommands.smx] "Console<0><Console><Console>" changed cvar (cvar "nb_update_frequency") (value "0.014")
L 07/10/2025 - 14:58:11: [basecommands.smx] "Console<0><Console><Console>" changed cvar (cvar "net_splitpacket_maxrate") (value "50000")
L 07/10/2025 - 14:58:11: [basecommands.smx] "Console<0><Console><Console>" changed cvar (cvar "net_maxcleartime") (value "0.0001")
L 07/10/2025 - 14:58:11: [basecommands.smx] "Console<0><Console><Console>" changed cvar (cvar "fps_max") (value "0")
L 07/10/2025 - 14:58:11: [basecommands.smx] "Console<0><Console><Console>" changed cvar (cvar "tick_door_speed") (value "1.3")
L 07/10/2025 - 14:58:11: [basecommands.smx] "Console<0><Console><Console>" changed cvar (cvar "mv_maxplayers") (value "30")
L 07/10/2025 - 14:58:11: [basecommands.smx] "Console<0><Console><Console>" changed cvar (cvar "mp_autoteambalance") (value "0")
L 07/10/2025 - 14:58:11: [basecommands.smx] "Console<0><Console><Console>" changed cvar (cvar "sv_unlag_fixstuck") (value "1")
L 07/10/2025 - 14:58:11: [basecommands.smx] "Console<0><Console><Console>" changed cvar (cvar "z_brawl_chance") (value "0")
L 07/10/2025 - 14:58:11: [basecommands.smx] "Console<0><Console><Console>" changed cvar (cvar "sv_maxunlag") (value "1")
L 07/10/2025 - 14:58:11: [basecommands.smx] "Console<0><Console><Console>" changed cvar (cvar "sv_forcepreload") (value "1")
L 07/10/2025 - 14:58:11: [basecommands.smx] "Console<0><Console><Console>" changed cvar (cvar "sv_client_predict") (value "1")
L 07/10/2025 - 14:58:11: [basecommands.smx] "Console<0><Console><Console>" changed cvar (cvar "sv_client_cmdrate_difference") (value "0")
L 07/10/2025 - 14:58:11: [basecommands.smx] "Console<0><Console><Console>" changed cvar (cvar "sv_max_queries_sec_global") (value "10")
L 07/10/2025 - 14:58:11: [basecommands.smx] "Console<0><Console><Console>" changed cvar (cvar "sv_max_queries_sec") (value "3")
L 07/10/2025 - 14:58:11: [basecommands.smx] "Console<0><Console><Console>" changed cvar (cvar "sv_max_queries_window") (value "10")
L 07/10/2025 - 14:58:11: [basecommands.smx] "Console<0><Console><Console>" changed cvar (cvar "sv_player_stuck_tolerance") (value "5")
L 07/10/2025 - 14:58:11: [basecommands.smx] "Console<0><Console><Console>" changed cvar (cvar "sv_stats") (value "0")
L 07/10/2025 - 14:58:11: [basecommands.smx] "Console<0><Console><Console>" changed cvar (cvar "sv_clockcorrection_msecs") (value "25")
L 07/10/2025 - 14:58:11: [basecommands.smx] "Console<0><Console><Console>" changed cvar (cvar "survivor_max_incapacitated_count") (value "2")
L 07/10/2025 - 14:58:11: [fixes/firebulletsfix.smx] Found offset for Weapon_ShootPosition 286
L 07/10/2025 - 14:58:12: [optional/l4d2_item_hint.smx] 
==========
Warning: You should install "[L4D & L4D2] Use Priority Patch" to fix attached models blocking +USE action (item hint): https://forums.alliedmods.net/showthread.php?t=327511
==========

L 07/10/2025 - 14:58:12: [GEOIP] GeoIP2 database loaded: GeoLite2-Country (2023-12-22 14:46:10 UTC) (/root/Steam/steamapps/common/L4D21/left4dead2/addons/sourcemod/configs/geoip/GeoLite2-Country.mmdb)
L 07/10/2025 - 14:58:12: [GEOIP] GeoIP2 supported languages: de en es fr ja pt-BR ru zh-CN
L 07/10/2025 - 14:58:12: [GEOIP] Your database is older than 90 days. You should consider downloading a newer version from e.g. https://dev.maxmind.com/geoip/geolite2-free-geolocation-data
L 07/10/2025 - 14:58:15: -------- Mapchange to c2m1_highway --------
L 07/10/2025 - 14:58:17: [basecommands.smx] "Console<0><Console><Console>" changed cvar (cvar "confogl_match_execcfg_plugins") (value "generalfixes.cfg;confogl_plugins.cfg;sharedplugins.cfg")
L 07/10/2025 - 14:58:17: [basecommands.smx] "Console<0><Console><Console>" changed cvar (cvar "l4d2_addons_eclipse") (value "0")
L 07/10/2025 - 14:58:17: [basecommands.smx] "Console<0><Console><Console>" changed cvar (cvar "sv_allow_wait_command") (value "0")
L 07/10/2025 - 14:58:17: [basecommands.smx] "Console<0><Console><Console>" changed cvar (cvar "sv_minrate") (value "100000")
L 07/10/2025 - 14:58:17: [basecommands.smx] "Console<0><Console><Console>" changed cvar (cvar "sv_maxrate") (value "100000")
L 07/10/2025 - 14:58:17: [basecommands.smx] "Console<0><Console><Console>" changed cvar (cvar "sv_minupdaterate") (value "100")
L 07/10/2025 - 14:58:17: [basecommands.smx] "Console<0><Console><Console>" changed cvar (cvar "sv_maxupdaterate") (value "100")
L 07/10/2025 - 14:58:17: [basecommands.smx] "Console<0><Console><Console>" changed cvar (cvar "sv_mincmdrate") (value "100")
L 07/10/2025 - 14:58:17: [basecommands.smx] "Console<0><Console><Console>" changed cvar (cvar "sv_maxcmdrate") (value "100")
L 07/10/2025 - 14:58:17: [basecommands.smx] "Console<0><Console><Console>" changed cvar (cvar "sv_client_min_interp_ratio") (value "-1")
L 07/10/2025 - 14:58:17: [basecommands.smx] "Console<0><Console><Console>" changed cvar (cvar "sv_client_max_interp_ratio") (value "0")
L 07/10/2025 - 14:58:17: [basecommands.smx] "Console<0><Console><Console>" changed cvar (cvar "nb_update_frequency") (value "0.014")
L 07/10/2025 - 14:58:17: [basecommands.smx] "Console<0><Console><Console>" changed cvar (cvar "net_splitpacket_maxrate") (value "50000")
L 07/10/2025 - 14:58:17: [basecommands.smx] "Console<0><Console><Console>" changed cvar (cvar "net_maxcleartime") (value "0.0001")
L 07/10/2025 - 14:58:17: [basecommands.smx] "Console<0><Console><Console>" changed cvar (cvar "fps_max") (value "0")
L 07/10/2025 - 14:58:17: [basecommands.smx] "Console<0><Console><Console>" changed cvar (cvar "tick_door_speed") (value "1.3")
L 07/10/2025 - 14:58:17: [basecommands.smx] "Console<0><Console><Console>" changed cvar (cvar "mv_maxplayers") (value "30")
L 07/10/2025 - 14:58:17: [basecommands.smx] "Console<0><Console><Console>" changed cvar (cvar "mp_autoteambalance") (value "0")
L 07/10/2025 - 14:58:17: [basecommands.smx] "Console<0><Console><Console>" changed cvar (cvar "sv_unlag_fixstuck") (value "1")
L 07/10/2025 - 14:58:17: [basecommands.smx] "Console<0><Console><Console>" changed cvar (cvar "z_brawl_chance") (value "0")
L 07/10/2025 - 14:58:17: [basecommands.smx] "Console<0><Console><Console>" changed cvar (cvar "sv_maxunlag") (value "1")
L 07/10/2025 - 14:58:17: [basecommands.smx] "Console<0><Console><Console>" changed cvar (cvar "sv_forcepreload") (value "1")
L 07/10/2025 - 14:58:17: [basecommands.smx] "Console<0><Console><Console>" changed cvar (cvar "sv_client_predict") (value "1")
L 07/10/2025 - 14:58:17: [basecommands.smx] "Console<0><Console><Console>" changed cvar (cvar "sv_client_cmdrate_difference") (value "0")
L 07/10/2025 - 14:58:17: [basecommands.smx] "Console<0><Console><Console>" changed cvar (cvar "sv_max_queries_sec_global") (value "10")
L 07/10/2025 - 14:58:17: [basecommands.smx] "Console<0><Console><Console>" changed cvar (cvar "sv_max_queries_sec") (value "3")
L 07/10/2025 - 14:58:17: [basecommands.smx] "Console<0><Console><Console>" changed cvar (cvar "sv_max_queries_window") (value "10")
L 07/10/2025 - 14:58:17: [basecommands.smx] "Console<0><Console><Console>" changed cvar (cvar "sv_player_stuck_tolerance") (value "5")
L 07/10/2025 - 14:58:17: [basecommands.smx] "Console<0><Console><Console>" changed cvar (cvar "sv_stats") (value "0")
L 07/10/2025 - 14:58:17: [basecommands.smx] "Console<0><Console><Console>" changed cvar (cvar "sv_clockcorrection_msecs") (value "25")
L 07/10/2025 - 14:58:17: [basecommands.smx] "Console<0><Console><Console>" changed cvar (cvar "survivor_max_incapacitated_count") (value "2")
L 07/10/2025 - 14:58:18: [optional/l4d2_saferoom_item_remove.smx] Removed 0 saferoom item(s) (start: 0; end: 0).
L 07/10/2025 - 15:11:37: SourceMod log file session started (file "/root/Steam/steamapps/common/L4D21/left4dead2/addons/sourcemod/logs/L20250710.log") (Version "1.12.0.7195")
L 07/10/2025 - 15:11:37: [fixes/firebulletsfix.smx] Found offset for Weapon_ShootPosition 286
L 07/10/2025 - 15:11:39: [basecommands.smx] "Console<0><Console><Console>" changed cvar (cvar "confogl_match_execcfg_plugins") (value "generalfixes.cfg;confogl_plugins.cfg;sharedplugins.cfg")
L 07/10/2025 - 15:11:39: [basecommands.smx] "Console<0><Console><Console>" changed cvar (cvar "l4d2_addons_eclipse") (value "0")
L 07/10/2025 - 15:11:39: [basecommands.smx] "Console<0><Console><Console>" changed cvar (cvar "sv_allow_wait_command") (value "0")
L 07/10/2025 - 15:11:39: [basecommands.smx] "Console<0><Console><Console>" changed cvar (cvar "sv_minrate") (value "100000")
L 07/10/2025 - 15:11:39: [basecommands.smx] "Console<0><Console><Console>" changed cvar (cvar "sv_maxrate") (value "100000")
L 07/10/2025 - 15:11:39: [basecommands.smx] "Console<0><Console><Console>" changed cvar (cvar "sv_minupdaterate") (value "100")
L 07/10/2025 - 15:11:39: [basecommands.smx] "Console<0><Console><Console>" changed cvar (cvar "sv_maxupdaterate") (value "100")
L 07/10/2025 - 15:11:39: [basecommands.smx] "Console<0><Console><Console>" changed cvar (cvar "sv_mincmdrate") (value "100")
L 07/10/2025 - 15:11:39: [basecommands.smx] "Console<0><Console><Console>" changed cvar (cvar "sv_maxcmdrate") (value "100")
L 07/10/2025 - 15:11:39: [basecommands.smx] "Console<0><Console><Console>" changed cvar (cvar "sv_client_min_interp_ratio") (value "-1")
L 07/10/2025 - 15:11:39: [basecommands.smx] "Console<0><Console><Console>" changed cvar (cvar "sv_client_max_interp_ratio") (value "0")
L 07/10/2025 - 15:11:39: [basecommands.smx] "Console<0><Console><Console>" changed cvar (cvar "nb_update_frequency") (value "0.014")
L 07/10/2025 - 15:11:39: [basecommands.smx] "Console<0><Console><Console>" changed cvar (cvar "net_splitpacket_maxrate") (value "50000")
L 07/10/2025 - 15:11:39: [basecommands.smx] "Console<0><Console><Console>" changed cvar (cvar "net_maxcleartime") (value "0.0001")
L 07/10/2025 - 15:11:39: [basecommands.smx] "Console<0><Console><Console>" changed cvar (cvar "fps_max") (value "0")
L 07/10/2025 - 15:11:39: [basecommands.smx] "Console<0><Console><Console>" changed cvar (cvar "tick_door_speed") (value "1.3")
L 07/10/2025 - 15:11:39: [basecommands.smx] "Console<0><Console><Console>" changed cvar (cvar "mv_maxplayers") (value "30")
L 07/10/2025 - 15:11:39: [basecommands.smx] "Console<0><Console><Console>" changed cvar (cvar "mp_autoteambalance") (value "0")
L 07/10/2025 - 15:11:39: [basecommands.smx] "Console<0><Console><Console>" changed cvar (cvar "sv_unlag_fixstuck") (value "1")
L 07/10/2025 - 15:11:39: [basecommands.smx] "Console<0><Console><Console>" changed cvar (cvar "z_brawl_chance") (value "0")
L 07/10/2025 - 15:11:39: [basecommands.smx] "Console<0><Console><Console>" changed cvar (cvar "sv_maxunlag") (value "1")
L 07/10/2025 - 15:11:39: [basecommands.smx] "Console<0><Console><Console>" changed cvar (cvar "sv_forcepreload") (value "1")
L 07/10/2025 - 15:11:39: [basecommands.smx] "Console<0><Console><Console>" changed cvar (cvar "sv_client_predict") (value "1")
L 07/10/2025 - 15:11:39: [basecommands.smx] "Console<0><Console><Console>" changed cvar (cvar "sv_client_cmdrate_difference") (value "0")
L 07/10/2025 - 15:11:39: [basecommands.smx] "Console<0><Console><Console>" changed cvar (cvar "sv_max_queries_sec_global") (value "10")
L 07/10/2025 - 15:11:39: [basecommands.smx] "Console<0><Console><Console>" changed cvar (cvar "sv_max_queries_sec") (value "3")
L 07/10/2025 - 15:11:39: [basecommands.smx] "Console<0><Console><Console>" changed cvar (cvar "sv_max_queries_window") (value "10")
L 07/10/2025 - 15:11:39: [basecommands.smx] "Console<0><Console><Console>" changed cvar (cvar "sv_player_stuck_tolerance") (value "5")
L 07/10/2025 - 15:11:39: [basecommands.smx] "Console<0><Console><Console>" changed cvar (cvar "sv_stats") (value "0")
L 07/10/2025 - 15:11:39: [basecommands.smx] "Console<0><Console><Console>" changed cvar (cvar "sv_clockcorrection_msecs") (value "25")
L 07/10/2025 - 15:11:39: [basecommands.smx] "Console<0><Console><Console>" changed cvar (cvar "survivor_max_incapacitated_count") (value "2")
L 07/10/2025 - 15:11:40: [fixes/firebulletsfix.smx] Found offset for Weapon_ShootPosition 286
L 07/10/2025 - 15:11:40: [optional/l4d2_item_hint.smx] 
==========
Warning: You should install "[L4D & L4D2] Use Priority Patch" to fix attached models blocking +USE action (item hint): https://forums.alliedmods.net/showthread.php?t=327511
==========

L 07/10/2025 - 15:11:40: [GEOIP] GeoIP2 database loaded: GeoLite2-Country (2023-12-22 14:46:10 UTC) (/root/Steam/steamapps/common/L4D21/left4dead2/addons/sourcemod/configs/geoip/GeoLite2-Country.mmdb)
L 07/10/2025 - 15:11:40: [GEOIP] GeoIP2 supported languages: de en es fr ja pt-BR ru zh-CN
L 07/10/2025 - 15:11:40: [GEOIP] Your database is older than 90 days. You should consider downloading a newer version from e.g. https://dev.maxmind.com/geoip/geolite2-free-geolocation-data
L 07/10/2025 - 15:11:44: -------- Mapchange to c2m1_highway --------
L 07/10/2025 - 15:11:45: [basecommands.smx] "Console<0><Console><Console>" changed cvar (cvar "confogl_match_execcfg_plugins") (value "generalfixes.cfg;confogl_plugins.cfg;sharedplugins.cfg")
L 07/10/2025 - 15:11:45: [basecommands.smx] "Console<0><Console><Console>" changed cvar (cvar "l4d2_addons_eclipse") (value "0")
L 07/10/2025 - 15:11:45: [basecommands.smx] "Console<0><Console><Console>" changed cvar (cvar "sv_allow_wait_command") (value "0")
L 07/10/2025 - 15:11:45: [basecommands.smx] "Console<0><Console><Console>" changed cvar (cvar "sv_minrate") (value "100000")
L 07/10/2025 - 15:11:45: [basecommands.smx] "Console<0><Console><Console>" changed cvar (cvar "sv_maxrate") (value "100000")
L 07/10/2025 - 15:11:45: [basecommands.smx] "Console<0><Console><Console>" changed cvar (cvar "sv_minupdaterate") (value "100")
L 07/10/2025 - 15:11:45: [basecommands.smx] "Console<0><Console><Console>" changed cvar (cvar "sv_maxupdaterate") (value "100")
L 07/10/2025 - 15:11:45: [basecommands.smx] "Console<0><Console><Console>" changed cvar (cvar "sv_mincmdrate") (value "100")
L 07/10/2025 - 15:11:45: [basecommands.smx] "Console<0><Console><Console>" changed cvar (cvar "sv_maxcmdrate") (value "100")
L 07/10/2025 - 15:11:45: [basecommands.smx] "Console<0><Console><Console>" changed cvar (cvar "sv_client_min_interp_ratio") (value "-1")
L 07/10/2025 - 15:11:45: [basecommands.smx] "Console<0><Console><Console>" changed cvar (cvar "sv_client_max_interp_ratio") (value "0")
L 07/10/2025 - 15:11:45: [basecommands.smx] "Console<0><Console><Console>" changed cvar (cvar "nb_update_frequency") (value "0.014")
L 07/10/2025 - 15:11:45: [basecommands.smx] "Console<0><Console><Console>" changed cvar (cvar "net_splitpacket_maxrate") (value "50000")
L 07/10/2025 - 15:11:45: [basecommands.smx] "Console<0><Console><Console>" changed cvar (cvar "net_maxcleartime") (value "0.0001")
L 07/10/2025 - 15:11:45: [basecommands.smx] "Console<0><Console><Console>" changed cvar (cvar "fps_max") (value "0")
L 07/10/2025 - 15:11:45: [basecommands.smx] "Console<0><Console><Console>" changed cvar (cvar "tick_door_speed") (value "1.3")
L 07/10/2025 - 15:11:45: [basecommands.smx] "Console<0><Console><Console>" changed cvar (cvar "mv_maxplayers") (value "30")
L 07/10/2025 - 15:11:45: [basecommands.smx] "Console<0><Console><Console>" changed cvar (cvar "mp_autoteambalance") (value "0")
L 07/10/2025 - 15:11:45: [basecommands.smx] "Console<0><Console><Console>" changed cvar (cvar "sv_unlag_fixstuck") (value "1")
L 07/10/2025 - 15:11:45: [basecommands.smx] "Console<0><Console><Console>" changed cvar (cvar "z_brawl_chance") (value "0")
L 07/10/2025 - 15:11:45: [basecommands.smx] "Console<0><Console><Console>" changed cvar (cvar "sv_maxunlag") (value "1")
L 07/10/2025 - 15:11:45: [basecommands.smx] "Console<0><Console><Console>" changed cvar (cvar "sv_forcepreload") (value "1")
L 07/10/2025 - 15:11:45: [basecommands.smx] "Console<0><Console><Console>" changed cvar (cvar "sv_client_predict") (value "1")
L 07/10/2025 - 15:11:45: [basecommands.smx] "Console<0><Console><Console>" changed cvar (cvar "sv_client_cmdrate_difference") (value "0")
L 07/10/2025 - 15:11:45: [basecommands.smx] "Console<0><Console><Console>" changed cvar (cvar "sv_max_queries_sec_global") (value "10")
L 07/10/2025 - 15:11:45: [basecommands.smx] "Console<0><Console><Console>" changed cvar (cvar "sv_max_queries_sec") (value "3")
L 07/10/2025 - 15:11:45: [basecommands.smx] "Console<0><Console><Console>" changed cvar (cvar "sv_max_queries_window") (value "10")
L 07/10/2025 - 15:11:45: [basecommands.smx] "Console<0><Console><Console>" changed cvar (cvar "sv_player_stuck_tolerance") (value "5")
L 07/10/2025 - 15:11:45: [basecommands.smx] "Console<0><Console><Console>" changed cvar (cvar "sv_stats") (value "0")
L 07/10/2025 - 15:11:45: [basecommands.smx] "Console<0><Console><Console>" changed cvar (cvar "sv_clockcorrection_msecs") (value "25")
L 07/10/2025 - 15:11:45: [basecommands.smx] "Console<0><Console><Console>" changed cvar (cvar "survivor_max_incapacitated_count") (value "2")
L 07/10/2025 - 15:11:46: [optional/l4d2_saferoom_item_remove.smx] Removed 0 saferoom item(s) (start: 0; end: 0).
L 07/10/2025 - 20:02:24: SourceMod log file session started (file "/root/Steam/steamapps/common/L4D21/left4dead2/addons/sourcemod/logs/L20250710.log") (Version "1.12.0.7195")
L 07/10/2025 - 20:02:24: [fixes/firebulletsfix.smx] Found offset for Weapon_ShootPosition 286
L 07/10/2025 - 20:02:27: [basecommands.smx] "Console<0><Console><Console>" changed cvar (cvar "confogl_match_execcfg_plugins") (value "generalfixes.cfg;confogl_plugins.cfg;sharedplugins.cfg")
L 07/10/2025 - 20:02:27: [basecommands.smx] "Console<0><Console><Console>" changed cvar (cvar "l4d2_addons_eclipse") (value "0")
L 07/10/2025 - 20:02:27: [basecommands.smx] "Console<0><Console><Console>" changed cvar (cvar "sv_allow_wait_command") (value "0")
L 07/10/2025 - 20:02:27: [basecommands.smx] "Console<0><Console><Console>" changed cvar (cvar "sv_minrate") (value "100000")
L 07/10/2025 - 20:02:27: [basecommands.smx] "Console<0><Console><Console>" changed cvar (cvar "sv_maxrate") (value "100000")
L 07/10/2025 - 20:02:27: [basecommands.smx] "Console<0><Console><Console>" changed cvar (cvar "sv_minupdaterate") (value "100")
L 07/10/2025 - 20:02:27: [basecommands.smx] "Console<0><Console><Console>" changed cvar (cvar "sv_maxupdaterate") (value "100")
L 07/10/2025 - 20:02:27: [basecommands.smx] "Console<0><Console><Console>" changed cvar (cvar "sv_mincmdrate") (value "100")
L 07/10/2025 - 20:02:27: [basecommands.smx] "Console<0><Console><Console>" changed cvar (cvar "sv_maxcmdrate") (value "100")
L 07/10/2025 - 20:02:27: [basecommands.smx] "Console<0><Console><Console>" changed cvar (cvar "sv_client_min_interp_ratio") (value "-1")
L 07/10/2025 - 20:02:27: [basecommands.smx] "Console<0><Console><Console>" changed cvar (cvar "sv_client_max_interp_ratio") (value "0")
L 07/10/2025 - 20:02:27: [basecommands.smx] "Console<0><Console><Console>" changed cvar (cvar "nb_update_frequency") (value "0.014")
L 07/10/2025 - 20:02:27: [basecommands.smx] "Console<0><Console><Console>" changed cvar (cvar "net_splitpacket_maxrate") (value "50000")
L 07/10/2025 - 20:02:27: [basecommands.smx] "Console<0><Console><Console>" changed cvar (cvar "net_maxcleartime") (value "0.0001")
L 07/10/2025 - 20:02:27: [basecommands.smx] "Console<0><Console><Console>" changed cvar (cvar "fps_max") (value "0")
L 07/10/2025 - 20:02:27: [basecommands.smx] "Console<0><Console><Console>" changed cvar (cvar "tick_door_speed") (value "1.3")
L 07/10/2025 - 20:02:27: [basecommands.smx] "Console<0><Console><Console>" changed cvar (cvar "mv_maxplayers") (value "30")
L 07/10/2025 - 20:02:27: [basecommands.smx] "Console<0><Console><Console>" changed cvar (cvar "mp_autoteambalance") (value "0")
L 07/10/2025 - 20:02:27: [basecommands.smx] "Console<0><Console><Console>" changed cvar (cvar "sv_unlag_fixstuck") (value "1")
L 07/10/2025 - 20:02:27: [basecommands.smx] "Console<0><Console><Console>" changed cvar (cvar "z_brawl_chance") (value "0")
L 07/10/2025 - 20:02:27: [basecommands.smx] "Console<0><Console><Console>" changed cvar (cvar "sv_maxunlag") (value "1")
L 07/10/2025 - 20:02:27: [basecommands.smx] "Console<0><Console><Console>" changed cvar (cvar "sv_forcepreload") (value "1")
L 07/10/2025 - 20:02:27: [basecommands.smx] "Console<0><Console><Console>" changed cvar (cvar "sv_client_predict") (value "1")
L 07/10/2025 - 20:02:27: [basecommands.smx] "Console<0><Console><Console>" changed cvar (cvar "sv_client_cmdrate_difference") (value "0")
L 07/10/2025 - 20:02:27: [basecommands.smx] "Console<0><Console><Console>" changed cvar (cvar "sv_max_queries_sec_global") (value "10")
L 07/10/2025 - 20:02:27: [basecommands.smx] "Console<0><Console><Console>" changed cvar (cvar "sv_max_queries_sec") (value "3")
L 07/10/2025 - 20:02:27: [basecommands.smx] "Console<0><Console><Console>" changed cvar (cvar "sv_max_queries_window") (value "10")
L 07/10/2025 - 20:02:27: [basecommands.smx] "Console<0><Console><Console>" changed cvar (cvar "sv_player_stuck_tolerance") (value "5")
L 07/10/2025 - 20:02:27: [basecommands.smx] "Console<0><Console><Console>" changed cvar (cvar "sv_stats") (value "0")
L 07/10/2025 - 20:02:27: [basecommands.smx] "Console<0><Console><Console>" changed cvar (cvar "sv_clockcorrection_msecs") (value "25")
L 07/10/2025 - 20:02:27: [basecommands.smx] "Console<0><Console><Console>" changed cvar (cvar "survivor_max_incapacitated_count") (value "2")
L 07/10/2025 - 20:02:27: [fixes/firebulletsfix.smx] Found offset for Weapon_ShootPosition 286
L 07/10/2025 - 20:02:28: [optional/l4d2_item_hint.smx] 
==========
Warning: You should install "[L4D & L4D2] Use Priority Patch" to fix attached models blocking +USE action (item hint): https://forums.alliedmods.net/showthread.php?t=327511
==========

L 07/10/2025 - 20:02:28: [GEOIP] GeoIP2 database loaded: GeoLite2-Country (2023-12-22 14:46:10 UTC) (/root/Steam/steamapps/common/L4D21/left4dead2/addons/sourcemod/configs/geoip/GeoLite2-Country.mmdb)
L 07/10/2025 - 20:02:28: [GEOIP] GeoIP2 supported languages: de en es fr ja pt-BR ru zh-CN
L 07/10/2025 - 20:02:28: [GEOIP] Your database is older than 90 days. You should consider downloading a newer version from e.g. https://dev.maxmind.com/geoip/geolite2-free-geolocation-data
L 07/10/2025 - 20:02:31: -------- Mapchange to c2m1_highway --------
L 07/10/2025 - 20:02:33: [basecommands.smx] "Console<0><Console><Console>" changed cvar (cvar "confogl_match_execcfg_plugins") (value "generalfixes.cfg;confogl_plugins.cfg;sharedplugins.cfg")
L 07/10/2025 - 20:02:33: [basecommands.smx] "Console<0><Console><Console>" changed cvar (cvar "l4d2_addons_eclipse") (value "0")
L 07/10/2025 - 20:02:33: [basecommands.smx] "Console<0><Console><Console>" changed cvar (cvar "sv_allow_wait_command") (value "0")
L 07/10/2025 - 20:02:33: [basecommands.smx] "Console<0><Console><Console>" changed cvar (cvar "sv_minrate") (value "100000")
L 07/10/2025 - 20:02:33: [basecommands.smx] "Console<0><Console><Console>" changed cvar (cvar "sv_maxrate") (value "100000")
L 07/10/2025 - 20:02:33: [basecommands.smx] "Console<0><Console><Console>" changed cvar (cvar "sv_minupdaterate") (value "100")
L 07/10/2025 - 20:02:33: [basecommands.smx] "Console<0><Console><Console>" changed cvar (cvar "sv_maxupdaterate") (value "100")
L 07/10/2025 - 20:02:33: [basecommands.smx] "Console<0><Console><Console>" changed cvar (cvar "sv_mincmdrate") (value "100")
L 07/10/2025 - 20:02:33: [basecommands.smx] "Console<0><Console><Console>" changed cvar (cvar "sv_maxcmdrate") (value "100")
L 07/10/2025 - 20:02:33: [basecommands.smx] "Console<0><Console><Console>" changed cvar (cvar "sv_client_min_interp_ratio") (value "-1")
L 07/10/2025 - 20:02:33: [basecommands.smx] "Console<0><Console><Console>" changed cvar (cvar "sv_client_max_interp_ratio") (value "0")
L 07/10/2025 - 20:02:33: [basecommands.smx] "Console<0><Console><Console>" changed cvar (cvar "nb_update_frequency") (value "0.014")
L 07/10/2025 - 20:02:33: [basecommands.smx] "Console<0><Console><Console>" changed cvar (cvar "net_splitpacket_maxrate") (value "50000")
L 07/10/2025 - 20:02:33: [basecommands.smx] "Console<0><Console><Console>" changed cvar (cvar "net_maxcleartime") (value "0.0001")
L 07/10/2025 - 20:02:33: [basecommands.smx] "Console<0><Console><Console>" changed cvar (cvar "fps_max") (value "0")
L 07/10/2025 - 20:02:33: [basecommands.smx] "Console<0><Console><Console>" changed cvar (cvar "tick_door_speed") (value "1.3")
L 07/10/2025 - 20:02:33: [basecommands.smx] "Console<0><Console><Console>" changed cvar (cvar "mv_maxplayers") (value "30")
L 07/10/2025 - 20:02:33: [basecommands.smx] "Console<0><Console><Console>" changed cvar (cvar "mp_autoteambalance") (value "0")
L 07/10/2025 - 20:02:33: [basecommands.smx] "Console<0><Console><Console>" changed cvar (cvar "sv_unlag_fixstuck") (value "1")
L 07/10/2025 - 20:02:33: [basecommands.smx] "Console<0><Console><Console>" changed cvar (cvar "z_brawl_chance") (value "0")
L 07/10/2025 - 20:02:33: [basecommands.smx] "Console<0><Console><Console>" changed cvar (cvar "sv_maxunlag") (value "1")
L 07/10/2025 - 20:02:33: [basecommands.smx] "Console<0><Console><Console>" changed cvar (cvar "sv_forcepreload") (value "1")
L 07/10/2025 - 20:02:33: [basecommands.smx] "Console<0><Console><Console>" changed cvar (cvar "sv_client_predict") (value "1")
L 07/10/2025 - 20:02:33: [basecommands.smx] "Console<0><Console><Console>" changed cvar (cvar "sv_client_cmdrate_difference") (value "0")
L 07/10/2025 - 20:02:33: [basecommands.smx] "Console<0><Console><Console>" changed cvar (cvar "sv_max_queries_sec_global") (value "10")
L 07/10/2025 - 20:02:33: [basecommands.smx] "Console<0><Console><Console>" changed cvar (cvar "sv_max_queries_sec") (value "3")
L 07/10/2025 - 20:02:33: [basecommands.smx] "Console<0><Console><Console>" changed cvar (cvar "sv_max_queries_window") (value "10")
L 07/10/2025 - 20:02:33: [basecommands.smx] "Console<0><Console><Console>" changed cvar (cvar "sv_player_stuck_tolerance") (value "5")
L 07/10/2025 - 20:02:33: [basecommands.smx] "Console<0><Console><Console>" changed cvar (cvar "sv_stats") (value "0")
L 07/10/2025 - 20:02:33: [basecommands.smx] "Console<0><Console><Console>" changed cvar (cvar "sv_clockcorrection_msecs") (value "25")
L 07/10/2025 - 20:02:33: [basecommands.smx] "Console<0><Console><Console>" changed cvar (cvar "survivor_max_incapacitated_count") (value "2")
L 07/10/2025 - 20:02:34: [optional/l4d2_saferoom_item_remove.smx] Removed 0 saferoom item(s) (start: 0; end: 0).
L 07/10/2025 - 20:48:01: [fixes/firebulletsfix.smx] Found offset for Weapon_ShootPosition 286
L 07/10/2025 - 20:48:01: [confoglcompmod.smx] [PasswordSystem] Set password on Kobe Bryant, password 
L 07/10/2025 - 20:48:01: [confoglcompmod.smx] [PasswordSystem] Set password on 不会玩の苍蝇X﹏X, password 
L 07/10/2025 - 20:48:01: [optional/l4d2_item_hint.smx] 
==========
Warning: You should install "[L4D & L4D2] Use Priority Patch" to fix attached models blocking +USE action (item hint): https://forums.alliedmods.net/showthread.php?t=327511
==========

L 07/10/2025 - 20:48:01: [basecommands.smx] "Console<0><Console><Console>" changed cvar (cvar "survivor_max_incapacitated_count") (value "2")
L 07/10/2025 - 20:48:05: -------- Mapchange to c2m1_highway --------
L 07/10/2025 - 20:48:06: [basecommands.smx] "Console<0><Console><Console>" changed cvar (cvar "confogl_match_execcfg_plugins") (value "generalfixes.cfg;confogl_plugins.cfg;sharedplugins.cfg")
L 07/10/2025 - 20:48:06: [basecommands.smx] "Console<0><Console><Console>" changed cvar (cvar "l4d2_addons_eclipse") (value "0")
L 07/10/2025 - 20:48:06: [basecommands.smx] "Console<0><Console><Console>" changed cvar (cvar "sv_allow_wait_command") (value "0")
L 07/10/2025 - 20:48:06: [basecommands.smx] "Console<0><Console><Console>" changed cvar (cvar "sv_minrate") (value "100000")
L 07/10/2025 - 20:48:06: [basecommands.smx] "Console<0><Console><Console>" changed cvar (cvar "sv_maxrate") (value "100000")
L 07/10/2025 - 20:48:06: [basecommands.smx] "Console<0><Console><Console>" changed cvar (cvar "sv_minupdaterate") (value "100")
L 07/10/2025 - 20:48:06: [basecommands.smx] "Console<0><Console><Console>" changed cvar (cvar "sv_maxupdaterate") (value "100")
L 07/10/2025 - 20:48:06: [basecommands.smx] "Console<0><Console><Console>" changed cvar (cvar "sv_mincmdrate") (value "100")
L 07/10/2025 - 20:48:06: [basecommands.smx] "Console<0><Console><Console>" changed cvar (cvar "sv_maxcmdrate") (value "100")
L 07/10/2025 - 20:48:06: [basecommands.smx] "Console<0><Console><Console>" changed cvar (cvar "sv_client_min_interp_ratio") (value "-1")
L 07/10/2025 - 20:48:06: [basecommands.smx] "Console<0><Console><Console>" changed cvar (cvar "sv_client_max_interp_ratio") (value "0")
L 07/10/2025 - 20:48:06: [basecommands.smx] "Console<0><Console><Console>" changed cvar (cvar "nb_update_frequency") (value "0.014")
L 07/10/2025 - 20:48:06: [basecommands.smx] "Console<0><Console><Console>" changed cvar (cvar "net_splitpacket_maxrate") (value "50000")
L 07/10/2025 - 20:48:06: [basecommands.smx] "Console<0><Console><Console>" changed cvar (cvar "net_maxcleartime") (value "0.0001")
L 07/10/2025 - 20:48:06: [basecommands.smx] "Console<0><Console><Console>" changed cvar (cvar "fps_max") (value "0")
L 07/10/2025 - 20:48:06: [basecommands.smx] "Console<0><Console><Console>" changed cvar (cvar "tick_door_speed") (value "1.3")
L 07/10/2025 - 20:48:06: [basecommands.smx] "Console<0><Console><Console>" changed cvar (cvar "mv_maxplayers") (value "30")
L 07/10/2025 - 20:48:06: [basecommands.smx] "Console<0><Console><Console>" changed cvar (cvar "mp_autoteambalance") (value "0")
L 07/10/2025 - 20:48:06: [basecommands.smx] "Console<0><Console><Console>" changed cvar (cvar "sv_unlag_fixstuck") (value "1")
L 07/10/2025 - 20:48:06: [basecommands.smx] "Console<0><Console><Console>" changed cvar (cvar "z_brawl_chance") (value "0")
L 07/10/2025 - 20:48:06: [basecommands.smx] "Console<0><Console><Console>" changed cvar (cvar "sv_maxunlag") (value "1")
L 07/10/2025 - 20:48:06: [basecommands.smx] "Console<0><Console><Console>" changed cvar (cvar "sv_forcepreload") (value "1")
L 07/10/2025 - 20:48:06: [basecommands.smx] "Console<0><Console><Console>" changed cvar (cvar "sv_client_predict") (value "1")
L 07/10/2025 - 20:48:06: [basecommands.smx] "Console<0><Console><Console>" changed cvar (cvar "sv_client_cmdrate_difference") (value "0")
L 07/10/2025 - 20:48:06: [basecommands.smx] "Console<0><Console><Console>" changed cvar (cvar "sv_max_queries_sec_global") (value "10")
L 07/10/2025 - 20:48:06: [basecommands.smx] "Console<0><Console><Console>" changed cvar (cvar "sv_max_queries_sec") (value "3")
L 07/10/2025 - 20:48:06: [basecommands.smx] "Console<0><Console><Console>" changed cvar (cvar "sv_max_queries_window") (value "10")
L 07/10/2025 - 20:48:06: [basecommands.smx] "Console<0><Console><Console>" changed cvar (cvar "sv_player_stuck_tolerance") (value "5")
L 07/10/2025 - 20:48:06: [basecommands.smx] "Console<0><Console><Console>" changed cvar (cvar "sv_stats") (value "0")
L 07/10/2025 - 20:48:06: [basecommands.smx] "Console<0><Console><Console>" changed cvar (cvar "sv_clockcorrection_msecs") (value "25")
L 07/10/2025 - 20:48:06: [basecommands.smx] "Console<0><Console><Console>" changed cvar (cvar "survivor_max_incapacitated_count") (value "2")
L 07/10/2025 - 20:48:07: [optional/l4d2_saferoom_item_remove.smx] Removed 0 saferoom item(s) (start: 0; end: 0).
L 07/10/2025 - 20:52:03: [optional/l4d2_saferoom_item_remove.smx] Removed 0 saferoom item(s) (start: 0; end: 0).
L 07/10/2025 - 20:54:50: -------- Mapchange to c2m2_fairgrounds --------
L 07/10/2025 - 20:54:51: [basecommands.smx] "Console<0><Console><Console>" changed cvar (cvar "confogl_match_execcfg_plugins") (value "generalfixes.cfg;confogl_plugins.cfg;sharedplugins.cfg")
L 07/10/2025 - 20:54:51: [basecommands.smx] "Console<0><Console><Console>" changed cvar (cvar "l4d2_addons_eclipse") (value "0")
L 07/10/2025 - 20:54:51: [basecommands.smx] "Console<0><Console><Console>" changed cvar (cvar "sv_allow_wait_command") (value "0")
L 07/10/2025 - 20:54:51: [basecommands.smx] "Console<0><Console><Console>" changed cvar (cvar "sv_minrate") (value "100000")
L 07/10/2025 - 20:54:51: [basecommands.smx] "Console<0><Console><Console>" changed cvar (cvar "sv_maxrate") (value "100000")
L 07/10/2025 - 20:54:51: [basecommands.smx] "Console<0><Console><Console>" changed cvar (cvar "sv_minupdaterate") (value "100")
L 07/10/2025 - 20:54:51: [basecommands.smx] "Console<0><Console><Console>" changed cvar (cvar "sv_maxupdaterate") (value "100")
L 07/10/2025 - 20:54:51: [basecommands.smx] "Console<0><Console><Console>" changed cvar (cvar "sv_mincmdrate") (value "100")
L 07/10/2025 - 20:54:51: [basecommands.smx] "Console<0><Console><Console>" changed cvar (cvar "sv_maxcmdrate") (value "100")
L 07/10/2025 - 20:54:51: [basecommands.smx] "Console<0><Console><Console>" changed cvar (cvar "sv_client_min_interp_ratio") (value "-1")
L 07/10/2025 - 20:54:51: [basecommands.smx] "Console<0><Console><Console>" changed cvar (cvar "sv_client_max_interp_ratio") (value "0")
L 07/10/2025 - 20:54:51: [basecommands.smx] "Console<0><Console><Console>" changed cvar (cvar "nb_update_frequency") (value "0.014")
L 07/10/2025 - 20:54:51: [basecommands.smx] "Console<0><Console><Console>" changed cvar (cvar "net_splitpacket_maxrate") (value "50000")
L 07/10/2025 - 20:54:51: [basecommands.smx] "Console<0><Console><Console>" changed cvar (cvar "net_maxcleartime") (value "0.0001")
L 07/10/2025 - 20:54:51: [basecommands.smx] "Console<0><Console><Console>" changed cvar (cvar "fps_max") (value "0")
L 07/10/2025 - 20:54:51: [basecommands.smx] "Console<0><Console><Console>" changed cvar (cvar "tick_door_speed") (value "1.3")
L 07/10/2025 - 20:54:51: [basecommands.smx] "Console<0><Console><Console>" changed cvar (cvar "mv_maxplayers") (value "30")
L 07/10/2025 - 20:54:51: [basecommands.smx] "Console<0><Console><Console>" changed cvar (cvar "mp_autoteambalance") (value "0")
L 07/10/2025 - 20:54:51: [basecommands.smx] "Console<0><Console><Console>" changed cvar (cvar "sv_unlag_fixstuck") (value "1")
L 07/10/2025 - 20:54:51: [basecommands.smx] "Console<0><Console><Console>" changed cvar (cvar "z_brawl_chance") (value "0")
L 07/10/2025 - 20:54:51: [basecommands.smx] "Console<0><Console><Console>" changed cvar (cvar "sv_maxunlag") (value "1")
L 07/10/2025 - 20:54:51: [basecommands.smx] "Console<0><Console><Console>" changed cvar (cvar "sv_forcepreload") (value "1")
L 07/10/2025 - 20:54:51: [basecommands.smx] "Console<0><Console><Console>" changed cvar (cvar "sv_client_predict") (value "1")
L 07/10/2025 - 20:54:51: [basecommands.smx] "Console<0><Console><Console>" changed cvar (cvar "sv_client_cmdrate_difference") (value "0")
L 07/10/2025 - 20:54:51: [basecommands.smx] "Console<0><Console><Console>" changed cvar (cvar "sv_max_queries_sec_global") (value "10")
L 07/10/2025 - 20:54:51: [basecommands.smx] "Console<0><Console><Console>" changed cvar (cvar "sv_max_queries_sec") (value "3")
L 07/10/2025 - 20:54:51: [basecommands.smx] "Console<0><Console><Console>" changed cvar (cvar "sv_max_queries_window") (value "10")
L 07/10/2025 - 20:54:51: [basecommands.smx] "Console<0><Console><Console>" changed cvar (cvar "sv_player_stuck_tolerance") (value "5")
L 07/10/2025 - 20:54:51: [basecommands.smx] "Console<0><Console><Console>" changed cvar (cvar "sv_stats") (value "0")
L 07/10/2025 - 20:54:51: [basecommands.smx] "Console<0><Console><Console>" changed cvar (cvar "sv_clockcorrection_msecs") (value "25")
L 07/10/2025 - 20:54:51: [basecommands.smx] "Console<0><Console><Console>" changed cvar (cvar "survivor_max_incapacitated_count") (value "2")
L 07/10/2025 - 20:54:52: [optional/l4d2_saferoom_item_remove.smx] Removed 0 saferoom item(s) (start: 0; end: 0).
L 07/10/2025 - 20:59:09: [optional/l4d2_saferoom_item_remove.smx] Removed 0 saferoom item(s) (start: 0; end: 0).
L 07/10/2025 - 21:01:43: -------- Mapchange to c2m3_coaster --------
L 07/10/2025 - 21:01:44: [basecommands.smx] "Console<0><Console><Console>" changed cvar (cvar "confogl_match_execcfg_plugins") (value "generalfixes.cfg;confogl_plugins.cfg;sharedplugins.cfg")
L 07/10/2025 - 21:01:44: [basecommands.smx] "Console<0><Console><Console>" changed cvar (cvar "l4d2_addons_eclipse") (value "0")
L 07/10/2025 - 21:01:44: [basecommands.smx] "Console<0><Console><Console>" changed cvar (cvar "sv_allow_wait_command") (value "0")
L 07/10/2025 - 21:01:44: [basecommands.smx] "Console<0><Console><Console>" changed cvar (cvar "sv_minrate") (value "100000")
L 07/10/2025 - 21:01:44: [basecommands.smx] "Console<0><Console><Console>" changed cvar (cvar "sv_maxrate") (value "100000")
L 07/10/2025 - 21:01:44: [basecommands.smx] "Console<0><Console><Console>" changed cvar (cvar "sv_minupdaterate") (value "100")
L 07/10/2025 - 21:01:44: [basecommands.smx] "Console<0><Console><Console>" changed cvar (cvar "sv_maxupdaterate") (value "100")
L 07/10/2025 - 21:01:44: [basecommands.smx] "Console<0><Console><Console>" changed cvar (cvar "sv_mincmdrate") (value "100")
L 07/10/2025 - 21:01:44: [basecommands.smx] "Console<0><Console><Console>" changed cvar (cvar "sv_maxcmdrate") (value "100")
L 07/10/2025 - 21:01:44: [basecommands.smx] "Console<0><Console><Console>" changed cvar (cvar "sv_client_min_interp_ratio") (value "-1")
L 07/10/2025 - 21:01:44: [basecommands.smx] "Console<0><Console><Console>" changed cvar (cvar "sv_client_max_interp_ratio") (value "0")
L 07/10/2025 - 21:01:44: [basecommands.smx] "Console<0><Console><Console>" changed cvar (cvar "nb_update_frequency") (value "0.014")
L 07/10/2025 - 21:01:44: [basecommands.smx] "Console<0><Console><Console>" changed cvar (cvar "net_splitpacket_maxrate") (value "50000")
L 07/10/2025 - 21:01:44: [basecommands.smx] "Console<0><Console><Console>" changed cvar (cvar "net_maxcleartime") (value "0.0001")
L 07/10/2025 - 21:01:44: [basecommands.smx] "Console<0><Console><Console>" changed cvar (cvar "fps_max") (value "0")
L 07/10/2025 - 21:01:44: [basecommands.smx] "Console<0><Console><Console>" changed cvar (cvar "tick_door_speed") (value "1.3")
L 07/10/2025 - 21:01:44: [basecommands.smx] "Console<0><Console><Console>" changed cvar (cvar "mv_maxplayers") (value "30")
L 07/10/2025 - 21:01:44: [basecommands.smx] "Console<0><Console><Console>" changed cvar (cvar "mp_autoteambalance") (value "0")
L 07/10/2025 - 21:01:44: [basecommands.smx] "Console<0><Console><Console>" changed cvar (cvar "sv_unlag_fixstuck") (value "1")
L 07/10/2025 - 21:01:44: [basecommands.smx] "Console<0><Console><Console>" changed cvar (cvar "z_brawl_chance") (value "0")
L 07/10/2025 - 21:01:44: [basecommands.smx] "Console<0><Console><Console>" changed cvar (cvar "sv_maxunlag") (value "1")
L 07/10/2025 - 21:01:44: [basecommands.smx] "Console<0><Console><Console>" changed cvar (cvar "sv_forcepreload") (value "1")
L 07/10/2025 - 21:01:44: [basecommands.smx] "Console<0><Console><Console>" changed cvar (cvar "sv_client_predict") (value "1")
L 07/10/2025 - 21:01:44: [basecommands.smx] "Console<0><Console><Console>" changed cvar (cvar "sv_client_cmdrate_difference") (value "0")
L 07/10/2025 - 21:01:44: [basecommands.smx] "Console<0><Console><Console>" changed cvar (cvar "sv_max_queries_sec_global") (value "10")
L 07/10/2025 - 21:01:44: [basecommands.smx] "Console<0><Console><Console>" changed cvar (cvar "sv_max_queries_sec") (value "3")
L 07/10/2025 - 21:01:44: [basecommands.smx] "Console<0><Console><Console>" changed cvar (cvar "sv_max_queries_window") (value "10")
L 07/10/2025 - 21:01:44: [basecommands.smx] "Console<0><Console><Console>" changed cvar (cvar "sv_player_stuck_tolerance") (value "5")
L 07/10/2025 - 21:01:44: [basecommands.smx] "Console<0><Console><Console>" changed cvar (cvar "sv_stats") (value "0")
L 07/10/2025 - 21:01:44: [basecommands.smx] "Console<0><Console><Console>" changed cvar (cvar "sv_clockcorrection_msecs") (value "25")
L 07/10/2025 - 21:01:44: [basecommands.smx] "Console<0><Console><Console>" changed cvar (cvar "survivor_max_incapacitated_count") (value "2")
L 07/10/2025 - 21:01:45: [optional/l4d2_saferoom_item_remove.smx] Removed 0 saferoom item(s) (start: 0; end: 0).
L 07/10/2025 - 21:05:16: [optional/l4d2_saferoom_item_remove.smx] Removed 0 saferoom item(s) (start: 0; end: 0).
L 07/10/2025 - 21:06:37: [playercommands.smx] "Kobe Bryant<2><STEAM_1:1:801237070><>" slapped "不会玩の苍蝇X﹏X<3><STEAM_1:0:809674315><>" (damage "0")
L 07/10/2025 - 21:06:55: [playercommands.smx] "Kobe Bryant<2><STEAM_1:1:801237070><>" slapped "不会玩の苍蝇X﹏X<3><STEAM_1:0:809674315><>" (damage "0")
L 07/10/2025 - 21:07:09: [playercommands.smx] "Kobe Bryant<2><STEAM_1:1:801237070><>" slapped "不会玩の苍蝇X﹏X<3><STEAM_1:0:809674315><>" (damage "0")
L 07/10/2025 - 21:07:43: [playercommands.smx] "Kobe Bryant<2><STEAM_1:1:801237070><>" slapped "不会玩の苍蝇X﹏X<3><STEAM_1:0:809674315><>" (damage "0")
L 07/10/2025 - 21:07:46: [playercommands.smx] "Kobe Bryant<2><STEAM_1:1:801237070><>" slapped "Kobe Bryant<2><STEAM_1:1:801237070><>" (damage "0")
L 07/10/2025 - 21:07:47: [playercommands.smx] "Kobe Bryant<2><STEAM_1:1:801237070><>" slapped "不会玩の苍蝇X﹏X<3><STEAM_1:0:809674315><>" (damage "0")
L 07/10/2025 - 21:08:00: [playercommands.smx] "Kobe Bryant<2><STEAM_1:1:801237070><>" slapped "Kobe Bryant<2><STEAM_1:1:801237070><>" (damage "0")
L 07/10/2025 - 21:08:39: -------- Mapchange to c2m4_barns --------
L 07/10/2025 - 21:08:40: [basecommands.smx] "Console<0><Console><Console>" changed cvar (cvar "confogl_match_execcfg_plugins") (value "generalfixes.cfg;confogl_plugins.cfg;sharedplugins.cfg")
L 07/10/2025 - 21:08:40: [basecommands.smx] "Console<0><Console><Console>" changed cvar (cvar "l4d2_addons_eclipse") (value "0")
L 07/10/2025 - 21:08:40: [basecommands.smx] "Console<0><Console><Console>" changed cvar (cvar "sv_allow_wait_command") (value "0")
L 07/10/2025 - 21:08:40: [basecommands.smx] "Console<0><Console><Console>" changed cvar (cvar "sv_minrate") (value "100000")
L 07/10/2025 - 21:08:40: [basecommands.smx] "Console<0><Console><Console>" changed cvar (cvar "sv_maxrate") (value "100000")
L 07/10/2025 - 21:08:40: [basecommands.smx] "Console<0><Console><Console>" changed cvar (cvar "sv_minupdaterate") (value "100")
L 07/10/2025 - 21:08:40: [basecommands.smx] "Console<0><Console><Console>" changed cvar (cvar "sv_maxupdaterate") (value "100")
L 07/10/2025 - 21:08:40: [basecommands.smx] "Console<0><Console><Console>" changed cvar (cvar "sv_mincmdrate") (value "100")
L 07/10/2025 - 21:08:40: [basecommands.smx] "Console<0><Console><Console>" changed cvar (cvar "sv_maxcmdrate") (value "100")
L 07/10/2025 - 21:08:40: [basecommands.smx] "Console<0><Console><Console>" changed cvar (cvar "sv_client_min_interp_ratio") (value "-1")
L 07/10/2025 - 21:08:40: [basecommands.smx] "Console<0><Console><Console>" changed cvar (cvar "sv_client_max_interp_ratio") (value "0")
L 07/10/2025 - 21:08:40: [basecommands.smx] "Console<0><Console><Console>" changed cvar (cvar "nb_update_frequency") (value "0.014")
L 07/10/2025 - 21:08:40: [basecommands.smx] "Console<0><Console><Console>" changed cvar (cvar "net_splitpacket_maxrate") (value "50000")
L 07/10/2025 - 21:08:40: [basecommands.smx] "Console<0><Console><Console>" changed cvar (cvar "net_maxcleartime") (value "0.0001")
L 07/10/2025 - 21:08:40: [basecommands.smx] "Console<0><Console><Console>" changed cvar (cvar "fps_max") (value "0")
L 07/10/2025 - 21:08:40: [basecommands.smx] "Console<0><Console><Console>" changed cvar (cvar "tick_door_speed") (value "1.3")
L 07/10/2025 - 21:08:40: [basecommands.smx] "Console<0><Console><Console>" changed cvar (cvar "mv_maxplayers") (value "30")
L 07/10/2025 - 21:08:40: [basecommands.smx] "Console<0><Console><Console>" changed cvar (cvar "mp_autoteambalance") (value "0")
L 07/10/2025 - 21:08:40: [basecommands.smx] "Console<0><Console><Console>" changed cvar (cvar "sv_unlag_fixstuck") (value "1")
L 07/10/2025 - 21:08:40: [basecommands.smx] "Console<0><Console><Console>" changed cvar (cvar "z_brawl_chance") (value "0")
L 07/10/2025 - 21:08:40: [basecommands.smx] "Console<0><Console><Console>" changed cvar (cvar "sv_maxunlag") (value "1")
L 07/10/2025 - 21:08:40: [basecommands.smx] "Console<0><Console><Console>" changed cvar (cvar "sv_forcepreload") (value "1")
L 07/10/2025 - 21:08:40: [basecommands.smx] "Console<0><Console><Console>" changed cvar (cvar "sv_client_predict") (value "1")
L 07/10/2025 - 21:08:40: [basecommands.smx] "Console<0><Console><Console>" changed cvar (cvar "sv_client_cmdrate_difference") (value "0")
L 07/10/2025 - 21:08:40: [basecommands.smx] "Console<0><Console><Console>" changed cvar (cvar "sv_max_queries_sec_global") (value "10")
L 07/10/2025 - 21:08:40: [basecommands.smx] "Console<0><Console><Console>" changed cvar (cvar "sv_max_queries_sec") (value "3")
L 07/10/2025 - 21:08:40: [basecommands.smx] "Console<0><Console><Console>" changed cvar (cvar "sv_max_queries_window") (value "10")
L 07/10/2025 - 21:08:40: [basecommands.smx] "Console<0><Console><Console>" changed cvar (cvar "sv_player_stuck_tolerance") (value "5")
L 07/10/2025 - 21:08:40: [basecommands.smx] "Console<0><Console><Console>" changed cvar (cvar "sv_stats") (value "0")
L 07/10/2025 - 21:08:40: [basecommands.smx] "Console<0><Console><Console>" changed cvar (cvar "sv_clockcorrection_msecs") (value "25")
L 07/10/2025 - 21:08:40: [basecommands.smx] "Console<0><Console><Console>" changed cvar (cvar "survivor_max_incapacitated_count") (value "2")
L 07/10/2025 - 21:08:41: [optional/l4d2_saferoom_item_remove.smx] Removed 0 saferoom item(s) (start: 0; end: 0).
L 07/10/2025 - 21:12:57: [optional/l4d2_saferoom_item_remove.smx] Removed 0 saferoom item(s) (start: 0; end: 0).
L 07/10/2025 - 21:15:44: -------- Mapchange to c2m5_concert --------
L 07/10/2025 - 21:15:45: [basecommands.smx] "Console<0><Console><Console>" changed cvar (cvar "confogl_match_execcfg_plugins") (value "generalfixes.cfg;confogl_plugins.cfg;sharedplugins.cfg")
L 07/10/2025 - 21:15:45: [basecommands.smx] "Console<0><Console><Console>" changed cvar (cvar "l4d2_addons_eclipse") (value "0")
L 07/10/2025 - 21:15:45: [basecommands.smx] "Console<0><Console><Console>" changed cvar (cvar "sv_allow_wait_command") (value "0")
L 07/10/2025 - 21:15:45: [basecommands.smx] "Console<0><Console><Console>" changed cvar (cvar "sv_minrate") (value "100000")
L 07/10/2025 - 21:15:45: [basecommands.smx] "Console<0><Console><Console>" changed cvar (cvar "sv_maxrate") (value "100000")
L 07/10/2025 - 21:15:45: [basecommands.smx] "Console<0><Console><Console>" changed cvar (cvar "sv_minupdaterate") (value "100")
L 07/10/2025 - 21:15:45: [basecommands.smx] "Console<0><Console><Console>" changed cvar (cvar "sv_maxupdaterate") (value "100")
L 07/10/2025 - 21:15:45: [basecommands.smx] "Console<0><Console><Console>" changed cvar (cvar "sv_mincmdrate") (value "100")
L 07/10/2025 - 21:15:45: [basecommands.smx] "Console<0><Console><Console>" changed cvar (cvar "sv_maxcmdrate") (value "100")
L 07/10/2025 - 21:15:45: [basecommands.smx] "Console<0><Console><Console>" changed cvar (cvar "sv_client_min_interp_ratio") (value "-1")
L 07/10/2025 - 21:15:45: [basecommands.smx] "Console<0><Console><Console>" changed cvar (cvar "sv_client_max_interp_ratio") (value "0")
L 07/10/2025 - 21:15:45: [basecommands.smx] "Console<0><Console><Console>" changed cvar (cvar "nb_update_frequency") (value "0.014")
L 07/10/2025 - 21:15:45: [basecommands.smx] "Console<0><Console><Console>" changed cvar (cvar "net_splitpacket_maxrate") (value "50000")
L 07/10/2025 - 21:15:45: [basecommands.smx] "Console<0><Console><Console>" changed cvar (cvar "net_maxcleartime") (value "0.0001")
L 07/10/2025 - 21:15:45: [basecommands.smx] "Console<0><Console><Console>" changed cvar (cvar "fps_max") (value "0")
L 07/10/2025 - 21:15:45: [basecommands.smx] "Console<0><Console><Console>" changed cvar (cvar "tick_door_speed") (value "1.3")
L 07/10/2025 - 21:15:45: [basecommands.smx] "Console<0><Console><Console>" changed cvar (cvar "mv_maxplayers") (value "30")
L 07/10/2025 - 21:15:45: [basecommands.smx] "Console<0><Console><Console>" changed cvar (cvar "mp_autoteambalance") (value "0")
L 07/10/2025 - 21:15:45: [basecommands.smx] "Console<0><Console><Console>" changed cvar (cvar "sv_unlag_fixstuck") (value "1")
L 07/10/2025 - 21:15:45: [basecommands.smx] "Console<0><Console><Console>" changed cvar (cvar "z_brawl_chance") (value "0")
L 07/10/2025 - 21:15:45: [basecommands.smx] "Console<0><Console><Console>" changed cvar (cvar "sv_maxunlag") (value "1")
L 07/10/2025 - 21:15:45: [basecommands.smx] "Console<0><Console><Console>" changed cvar (cvar "sv_forcepreload") (value "1")
L 07/10/2025 - 21:15:45: [basecommands.smx] "Console<0><Console><Console>" changed cvar (cvar "sv_client_predict") (value "1")
L 07/10/2025 - 21:15:45: [basecommands.smx] "Console<0><Console><Console>" changed cvar (cvar "sv_client_cmdrate_difference") (value "0")
L 07/10/2025 - 21:15:45: [basecommands.smx] "Console<0><Console><Console>" changed cvar (cvar "sv_max_queries_sec_global") (value "10")
L 07/10/2025 - 21:15:45: [basecommands.smx] "Console<0><Console><Console>" changed cvar (cvar "sv_max_queries_sec") (value "3")
L 07/10/2025 - 21:15:45: [basecommands.smx] "Console<0><Console><Console>" changed cvar (cvar "sv_max_queries_window") (value "10")
L 07/10/2025 - 21:15:45: [basecommands.smx] "Console<0><Console><Console>" changed cvar (cvar "sv_player_stuck_tolerance") (value "5")
L 07/10/2025 - 21:15:45: [basecommands.smx] "Console<0><Console><Console>" changed cvar (cvar "sv_stats") (value "0")
L 07/10/2025 - 21:15:45: [basecommands.smx] "Console<0><Console><Console>" changed cvar (cvar "sv_clockcorrection_msecs") (value "25")
L 07/10/2025 - 21:15:45: [basecommands.smx] "Console<0><Console><Console>" changed cvar (cvar "survivor_max_incapacitated_count") (value "2")
L 07/10/2025 - 21:15:47: [optional/l4d2_saferoom_item_remove.smx] Removed 0 saferoom item(s) (start: 0; end: 0).
L 07/10/2025 - 21:21:18: [optional/l4d2_saferoom_item_remove.smx] Removed 0 saferoom item(s) (start: 0; end: 0).
L 07/10/2025 - 21:22:36: [playercommands.smx] "Kobe Bryant<2><STEAM_1:1:801237070><>" slapped "Kobe Bryant<2><STEAM_1:1:801237070><>" (damage "0")
L 07/10/2025 - 21:22:37: [playercommands.smx] "Kobe Bryant<2><STEAM_1:1:801237070><>" slapped "不会玩の苍蝇X﹏X<3><STEAM_1:0:809674315><>" (damage "0")
L 07/10/2025 - 21:22:45: [playercommands.smx] "Kobe Bryant<2><STEAM_1:1:801237070><>" slapped "Kobe Bryant<2><STEAM_1:1:801237070><>" (damage "0")
L 07/10/2025 - 21:22:45: [playercommands.smx] "Kobe Bryant<2><STEAM_1:1:801237070><>" slapped "Kobe Bryant<2><STEAM_1:1:801237070><>" (damage "0")
L 07/10/2025 - 21:22:45: [playercommands.smx] "Kobe Bryant<2><STEAM_1:1:801237070><>" slapped "Kobe Bryant<2><STEAM_1:1:801237070><>" (damage "0")
L 07/10/2025 - 21:22:45: [playercommands.smx] "Kobe Bryant<2><STEAM_1:1:801237070><>" slapped "Kobe Bryant<2><STEAM_1:1:801237070><>" (damage "0")
L 07/10/2025 - 21:22:46: [playercommands.smx] "Kobe Bryant<2><STEAM_1:1:801237070><>" slapped "Kobe Bryant<2><STEAM_1:1:801237070><>" (damage "0")
L 07/10/2025 - 21:22:46: [playercommands.smx] "Kobe Bryant<2><STEAM_1:1:801237070><>" slapped "Kobe Bryant<2><STEAM_1:1:801237070><>" (damage "0")
L 07/10/2025 - 21:22:47: [playercommands.smx] "Kobe Bryant<2><STEAM_1:1:801237070><>" slapped "Kobe Bryant<2><STEAM_1:1:801237070><>" (damage "0")
L 07/10/2025 - 21:22:47: [playercommands.smx] "Kobe Bryant<2><STEAM_1:1:801237070><>" slapped "Kobe Bryant<2><STEAM_1:1:801237070><>" (damage "0")
L 07/10/2025 - 21:22:47: [playercommands.smx] "Kobe Bryant<2><STEAM_1:1:801237070><>" slapped "Kobe Bryant<2><STEAM_1:1:801237070><>" (damage "0")
L 07/10/2025 - 21:22:48: [playercommands.smx] "Kobe Bryant<2><STEAM_1:1:801237070><>" slapped "Kobe Bryant<2><STEAM_1:1:801237070><>" (damage "0")
L 07/10/2025 - 21:22:48: [playercommands.smx] "Kobe Bryant<2><STEAM_1:1:801237070><>" slapped "Kobe Bryant<2><STEAM_1:1:801237070><>" (damage "0")
L 07/10/2025 - 21:22:48: [playercommands.smx] "Kobe Bryant<2><STEAM_1:1:801237070><>" slapped "Kobe Bryant<2><STEAM_1:1:801237070><>" (damage "0")
L 07/10/2025 - 21:22:49: [playercommands.smx] "Kobe Bryant<2><STEAM_1:1:801237070><>" slapped "Kobe Bryant<2><STEAM_1:1:801237070><>" (damage "0")
L 07/10/2025 - 21:22:49: [playercommands.smx] "Kobe Bryant<2><STEAM_1:1:801237070><>" slapped "Kobe Bryant<2><STEAM_1:1:801237070><>" (damage "0")
L 07/10/2025 - 21:22:52: [playercommands.smx] "Kobe Bryant<2><STEAM_1:1:801237070><>" slapped "Kobe Bryant<2><STEAM_1:1:801237070><>" (damage "0")
L 07/10/2025 - 21:22:52: [playercommands.smx] "Kobe Bryant<2><STEAM_1:1:801237070><>" slapped "Kobe Bryant<2><STEAM_1:1:801237070><>" (damage "0")
L 07/10/2025 - 21:22:52: [playercommands.smx] "Kobe Bryant<2><STEAM_1:1:801237070><>" slapped "Kobe Bryant<2><STEAM_1:1:801237070><>" (damage "0")
L 07/10/2025 - 21:22:54: [playercommands.smx] "Kobe Bryant<2><STEAM_1:1:801237070><>" slapped "Kobe Bryant<2><STEAM_1:1:801237070><>" (damage "0")
L 07/10/2025 - 21:22:54: [playercommands.smx] "Kobe Bryant<2><STEAM_1:1:801237070><>" slapped "Kobe Bryant<2><STEAM_1:1:801237070><>" (damage "0")
L 07/10/2025 - 21:22:54: [playercommands.smx] "Kobe Bryant<2><STEAM_1:1:801237070><>" slapped "Kobe Bryant<2><STEAM_1:1:801237070><>" (damage "0")
L 07/10/2025 - 21:22:54: [playercommands.smx] "Kobe Bryant<2><STEAM_1:1:801237070><>" slapped "Kobe Bryant<2><STEAM_1:1:801237070><>" (damage "0")
L 07/10/2025 - 21:22:54: [playercommands.smx] "Kobe Bryant<2><STEAM_1:1:801237070><>" slapped "Kobe Bryant<2><STEAM_1:1:801237070><>" (damage "0")
L 07/10/2025 - 21:22:55: [playercommands.smx] "Kobe Bryant<2><STEAM_1:1:801237070><>" slapped "Kobe Bryant<2><STEAM_1:1:801237070><>" (damage "0")
L 07/10/2025 - 21:22:55: [playercommands.smx] "Kobe Bryant<2><STEAM_1:1:801237070><>" slapped "Kobe Bryant<2><STEAM_1:1:801237070><>" (damage "0")
L 07/10/2025 - 21:22:55: [playercommands.smx] "Kobe Bryant<2><STEAM_1:1:801237070><>" slapped "Kobe Bryant<2><STEAM_1:1:801237070><>" (damage "0")
L 07/10/2025 - 21:22:55: [playercommands.smx] "Kobe Bryant<2><STEAM_1:1:801237070><>" slapped "Kobe Bryant<2><STEAM_1:1:801237070><>" (damage "0")
L 07/10/2025 - 21:22:56: [playercommands.smx] "Kobe Bryant<2><STEAM_1:1:801237070><>" slapped "Kobe Bryant<2><STEAM_1:1:801237070><>" (damage "0")
L 07/10/2025 - 21:22:56: [playercommands.smx] "Kobe Bryant<2><STEAM_1:1:801237070><>" slapped "Kobe Bryant<2><STEAM_1:1:801237070><>" (damage "0")
L 07/10/2025 - 21:22:57: [playercommands.smx] "Kobe Bryant<2><STEAM_1:1:801237070><>" slapped "Kobe Bryant<2><STEAM_1:1:801237070><>" (damage "0")
L 07/10/2025 - 21:22:57: [playercommands.smx] "Kobe Bryant<2><STEAM_1:1:801237070><>" slapped "Kobe Bryant<2><STEAM_1:1:801237070><>" (damage "0")
L 07/10/2025 - 21:22:57: [playercommands.smx] "Kobe Bryant<2><STEAM_1:1:801237070><>" slapped "Kobe Bryant<2><STEAM_1:1:801237070><>" (damage "0")
L 07/10/2025 - 21:22:57: [playercommands.smx] "Kobe Bryant<2><STEAM_1:1:801237070><>" slapped "Kobe Bryant<2><STEAM_1:1:801237070><>" (damage "0")
L 07/10/2025 - 21:22:58: [playercommands.smx] "Kobe Bryant<2><STEAM_1:1:801237070><>" slapped "Kobe Bryant<2><STEAM_1:1:801237070><>" (damage "0")
L 07/10/2025 - 21:22:58: [playercommands.smx] "Kobe Bryant<2><STEAM_1:1:801237070><>" slapped "Kobe Bryant<2><STEAM_1:1:801237070><>" (damage "0")
L 07/10/2025 - 21:22:58: [playercommands.smx] "Kobe Bryant<2><STEAM_1:1:801237070><>" slapped "Kobe Bryant<2><STEAM_1:1:801237070><>" (damage "0")
L 07/10/2025 - 21:22:58: [playercommands.smx] "Kobe Bryant<2><STEAM_1:1:801237070><>" slapped "Kobe Bryant<2><STEAM_1:1:801237070><>" (damage "0")
L 07/10/2025 - 21:22:59: [playercommands.smx] "Kobe Bryant<2><STEAM_1:1:801237070><>" slapped "Kobe Bryant<2><STEAM_1:1:801237070><>" (damage "0")
L 07/10/2025 - 21:22:59: [playercommands.smx] "Kobe Bryant<2><STEAM_1:1:801237070><>" slapped "Kobe Bryant<2><STEAM_1:1:801237070><>" (damage "0")
L 07/10/2025 - 21:23:00: [playercommands.smx] "Kobe Bryant<2><STEAM_1:1:801237070><>" slapped "Kobe Bryant<2><STEAM_1:1:801237070><>" (damage "0")
L 07/10/2025 - 21:23:00: [playercommands.smx] "Kobe Bryant<2><STEAM_1:1:801237070><>" slapped "Kobe Bryant<2><STEAM_1:1:801237070><>" (damage "0")
L 07/10/2025 - 21:23:00: [playercommands.smx] "Kobe Bryant<2><STEAM_1:1:801237070><>" slapped "Kobe Bryant<2><STEAM_1:1:801237070><>" (damage "0")
L 07/10/2025 - 21:23:00: [playercommands.smx] "Kobe Bryant<2><STEAM_1:1:801237070><>" slapped "Kobe Bryant<2><STEAM_1:1:801237070><>" (damage "0")
L 07/10/2025 - 21:23:01: [playercommands.smx] "Kobe Bryant<2><STEAM_1:1:801237070><>" slapped "Kobe Bryant<2><STEAM_1:1:801237070><>" (damage "0")
L 07/10/2025 - 21:23:01: [playercommands.smx] "Kobe Bryant<2><STEAM_1:1:801237070><>" slapped "Kobe Bryant<2><STEAM_1:1:801237070><>" (damage "0")
L 07/10/2025 - 21:23:02: [playercommands.smx] "Kobe Bryant<2><STEAM_1:1:801237070><>" slapped "Kobe Bryant<2><STEAM_1:1:801237070><>" (damage "0")
L 07/10/2025 - 21:23:02: [playercommands.smx] "Kobe Bryant<2><STEAM_1:1:801237070><>" slapped "Kobe Bryant<2><STEAM_1:1:801237070><>" (damage "0")
L 07/10/2025 - 21:23:02: [playercommands.smx] "Kobe Bryant<2><STEAM_1:1:801237070><>" slapped "Kobe Bryant<2><STEAM_1:1:801237070><>" (damage "0")
L 07/10/2025 - 21:23:02: [playercommands.smx] "Kobe Bryant<2><STEAM_1:1:801237070><>" slapped "Kobe Bryant<2><STEAM_1:1:801237070><>" (damage "0")
L 07/10/2025 - 21:23:02: [playercommands.smx] "Kobe Bryant<2><STEAM_1:1:801237070><>" slapped "Kobe Bryant<2><STEAM_1:1:801237070><>" (damage "0")
L 07/10/2025 - 21:23:08: [playercommands.smx] "Kobe Bryant<2><STEAM_1:1:801237070><>" slapped "不会玩の苍蝇X﹏X<3><STEAM_1:0:809674315><>" (damage "0")
L 07/10/2025 - 21:23:10: [playercommands.smx] "Kobe Bryant<2><STEAM_1:1:801237070><>" slapped "不会玩の苍蝇X﹏X<3><STEAM_1:0:809674315><>" (damage "0")
L 07/10/2025 - 21:23:57: [playercommands.smx] "Kobe Bryant<2><STEAM_1:1:801237070><>" slapped "不会玩の苍蝇X﹏X<3><STEAM_1:0:809674315><>" (damage "0")
L 07/10/2025 - 21:23:57: [playercommands.smx] "Kobe Bryant<2><STEAM_1:1:801237070><>" slapped "不会玩の苍蝇X﹏X<3><STEAM_1:0:809674315><>" (damage "0")
L 07/10/2025 - 21:23:57: [playercommands.smx] "Kobe Bryant<2><STEAM_1:1:801237070><>" slapped "不会玩の苍蝇X﹏X<3><STEAM_1:0:809674315><>" (damage "0")
L 07/10/2025 - 21:23:57: [playercommands.smx] "Kobe Bryant<2><STEAM_1:1:801237070><>" slapped "不会玩の苍蝇X﹏X<3><STEAM_1:0:809674315><>" (damage "0")
L 07/10/2025 - 21:23:58: [playercommands.smx] "Kobe Bryant<2><STEAM_1:1:801237070><>" slapped "不会玩の苍蝇X﹏X<3><STEAM_1:0:809674315><>" (damage "0")
L 07/10/2025 - 21:23:58: [playercommands.smx] "Kobe Bryant<2><STEAM_1:1:801237070><>" slapped "不会玩の苍蝇X﹏X<3><STEAM_1:0:809674315><>" (damage "0")
L 07/10/2025 - 21:23:58: [playercommands.smx] "Kobe Bryant<2><STEAM_1:1:801237070><>" slapped "不会玩の苍蝇X﹏X<3><STEAM_1:0:809674315><>" (damage "0")
L 07/10/2025 - 21:24:06: [playercommands.smx] "Kobe Bryant<2><STEAM_1:1:801237070><>" slapped "不会玩の苍蝇X﹏X<3><STEAM_1:0:809674315><>" (damage "0")
L 07/10/2025 - 21:24:06: [playercommands.smx] "Kobe Bryant<2><STEAM_1:1:801237070><>" slapped "不会玩の苍蝇X﹏X<3><STEAM_1:0:809674315><>" (damage "0")
L 07/10/2025 - 21:24:06: [playercommands.smx] "Kobe Bryant<2><STEAM_1:1:801237070><>" slapped "不会玩の苍蝇X﹏X<3><STEAM_1:0:809674315><>" (damage "0")
L 07/10/2025 - 21:24:06: [playercommands.smx] "Kobe Bryant<2><STEAM_1:1:801237070><>" slapped "不会玩の苍蝇X﹏X<3><STEAM_1:0:809674315><>" (damage "0")
L 07/10/2025 - 21:24:06: [playercommands.smx] "Kobe Bryant<2><STEAM_1:1:801237070><>" slapped "不会玩の苍蝇X﹏X<3><STEAM_1:0:809674315><>" (damage "0")
L 07/10/2025 - 21:24:08: [playercommands.smx] "Kobe Bryant<2><STEAM_1:1:801237070><>" slapped "不会玩の苍蝇X﹏X<3><STEAM_1:0:809674315><>" (damage "0")
L 07/10/2025 - 21:24:08: [playercommands.smx] "Kobe Bryant<2><STEAM_1:1:801237070><>" slapped "不会玩の苍蝇X﹏X<3><STEAM_1:0:809674315><>" (damage "0")
L 07/10/2025 - 21:24:08: [playercommands.smx] "Kobe Bryant<2><STEAM_1:1:801237070><>" slapped "不会玩の苍蝇X﹏X<3><STEAM_1:0:809674315><>" (damage "0")
L 07/10/2025 - 21:24:08: [playercommands.smx] "Kobe Bryant<2><STEAM_1:1:801237070><>" slapped "不会玩の苍蝇X﹏X<3><STEAM_1:0:809674315><>" (damage "0")
L 07/10/2025 - 21:24:08: [playercommands.smx] "Kobe Bryant<2><STEAM_1:1:801237070><>" slapped "不会玩の苍蝇X﹏X<3><STEAM_1:0:809674315><>" (damage "0")
L 07/10/2025 - 21:24:08: [playercommands.smx] "Kobe Bryant<2><STEAM_1:1:801237070><>" slapped "不会玩の苍蝇X﹏X<3><STEAM_1:0:809674315><>" (damage "0")
L 07/10/2025 - 21:24:09: [playercommands.smx] "Kobe Bryant<2><STEAM_1:1:801237070><>" slapped "不会玩の苍蝇X﹏X<3><STEAM_1:0:809674315><>" (damage "0")
L 07/10/2025 - 21:24:09: [playercommands.smx] "Kobe Bryant<2><STEAM_1:1:801237070><>" slapped "不会玩の苍蝇X﹏X<3><STEAM_1:0:809674315><>" (damage "0")
L 07/10/2025 - 21:24:09: [playercommands.smx] "Kobe Bryant<2><STEAM_1:1:801237070><>" slapped "不会玩の苍蝇X﹏X<3><STEAM_1:0:809674315><>" (damage "0")
L 07/10/2025 - 21:24:10: [playercommands.smx] "Kobe Bryant<2><STEAM_1:1:801237070><>" slapped "不会玩の苍蝇X﹏X<3><STEAM_1:0:809674315><>" (damage "0")
L 07/10/2025 - 21:24:10: [playercommands.smx] "Kobe Bryant<2><STEAM_1:1:801237070><>" slapped "不会玩の苍蝇X﹏X<3><STEAM_1:0:809674315><>" (damage "0")
L 07/10/2025 - 21:24:10: [playercommands.smx] "Kobe Bryant<2><STEAM_1:1:801237070><>" slapped "不会玩の苍蝇X﹏X<3><STEAM_1:0:809674315><>" (damage "0")
L 07/10/2025 - 21:24:10: [playercommands.smx] "Kobe Bryant<2><STEAM_1:1:801237070><>" slapped "不会玩の苍蝇X﹏X<3><STEAM_1:0:809674315><>" (damage "0")
L 07/10/2025 - 21:24:11: [playercommands.smx] "Kobe Bryant<2><STEAM_1:1:801237070><>" slapped "不会玩の苍蝇X﹏X<3><STEAM_1:0:809674315><>" (damage "0")
L 07/10/2025 - 21:24:11: [playercommands.smx] "Kobe Bryant<2><STEAM_1:1:801237070><>" slapped "不会玩の苍蝇X﹏X<3><STEAM_1:0:809674315><>" (damage "0")
L 07/10/2025 - 21:24:11: [playercommands.smx] "Kobe Bryant<2><STEAM_1:1:801237070><>" slapped "不会玩の苍蝇X﹏X<3><STEAM_1:0:809674315><>" (damage "0")
L 07/10/2025 - 21:24:11: [playercommands.smx] "Kobe Bryant<2><STEAM_1:1:801237070><>" slapped "不会玩の苍蝇X﹏X<3><STEAM_1:0:809674315><>" (damage "0")
L 07/10/2025 - 21:24:11: [playercommands.smx] "Kobe Bryant<2><STEAM_1:1:801237070><>" slapped "不会玩の苍蝇X﹏X<3><STEAM_1:0:809674315><>" (damage "0")
L 07/10/2025 - 21:24:11: [playercommands.smx] "Kobe Bryant<2><STEAM_1:1:801237070><>" slapped "不会玩の苍蝇X﹏X<3><STEAM_1:0:809674315><>" (damage "0")
L 07/10/2025 - 21:24:12: [playercommands.smx] "Kobe Bryant<2><STEAM_1:1:801237070><>" slapped "不会玩の苍蝇X﹏X<3><STEAM_1:0:809674315><>" (damage "0")
L 07/10/2025 - 21:24:12: [playercommands.smx] "Kobe Bryant<2><STEAM_1:1:801237070><>" slapped "不会玩の苍蝇X﹏X<3><STEAM_1:0:809674315><>" (damage "0")
L 07/10/2025 - 21:24:12: [playercommands.smx] "Kobe Bryant<2><STEAM_1:1:801237070><>" slapped "不会玩の苍蝇X﹏X<3><STEAM_1:0:809674315><>" (damage "0")
L 07/10/2025 - 21:24:12: [playercommands.smx] "Kobe Bryant<2><STEAM_1:1:801237070><>" slapped "不会玩の苍蝇X﹏X<3><STEAM_1:0:809674315><>" (damage "0")
L 07/10/2025 - 21:24:12: [playercommands.smx] "Kobe Bryant<2><STEAM_1:1:801237070><>" slapped "不会玩の苍蝇X﹏X<3><STEAM_1:0:809674315><>" (damage "0")
L 07/10/2025 - 21:24:13: [playercommands.smx] "Kobe Bryant<2><STEAM_1:1:801237070><>" slapped "不会玩の苍蝇X﹏X<3><STEAM_1:0:809674315><>" (damage "0")
L 07/10/2025 - 21:24:13: [playercommands.smx] "Kobe Bryant<2><STEAM_1:1:801237070><>" slapped "不会玩の苍蝇X﹏X<3><STEAM_1:0:809674315><>" (damage "0")
L 07/10/2025 - 21:24:13: [playercommands.smx] "Kobe Bryant<2><STEAM_1:1:801237070><>" slapped "不会玩の苍蝇X﹏X<3><STEAM_1:0:809674315><>" (damage "0")
L 07/10/2025 - 21:24:14: [playercommands.smx] "Kobe Bryant<2><STEAM_1:1:801237070><>" slapped "不会玩の苍蝇X﹏X<3><STEAM_1:0:809674315><>" (damage "0")
L 07/10/2025 - 21:24:14: [playercommands.smx] "Kobe Bryant<2><STEAM_1:1:801237070><>" slapped "不会玩の苍蝇X﹏X<3><STEAM_1:0:809674315><>" (damage "0")
L 07/10/2025 - 21:24:14: [playercommands.smx] "Kobe Bryant<2><STEAM_1:1:801237070><>" slapped "不会玩の苍蝇X﹏X<3><STEAM_1:0:809674315><>" (damage "0")
L 07/10/2025 - 21:24:14: [playercommands.smx] "Kobe Bryant<2><STEAM_1:1:801237070><>" slapped "不会玩の苍蝇X﹏X<3><STEAM_1:0:809674315><>" (damage "0")
L 07/10/2025 - 21:24:14: [playercommands.smx] "Kobe Bryant<2><STEAM_1:1:801237070><>" slapped "不会玩の苍蝇X﹏X<3><STEAM_1:0:809674315><>" (damage "0")
L 07/10/2025 - 21:24:17: [playercommands.smx] "Kobe Bryant<2><STEAM_1:1:801237070><>" slapped "Kobe Bryant<2><STEAM_1:1:801237070><>" (damage "0")
L 07/10/2025 - 21:24:18: [playercommands.smx] "Kobe Bryant<2><STEAM_1:1:801237070><>" slapped "Kobe Bryant<2><STEAM_1:1:801237070><>" (damage "0")
L 07/10/2025 - 21:24:18: [playercommands.smx] "Kobe Bryant<2><STEAM_1:1:801237070><>" slapped "不会玩の苍蝇X﹏X<3><STEAM_1:0:809674315><>" (damage "0")
L 07/10/2025 - 21:24:18: [playercommands.smx] "Kobe Bryant<2><STEAM_1:1:801237070><>" slapped "不会玩の苍蝇X﹏X<3><STEAM_1:0:809674315><>" (damage "0")
L 07/10/2025 - 21:24:18: [playercommands.smx] "Kobe Bryant<2><STEAM_1:1:801237070><>" slapped "不会玩の苍蝇X﹏X<3><STEAM_1:0:809674315><>" (damage "0")
L 07/10/2025 - 21:24:18: [playercommands.smx] "Kobe Bryant<2><STEAM_1:1:801237070><>" slapped "不会玩の苍蝇X﹏X<3><STEAM_1:0:809674315><>" (damage "0")
L 07/10/2025 - 21:24:18: [playercommands.smx] "Kobe Bryant<2><STEAM_1:1:801237070><>" slapped "不会玩の苍蝇X﹏X<3><STEAM_1:0:809674315><>" (damage "0")
L 07/10/2025 - 21:24:19: [playercommands.smx] "Kobe Bryant<2><STEAM_1:1:801237070><>" slapped "Kobe Bryant<2><STEAM_1:1:801237070><>" (damage "0")
L 07/10/2025 - 21:24:19: [playercommands.smx] "Kobe Bryant<2><STEAM_1:1:801237070><>" slapped "Kobe Bryant<2><STEAM_1:1:801237070><>" (damage "0")
L 07/10/2025 - 21:24:19: [playercommands.smx] "Kobe Bryant<2><STEAM_1:1:801237070><>" slapped "Kobe Bryant<2><STEAM_1:1:801237070><>" (damage "0")
L 07/10/2025 - 21:24:20: [playercommands.smx] "Kobe Bryant<2><STEAM_1:1:801237070><>" slapped "Kobe Bryant<2><STEAM_1:1:801237070><>" (damage "0")
L 07/10/2025 - 21:24:20: [playercommands.smx] "Kobe Bryant<2><STEAM_1:1:801237070><>" slapped "Kobe Bryant<2><STEAM_1:1:801237070><>" (damage "0")
L 07/10/2025 - 21:24:20: [playercommands.smx] "Kobe Bryant<2><STEAM_1:1:801237070><>" slapped "Kobe Bryant<2><STEAM_1:1:801237070><>" (damage "0")
L 07/10/2025 - 21:24:20: [playercommands.smx] "Kobe Bryant<2><STEAM_1:1:801237070><>" slapped "Kobe Bryant<2><STEAM_1:1:801237070><>" (damage "0")
L 07/10/2025 - 21:24:20: [playercommands.smx] "Kobe Bryant<2><STEAM_1:1:801237070><>" slapped "Kobe Bryant<2><STEAM_1:1:801237070><>" (damage "0")
L 07/10/2025 - 21:24:20: [playercommands.smx] "Kobe Bryant<2><STEAM_1:1:801237070><>" slapped "Kobe Bryant<2><STEAM_1:1:801237070><>" (damage "0")
L 07/10/2025 - 21:24:20: [playercommands.smx] "Kobe Bryant<2><STEAM_1:1:801237070><>" slapped "Kobe Bryant<2><STEAM_1:1:801237070><>" (damage "0")
L 07/10/2025 - 21:24:21: [playercommands.smx] "Kobe Bryant<2><STEAM_1:1:801237070><>" slapped "Kobe Bryant<2><STEAM_1:1:801237070><>" (damage "0")
L 07/10/2025 - 21:24:21: [playercommands.smx] "Kobe Bryant<2><STEAM_1:1:801237070><>" slapped "Kobe Bryant<2><STEAM_1:1:801237070><>" (damage "0")
L 07/10/2025 - 21:24:21: [playercommands.smx] "Kobe Bryant<2><STEAM_1:1:801237070><>" slapped "不会玩の苍蝇X﹏X<3><STEAM_1:0:809674315><>" (damage "0")
L 07/10/2025 - 21:24:21: [playercommands.smx] "Kobe Bryant<2><STEAM_1:1:801237070><>" slapped "不会玩の苍蝇X﹏X<3><STEAM_1:0:809674315><>" (damage "0")
L 07/10/2025 - 21:24:21: [playercommands.smx] "Kobe Bryant<2><STEAM_1:1:801237070><>" slapped "不会玩の苍蝇X﹏X<3><STEAM_1:0:809674315><>" (damage "0")
L 07/10/2025 - 21:24:21: [playercommands.smx] "Kobe Bryant<2><STEAM_1:1:801237070><>" slapped "不会玩の苍蝇X﹏X<3><STEAM_1:0:809674315><>" (damage "0")
L 07/10/2025 - 21:24:22: [playercommands.smx] "Kobe Bryant<2><STEAM_1:1:801237070><>" slapped "不会玩の苍蝇X﹏X<3><STEAM_1:0:809674315><>" (damage "0")
L 07/10/2025 - 21:24:22: [playercommands.smx] "Kobe Bryant<2><STEAM_1:1:801237070><>" slapped "不会玩の苍蝇X﹏X<3><STEAM_1:0:809674315><>" (damage "0")
L 07/10/2025 - 21:24:22: [playercommands.smx] "Kobe Bryant<2><STEAM_1:1:801237070><>" slapped "不会玩の苍蝇X﹏X<3><STEAM_1:0:809674315><>" (damage "0")
L 07/10/2025 - 21:24:23: [playercommands.smx] "Kobe Bryant<2><STEAM_1:1:801237070><>" slapped "不会玩の苍蝇X﹏X<3><STEAM_1:0:809674315><>" (damage "0")
L 07/10/2025 - 21:24:23: [playercommands.smx] "Kobe Bryant<2><STEAM_1:1:801237070><>" slapped "不会玩の苍蝇X﹏X<3><STEAM_1:0:809674315><>" (damage "0")
L 07/10/2025 - 21:24:23: [playercommands.smx] "Kobe Bryant<2><STEAM_1:1:801237070><>" slapped "不会玩の苍蝇X﹏X<3><STEAM_1:0:809674315><>" (damage "0")
L 07/10/2025 - 21:24:23: [playercommands.smx] "Kobe Bryant<2><STEAM_1:1:801237070><>" slapped "不会玩の苍蝇X﹏X<3><STEAM_1:0:809674315><>" (damage "0")
L 07/10/2025 - 21:24:23: [playercommands.smx] "Kobe Bryant<2><STEAM_1:1:801237070><>" slapped "不会玩の苍蝇X﹏X<3><STEAM_1:0:809674315><>" (damage "0")
L 07/10/2025 - 21:24:23: [playercommands.smx] "Kobe Bryant<2><STEAM_1:1:801237070><>" slapped "不会玩の苍蝇X﹏X<3><STEAM_1:0:809674315><>" (damage "0")
L 07/10/2025 - 21:24:24: [playercommands.smx] "Kobe Bryant<2><STEAM_1:1:801237070><>" slapped "不会玩の苍蝇X﹏X<3><STEAM_1:0:809674315><>" (damage "0")
L 07/10/2025 - 21:24:24: [playercommands.smx] "Kobe Bryant<2><STEAM_1:1:801237070><>" slapped "不会玩の苍蝇X﹏X<3><STEAM_1:0:809674315><>" (damage "0")
L 07/10/2025 - 21:24:24: [playercommands.smx] "Kobe Bryant<2><STEAM_1:1:801237070><>" slapped "不会玩の苍蝇X﹏X<3><STEAM_1:0:809674315><>" (damage "0")
L 07/10/2025 - 21:24:24: [playercommands.smx] "Kobe Bryant<2><STEAM_1:1:801237070><>" slapped "不会玩の苍蝇X﹏X<3><STEAM_1:0:809674315><>" (damage "0")
L 07/10/2025 - 21:24:24: [playercommands.smx] "Kobe Bryant<2><STEAM_1:1:801237070><>" slapped "不会玩の苍蝇X﹏X<3><STEAM_1:0:809674315><>" (damage "0")
L 07/10/2025 - 21:24:28: [playercommands.smx] "Kobe Bryant<2><STEAM_1:1:801237070><>" slapped "不会玩の苍蝇X﹏X<3><STEAM_1:0:809674315><>" (damage "0")
L 07/10/2025 - 21:24:28: [playercommands.smx] "Kobe Bryant<2><STEAM_1:1:801237070><>" slapped "不会玩の苍蝇X﹏X<3><STEAM_1:0:809674315><>" (damage "0")
L 07/10/2025 - 21:24:28: [playercommands.smx] "Kobe Bryant<2><STEAM_1:1:801237070><>" slapped "不会玩の苍蝇X﹏X<3><STEAM_1:0:809674315><>" (damage "0")
L 07/10/2025 - 21:24:28: [playercommands.smx] "Kobe Bryant<2><STEAM_1:1:801237070><>" slapped "不会玩の苍蝇X﹏X<3><STEAM_1:0:809674315><>" (damage "0")
L 07/10/2025 - 21:24:28: [playercommands.smx] "Kobe Bryant<2><STEAM_1:1:801237070><>" slapped "不会玩の苍蝇X﹏X<3><STEAM_1:0:809674315><>" (damage "0")
L 07/10/2025 - 21:24:29: [playercommands.smx] "Kobe Bryant<2><STEAM_1:1:801237070><>" slapped "不会玩の苍蝇X﹏X<3><STEAM_1:0:809674315><>" (damage "0")
L 07/10/2025 - 21:24:29: [playercommands.smx] "Kobe Bryant<2><STEAM_1:1:801237070><>" slapped "不会玩の苍蝇X﹏X<3><STEAM_1:0:809674315><>" (damage "0")
L 07/10/2025 - 21:24:29: [playercommands.smx] "Kobe Bryant<2><STEAM_1:1:801237070><>" slapped "不会玩の苍蝇X﹏X<3><STEAM_1:0:809674315><>" (damage "0")
L 07/10/2025 - 21:24:29: [playercommands.smx] "Kobe Bryant<2><STEAM_1:1:801237070><>" slapped "不会玩の苍蝇X﹏X<3><STEAM_1:0:809674315><>" (damage "0")
L 07/10/2025 - 21:24:29: [playercommands.smx] "Kobe Bryant<2><STEAM_1:1:801237070><>" slapped "不会玩の苍蝇X﹏X<3><STEAM_1:0:809674315><>" (damage "0")
L 07/10/2025 - 21:24:29: [playercommands.smx] "Kobe Bryant<2><STEAM_1:1:801237070><>" slapped "不会玩の苍蝇X﹏X<3><STEAM_1:0:809674315><>" (damage "0")
L 07/10/2025 - 21:24:30: [playercommands.smx] "Kobe Bryant<2><STEAM_1:1:801237070><>" slapped "不会玩の苍蝇X﹏X<3><STEAM_1:0:809674315><>" (damage "0")
L 07/10/2025 - 21:24:30: [playercommands.smx] "Kobe Bryant<2><STEAM_1:1:801237070><>" slapped "不会玩の苍蝇X﹏X<3><STEAM_1:0:809674315><>" (damage "0")
L 07/10/2025 - 21:24:30: [playercommands.smx] "Kobe Bryant<2><STEAM_1:1:801237070><>" slapped "不会玩の苍蝇X﹏X<3><STEAM_1:0:809674315><>" (damage "0")
L 07/10/2025 - 21:24:30: [playercommands.smx] "Kobe Bryant<2><STEAM_1:1:801237070><>" slapped "不会玩の苍蝇X﹏X<3><STEAM_1:0:809674315><>" (damage "0")
L 07/10/2025 - 21:24:31: [playercommands.smx] "Kobe Bryant<2><STEAM_1:1:801237070><>" slapped "不会玩の苍蝇X﹏X<3><STEAM_1:0:809674315><>" (damage "0")
L 07/10/2025 - 21:24:31: [playercommands.smx] "Kobe Bryant<2><STEAM_1:1:801237070><>" slapped "不会玩の苍蝇X﹏X<3><STEAM_1:0:809674315><>" (damage "0")
L 07/10/2025 - 21:24:31: [playercommands.smx] "Kobe Bryant<2><STEAM_1:1:801237070><>" slapped "不会玩の苍蝇X﹏X<3><STEAM_1:0:809674315><>" (damage "0")
L 07/10/2025 - 21:24:31: [playercommands.smx] "Kobe Bryant<2><STEAM_1:1:801237070><>" slapped "不会玩の苍蝇X﹏X<3><STEAM_1:0:809674315><>" (damage "0")
L 07/10/2025 - 21:24:32: [playercommands.smx] "Kobe Bryant<2><STEAM_1:1:801237070><>" slapped "不会玩の苍蝇X﹏X<3><STEAM_1:0:809674315><>" (damage "0")
L 07/10/2025 - 21:24:32: [playercommands.smx] "Kobe Bryant<2><STEAM_1:1:801237070><>" slapped "不会玩の苍蝇X﹏X<3><STEAM_1:0:809674315><>" (damage "0")
L 07/10/2025 - 21:24:32: [playercommands.smx] "Kobe Bryant<2><STEAM_1:1:801237070><>" slapped "不会玩の苍蝇X﹏X<3><STEAM_1:0:809674315><>" (damage "0")
L 07/10/2025 - 21:24:32: [playercommands.smx] "Kobe Bryant<2><STEAM_1:1:801237070><>" slapped "不会玩の苍蝇X﹏X<3><STEAM_1:0:809674315><>" (damage "0")
L 07/10/2025 - 21:24:32: [playercommands.smx] "Kobe Bryant<2><STEAM_1:1:801237070><>" slapped "不会玩の苍蝇X﹏X<3><STEAM_1:0:809674315><>" (damage "0")
L 07/10/2025 - 21:24:32: [playercommands.smx] "Kobe Bryant<2><STEAM_1:1:801237070><>" slapped "不会玩の苍蝇X﹏X<3><STEAM_1:0:809674315><>" (damage "0")
L 07/10/2025 - 21:24:33: [playercommands.smx] "Kobe Bryant<2><STEAM_1:1:801237070><>" slapped "不会玩の苍蝇X﹏X<3><STEAM_1:0:809674315><>" (damage "0")
L 07/10/2025 - 21:24:33: [playercommands.smx] "Kobe Bryant<2><STEAM_1:1:801237070><>" slapped "不会玩の苍蝇X﹏X<3><STEAM_1:0:809674315><>" (damage "0")
L 07/10/2025 - 21:24:33: [playercommands.smx] "Kobe Bryant<2><STEAM_1:1:801237070><>" slapped "不会玩の苍蝇X﹏X<3><STEAM_1:0:809674315><>" (damage "0")
L 07/10/2025 - 21:24:33: [playercommands.smx] "Kobe Bryant<2><STEAM_1:1:801237070><>" slapped "不会玩の苍蝇X﹏X<3><STEAM_1:0:809674315><>" (damage "0")
L 07/10/2025 - 21:24:34: [playercommands.smx] "Kobe Bryant<2><STEAM_1:1:801237070><>" slapped "不会玩の苍蝇X﹏X<3><STEAM_1:0:809674315><>" (damage "0")
L 07/10/2025 - 21:24:34: [playercommands.smx] "Kobe Bryant<2><STEAM_1:1:801237070><>" slapped "不会玩の苍蝇X﹏X<3><STEAM_1:0:809674315><>" (damage "0")
L 07/10/2025 - 21:24:34: [playercommands.smx] "Kobe Bryant<2><STEAM_1:1:801237070><>" slapped "不会玩の苍蝇X﹏X<3><STEAM_1:0:809674315><>" (damage "0")
L 07/10/2025 - 21:24:34: [playercommands.smx] "Kobe Bryant<2><STEAM_1:1:801237070><>" slapped "不会玩の苍蝇X﹏X<3><STEAM_1:0:809674315><>" (damage "0")
L 07/10/2025 - 21:24:34: [playercommands.smx] "Kobe Bryant<2><STEAM_1:1:801237070><>" slapped "不会玩の苍蝇X﹏X<3><STEAM_1:0:809674315><>" (damage "0")
L 07/10/2025 - 21:24:35: [playercommands.smx] "Kobe Bryant<2><STEAM_1:1:801237070><>" slapped "不会玩の苍蝇X﹏X<3><STEAM_1:0:809674315><>" (damage "0")
L 07/10/2025 - 21:24:35: [playercommands.smx] "Kobe Bryant<2><STEAM_1:1:801237070><>" slapped "不会玩の苍蝇X﹏X<3><STEAM_1:0:809674315><>" (damage "0")
L 07/10/2025 - 21:24:35: [playercommands.smx] "Kobe Bryant<2><STEAM_1:1:801237070><>" slapped "不会玩の苍蝇X﹏X<3><STEAM_1:0:809674315><>" (damage "0")
L 07/10/2025 - 21:24:35: [playercommands.smx] "Kobe Bryant<2><STEAM_1:1:801237070><>" slapped "不会玩の苍蝇X﹏X<3><STEAM_1:0:809674315><>" (damage "0")
L 07/10/2025 - 21:24:36: [playercommands.smx] "Kobe Bryant<2><STEAM_1:1:801237070><>" slapped "不会玩の苍蝇X﹏X<3><STEAM_1:0:809674315><>" (damage "0")
L 07/10/2025 - 21:24:36: [playercommands.smx] "Kobe Bryant<2><STEAM_1:1:801237070><>" slapped "不会玩の苍蝇X﹏X<3><STEAM_1:0:809674315><>" (damage "0")
L 07/10/2025 - 21:24:36: [playercommands.smx] "Kobe Bryant<2><STEAM_1:1:801237070><>" slapped "不会玩の苍蝇X﹏X<3><STEAM_1:0:809674315><>" (damage "0")
L 07/10/2025 - 21:24:36: [playercommands.smx] "Kobe Bryant<2><STEAM_1:1:801237070><>" slapped "不会玩の苍蝇X﹏X<3><STEAM_1:0:809674315><>" (damage "0")
L 07/10/2025 - 21:24:37: [playercommands.smx] "Kobe Bryant<2><STEAM_1:1:801237070><>" slapped "不会玩の苍蝇X﹏X<3><STEAM_1:0:809674315><>" (damage "0")
L 07/10/2025 - 21:24:40: [playercommands.smx] "Kobe Bryant<2><STEAM_1:1:801237070><>" slapped "不会玩の苍蝇X﹏X<3><STEAM_1:0:809674315><>" (damage "0")
L 07/10/2025 - 21:24:40: [playercommands.smx] "Kobe Bryant<2><STEAM_1:1:801237070><>" slapped "不会玩の苍蝇X﹏X<3><STEAM_1:0:809674315><>" (damage "0")
L 07/10/2025 - 21:24:41: [playercommands.smx] "Kobe Bryant<2><STEAM_1:1:801237070><>" slapped "不会玩の苍蝇X﹏X<3><STEAM_1:0:809674315><>" (damage "0")
L 07/10/2025 - 21:24:41: [playercommands.smx] "Kobe Bryant<2><STEAM_1:1:801237070><>" slapped "不会玩の苍蝇X﹏X<3><STEAM_1:0:809674315><>" (damage "0")
L 07/10/2025 - 21:24:41: [playercommands.smx] "Kobe Bryant<2><STEAM_1:1:801237070><>" slapped "不会玩の苍蝇X﹏X<3><STEAM_1:0:809674315><>" (damage "0")
L 07/10/2025 - 21:24:41: [playercommands.smx] "Kobe Bryant<2><STEAM_1:1:801237070><>" slapped "不会玩の苍蝇X﹏X<3><STEAM_1:0:809674315><>" (damage "0")
L 07/10/2025 - 21:24:41: [playercommands.smx] "Kobe Bryant<2><STEAM_1:1:801237070><>" slapped "不会玩の苍蝇X﹏X<3><STEAM_1:0:809674315><>" (damage "0")
L 07/10/2025 - 21:24:42: [playercommands.smx] "Kobe Bryant<2><STEAM_1:1:801237070><>" slapped "不会玩の苍蝇X﹏X<3><STEAM_1:0:809674315><>" (damage "0")
L 07/10/2025 - 21:24:42: [playercommands.smx] "Kobe Bryant<2><STEAM_1:1:801237070><>" slapped "不会玩の苍蝇X﹏X<3><STEAM_1:0:809674315><>" (damage "0")
L 07/10/2025 - 21:24:42: [playercommands.smx] "Kobe Bryant<2><STEAM_1:1:801237070><>" slapped "不会玩の苍蝇X﹏X<3><STEAM_1:0:809674315><>" (damage "0")
L 07/10/2025 - 21:24:42: [playercommands.smx] "Kobe Bryant<2><STEAM_1:1:801237070><>" slapped "不会玩の苍蝇X﹏X<3><STEAM_1:0:809674315><>" (damage "0")
L 07/10/2025 - 21:24:42: [playercommands.smx] "Kobe Bryant<2><STEAM_1:1:801237070><>" slapped "不会玩の苍蝇X﹏X<3><STEAM_1:0:809674315><>" (damage "0")
L 07/10/2025 - 21:24:43: [playercommands.smx] "Kobe Bryant<2><STEAM_1:1:801237070><>" slapped "不会玩の苍蝇X﹏X<3><STEAM_1:0:809674315><>" (damage "0")
L 07/10/2025 - 21:24:43: [playercommands.smx] "Kobe Bryant<2><STEAM_1:1:801237070><>" slapped "不会玩の苍蝇X﹏X<3><STEAM_1:0:809674315><>" (damage "0")
L 07/10/2025 - 21:24:43: [playercommands.smx] "Kobe Bryant<2><STEAM_1:1:801237070><>" slapped "不会玩の苍蝇X﹏X<3><STEAM_1:0:809674315><>" (damage "0")
L 07/10/2025 - 21:24:43: [playercommands.smx] "Kobe Bryant<2><STEAM_1:1:801237070><>" slapped "不会玩の苍蝇X﹏X<3><STEAM_1:0:809674315><>" (damage "0")
L 07/10/2025 - 21:24:43: [playercommands.smx] "Kobe Bryant<2><STEAM_1:1:801237070><>" slapped "不会玩の苍蝇X﹏X<3><STEAM_1:0:809674315><>" (damage "0")
L 07/10/2025 - 21:24:44: [playercommands.smx] "Kobe Bryant<2><STEAM_1:1:801237070><>" slapped "不会玩の苍蝇X﹏X<3><STEAM_1:0:809674315><>" (damage "0")
L 07/10/2025 - 21:24:49: [playercommands.smx] "Kobe Bryant<2><STEAM_1:1:801237070><>" slapped "不会玩の苍蝇X﹏X<3><STEAM_1:0:809674315><>" (damage "0")
L 07/10/2025 - 21:24:49: [playercommands.smx] "Kobe Bryant<2><STEAM_1:1:801237070><>" slapped "不会玩の苍蝇X﹏X<3><STEAM_1:0:809674315><>" (damage "0")
L 07/10/2025 - 21:24:49: [playercommands.smx] "Kobe Bryant<2><STEAM_1:1:801237070><>" slapped "不会玩の苍蝇X﹏X<3><STEAM_1:0:809674315><>" (damage "0")
L 07/10/2025 - 21:24:50: [playercommands.smx] "Kobe Bryant<2><STEAM_1:1:801237070><>" slapped "Kobe Bryant<2><STEAM_1:1:801237070><>" (damage "0")
L 07/10/2025 - 21:24:50: [playercommands.smx] "Kobe Bryant<2><STEAM_1:1:801237070><>" slapped "Kobe Bryant<2><STEAM_1:1:801237070><>" (damage "0")
L 07/10/2025 - 21:24:51: [playercommands.smx] "Kobe Bryant<2><STEAM_1:1:801237070><>" slapped "Kobe Bryant<2><STEAM_1:1:801237070><>" (damage "0")
L 07/10/2025 - 21:24:53: [playercommands.smx] "Kobe Bryant<2><STEAM_1:1:801237070><>" slapped "Kobe Bryant<2><STEAM_1:1:801237070><>" (damage "0")
L 07/10/2025 - 21:24:53: [playercommands.smx] "Kobe Bryant<2><STEAM_1:1:801237070><>" slapped "Kobe Bryant<2><STEAM_1:1:801237070><>" (damage "0")
L 07/10/2025 - 21:24:53: [playercommands.smx] "Kobe Bryant<2><STEAM_1:1:801237070><>" slapped "Kobe Bryant<2><STEAM_1:1:801237070><>" (damage "0")
L 07/10/2025 - 21:24:54: [playercommands.smx] "Kobe Bryant<2><STEAM_1:1:801237070><>" slapped "Kobe Bryant<2><STEAM_1:1:801237070><>" (damage "0")
L 07/10/2025 - 21:24:54: [playercommands.smx] "Kobe Bryant<2><STEAM_1:1:801237070><>" slapped "Kobe Bryant<2><STEAM_1:1:801237070><>" (damage "0")
L 07/10/2025 - 21:24:54: [playercommands.smx] "Kobe Bryant<2><STEAM_1:1:801237070><>" slapped "Kobe Bryant<2><STEAM_1:1:801237070><>" (damage "0")
L 07/10/2025 - 21:24:55: [playercommands.smx] "Kobe Bryant<2><STEAM_1:1:801237070><>" slapped "Kobe Bryant<2><STEAM_1:1:801237070><>" (damage "0")
L 07/10/2025 - 21:24:57: [playercommands.smx] "Kobe Bryant<2><STEAM_1:1:801237070><>" slapped "Kobe Bryant<2><STEAM_1:1:801237070><>" (damage "0")
L 07/10/2025 - 21:24:57: [playercommands.smx] "Kobe Bryant<2><STEAM_1:1:801237070><>" slapped "Kobe Bryant<2><STEAM_1:1:801237070><>" (damage "0")
L 07/10/2025 - 21:25:00: [playercommands.smx] "Kobe Bryant<2><STEAM_1:1:801237070><>" slapped "Kobe Bryant<2><STEAM_1:1:801237070><>" (damage "0")
L 07/10/2025 - 21:25:01: [playercommands.smx] "Kobe Bryant<2><STEAM_1:1:801237070><>" slapped "Kobe Bryant<2><STEAM_1:1:801237070><>" (damage "0")
L 07/10/2025 - 21:25:01: [playercommands.smx] "Kobe Bryant<2><STEAM_1:1:801237070><>" slapped "Kobe Bryant<2><STEAM_1:1:801237070><>" (damage "0")
L 07/10/2025 - 21:25:02: [playercommands.smx] "Kobe Bryant<2><STEAM_1:1:801237070><>" slapped "Kobe Bryant<2><STEAM_1:1:801237070><>" (damage "0")
L 07/10/2025 - 21:25:02: [playercommands.smx] "Kobe Bryant<2><STEAM_1:1:801237070><>" slapped "Kobe Bryant<2><STEAM_1:1:801237070><>" (damage "0")
L 07/10/2025 - 21:25:02: [playercommands.smx] "Kobe Bryant<2><STEAM_1:1:801237070><>" slapped "Kobe Bryant<2><STEAM_1:1:801237070><>" (damage "0")
L 07/10/2025 - 21:25:02: [playercommands.smx] "Kobe Bryant<2><STEAM_1:1:801237070><>" slapped "Kobe Bryant<2><STEAM_1:1:801237070><>" (damage "0")
L 07/10/2025 - 21:25:03: [playercommands.smx] "Kobe Bryant<2><STEAM_1:1:801237070><>" slapped "Kobe Bryant<2><STEAM_1:1:801237070><>" (damage "0")
L 07/10/2025 - 21:25:03: [playercommands.smx] "Kobe Bryant<2><STEAM_1:1:801237070><>" slapped "Kobe Bryant<2><STEAM_1:1:801237070><>" (damage "0")
L 07/10/2025 - 21:25:03: [playercommands.smx] "Kobe Bryant<2><STEAM_1:1:801237070><>" slapped "Kobe Bryant<2><STEAM_1:1:801237070><>" (damage "0")
L 07/10/2025 - 21:25:03: [playercommands.smx] "Kobe Bryant<2><STEAM_1:1:801237070><>" slapped "Kobe Bryant<2><STEAM_1:1:801237070><>" (damage "0")
L 07/10/2025 - 21:25:03: [playercommands.smx] "Kobe Bryant<2><STEAM_1:1:801237070><>" slapped "Kobe Bryant<2><STEAM_1:1:801237070><>" (damage "0")
L 07/10/2025 - 21:25:04: [playercommands.smx] "Kobe Bryant<2><STEAM_1:1:801237070><>" slapped "Kobe Bryant<2><STEAM_1:1:801237070><>" (damage "0")
L 07/10/2025 - 21:25:04: [playercommands.smx] "Kobe Bryant<2><STEAM_1:1:801237070><>" slapped "Kobe Bryant<2><STEAM_1:1:801237070><>" (damage "0")
L 07/10/2025 - 21:25:04: [playercommands.smx] "Kobe Bryant<2><STEAM_1:1:801237070><>" slapped "Kobe Bryant<2><STEAM_1:1:801237070><>" (damage "0")
L 07/10/2025 - 21:25:04: [playercommands.smx] "Kobe Bryant<2><STEAM_1:1:801237070><>" slapped "Kobe Bryant<2><STEAM_1:1:801237070><>" (damage "0")
L 07/10/2025 - 21:25:05: [playercommands.smx] "Kobe Bryant<2><STEAM_1:1:801237070><>" slapped "Kobe Bryant<2><STEAM_1:1:801237070><>" (damage "0")
L 07/10/2025 - 21:25:05: [playercommands.smx] "Kobe Bryant<2><STEAM_1:1:801237070><>" slapped "Kobe Bryant<2><STEAM_1:1:801237070><>" (damage "0")
L 07/10/2025 - 21:25:05: [playercommands.smx] "Kobe Bryant<2><STEAM_1:1:801237070><>" slapped "Kobe Bryant<2><STEAM_1:1:801237070><>" (damage "0")
L 07/10/2025 - 21:25:09: [playercommands.smx] "Kobe Bryant<2><STEAM_1:1:801237070><>" slapped "Kobe Bryant<2><STEAM_1:1:801237070><>" (damage "0")
L 07/10/2025 - 21:25:09: [playercommands.smx] "Kobe Bryant<2><STEAM_1:1:801237070><>" slapped "Kobe Bryant<2><STEAM_1:1:801237070><>" (damage "0")
L 07/10/2025 - 21:27:43: SourceMod log file session started (file "/root/Steam/steamapps/common/L4D21/left4dead2/addons/sourcemod/logs/L20250710.log") (Version "1.12.0.7195")
L 07/10/2025 - 21:27:43: [fixes/firebulletsfix.smx] Found offset for Weapon_ShootPosition 286
L 07/10/2025 - 21:27:45: [basecommands.smx] "Console<0><Console><Console>" changed cvar (cvar "confogl_match_execcfg_plugins") (value "generalfixes.cfg;confogl_plugins.cfg;sharedplugins.cfg")
L 07/10/2025 - 21:27:45: [basecommands.smx] "Console<0><Console><Console>" changed cvar (cvar "l4d2_addons_eclipse") (value "0")
L 07/10/2025 - 21:27:45: [basecommands.smx] "Console<0><Console><Console>" changed cvar (cvar "sv_allow_wait_command") (value "0")
L 07/10/2025 - 21:27:45: [basecommands.smx] "Console<0><Console><Console>" changed cvar (cvar "sv_minrate") (value "100000")
L 07/10/2025 - 21:27:45: [basecommands.smx] "Console<0><Console><Console>" changed cvar (cvar "sv_maxrate") (value "100000")
L 07/10/2025 - 21:27:45: [basecommands.smx] "Console<0><Console><Console>" changed cvar (cvar "sv_minupdaterate") (value "100")
L 07/10/2025 - 21:27:45: [basecommands.smx] "Console<0><Console><Console>" changed cvar (cvar "sv_maxupdaterate") (value "100")
L 07/10/2025 - 21:27:45: [basecommands.smx] "Console<0><Console><Console>" changed cvar (cvar "sv_mincmdrate") (value "100")
L 07/10/2025 - 21:27:45: [basecommands.smx] "Console<0><Console><Console>" changed cvar (cvar "sv_maxcmdrate") (value "100")
L 07/10/2025 - 21:27:45: [basecommands.smx] "Console<0><Console><Console>" changed cvar (cvar "sv_client_min_interp_ratio") (value "-1")
L 07/10/2025 - 21:27:45: [basecommands.smx] "Console<0><Console><Console>" changed cvar (cvar "sv_client_max_interp_ratio") (value "0")
L 07/10/2025 - 21:27:45: [basecommands.smx] "Console<0><Console><Console>" changed cvar (cvar "nb_update_frequency") (value "0.014")
L 07/10/2025 - 21:27:45: [basecommands.smx] "Console<0><Console><Console>" changed cvar (cvar "net_splitpacket_maxrate") (value "50000")
L 07/10/2025 - 21:27:45: [basecommands.smx] "Console<0><Console><Console>" changed cvar (cvar "net_maxcleartime") (value "0.0001")
L 07/10/2025 - 21:27:45: [basecommands.smx] "Console<0><Console><Console>" changed cvar (cvar "fps_max") (value "0")
L 07/10/2025 - 21:27:45: [basecommands.smx] "Console<0><Console><Console>" changed cvar (cvar "tick_door_speed") (value "1.3")
L 07/10/2025 - 21:27:45: [basecommands.smx] "Console<0><Console><Console>" changed cvar (cvar "mv_maxplayers") (value "30")
L 07/10/2025 - 21:27:45: [basecommands.smx] "Console<0><Console><Console>" changed cvar (cvar "mp_autoteambalance") (value "0")
L 07/10/2025 - 21:27:45: [basecommands.smx] "Console<0><Console><Console>" changed cvar (cvar "sv_unlag_fixstuck") (value "1")
L 07/10/2025 - 21:27:45: [basecommands.smx] "Console<0><Console><Console>" changed cvar (cvar "z_brawl_chance") (value "0")
L 07/10/2025 - 21:27:45: [basecommands.smx] "Console<0><Console><Console>" changed cvar (cvar "sv_maxunlag") (value "1")
L 07/10/2025 - 21:27:45: [basecommands.smx] "Console<0><Console><Console>" changed cvar (cvar "sv_forcepreload") (value "1")
L 07/10/2025 - 21:27:45: [basecommands.smx] "Console<0><Console><Console>" changed cvar (cvar "sv_client_predict") (value "1")
L 07/10/2025 - 21:27:45: [basecommands.smx] "Console<0><Console><Console>" changed cvar (cvar "sv_client_cmdrate_difference") (value "0")
L 07/10/2025 - 21:27:45: [basecommands.smx] "Console<0><Console><Console>" changed cvar (cvar "sv_max_queries_sec_global") (value "10")
L 07/10/2025 - 21:27:45: [basecommands.smx] "Console<0><Console><Console>" changed cvar (cvar "sv_max_queries_sec") (value "3")
L 07/10/2025 - 21:27:45: [basecommands.smx] "Console<0><Console><Console>" changed cvar (cvar "sv_max_queries_window") (value "10")
L 07/10/2025 - 21:27:45: [basecommands.smx] "Console<0><Console><Console>" changed cvar (cvar "sv_player_stuck_tolerance") (value "5")
L 07/10/2025 - 21:27:45: [basecommands.smx] "Console<0><Console><Console>" changed cvar (cvar "sv_stats") (value "0")
L 07/10/2025 - 21:27:45: [basecommands.smx] "Console<0><Console><Console>" changed cvar (cvar "sv_clockcorrection_msecs") (value "25")
L 07/10/2025 - 21:27:45: [basecommands.smx] "Console<0><Console><Console>" changed cvar (cvar "survivor_max_incapacitated_count") (value "2")
L 07/10/2025 - 21:27:46: [fixes/firebulletsfix.smx] Found offset for Weapon_ShootPosition 286
L 07/10/2025 - 21:27:46: [optional/l4d2_item_hint.smx] 
==========
Warning: You should install "[L4D & L4D2] Use Priority Patch" to fix attached models blocking +USE action (item hint): https://forums.alliedmods.net/showthread.php?t=327511
==========

L 07/10/2025 - 21:27:46: [GEOIP] GeoIP2 database loaded: GeoLite2-Country (2023-12-22 14:46:10 UTC) (/root/Steam/steamapps/common/L4D21/left4dead2/addons/sourcemod/configs/geoip/GeoLite2-Country.mmdb)
L 07/10/2025 - 21:27:46: [GEOIP] GeoIP2 supported languages: de en es fr ja pt-BR ru zh-CN
L 07/10/2025 - 21:27:46: [GEOIP] Your database is older than 90 days. You should consider downloading a newer version from e.g. https://dev.maxmind.com/geoip/geolite2-free-geolocation-data
L 07/10/2025 - 21:27:50: -------- Mapchange to c2m1_highway --------
L 07/10/2025 - 21:27:51: [basecommands.smx] "Console<0><Console><Console>" changed cvar (cvar "confogl_match_execcfg_plugins") (value "generalfixes.cfg;confogl_plugins.cfg;sharedplugins.cfg")
L 07/10/2025 - 21:27:51: [basecommands.smx] "Console<0><Console><Console>" changed cvar (cvar "l4d2_addons_eclipse") (value "0")
L 07/10/2025 - 21:27:51: [basecommands.smx] "Console<0><Console><Console>" changed cvar (cvar "sv_allow_wait_command") (value "0")
L 07/10/2025 - 21:27:51: [basecommands.smx] "Console<0><Console><Console>" changed cvar (cvar "sv_minrate") (value "100000")
L 07/10/2025 - 21:27:51: [basecommands.smx] "Console<0><Console><Console>" changed cvar (cvar "sv_maxrate") (value "100000")
L 07/10/2025 - 21:27:51: [basecommands.smx] "Console<0><Console><Console>" changed cvar (cvar "sv_minupdaterate") (value "100")
L 07/10/2025 - 21:27:51: [basecommands.smx] "Console<0><Console><Console>" changed cvar (cvar "sv_maxupdaterate") (value "100")
L 07/10/2025 - 21:27:51: [basecommands.smx] "Console<0><Console><Console>" changed cvar (cvar "sv_mincmdrate") (value "100")
L 07/10/2025 - 21:27:51: [basecommands.smx] "Console<0><Console><Console>" changed cvar (cvar "sv_maxcmdrate") (value "100")
L 07/10/2025 - 21:27:51: [basecommands.smx] "Console<0><Console><Console>" changed cvar (cvar "sv_client_min_interp_ratio") (value "-1")
L 07/10/2025 - 21:27:51: [basecommands.smx] "Console<0><Console><Console>" changed cvar (cvar "sv_client_max_interp_ratio") (value "0")
L 07/10/2025 - 21:27:51: [basecommands.smx] "Console<0><Console><Console>" changed cvar (cvar "nb_update_frequency") (value "0.014")
L 07/10/2025 - 21:27:51: [basecommands.smx] "Console<0><Console><Console>" changed cvar (cvar "net_splitpacket_maxrate") (value "50000")
L 07/10/2025 - 21:27:51: [basecommands.smx] "Console<0><Console><Console>" changed cvar (cvar "net_maxcleartime") (value "0.0001")
L 07/10/2025 - 21:27:51: [basecommands.smx] "Console<0><Console><Console>" changed cvar (cvar "fps_max") (value "0")
L 07/10/2025 - 21:27:51: [basecommands.smx] "Console<0><Console><Console>" changed cvar (cvar "tick_door_speed") (value "1.3")
L 07/10/2025 - 21:27:51: [basecommands.smx] "Console<0><Console><Console>" changed cvar (cvar "mv_maxplayers") (value "30")
L 07/10/2025 - 21:27:51: [basecommands.smx] "Console<0><Console><Console>" changed cvar (cvar "mp_autoteambalance") (value "0")
L 07/10/2025 - 21:27:51: [basecommands.smx] "Console<0><Console><Console>" changed cvar (cvar "sv_unlag_fixstuck") (value "1")
L 07/10/2025 - 21:27:51: [basecommands.smx] "Console<0><Console><Console>" changed cvar (cvar "z_brawl_chance") (value "0")
L 07/10/2025 - 21:27:51: [basecommands.smx] "Console<0><Console><Console>" changed cvar (cvar "sv_maxunlag") (value "1")
L 07/10/2025 - 21:27:51: [basecommands.smx] "Console<0><Console><Console>" changed cvar (cvar "sv_forcepreload") (value "1")
L 07/10/2025 - 21:27:51: [basecommands.smx] "Console<0><Console><Console>" changed cvar (cvar "sv_client_predict") (value "1")
L 07/10/2025 - 21:27:51: [basecommands.smx] "Console<0><Console><Console>" changed cvar (cvar "sv_client_cmdrate_difference") (value "0")
L 07/10/2025 - 21:27:51: [basecommands.smx] "Console<0><Console><Console>" changed cvar (cvar "sv_max_queries_sec_global") (value "10")
L 07/10/2025 - 21:27:51: [basecommands.smx] "Console<0><Console><Console>" changed cvar (cvar "sv_max_queries_sec") (value "3")
L 07/10/2025 - 21:27:51: [basecommands.smx] "Console<0><Console><Console>" changed cvar (cvar "sv_max_queries_window") (value "10")
L 07/10/2025 - 21:27:51: [basecommands.smx] "Console<0><Console><Console>" changed cvar (cvar "sv_player_stuck_tolerance") (value "5")
L 07/10/2025 - 21:27:51: [basecommands.smx] "Console<0><Console><Console>" changed cvar (cvar "sv_stats") (value "0")
L 07/10/2025 - 21:27:51: [basecommands.smx] "Console<0><Console><Console>" changed cvar (cvar "sv_clockcorrection_msecs") (value "25")
L 07/10/2025 - 21:27:51: [basecommands.smx] "Console<0><Console><Console>" changed cvar (cvar "survivor_max_incapacitated_count") (value "2")
L 07/10/2025 - 21:27:53: [optional/l4d2_saferoom_item_remove.smx] Removed 0 saferoom item(s) (start: 0; end: 0).
L 07/10/2025 - 21:29:57: [playercommands.smx] "Kobe Bryant<9><STEAM_1:1:801237070><>" slapped "白井七ちゃん<3><STEAM_1:1:593866754><>" (damage "0")
L 07/10/2025 - 21:29:57: [playercommands.smx] "Kobe Bryant<9><STEAM_1:1:801237070><>" slapped "白井七ちゃん<3><STEAM_1:1:593866754><>" (damage "0")
L 07/10/2025 - 21:29:57: [playercommands.smx] "Kobe Bryant<9><STEAM_1:1:801237070><>" slapped "白井七ちゃん<3><STEAM_1:1:593866754><>" (damage "0")
L 07/10/2025 - 21:29:57: [playercommands.smx] "Kobe Bryant<9><STEAM_1:1:801237070><>" slapped "白井七ちゃん<3><STEAM_1:1:593866754><>" (damage "0")
L 07/10/2025 - 21:29:57: [playercommands.smx] "Kobe Bryant<9><STEAM_1:1:801237070><>" slapped "白井七ちゃん<3><STEAM_1:1:593866754><>" (damage "0")
L 07/10/2025 - 21:29:59: [playercommands.smx] "Kobe Bryant<9><STEAM_1:1:801237070><>" slapped "Kobe Bryant<9><STEAM_1:1:801237070><>" (damage "0")
L 07/10/2025 - 21:29:59: [playercommands.smx] "Kobe Bryant<9><STEAM_1:1:801237070><>" slapped "Kobe Bryant<9><STEAM_1:1:801237070><>" (damage "0")
L 07/10/2025 - 21:29:59: [playercommands.smx] "Kobe Bryant<9><STEAM_1:1:801237070><>" slapped "Kobe Bryant<9><STEAM_1:1:801237070><>" (damage "0")
L 07/10/2025 - 21:29:59: [playercommands.smx] "Kobe Bryant<9><STEAM_1:1:801237070><>" slapped "Kobe Bryant<9><STEAM_1:1:801237070><>" (damage "0")
L 07/10/2025 - 21:29:59: [playercommands.smx] "Kobe Bryant<9><STEAM_1:1:801237070><>" slapped "白井七ちゃん<3><STEAM_1:1:593866754><>" (damage "0")
L 07/10/2025 - 21:29:59: [playercommands.smx] "Kobe Bryant<9><STEAM_1:1:801237070><>" slapped "Kobe Bryant<9><STEAM_1:1:801237070><>" (damage "0")
L 07/10/2025 - 21:30:00: [playercommands.smx] "Kobe Bryant<9><STEAM_1:1:801237070><>" slapped "Kobe Bryant<9><STEAM_1:1:801237070><>" (damage "0")
L 07/10/2025 - 21:30:00: [playercommands.smx] "Kobe Bryant<9><STEAM_1:1:801237070><>" slapped "Kobe Bryant<9><STEAM_1:1:801237070><>" (damage "0")
L 07/10/2025 - 21:30:00: [playercommands.smx] "Kobe Bryant<9><STEAM_1:1:801237070><>" slapped "Kobe Bryant<9><STEAM_1:1:801237070><>" (damage "0")
L 07/10/2025 - 21:30:00: [playercommands.smx] "Kobe Bryant<9><STEAM_1:1:801237070><>" slapped "Kobe Bryant<9><STEAM_1:1:801237070><>" (damage "0")
L 07/10/2025 - 21:30:00: [playercommands.smx] "Kobe Bryant<9><STEAM_1:1:801237070><>" slapped "白井七ちゃん<3><STEAM_1:1:593866754><>" (damage "0")
L 07/10/2025 - 21:30:00: [playercommands.smx] "Kobe Bryant<9><STEAM_1:1:801237070><>" slapped "Kobe Bryant<9><STEAM_1:1:801237070><>" (damage "0")
L 07/10/2025 - 21:30:00: [playercommands.smx] "Kobe Bryant<9><STEAM_1:1:801237070><>" slapped "白井七ちゃん<3><STEAM_1:1:593866754><>" (damage "0")
L 07/10/2025 - 21:30:00: [playercommands.smx] "Kobe Bryant<9><STEAM_1:1:801237070><>" slapped "Kobe Bryant<9><STEAM_1:1:801237070><>" (damage "0")
L 07/10/2025 - 21:30:01: [playercommands.smx] "Kobe Bryant<9><STEAM_1:1:801237070><>" slapped "白井七ちゃん<3><STEAM_1:1:593866754><>" (damage "0")
L 07/10/2025 - 21:30:01: [playercommands.smx] "Kobe Bryant<9><STEAM_1:1:801237070><>" slapped "Kobe Bryant<9><STEAM_1:1:801237070><>" (damage "0")
L 07/10/2025 - 21:30:01: [playercommands.smx] "Kobe Bryant<9><STEAM_1:1:801237070><>" slapped "白井七ちゃん<3><STEAM_1:1:593866754><>" (damage "0")
L 07/10/2025 - 21:30:01: [playercommands.smx] "Kobe Bryant<9><STEAM_1:1:801237070><>" slapped "Kobe Bryant<9><STEAM_1:1:801237070><>" (damage "0")
L 07/10/2025 - 21:30:01: [playercommands.smx] "Kobe Bryant<9><STEAM_1:1:801237070><>" slapped "Kobe Bryant<9><STEAM_1:1:801237070><>" (damage "0")
L 07/10/2025 - 21:30:01: [playercommands.smx] "Kobe Bryant<9><STEAM_1:1:801237070><>" slapped "白井七ちゃん<3><STEAM_1:1:593866754><>" (damage "0")
L 07/10/2025 - 21:30:02: [playercommands.smx] "Kobe Bryant<9><STEAM_1:1:801237070><>" slapped "白井七ちゃん<3><STEAM_1:1:593866754><>" (damage "0")
L 07/10/2025 - 21:30:02: [playercommands.smx] "Kobe Bryant<9><STEAM_1:1:801237070><>" slapped "Tom<7><STEAM_1:0:845964559><>" (damage "0")
L 07/10/2025 - 21:30:02: [playercommands.smx] "Kobe Bryant<9><STEAM_1:1:801237070><>" slapped "白井七ちゃん<3><STEAM_1:1:593866754><>" (damage "0")
L 07/10/2025 - 21:30:02: [playercommands.smx] "Kobe Bryant<9><STEAM_1:1:801237070><>" slapped "Tom<7><STEAM_1:0:845964559><>" (damage "0")
L 07/10/2025 - 21:30:02: [playercommands.smx] "Kobe Bryant<9><STEAM_1:1:801237070><>" slapped "Kobe Bryant<9><STEAM_1:1:801237070><>" (damage "0")
L 07/10/2025 - 21:30:02: [playercommands.smx] "Kobe Bryant<9><STEAM_1:1:801237070><>" slapped "Tom<7><STEAM_1:0:845964559><>" (damage "0")
L 07/10/2025 - 21:30:02: [playercommands.smx] "Kobe Bryant<9><STEAM_1:1:801237070><>" slapped "白井七ちゃん<3><STEAM_1:1:593866754><>" (damage "0")
L 07/10/2025 - 21:30:02: [playercommands.smx] "Kobe Bryant<9><STEAM_1:1:801237070><>" slapped "Tom<7><STEAM_1:0:845964559><>" (damage "0")
L 07/10/2025 - 21:30:02: [playercommands.smx] "Kobe Bryant<9><STEAM_1:1:801237070><>" slapped "白井七ちゃん<3><STEAM_1:1:593866754><>" (damage "0")
L 07/10/2025 - 21:30:03: [playercommands.smx] "Kobe Bryant<9><STEAM_1:1:801237070><>" slapped "Tom<7><STEAM_1:0:845964559><>" (damage "0")
L 07/10/2025 - 21:30:03: [playercommands.smx] "Kobe Bryant<9><STEAM_1:1:801237070><>" slapped "Kobe Bryant<9><STEAM_1:1:801237070><>" (damage "0")
L 07/10/2025 - 21:30:03: [playercommands.smx] "Kobe Bryant<9><STEAM_1:1:801237070><>" slapped "Tom<7><STEAM_1:0:845964559><>" (damage "0")
L 07/10/2025 - 21:30:03: [playercommands.smx] "Kobe Bryant<9><STEAM_1:1:801237070><>" slapped "白井七ちゃん<3><STEAM_1:1:593866754><>" (damage "0")
L 07/10/2025 - 21:30:03: [playercommands.smx] "Kobe Bryant<9><STEAM_1:1:801237070><>" slapped "Tom<7><STEAM_1:0:845964559><>" (damage "0")
L 07/10/2025 - 21:30:03: [playercommands.smx] "Kobe Bryant<9><STEAM_1:1:801237070><>" slapped "白井七ちゃん<3><STEAM_1:1:593866754><>" (damage "0")
L 07/10/2025 - 21:30:03: [playercommands.smx] "Kobe Bryant<9><STEAM_1:1:801237070><>" slapped "Tom<7><STEAM_1:0:845964559><>" (damage "0")
L 07/10/2025 - 21:30:03: [playercommands.smx] "Kobe Bryant<9><STEAM_1:1:801237070><>" slapped "白井七ちゃん<3><STEAM_1:1:593866754><>" (damage "0")
L 07/10/2025 - 21:30:03: [playercommands.smx] "Kobe Bryant<9><STEAM_1:1:801237070><>" slapped "Tom<7><STEAM_1:0:845964559><>" (damage "0")
L 07/10/2025 - 21:30:03: [playercommands.smx] "Kobe Bryant<9><STEAM_1:1:801237070><>" slapped "Kobe Bryant<9><STEAM_1:1:801237070><>" (damage "0")
L 07/10/2025 - 21:30:03: [playercommands.smx] "Kobe Bryant<9><STEAM_1:1:801237070><>" slapped "Tom<7><STEAM_1:0:845964559><>" (damage "0")
L 07/10/2025 - 21:30:04: [playercommands.smx] "Kobe Bryant<9><STEAM_1:1:801237070><>" slapped "白井七ちゃん<3><STEAM_1:1:593866754><>" (damage "0")
L 07/10/2025 - 21:30:04: [playercommands.smx] "Kobe Bryant<9><STEAM_1:1:801237070><>" slapped "Tom<7><STEAM_1:0:845964559><>" (damage "0")
L 07/10/2025 - 21:30:04: [playercommands.smx] "Kobe Bryant<9><STEAM_1:1:801237070><>" slapped "白井七ちゃん<3><STEAM_1:1:593866754><>" (damage "0")
L 07/10/2025 - 21:30:04: [playercommands.smx] "Kobe Bryant<9><STEAM_1:1:801237070><>" slapped "白井七ちゃん<3><STEAM_1:1:593866754><>" (damage "0")
L 07/10/2025 - 21:30:04: [playercommands.smx] "Kobe Bryant<9><STEAM_1:1:801237070><>" slapped "Tom<7><STEAM_1:0:845964559><>" (damage "0")
L 07/10/2025 - 21:30:04: [playercommands.smx] "Kobe Bryant<9><STEAM_1:1:801237070><>" slapped "白井七ちゃん<3><STEAM_1:1:593866754><>" (damage "0")
L 07/10/2025 - 21:30:04: [playercommands.smx] "Kobe Bryant<9><STEAM_1:1:801237070><>" slapped "Tom<7><STEAM_1:0:845964559><>" (damage "0")
L 07/10/2025 - 21:30:04: [playercommands.smx] "Kobe Bryant<9><STEAM_1:1:801237070><>" slapped "白井七ちゃん<3><STEAM_1:1:593866754><>" (damage "0")
L 07/10/2025 - 21:30:04: [playercommands.smx] "Kobe Bryant<9><STEAM_1:1:801237070><>" slapped "白井七ちゃん<3><STEAM_1:1:593866754><>" (damage "0")
L 07/10/2025 - 21:30:05: [playercommands.smx] "Kobe Bryant<9><STEAM_1:1:801237070><>" slapped "Tom<7><STEAM_1:0:845964559><>" (damage "0")
L 07/10/2025 - 21:30:05: [playercommands.smx] "Kobe Bryant<9><STEAM_1:1:801237070><>" slapped "Kobe Bryant<9><STEAM_1:1:801237070><>" (damage "0")
L 07/10/2025 - 21:30:05: [playercommands.smx] "Kobe Bryant<9><STEAM_1:1:801237070><>" slapped "白井七ちゃん<3><STEAM_1:1:593866754><>" (damage "0")
L 07/10/2025 - 21:30:05: [playercommands.smx] "Kobe Bryant<9><STEAM_1:1:801237070><>" slapped "Tom<7><STEAM_1:0:845964559><>" (damage "0")
L 07/10/2025 - 21:30:05: [playercommands.smx] "Kobe Bryant<9><STEAM_1:1:801237070><>" slapped "白井七ちゃん<3><STEAM_1:1:593866754><>" (damage "0")
L 07/10/2025 - 21:30:05: [playercommands.smx] "Kobe Bryant<9><STEAM_1:1:801237070><>" slapped "Kobe Bryant<9><STEAM_1:1:801237070><>" (damage "0")
L 07/10/2025 - 21:30:06: [playercommands.smx] "Kobe Bryant<9><STEAM_1:1:801237070><>" slapped "白井七ちゃん<3><STEAM_1:1:593866754><>" (damage "0")
L 07/10/2025 - 21:30:06: [playercommands.smx] "Kobe Bryant<9><STEAM_1:1:801237070><>" slapped "Tom<7><STEAM_1:0:845964559><>" (damage "0")
L 07/10/2025 - 21:30:06: [playercommands.smx] "Kobe Bryant<9><STEAM_1:1:801237070><>" slapped "白井七ちゃん<3><STEAM_1:1:593866754><>" (damage "0")
L 07/10/2025 - 21:30:06: [playercommands.smx] "Kobe Bryant<9><STEAM_1:1:801237070><>" slapped "Tom<7><STEAM_1:0:845964559><>" (damage "0")
L 07/10/2025 - 21:30:08: [playercommands.smx] "Kobe Bryant<9><STEAM_1:1:801237070><>" slapped "白井七ちゃん<3><STEAM_1:1:593866754><>" (damage "0")
L 07/10/2025 - 21:30:08: [playercommands.smx] "Kobe Bryant<9><STEAM_1:1:801237070><>" slapped "白井七ちゃん<3><STEAM_1:1:593866754><>" (damage "0")
L 07/10/2025 - 21:30:09: [playercommands.smx] "Kobe Bryant<9><STEAM_1:1:801237070><>" slapped "Kobe Bryant<9><STEAM_1:1:801237070><>" (damage "0")
L 07/10/2025 - 21:30:09: [playercommands.smx] "Kobe Bryant<9><STEAM_1:1:801237070><>" slapped "Kobe Bryant<9><STEAM_1:1:801237070><>" (damage "0")
L 07/10/2025 - 21:30:09: [playercommands.smx] "Kobe Bryant<9><STEAM_1:1:801237070><>" slapped "Kobe Bryant<9><STEAM_1:1:801237070><>" (damage "0")
L 07/10/2025 - 21:30:09: [playercommands.smx] "Kobe Bryant<9><STEAM_1:1:801237070><>" slapped "Kobe Bryant<9><STEAM_1:1:801237070><>" (damage "0")
L 07/10/2025 - 21:30:09: [playercommands.smx] "Kobe Bryant<9><STEAM_1:1:801237070><>" slapped "Kobe Bryant<9><STEAM_1:1:801237070><>" (damage "0")
L 07/10/2025 - 21:30:09: [playercommands.smx] "Kobe Bryant<9><STEAM_1:1:801237070><>" slapped "Kobe Bryant<9><STEAM_1:1:801237070><>" (damage "0")
L 07/10/2025 - 21:30:10: [playercommands.smx] "Kobe Bryant<9><STEAM_1:1:801237070><>" slapped "Kobe Bryant<9><STEAM_1:1:801237070><>" (damage "0")
L 07/10/2025 - 21:30:10: [playercommands.smx] "Kobe Bryant<9><STEAM_1:1:801237070><>" slapped "Kobe Bryant<9><STEAM_1:1:801237070><>" (damage "0")
L 07/10/2025 - 21:30:11: [playercommands.smx] "Kobe Bryant<9><STEAM_1:1:801237070><>" slapped "Kobe Bryant<9><STEAM_1:1:801237070><>" (damage "0")
L 07/10/2025 - 21:30:11: [playercommands.smx] "Kobe Bryant<9><STEAM_1:1:801237070><>" slapped "Kobe Bryant<9><STEAM_1:1:801237070><>" (damage "0")
L 07/10/2025 - 21:30:12: [playercommands.smx] "Kobe Bryant<9><STEAM_1:1:801237070><>" slapped "Kobe Bryant<9><STEAM_1:1:801237070><>" (damage "0")
L 07/10/2025 - 21:30:12: [playercommands.smx] "Kobe Bryant<9><STEAM_1:1:801237070><>" slapped "Kobe Bryant<9><STEAM_1:1:801237070><>" (damage "0")
L 07/10/2025 - 21:30:12: [playercommands.smx] "Kobe Bryant<9><STEAM_1:1:801237070><>" slapped "Kobe Bryant<9><STEAM_1:1:801237070><>" (damage "0")
L 07/10/2025 - 21:30:12: [playercommands.smx] "Kobe Bryant<9><STEAM_1:1:801237070><>" slapped "Kobe Bryant<9><STEAM_1:1:801237070><>" (damage "0")
L 07/10/2025 - 21:30:12: [playercommands.smx] "Kobe Bryant<9><STEAM_1:1:801237070><>" slapped "Kobe Bryant<9><STEAM_1:1:801237070><>" (damage "0")
L 07/10/2025 - 21:30:13: [playercommands.smx] "Kobe Bryant<9><STEAM_1:1:801237070><>" slapped "Kobe Bryant<9><STEAM_1:1:801237070><>" (damage "0")
L 07/10/2025 - 21:30:13: [playercommands.smx] "Kobe Bryant<9><STEAM_1:1:801237070><>" slapped "Kobe Bryant<9><STEAM_1:1:801237070><>" (damage "0")
L 07/10/2025 - 21:30:14: [playercommands.smx] "Kobe Bryant<9><STEAM_1:1:801237070><>" slapped "Kobe Bryant<9><STEAM_1:1:801237070><>" (damage "0")
L 07/10/2025 - 21:30:14: [playercommands.smx] "Kobe Bryant<9><STEAM_1:1:801237070><>" slapped "Kobe Bryant<9><STEAM_1:1:801237070><>" (damage "0")
L 07/10/2025 - 21:30:14: [playercommands.smx] "Kobe Bryant<9><STEAM_1:1:801237070><>" slapped "Kobe Bryant<9><STEAM_1:1:801237070><>" (damage "0")
L 07/10/2025 - 21:30:14: [playercommands.smx] "Kobe Bryant<9><STEAM_1:1:801237070><>" slapped "Kobe Bryant<9><STEAM_1:1:801237070><>" (damage "0")
L 07/10/2025 - 21:30:14: [playercommands.smx] "Kobe Bryant<9><STEAM_1:1:801237070><>" slapped "Kobe Bryant<9><STEAM_1:1:801237070><>" (damage "0")
L 07/10/2025 - 21:30:15: [playercommands.smx] "Kobe Bryant<9><STEAM_1:1:801237070><>" slapped "Kobe Bryant<9><STEAM_1:1:801237070><>" (damage "0")
L 07/10/2025 - 21:30:15: [playercommands.smx] "Kobe Bryant<9><STEAM_1:1:801237070><>" slapped "Kobe Bryant<9><STEAM_1:1:801237070><>" (damage "0")
L 07/10/2025 - 21:30:15: [playercommands.smx] "Kobe Bryant<9><STEAM_1:1:801237070><>" slapped "Kobe Bryant<9><STEAM_1:1:801237070><>" (damage "0")
L 07/10/2025 - 21:30:15: [playercommands.smx] "Kobe Bryant<9><STEAM_1:1:801237070><>" slapped "Kobe Bryant<9><STEAM_1:1:801237070><>" (damage "0")
L 07/10/2025 - 21:30:15: [playercommands.smx] "Kobe Bryant<9><STEAM_1:1:801237070><>" slapped "Kobe Bryant<9><STEAM_1:1:801237070><>" (damage "0")
L 07/10/2025 - 21:30:16: [playercommands.smx] "Kobe Bryant<9><STEAM_1:1:801237070><>" slapped "Kobe Bryant<9><STEAM_1:1:801237070><>" (damage "0")
L 07/10/2025 - 21:30:16: [playercommands.smx] "Kobe Bryant<9><STEAM_1:1:801237070><>" slapped "Kobe Bryant<9><STEAM_1:1:801237070><>" (damage "0")
L 07/10/2025 - 21:30:16: [playercommands.smx] "Kobe Bryant<9><STEAM_1:1:801237070><>" slapped "Kobe Bryant<9><STEAM_1:1:801237070><>" (damage "0")
L 07/10/2025 - 21:30:17: [playercommands.smx] "Kobe Bryant<9><STEAM_1:1:801237070><>" slapped "Kobe Bryant<9><STEAM_1:1:801237070><>" (damage "0")
L 07/10/2025 - 21:30:17: [playercommands.smx] "Kobe Bryant<9><STEAM_1:1:801237070><>" slapped "Kobe Bryant<9><STEAM_1:1:801237070><>" (damage "0")
L 07/10/2025 - 21:30:17: [playercommands.smx] "Kobe Bryant<9><STEAM_1:1:801237070><>" slapped "Kobe Bryant<9><STEAM_1:1:801237070><>" (damage "0")
L 07/10/2025 - 21:30:17: [playercommands.smx] "Kobe Bryant<9><STEAM_1:1:801237070><>" slapped "Kobe Bryant<9><STEAM_1:1:801237070><>" (damage "0")
L 07/10/2025 - 21:30:17: [playercommands.smx] "Kobe Bryant<9><STEAM_1:1:801237070><>" slapped "Kobe Bryant<9><STEAM_1:1:801237070><>" (damage "0")
L 07/10/2025 - 21:30:17: [playercommands.smx] "Kobe Bryant<9><STEAM_1:1:801237070><>" slapped "Kobe Bryant<9><STEAM_1:1:801237070><>" (damage "0")
L 07/10/2025 - 21:30:18: [playercommands.smx] "Kobe Bryant<9><STEAM_1:1:801237070><>" slapped "Kobe Bryant<9><STEAM_1:1:801237070><>" (damage "0")
L 07/10/2025 - 21:30:18: [playercommands.smx] "Kobe Bryant<9><STEAM_1:1:801237070><>" slapped "Kobe Bryant<9><STEAM_1:1:801237070><>" (damage "0")
L 07/10/2025 - 21:30:19: [playercommands.smx] "Kobe Bryant<9><STEAM_1:1:801237070><>" slapped "Kobe Bryant<9><STEAM_1:1:801237070><>" (damage "0")
L 07/10/2025 - 21:30:19: [playercommands.smx] "Kobe Bryant<9><STEAM_1:1:801237070><>" slapped "Kobe Bryant<9><STEAM_1:1:801237070><>" (damage "0")
L 07/10/2025 - 21:30:19: [playercommands.smx] "Kobe Bryant<9><STEAM_1:1:801237070><>" slapped "Kobe Bryant<9><STEAM_1:1:801237070><>" (damage "0")
L 07/10/2025 - 21:30:19: [playercommands.smx] "Kobe Bryant<9><STEAM_1:1:801237070><>" slapped "Kobe Bryant<9><STEAM_1:1:801237070><>" (damage "0")
L 07/10/2025 - 21:30:22: [playercommands.smx] "Kobe Bryant<9><STEAM_1:1:801237070><>" slapped "Kobe Bryant<9><STEAM_1:1:801237070><>" (damage "0")
L 07/10/2025 - 21:30:22: [playercommands.smx] "Kobe Bryant<9><STEAM_1:1:801237070><>" slapped "Kobe Bryant<9><STEAM_1:1:801237070><>" (damage "0")
L 07/10/2025 - 21:30:22: [playercommands.smx] "Kobe Bryant<9><STEAM_1:1:801237070><>" slapped "Kobe Bryant<9><STEAM_1:1:801237070><>" (damage "0")
L 07/10/2025 - 21:30:23: [playercommands.smx] "Kobe Bryant<9><STEAM_1:1:801237070><>" slapped "Kobe Bryant<9><STEAM_1:1:801237070><>" (damage "0")
L 07/10/2025 - 21:30:23: [playercommands.smx] "Kobe Bryant<9><STEAM_1:1:801237070><>" slapped "Kobe Bryant<9><STEAM_1:1:801237070><>" (damage "0")
L 07/10/2025 - 21:30:23: [playercommands.smx] "Kobe Bryant<9><STEAM_1:1:801237070><>" slapped "Kobe Bryant<9><STEAM_1:1:801237070><>" (damage "0")
L 07/10/2025 - 21:30:23: [playercommands.smx] "Kobe Bryant<9><STEAM_1:1:801237070><>" slapped "Kobe Bryant<9><STEAM_1:1:801237070><>" (damage "0")
L 07/10/2025 - 21:30:23: [playercommands.smx] "Kobe Bryant<9><STEAM_1:1:801237070><>" slapped "Kobe Bryant<9><STEAM_1:1:801237070><>" (damage "0")
L 07/10/2025 - 21:30:23: [playercommands.smx] "Kobe Bryant<9><STEAM_1:1:801237070><>" slapped "Kobe Bryant<9><STEAM_1:1:801237070><>" (damage "0")
L 07/10/2025 - 21:30:24: [playercommands.smx] "Kobe Bryant<9><STEAM_1:1:801237070><>" slapped "Kobe Bryant<9><STEAM_1:1:801237070><>" (damage "0")
L 07/10/2025 - 21:30:24: [playercommands.smx] "Kobe Bryant<9><STEAM_1:1:801237070><>" slapped "Kobe Bryant<9><STEAM_1:1:801237070><>" (damage "0")
L 07/10/2025 - 21:30:24: [playercommands.smx] "Kobe Bryant<9><STEAM_1:1:801237070><>" slapped "Kobe Bryant<9><STEAM_1:1:801237070><>" (damage "0")
L 07/10/2025 - 21:30:24: [playercommands.smx] "Kobe Bryant<9><STEAM_1:1:801237070><>" slapped "Kobe Bryant<9><STEAM_1:1:801237070><>" (damage "0")
L 07/10/2025 - 21:30:24: [playercommands.smx] "Kobe Bryant<9><STEAM_1:1:801237070><>" slapped "Kobe Bryant<9><STEAM_1:1:801237070><>" (damage "0")
L 07/10/2025 - 21:30:24: [playercommands.smx] "Kobe Bryant<9><STEAM_1:1:801237070><>" slapped "Kobe Bryant<9><STEAM_1:1:801237070><>" (damage "0")
L 07/10/2025 - 21:30:25: [playercommands.smx] "Kobe Bryant<9><STEAM_1:1:801237070><>" slapped "Kobe Bryant<9><STEAM_1:1:801237070><>" (damage "0")
L 07/10/2025 - 21:30:25: [playercommands.smx] "Kobe Bryant<9><STEAM_1:1:801237070><>" slapped "Kobe Bryant<9><STEAM_1:1:801237070><>" (damage "0")
L 07/10/2025 - 21:30:25: [playercommands.smx] "Kobe Bryant<9><STEAM_1:1:801237070><>" slapped "Kobe Bryant<9><STEAM_1:1:801237070><>" (damage "0")
L 07/10/2025 - 21:30:25: [playercommands.smx] "Kobe Bryant<9><STEAM_1:1:801237070><>" slapped "Kobe Bryant<9><STEAM_1:1:801237070><>" (damage "0")
L 07/10/2025 - 21:30:25: [playercommands.smx] "Kobe Bryant<9><STEAM_1:1:801237070><>" slapped "Kobe Bryant<9><STEAM_1:1:801237070><>" (damage "0")
L 07/10/2025 - 21:30:26: [playercommands.smx] "Kobe Bryant<9><STEAM_1:1:801237070><>" slapped "Kobe Bryant<9><STEAM_1:1:801237070><>" (damage "0")
L 07/10/2025 - 21:30:26: [playercommands.smx] "Kobe Bryant<9><STEAM_1:1:801237070><>" slapped "Kobe Bryant<9><STEAM_1:1:801237070><>" (damage "0")
L 07/10/2025 - 21:30:26: [playercommands.smx] "Kobe Bryant<9><STEAM_1:1:801237070><>" slapped "Kobe Bryant<9><STEAM_1:1:801237070><>" (damage "0")
L 07/10/2025 - 21:30:27: [playercommands.smx] "Kobe Bryant<9><STEAM_1:1:801237070><>" slapped "Kobe Bryant<9><STEAM_1:1:801237070><>" (damage "0")
L 07/10/2025 - 21:30:27: [playercommands.smx] "Kobe Bryant<9><STEAM_1:1:801237070><>" slapped "Kobe Bryant<9><STEAM_1:1:801237070><>" (damage "0")
L 07/10/2025 - 21:30:27: [playercommands.smx] "Kobe Bryant<9><STEAM_1:1:801237070><>" slapped "Kobe Bryant<9><STEAM_1:1:801237070><>" (damage "0")
L 07/10/2025 - 21:30:27: [playercommands.smx] "Kobe Bryant<9><STEAM_1:1:801237070><>" slapped "Kobe Bryant<9><STEAM_1:1:801237070><>" (damage "0")
L 07/10/2025 - 21:30:27: [playercommands.smx] "Kobe Bryant<9><STEAM_1:1:801237070><>" slapped "Kobe Bryant<9><STEAM_1:1:801237070><>" (damage "0")
L 07/10/2025 - 21:30:27: [playercommands.smx] "Kobe Bryant<9><STEAM_1:1:801237070><>" slapped "Kobe Bryant<9><STEAM_1:1:801237070><>" (damage "0")
L 07/10/2025 - 21:30:28: [playercommands.smx] "Kobe Bryant<9><STEAM_1:1:801237070><>" slapped "Kobe Bryant<9><STEAM_1:1:801237070><>" (damage "0")
L 07/10/2025 - 21:30:28: [playercommands.smx] "Kobe Bryant<9><STEAM_1:1:801237070><>" slapped "Kobe Bryant<9><STEAM_1:1:801237070><>" (damage "0")
L 07/10/2025 - 21:30:28: [playercommands.smx] "Kobe Bryant<9><STEAM_1:1:801237070><>" slapped "Kobe Bryant<9><STEAM_1:1:801237070><>" (damage "0")
L 07/10/2025 - 21:30:29: [playercommands.smx] "Kobe Bryant<9><STEAM_1:1:801237070><>" slapped "Kobe Bryant<9><STEAM_1:1:801237070><>" (damage "0")
L 07/10/2025 - 21:30:29: [playercommands.smx] "Kobe Bryant<9><STEAM_1:1:801237070><>" slapped "Kobe Bryant<9><STEAM_1:1:801237070><>" (damage "0")
L 07/10/2025 - 21:30:29: [playercommands.smx] "Kobe Bryant<9><STEAM_1:1:801237070><>" slapped "Kobe Bryant<9><STEAM_1:1:801237070><>" (damage "0")
L 07/10/2025 - 21:30:29: [playercommands.smx] "Kobe Bryant<9><STEAM_1:1:801237070><>" slapped "Kobe Bryant<9><STEAM_1:1:801237070><>" (damage "0")
L 07/10/2025 - 21:30:29: [playercommands.smx] "Kobe Bryant<9><STEAM_1:1:801237070><>" slapped "Kobe Bryant<9><STEAM_1:1:801237070><>" (damage "0")
L 07/10/2025 - 21:30:30: [playercommands.smx] "Kobe Bryant<9><STEAM_1:1:801237070><>" slapped "Kobe Bryant<9><STEAM_1:1:801237070><>" (damage "0")
L 07/10/2025 - 21:30:30: [playercommands.smx] "Kobe Bryant<9><STEAM_1:1:801237070><>" slapped "Kobe Bryant<9><STEAM_1:1:801237070><>" (damage "0")
L 07/10/2025 - 21:30:30: [playercommands.smx] "Kobe Bryant<9><STEAM_1:1:801237070><>" slapped "Kobe Bryant<9><STEAM_1:1:801237070><>" (damage "0")
L 07/10/2025 - 21:30:30: [playercommands.smx] "Kobe Bryant<9><STEAM_1:1:801237070><>" slapped "Kobe Bryant<9><STEAM_1:1:801237070><>" (damage "0")
L 07/10/2025 - 21:30:30: [playercommands.smx] "Kobe Bryant<9><STEAM_1:1:801237070><>" slapped "Kobe Bryant<9><STEAM_1:1:801237070><>" (damage "0")
L 07/10/2025 - 21:30:31: [playercommands.smx] "Kobe Bryant<9><STEAM_1:1:801237070><>" slapped "Kobe Bryant<9><STEAM_1:1:801237070><>" (damage "0")
L 07/10/2025 - 21:30:31: [playercommands.smx] "Kobe Bryant<9><STEAM_1:1:801237070><>" slapped "Kobe Bryant<9><STEAM_1:1:801237070><>" (damage "0")
L 07/10/2025 - 21:30:31: [playercommands.smx] "Kobe Bryant<9><STEAM_1:1:801237070><>" slapped "Kobe Bryant<9><STEAM_1:1:801237070><>" (damage "0")
L 07/10/2025 - 21:30:32: [playercommands.smx] "Kobe Bryant<9><STEAM_1:1:801237070><>" slapped "Kobe Bryant<9><STEAM_1:1:801237070><>" (damage "0")
L 07/10/2025 - 21:30:32: [playercommands.smx] "Kobe Bryant<9><STEAM_1:1:801237070><>" slapped "Kobe Bryant<9><STEAM_1:1:801237070><>" (damage "0")
L 07/10/2025 - 21:30:32: [playercommands.smx] "Kobe Bryant<9><STEAM_1:1:801237070><>" slapped "Kobe Bryant<9><STEAM_1:1:801237070><>" (damage "0")
L 07/10/2025 - 21:30:32: [playercommands.smx] "Kobe Bryant<9><STEAM_1:1:801237070><>" slapped "Kobe Bryant<9><STEAM_1:1:801237070><>" (damage "0")
L 07/10/2025 - 21:30:32: [playercommands.smx] "Kobe Bryant<9><STEAM_1:1:801237070><>" slapped "Kobe Bryant<9><STEAM_1:1:801237070><>" (damage "0")
L 07/10/2025 - 21:30:32: [playercommands.smx] "Kobe Bryant<9><STEAM_1:1:801237070><>" slapped "Kobe Bryant<9><STEAM_1:1:801237070><>" (damage "0")
L 07/10/2025 - 21:30:32: [playercommands.smx] "Kobe Bryant<9><STEAM_1:1:801237070><>" slapped "Kobe Bryant<9><STEAM_1:1:801237070><>" (damage "0")
L 07/10/2025 - 21:30:32: [playercommands.smx] "Kobe Bryant<9><STEAM_1:1:801237070><>" slapped "Kobe Bryant<9><STEAM_1:1:801237070><>" (damage "0")
L 07/10/2025 - 21:30:33: [playercommands.smx] "Kobe Bryant<9><STEAM_1:1:801237070><>" slapped "Kobe Bryant<9><STEAM_1:1:801237070><>" (damage "0")
L 07/10/2025 - 21:30:33: [playercommands.smx] "Kobe Bryant<9><STEAM_1:1:801237070><>" slapped "Kobe Bryant<9><STEAM_1:1:801237070><>" (damage "0")
L 07/10/2025 - 21:30:33: [playercommands.smx] "Kobe Bryant<9><STEAM_1:1:801237070><>" slapped "Kobe Bryant<9><STEAM_1:1:801237070><>" (damage "0")
L 07/10/2025 - 21:30:33: [playercommands.smx] "Kobe Bryant<9><STEAM_1:1:801237070><>" slapped "Kobe Bryant<9><STEAM_1:1:801237070><>" (damage "0")
L 07/10/2025 - 21:30:33: [playercommands.smx] "Kobe Bryant<9><STEAM_1:1:801237070><>" slapped "Kobe Bryant<9><STEAM_1:1:801237070><>" (damage "0")
L 07/10/2025 - 21:30:33: [playercommands.smx] "Kobe Bryant<9><STEAM_1:1:801237070><>" slapped "Kobe Bryant<9><STEAM_1:1:801237070><>" (damage "0")
L 07/10/2025 - 21:30:33: [playercommands.smx] "Kobe Bryant<9><STEAM_1:1:801237070><>" slapped "Kobe Bryant<9><STEAM_1:1:801237070><>" (damage "0")
L 07/10/2025 - 21:30:34: [playercommands.smx] "Kobe Bryant<9><STEAM_1:1:801237070><>" slapped "Kobe Bryant<9><STEAM_1:1:801237070><>" (damage "0")
L 07/10/2025 - 21:30:34: [playercommands.smx] "Kobe Bryant<9><STEAM_1:1:801237070><>" slapped "Kobe Bryant<9><STEAM_1:1:801237070><>" (damage "0")
L 07/10/2025 - 21:31:28: [funcommands.smx] "Kobe Bryant<9><STEAM_1:1:801237070><>" ignited "Kobe Bryant<9><STEAM_1:1:801237070><>" (seconds "20.000000")
L 07/10/2025 - 21:31:40: [funcommands.smx] "Kobe Bryant<9><STEAM_1:1:801237070><>" set a beacon on "Kobe Bryant<9><STEAM_1:1:801237070><>"
L 07/10/2025 - 21:31:46: [funcommands.smx] "Kobe Bryant<9><STEAM_1:1:801237070><>" removed a beacon on "Kobe Bryant<9><STEAM_1:1:801237070><>"
L 07/10/2025 - 21:31:53: [funcommands.smx] "Kobe Bryant<9><STEAM_1:1:801237070><>" set a TimeBomb on "Kobe Bryant<9><STEAM_1:1:801237070><>"
L 07/10/2025 - 21:31:59: [funcommands.smx] "Kobe Bryant<9><STEAM_1:1:801237070><>" set a TimeBomb on "白井七ちゃん<3><STEAM_1:1:593866754><>"
L 07/10/2025 - 21:31:59: [funcommands.smx] "Kobe Bryant<9><STEAM_1:1:801237070><>" set a TimeBomb on "狗能岭光扣屁<10><STEAM_1:0:502610040><>"
L 07/10/2025 - 21:32:00: [funcommands.smx] "Kobe Bryant<9><STEAM_1:1:801237070><>" set a TimeBomb on "yumo<11><STEAM_1:0:768344490><>"
L 07/10/2025 - 21:32:01: [funcommands.smx] "Kobe Bryant<9><STEAM_1:1:801237070><>" set a TimeBomb on "Tom<7><STEAM_1:0:845964559><>"
L 07/10/2025 - 21:32:26: [funcommands.smx] "Kobe Bryant<9><STEAM_1:1:801237070><>" set a TimeBomb on "Nick<8><BOT><>"
L 07/10/2025 - 21:32:34: [funcommands.smx] "Kobe Bryant<9><STEAM_1:1:801237070><>" set a TimeBomb on "Tom<7><STEAM_1:0:845964559><>"
L 07/10/2025 - 21:32:40: [funcommands.smx] "Kobe Bryant<9><STEAM_1:1:801237070><>" set a TimeBomb on "白井七ちゃん<3><STEAM_1:1:593866754><>"
L 07/10/2025 - 21:32:40: [funcommands.smx] "Kobe Bryant<9><STEAM_1:1:801237070><>" set a TimeBomb on "Kobe Bryant<9><STEAM_1:1:801237070><>"
L 07/10/2025 - 21:33:08: [optional/l4d2_saferoom_item_remove.smx] Removed 0 saferoom item(s) (start: 0; end: 0).
L 07/10/2025 - 21:33:09: -------- Mapchange to c2m1_highway --------
L 07/10/2025 - 21:33:10: [basecommands.smx] "Console<0><Console><Console>" changed cvar (cvar "confogl_match_execcfg_plugins") (value "generalfixes.cfg;confogl_plugins.cfg;sharedplugins.cfg")
L 07/10/2025 - 21:33:10: [basecommands.smx] "Console<0><Console><Console>" changed cvar (cvar "l4d2_addons_eclipse") (value "0")
L 07/10/2025 - 21:33:10: [basecommands.smx] "Console<0><Console><Console>" changed cvar (cvar "sv_allow_wait_command") (value "0")
L 07/10/2025 - 21:33:10: [basecommands.smx] "Console<0><Console><Console>" changed cvar (cvar "sv_minrate") (value "100000")
L 07/10/2025 - 21:33:10: [basecommands.smx] "Console<0><Console><Console>" changed cvar (cvar "sv_maxrate") (value "100000")
L 07/10/2025 - 21:33:10: [basecommands.smx] "Console<0><Console><Console>" changed cvar (cvar "sv_minupdaterate") (value "100")
L 07/10/2025 - 21:33:10: [basecommands.smx] "Console<0><Console><Console>" changed cvar (cvar "sv_maxupdaterate") (value "100")
L 07/10/2025 - 21:33:10: [basecommands.smx] "Console<0><Console><Console>" changed cvar (cvar "sv_mincmdrate") (value "100")
L 07/10/2025 - 21:33:10: [basecommands.smx] "Console<0><Console><Console>" changed cvar (cvar "sv_maxcmdrate") (value "100")
L 07/10/2025 - 21:33:10: [basecommands.smx] "Console<0><Console><Console>" changed cvar (cvar "sv_client_min_interp_ratio") (value "-1")
L 07/10/2025 - 21:33:10: [basecommands.smx] "Console<0><Console><Console>" changed cvar (cvar "sv_client_max_interp_ratio") (value "0")
L 07/10/2025 - 21:33:10: [basecommands.smx] "Console<0><Console><Console>" changed cvar (cvar "nb_update_frequency") (value "0.014")
L 07/10/2025 - 21:33:10: [basecommands.smx] "Console<0><Console><Console>" changed cvar (cvar "net_splitpacket_maxrate") (value "50000")
L 07/10/2025 - 21:33:10: [basecommands.smx] "Console<0><Console><Console>" changed cvar (cvar "net_maxcleartime") (value "0.0001")
L 07/10/2025 - 21:33:10: [basecommands.smx] "Console<0><Console><Console>" changed cvar (cvar "fps_max") (value "0")
L 07/10/2025 - 21:33:10: [basecommands.smx] "Console<0><Console><Console>" changed cvar (cvar "tick_door_speed") (value "1.3")
L 07/10/2025 - 21:33:10: [basecommands.smx] "Console<0><Console><Console>" changed cvar (cvar "mv_maxplayers") (value "30")
L 07/10/2025 - 21:33:10: [basecommands.smx] "Console<0><Console><Console>" changed cvar (cvar "mp_autoteambalance") (value "0")
L 07/10/2025 - 21:33:10: [basecommands.smx] "Console<0><Console><Console>" changed cvar (cvar "sv_unlag_fixstuck") (value "1")
L 07/10/2025 - 21:33:10: [basecommands.smx] "Console<0><Console><Console>" changed cvar (cvar "z_brawl_chance") (value "0")
L 07/10/2025 - 21:33:10: [basecommands.smx] "Console<0><Console><Console>" changed cvar (cvar "sv_maxunlag") (value "1")
L 07/10/2025 - 21:33:10: [basecommands.smx] "Console<0><Console><Console>" changed cvar (cvar "sv_forcepreload") (value "1")
L 07/10/2025 - 21:33:10: [basecommands.smx] "Console<0><Console><Console>" changed cvar (cvar "sv_client_predict") (value "1")
L 07/10/2025 - 21:33:10: [basecommands.smx] "Console<0><Console><Console>" changed cvar (cvar "sv_client_cmdrate_difference") (value "0")
L 07/10/2025 - 21:33:10: [basecommands.smx] "Console<0><Console><Console>" changed cvar (cvar "sv_max_queries_sec_global") (value "10")
L 07/10/2025 - 21:33:10: [basecommands.smx] "Console<0><Console><Console>" changed cvar (cvar "sv_max_queries_sec") (value "3")
L 07/10/2025 - 21:33:10: [basecommands.smx] "Console<0><Console><Console>" changed cvar (cvar "sv_max_queries_window") (value "10")
L 07/10/2025 - 21:33:10: [basecommands.smx] "Console<0><Console><Console>" changed cvar (cvar "sv_player_stuck_tolerance") (value "5")
L 07/10/2025 - 21:33:10: [basecommands.smx] "Console<0><Console><Console>" changed cvar (cvar "sv_stats") (value "0")
L 07/10/2025 - 21:33:10: [basecommands.smx] "Console<0><Console><Console>" changed cvar (cvar "sv_clockcorrection_msecs") (value "25")
L 07/10/2025 - 21:33:10: [basecommands.smx] "Console<0><Console><Console>" changed cvar (cvar "survivor_max_incapacitated_count") (value "2")
L 07/10/2025 - 21:33:12: [optional/l4d2_saferoom_item_remove.smx] Removed 0 saferoom item(s) (start: 0; end: 0).
L 07/10/2025 - 21:40:29: [playercommands.smx] "(S)[唯一服主]纸飞行器<2><STEAM_1:1:590841514><>" renamed "[唯2服主]Tom<7><STEAM_1:0:845964559><>" (to "T��oo[���[常oT")
L 07/10/2025 - 21:47:36: [SM] Changed map to "c8m1_apartment"
L 07/10/2025 - 21:47:37: -------- Mapchange to c8m1_apartment --------
L 07/10/2025 - 21:47:39: [basecommands.smx] "Console<0><Console><Console>" changed cvar (cvar "confogl_match_execcfg_plugins") (value "generalfixes.cfg;confogl_plugins.cfg;sharedplugins.cfg")
L 07/10/2025 - 21:47:39: [basecommands.smx] "Console<0><Console><Console>" changed cvar (cvar "l4d2_addons_eclipse") (value "0")
L 07/10/2025 - 21:47:39: [basecommands.smx] "Console<0><Console><Console>" changed cvar (cvar "sv_allow_wait_command") (value "0")
L 07/10/2025 - 21:47:39: [basecommands.smx] "Console<0><Console><Console>" changed cvar (cvar "sv_minrate") (value "100000")
L 07/10/2025 - 21:47:39: [basecommands.smx] "Console<0><Console><Console>" changed cvar (cvar "sv_maxrate") (value "100000")
L 07/10/2025 - 21:47:39: [basecommands.smx] "Console<0><Console><Console>" changed cvar (cvar "sv_minupdaterate") (value "100")
L 07/10/2025 - 21:47:39: [basecommands.smx] "Console<0><Console><Console>" changed cvar (cvar "sv_maxupdaterate") (value "100")
L 07/10/2025 - 21:47:39: [basecommands.smx] "Console<0><Console><Console>" changed cvar (cvar "sv_mincmdrate") (value "100")
L 07/10/2025 - 21:47:39: [basecommands.smx] "Console<0><Console><Console>" changed cvar (cvar "sv_maxcmdrate") (value "100")
L 07/10/2025 - 21:47:39: [basecommands.smx] "Console<0><Console><Console>" changed cvar (cvar "sv_client_min_interp_ratio") (value "-1")
L 07/10/2025 - 21:47:39: [basecommands.smx] "Console<0><Console><Console>" changed cvar (cvar "sv_client_max_interp_ratio") (value "0")
L 07/10/2025 - 21:47:39: [basecommands.smx] "Console<0><Console><Console>" changed cvar (cvar "nb_update_frequency") (value "0.014")
L 07/10/2025 - 21:47:39: [basecommands.smx] "Console<0><Console><Console>" changed cvar (cvar "net_splitpacket_maxrate") (value "50000")
L 07/10/2025 - 21:47:39: [basecommands.smx] "Console<0><Console><Console>" changed cvar (cvar "net_maxcleartime") (value "0.0001")
L 07/10/2025 - 21:47:39: [basecommands.smx] "Console<0><Console><Console>" changed cvar (cvar "fps_max") (value "0")
L 07/10/2025 - 21:47:39: [basecommands.smx] "Console<0><Console><Console>" changed cvar (cvar "tick_door_speed") (value "1.3")
L 07/10/2025 - 21:47:39: [basecommands.smx] "Console<0><Console><Console>" changed cvar (cvar "mv_maxplayers") (value "30")
L 07/10/2025 - 21:47:39: [basecommands.smx] "Console<0><Console><Console>" changed cvar (cvar "mp_autoteambalance") (value "0")
L 07/10/2025 - 21:47:39: [basecommands.smx] "Console<0><Console><Console>" changed cvar (cvar "sv_unlag_fixstuck") (value "1")
L 07/10/2025 - 21:47:39: [basecommands.smx] "Console<0><Console><Console>" changed cvar (cvar "z_brawl_chance") (value "0")
L 07/10/2025 - 21:47:39: [basecommands.smx] "Console<0><Console><Console>" changed cvar (cvar "sv_maxunlag") (value "1")
L 07/10/2025 - 21:47:39: [basecommands.smx] "Console<0><Console><Console>" changed cvar (cvar "sv_forcepreload") (value "1")
L 07/10/2025 - 21:47:39: [basecommands.smx] "Console<0><Console><Console>" changed cvar (cvar "sv_client_predict") (value "1")
L 07/10/2025 - 21:47:39: [basecommands.smx] "Console<0><Console><Console>" changed cvar (cvar "sv_client_cmdrate_difference") (value "0")
L 07/10/2025 - 21:47:39: [basecommands.smx] "Console<0><Console><Console>" changed cvar (cvar "sv_max_queries_sec_global") (value "10")
L 07/10/2025 - 21:47:39: [basecommands.smx] "Console<0><Console><Console>" changed cvar (cvar "sv_max_queries_sec") (value "3")
L 07/10/2025 - 21:47:39: [basecommands.smx] "Console<0><Console><Console>" changed cvar (cvar "sv_max_queries_window") (value "10")
L 07/10/2025 - 21:47:39: [basecommands.smx] "Console<0><Console><Console>" changed cvar (cvar "sv_player_stuck_tolerance") (value "5")
L 07/10/2025 - 21:47:39: [basecommands.smx] "Console<0><Console><Console>" changed cvar (cvar "sv_stats") (value "0")
L 07/10/2025 - 21:47:39: [basecommands.smx] "Console<0><Console><Console>" changed cvar (cvar "sv_clockcorrection_msecs") (value "25")
L 07/10/2025 - 21:47:39: [basecommands.smx] "Console<0><Console><Console>" changed cvar (cvar "survivor_max_incapacitated_count") (value "2")
L 07/10/2025 - 21:47:41: [optional/l4d2_saferoom_item_remove.smx] Removed 2 saferoom item(s) (start: 2; end: 0).
L 07/10/2025 - 21:52:59: [optional/l4d2_saferoom_item_remove.smx] Removed 2 saferoom item(s) (start: 2; end: 0).
L 07/10/2025 - 21:56:59: [SM] Changed map to "c2m2_fairgrounds"
L 07/10/2025 - 21:57:00: -------- Mapchange to c2m2_fairgrounds --------
L 07/10/2025 - 21:57:01: [basecommands.smx] "Console<0><Console><Console>" changed cvar (cvar "confogl_match_execcfg_plugins") (value "generalfixes.cfg;confogl_plugins.cfg;sharedplugins.cfg")
L 07/10/2025 - 21:57:01: [basecommands.smx] "Console<0><Console><Console>" changed cvar (cvar "l4d2_addons_eclipse") (value "0")
L 07/10/2025 - 21:57:01: [basecommands.smx] "Console<0><Console><Console>" changed cvar (cvar "sv_allow_wait_command") (value "0")
L 07/10/2025 - 21:57:01: [basecommands.smx] "Console<0><Console><Console>" changed cvar (cvar "sv_minrate") (value "100000")
L 07/10/2025 - 21:57:01: [basecommands.smx] "Console<0><Console><Console>" changed cvar (cvar "sv_maxrate") (value "100000")
L 07/10/2025 - 21:57:01: [basecommands.smx] "Console<0><Console><Console>" changed cvar (cvar "sv_minupdaterate") (value "100")
L 07/10/2025 - 21:57:01: [basecommands.smx] "Console<0><Console><Console>" changed cvar (cvar "sv_maxupdaterate") (value "100")
L 07/10/2025 - 21:57:01: [basecommands.smx] "Console<0><Console><Console>" changed cvar (cvar "sv_mincmdrate") (value "100")
L 07/10/2025 - 21:57:01: [basecommands.smx] "Console<0><Console><Console>" changed cvar (cvar "sv_maxcmdrate") (value "100")
L 07/10/2025 - 21:57:01: [basecommands.smx] "Console<0><Console><Console>" changed cvar (cvar "sv_client_min_interp_ratio") (value "-1")
L 07/10/2025 - 21:57:01: [basecommands.smx] "Console<0><Console><Console>" changed cvar (cvar "sv_client_max_interp_ratio") (value "0")
L 07/10/2025 - 21:57:01: [basecommands.smx] "Console<0><Console><Console>" changed cvar (cvar "nb_update_frequency") (value "0.014")
L 07/10/2025 - 21:57:01: [basecommands.smx] "Console<0><Console><Console>" changed cvar (cvar "net_splitpacket_maxrate") (value "50000")
L 07/10/2025 - 21:57:01: [basecommands.smx] "Console<0><Console><Console>" changed cvar (cvar "net_maxcleartime") (value "0.0001")
L 07/10/2025 - 21:57:01: [basecommands.smx] "Console<0><Console><Console>" changed cvar (cvar "fps_max") (value "0")
L 07/10/2025 - 21:57:01: [basecommands.smx] "Console<0><Console><Console>" changed cvar (cvar "tick_door_speed") (value "1.3")
L 07/10/2025 - 21:57:01: [basecommands.smx] "Console<0><Console><Console>" changed cvar (cvar "mv_maxplayers") (value "30")
L 07/10/2025 - 21:57:01: [basecommands.smx] "Console<0><Console><Console>" changed cvar (cvar "mp_autoteambalance") (value "0")
L 07/10/2025 - 21:57:01: [basecommands.smx] "Console<0><Console><Console>" changed cvar (cvar "sv_unlag_fixstuck") (value "1")
L 07/10/2025 - 21:57:01: [basecommands.smx] "Console<0><Console><Console>" changed cvar (cvar "z_brawl_chance") (value "0")
L 07/10/2025 - 21:57:01: [basecommands.smx] "Console<0><Console><Console>" changed cvar (cvar "sv_maxunlag") (value "1")
L 07/10/2025 - 21:57:01: [basecommands.smx] "Console<0><Console><Console>" changed cvar (cvar "sv_forcepreload") (value "1")
L 07/10/2025 - 21:57:01: [basecommands.smx] "Console<0><Console><Console>" changed cvar (cvar "sv_client_predict") (value "1")
L 07/10/2025 - 21:57:01: [basecommands.smx] "Console<0><Console><Console>" changed cvar (cvar "sv_client_cmdrate_difference") (value "0")
L 07/10/2025 - 21:57:01: [basecommands.smx] "Console<0><Console><Console>" changed cvar (cvar "sv_max_queries_sec_global") (value "10")
L 07/10/2025 - 21:57:01: [basecommands.smx] "Console<0><Console><Console>" changed cvar (cvar "sv_max_queries_sec") (value "3")
L 07/10/2025 - 21:57:01: [basecommands.smx] "Console<0><Console><Console>" changed cvar (cvar "sv_max_queries_window") (value "10")
L 07/10/2025 - 21:57:01: [basecommands.smx] "Console<0><Console><Console>" changed cvar (cvar "sv_player_stuck_tolerance") (value "5")
L 07/10/2025 - 21:57:01: [basecommands.smx] "Console<0><Console><Console>" changed cvar (cvar "sv_stats") (value "0")
L 07/10/2025 - 21:57:01: [basecommands.smx] "Console<0><Console><Console>" changed cvar (cvar "sv_clockcorrection_msecs") (value "25")
L 07/10/2025 - 21:57:01: [basecommands.smx] "Console<0><Console><Console>" changed cvar (cvar "survivor_max_incapacitated_count") (value "2")
L 07/10/2025 - 21:57:03: [optional/l4d2_saferoom_item_remove.smx] Removed 0 saferoom item(s) (start: 0; end: 0).
L 07/10/2025 - 22:05:35: [optional/l4d2_saferoom_item_remove.smx] Removed 0 saferoom item(s) (start: 0; end: 0).
L 07/10/2025 - 22:12:59: [SM] Changed map to "c11m3_garage"
L 07/10/2025 - 22:13:00: -------- Mapchange to c11m3_garage --------
L 07/10/2025 - 22:13:01: [basecommands.smx] "Console<0><Console><Console>" changed cvar (cvar "confogl_match_execcfg_plugins") (value "generalfixes.cfg;confogl_plugins.cfg;sharedplugins.cfg")
L 07/10/2025 - 22:13:01: [basecommands.smx] "Console<0><Console><Console>" changed cvar (cvar "l4d2_addons_eclipse") (value "0")
L 07/10/2025 - 22:13:01: [basecommands.smx] "Console<0><Console><Console>" changed cvar (cvar "sv_allow_wait_command") (value "0")
L 07/10/2025 - 22:13:01: [basecommands.smx] "Console<0><Console><Console>" changed cvar (cvar "sv_minrate") (value "100000")
L 07/10/2025 - 22:13:01: [basecommands.smx] "Console<0><Console><Console>" changed cvar (cvar "sv_maxrate") (value "100000")
L 07/10/2025 - 22:13:01: [basecommands.smx] "Console<0><Console><Console>" changed cvar (cvar "sv_minupdaterate") (value "100")
L 07/10/2025 - 22:13:01: [basecommands.smx] "Console<0><Console><Console>" changed cvar (cvar "sv_maxupdaterate") (value "100")
L 07/10/2025 - 22:13:01: [basecommands.smx] "Console<0><Console><Console>" changed cvar (cvar "sv_mincmdrate") (value "100")
L 07/10/2025 - 22:13:01: [basecommands.smx] "Console<0><Console><Console>" changed cvar (cvar "sv_maxcmdrate") (value "100")
L 07/10/2025 - 22:13:01: [basecommands.smx] "Console<0><Console><Console>" changed cvar (cvar "sv_client_min_interp_ratio") (value "-1")
L 07/10/2025 - 22:13:01: [basecommands.smx] "Console<0><Console><Console>" changed cvar (cvar "sv_client_max_interp_ratio") (value "0")
L 07/10/2025 - 22:13:01: [basecommands.smx] "Console<0><Console><Console>" changed cvar (cvar "nb_update_frequency") (value "0.014")
L 07/10/2025 - 22:13:01: [basecommands.smx] "Console<0><Console><Console>" changed cvar (cvar "net_splitpacket_maxrate") (value "50000")
L 07/10/2025 - 22:13:01: [basecommands.smx] "Console<0><Console><Console>" changed cvar (cvar "net_maxcleartime") (value "0.0001")
L 07/10/2025 - 22:13:01: [basecommands.smx] "Console<0><Console><Console>" changed cvar (cvar "fps_max") (value "0")
L 07/10/2025 - 22:13:01: [basecommands.smx] "Console<0><Console><Console>" changed cvar (cvar "tick_door_speed") (value "1.3")
L 07/10/2025 - 22:13:01: [basecommands.smx] "Console<0><Console><Console>" changed cvar (cvar "mv_maxplayers") (value "30")
L 07/10/2025 - 22:13:01: [basecommands.smx] "Console<0><Console><Console>" changed cvar (cvar "mp_autoteambalance") (value "0")
L 07/10/2025 - 22:13:01: [basecommands.smx] "Console<0><Console><Console>" changed cvar (cvar "sv_unlag_fixstuck") (value "1")
L 07/10/2025 - 22:13:01: [basecommands.smx] "Console<0><Console><Console>" changed cvar (cvar "z_brawl_chance") (value "0")
L 07/10/2025 - 22:13:01: [basecommands.smx] "Console<0><Console><Console>" changed cvar (cvar "sv_maxunlag") (value "1")
L 07/10/2025 - 22:13:01: [basecommands.smx] "Console<0><Console><Console>" changed cvar (cvar "sv_forcepreload") (value "1")
L 07/10/2025 - 22:13:01: [basecommands.smx] "Console<0><Console><Console>" changed cvar (cvar "sv_client_predict") (value "1")
L 07/10/2025 - 22:13:01: [basecommands.smx] "Console<0><Console><Console>" changed cvar (cvar "sv_client_cmdrate_difference") (value "0")
L 07/10/2025 - 22:13:01: [basecommands.smx] "Console<0><Console><Console>" changed cvar (cvar "sv_max_queries_sec_global") (value "10")
L 07/10/2025 - 22:13:01: [basecommands.smx] "Console<0><Console><Console>" changed cvar (cvar "sv_max_queries_sec") (value "3")
L 07/10/2025 - 22:13:01: [basecommands.smx] "Console<0><Console><Console>" changed cvar (cvar "sv_max_queries_window") (value "10")
L 07/10/2025 - 22:13:01: [basecommands.smx] "Console<0><Console><Console>" changed cvar (cvar "sv_player_stuck_tolerance") (value "5")
L 07/10/2025 - 22:13:01: [basecommands.smx] "Console<0><Console><Console>" changed cvar (cvar "sv_stats") (value "0")
L 07/10/2025 - 22:13:01: [basecommands.smx] "Console<0><Console><Console>" changed cvar (cvar "sv_clockcorrection_msecs") (value "25")
L 07/10/2025 - 22:13:01: [basecommands.smx] "Console<0><Console><Console>" changed cvar (cvar "survivor_max_incapacitated_count") (value "2")
L 07/10/2025 - 22:13:03: [optional/l4d2_saferoom_item_remove.smx] Removed 1 saferoom item(s) (start: 1; end: 0).
L 07/10/2025 - 22:24:33: [optional/l4d2_saferoom_item_remove.smx] Removed 1 saferoom item(s) (start: 1; end: 0).
L 07/10/2025 - 22:32:03: [SM] Changed map to "c2m4_barns"
L 07/10/2025 - 22:32:04: -------- Mapchange to c2m4_barns --------
L 07/10/2025 - 22:32:05: [basecommands.smx] "Console<0><Console><Console>" changed cvar (cvar "confogl_match_execcfg_plugins") (value "generalfixes.cfg;confogl_plugins.cfg;sharedplugins.cfg")
L 07/10/2025 - 22:32:05: [basecommands.smx] "Console<0><Console><Console>" changed cvar (cvar "l4d2_addons_eclipse") (value "0")
L 07/10/2025 - 22:32:05: [basecommands.smx] "Console<0><Console><Console>" changed cvar (cvar "sv_allow_wait_command") (value "0")
L 07/10/2025 - 22:32:05: [basecommands.smx] "Console<0><Console><Console>" changed cvar (cvar "sv_minrate") (value "100000")
L 07/10/2025 - 22:32:05: [basecommands.smx] "Console<0><Console><Console>" changed cvar (cvar "sv_maxrate") (value "100000")
L 07/10/2025 - 22:32:05: [basecommands.smx] "Console<0><Console><Console>" changed cvar (cvar "sv_minupdaterate") (value "100")
L 07/10/2025 - 22:32:05: [basecommands.smx] "Console<0><Console><Console>" changed cvar (cvar "sv_maxupdaterate") (value "100")
L 07/10/2025 - 22:32:05: [basecommands.smx] "Console<0><Console><Console>" changed cvar (cvar "sv_mincmdrate") (value "100")
L 07/10/2025 - 22:32:05: [basecommands.smx] "Console<0><Console><Console>" changed cvar (cvar "sv_maxcmdrate") (value "100")
L 07/10/2025 - 22:32:05: [basecommands.smx] "Console<0><Console><Console>" changed cvar (cvar "sv_client_min_interp_ratio") (value "-1")
L 07/10/2025 - 22:32:05: [basecommands.smx] "Console<0><Console><Console>" changed cvar (cvar "sv_client_max_interp_ratio") (value "0")
L 07/10/2025 - 22:32:05: [basecommands.smx] "Console<0><Console><Console>" changed cvar (cvar "nb_update_frequency") (value "0.014")
L 07/10/2025 - 22:32:05: [basecommands.smx] "Console<0><Console><Console>" changed cvar (cvar "net_splitpacket_maxrate") (value "50000")
L 07/10/2025 - 22:32:05: [basecommands.smx] "Console<0><Console><Console>" changed cvar (cvar "net_maxcleartime") (value "0.0001")
L 07/10/2025 - 22:32:05: [basecommands.smx] "Console<0><Console><Console>" changed cvar (cvar "fps_max") (value "0")
L 07/10/2025 - 22:32:05: [basecommands.smx] "Console<0><Console><Console>" changed cvar (cvar "tick_door_speed") (value "1.3")
L 07/10/2025 - 22:32:05: [basecommands.smx] "Console<0><Console><Console>" changed cvar (cvar "mv_maxplayers") (value "30")
L 07/10/2025 - 22:32:05: [basecommands.smx] "Console<0><Console><Console>" changed cvar (cvar "mp_autoteambalance") (value "0")
L 07/10/2025 - 22:32:05: [basecommands.smx] "Console<0><Console><Console>" changed cvar (cvar "sv_unlag_fixstuck") (value "1")
L 07/10/2025 - 22:32:05: [basecommands.smx] "Console<0><Console><Console>" changed cvar (cvar "z_brawl_chance") (value "0")
L 07/10/2025 - 22:32:05: [basecommands.smx] "Console<0><Console><Console>" changed cvar (cvar "sv_maxunlag") (value "1")
L 07/10/2025 - 22:32:05: [basecommands.smx] "Console<0><Console><Console>" changed cvar (cvar "sv_forcepreload") (value "1")
L 07/10/2025 - 22:32:05: [basecommands.smx] "Console<0><Console><Console>" changed cvar (cvar "sv_client_predict") (value "1")
L 07/10/2025 - 22:32:05: [basecommands.smx] "Console<0><Console><Console>" changed cvar (cvar "sv_client_cmdrate_difference") (value "0")
L 07/10/2025 - 22:32:05: [basecommands.smx] "Console<0><Console><Console>" changed cvar (cvar "sv_max_queries_sec_global") (value "10")
L 07/10/2025 - 22:32:05: [basecommands.smx] "Console<0><Console><Console>" changed cvar (cvar "sv_max_queries_sec") (value "3")
L 07/10/2025 - 22:32:05: [basecommands.smx] "Console<0><Console><Console>" changed cvar (cvar "sv_max_queries_window") (value "10")
L 07/10/2025 - 22:32:05: [basecommands.smx] "Console<0><Console><Console>" changed cvar (cvar "sv_player_stuck_tolerance") (value "5")
L 07/10/2025 - 22:32:05: [basecommands.smx] "Console<0><Console><Console>" changed cvar (cvar "sv_stats") (value "0")
L 07/10/2025 - 22:32:05: [basecommands.smx] "Console<0><Console><Console>" changed cvar (cvar "sv_clockcorrection_msecs") (value "25")
L 07/10/2025 - 22:32:05: [basecommands.smx] "Console<0><Console><Console>" changed cvar (cvar "survivor_max_incapacitated_count") (value "2")
L 07/10/2025 - 22:32:07: [optional/l4d2_saferoom_item_remove.smx] Removed 0 saferoom item(s) (start: 0; end: 0).
L 07/10/2025 - 22:40:14: [optional/l4d2_saferoom_item_remove.smx] Removed 0 saferoom item(s) (start: 0; end: 0).
L 07/10/2025 - 22:49:50: [funcommands.smx] "Kobe Bryant<22><STEAM_1:1:801237070><>" set a beacon on "Kobe Bryant<22><STEAM_1:1:801237070><>"
L 07/10/2025 - 22:49:52: [funcommands.smx] "Kobe Bryant<22><STEAM_1:1:801237070><>" set a beacon on "白井七ちゃん<3><STEAM_1:1:593866754><>"
L 07/10/2025 - 22:51:56: [playercommands.smx] "Kobe Bryant<22><STEAM_1:1:801237070><>" slapped "yumo<11><STEAM_1:0:768344490><>" (damage "0")
L 07/10/2025 - 22:51:56: [playercommands.smx] "Kobe Bryant<22><STEAM_1:1:801237070><>" slapped "yumo<11><STEAM_1:0:768344490><>" (damage "0")
L 07/10/2025 - 22:51:56: [playercommands.smx] "Kobe Bryant<22><STEAM_1:1:801237070><>" slapped "yumo<11><STEAM_1:0:768344490><>" (damage "0")
L 07/10/2025 - 22:51:57: [playercommands.smx] "Kobe Bryant<22><STEAM_1:1:801237070><>" slapped "yumo<11><STEAM_1:0:768344490><>" (damage "0")
L 07/10/2025 - 22:51:57: [playercommands.smx] "Kobe Bryant<22><STEAM_1:1:801237070><>" slapped "yumo<11><STEAM_1:0:768344490><>" (damage "0")
L 07/10/2025 - 22:51:57: [playercommands.smx] "Kobe Bryant<22><STEAM_1:1:801237070><>" slapped "yumo<11><STEAM_1:0:768344490><>" (damage "0")
L 07/10/2025 - 22:51:57: [playercommands.smx] "Kobe Bryant<22><STEAM_1:1:801237070><>" slapped "yumo<11><STEAM_1:0:768344490><>" (damage "0")
L 07/10/2025 - 22:51:57: [playercommands.smx] "Kobe Bryant<22><STEAM_1:1:801237070><>" slapped "yumo<11><STEAM_1:0:768344490><>" (damage "0")
L 07/10/2025 - 22:51:57: [playercommands.smx] "Kobe Bryant<22><STEAM_1:1:801237070><>" slapped "yumo<11><STEAM_1:0:768344490><>" (damage "0")
L 07/10/2025 - 22:51:57: [playercommands.smx] "Kobe Bryant<22><STEAM_1:1:801237070><>" slapped "yumo<11><STEAM_1:0:768344490><>" (damage "0")
L 07/10/2025 - 22:51:58: [playercommands.smx] "Kobe Bryant<22><STEAM_1:1:801237070><>" slapped "yumo<11><STEAM_1:0:768344490><>" (damage "0")
L 07/10/2025 - 22:51:58: [playercommands.smx] "Kobe Bryant<22><STEAM_1:1:801237070><>" slapped "yumo<11><STEAM_1:0:768344490><>" (damage "0")
L 07/10/2025 - 22:51:58: [playercommands.smx] "Kobe Bryant<22><STEAM_1:1:801237070><>" slapped "yumo<11><STEAM_1:0:768344490><>" (damage "0")
L 07/10/2025 - 22:51:58: [playercommands.smx] "Kobe Bryant<22><STEAM_1:1:801237070><>" slapped "yumo<11><STEAM_1:0:768344490><>" (damage "0")
L 07/10/2025 - 22:51:58: [playercommands.smx] "Kobe Bryant<22><STEAM_1:1:801237070><>" slapped "yumo<11><STEAM_1:0:768344490><>" (damage "0")
L 07/10/2025 - 22:51:58: [playercommands.smx] "Kobe Bryant<22><STEAM_1:1:801237070><>" slapped "yumo<11><STEAM_1:0:768344490><>" (damage "0")
L 07/10/2025 - 22:51:58: [playercommands.smx] "Kobe Bryant<22><STEAM_1:1:801237070><>" slapped "yumo<11><STEAM_1:0:768344490><>" (damage "0")
L 07/10/2025 - 22:51:59: [playercommands.smx] "Kobe Bryant<22><STEAM_1:1:801237070><>" slapped "NyaAsumi<24><STEAM_1:1:806728604><>" (damage "0")
L 07/10/2025 - 22:51:59: [playercommands.smx] "Kobe Bryant<22><STEAM_1:1:801237070><>" slapped "NyaAsumi<24><STEAM_1:1:806728604><>" (damage "0")
L 07/10/2025 - 22:51:59: [playercommands.smx] "Kobe Bryant<22><STEAM_1:1:801237070><>" slapped "NyaAsumi<24><STEAM_1:1:806728604><>" (damage "0")
L 07/10/2025 - 22:52:00: [playercommands.smx] "Kobe Bryant<22><STEAM_1:1:801237070><>" slapped "NyaAsumi<24><STEAM_1:1:806728604><>" (damage "0")
L 07/10/2025 - 22:52:00: [playercommands.smx] "Kobe Bryant<22><STEAM_1:1:801237070><>" slapped "NyaAsumi<24><STEAM_1:1:806728604><>" (damage "0")
L 07/10/2025 - 22:52:00: [playercommands.smx] "Kobe Bryant<22><STEAM_1:1:801237070><>" slapped "NyaAsumi<24><STEAM_1:1:806728604><>" (damage "0")
L 07/10/2025 - 22:52:00: [playercommands.smx] "Kobe Bryant<22><STEAM_1:1:801237070><>" slapped "NyaAsumi<24><STEAM_1:1:806728604><>" (damage "0")
L 07/10/2025 - 22:52:01: [playercommands.smx] "Kobe Bryant<22><STEAM_1:1:801237070><>" slapped "NyaAsumi<24><STEAM_1:1:806728604><>" (damage "0")
L 07/10/2025 - 22:52:02: [playercommands.smx] "Kobe Bryant<22><STEAM_1:1:801237070><>" slapped "NyaAsumi<24><STEAM_1:1:806728604><>" (damage "0")
L 07/10/2025 - 22:52:02: [playercommands.smx] "Kobe Bryant<22><STEAM_1:1:801237070><>" slapped "NyaAsumi<24><STEAM_1:1:806728604><>" (damage "0")
L 07/10/2025 - 22:52:02: [playercommands.smx] "Kobe Bryant<22><STEAM_1:1:801237070><>" slapped "NyaAsumi<24><STEAM_1:1:806728604><>" (damage "0")
L 07/10/2025 - 22:52:02: [playercommands.smx] "Kobe Bryant<22><STEAM_1:1:801237070><>" slapped "NyaAsumi<24><STEAM_1:1:806728604><>" (damage "0")
L 07/10/2025 - 22:52:03: [playercommands.smx] "Kobe Bryant<22><STEAM_1:1:801237070><>" slapped "白井七ちゃん<3><STEAM_1:1:593866754><>" (damage "0")
L 07/10/2025 - 22:52:03: [playercommands.smx] "Kobe Bryant<22><STEAM_1:1:801237070><>" slapped "狗能岭光扣屁<10><STEAM_1:0:502610040><>" (damage "0")
L 07/10/2025 - 22:52:03: [playercommands.smx] "Kobe Bryant<22><STEAM_1:1:801237070><>" slapped "白井七ちゃん<3><STEAM_1:1:593866754><>" (damage "0")
L 07/10/2025 - 22:52:04: [playercommands.smx] "Kobe Bryant<22><STEAM_1:1:801237070><>" slapped "yumo<11><STEAM_1:0:768344490><>" (damage "0")
L 07/10/2025 - 22:52:04: [playercommands.smx] "Kobe Bryant<22><STEAM_1:1:801237070><>" slapped "白井七ちゃん<3><STEAM_1:1:593866754><>" (damage "0")
L 07/10/2025 - 22:52:05: [playercommands.smx] "Kobe Bryant<22><STEAM_1:1:801237070><>" slapped "白井七ちゃん<3><STEAM_1:1:593866754><>" (damage "0")
L 07/10/2025 - 22:52:05: [playercommands.smx] "Kobe Bryant<22><STEAM_1:1:801237070><>" slapped "白井七ちゃん<3><STEAM_1:1:593866754><>" (damage "0")
L 07/10/2025 - 22:52:05: [playercommands.smx] "Kobe Bryant<22><STEAM_1:1:801237070><>" slapped "白井七ちゃん<3><STEAM_1:1:593866754><>" (damage "0")
L 07/10/2025 - 22:52:06: [playercommands.smx] "Kobe Bryant<22><STEAM_1:1:801237070><>" slapped "白井七ちゃん<3><STEAM_1:1:593866754><>" (damage "0")
L 07/10/2025 - 22:52:07: [playercommands.smx] "Kobe Bryant<22><STEAM_1:1:801237070><>" slapped "白井七ちゃん<3><STEAM_1:1:593866754><>" (damage "0")
L 07/10/2025 - 22:52:07: [playercommands.smx] "Kobe Bryant<22><STEAM_1:1:801237070><>" slapped "白井七ちゃん<3><STEAM_1:1:593866754><>" (damage "0")
L 07/10/2025 - 22:52:07: [playercommands.smx] "Kobe Bryant<22><STEAM_1:1:801237070><>" slapped "白井七ちゃん<3><STEAM_1:1:593866754><>" (damage "0")
L 07/10/2025 - 22:52:07: [playercommands.smx] "Kobe Bryant<22><STEAM_1:1:801237070><>" slapped "白井七ちゃん<3><STEAM_1:1:593866754><>" (damage "0")
L 07/10/2025 - 22:52:07: [playercommands.smx] "Kobe Bryant<22><STEAM_1:1:801237070><>" slapped "白井七ちゃん<3><STEAM_1:1:593866754><>" (damage "0")
L 07/10/2025 - 22:52:08: [playercommands.smx] "Kobe Bryant<22><STEAM_1:1:801237070><>" slapped "白井七ちゃん<3><STEAM_1:1:593866754><>" (damage "0")
L 07/10/2025 - 22:52:08: [playercommands.smx] "Kobe Bryant<22><STEAM_1:1:801237070><>" slapped "白井七ちゃん<3><STEAM_1:1:593866754><>" (damage "0")
L 07/10/2025 - 22:52:08: [playercommands.smx] "Kobe Bryant<22><STEAM_1:1:801237070><>" slapped "白井七ちゃん<3><STEAM_1:1:593866754><>" (damage "0")
L 07/10/2025 - 22:52:17: [playercommands.smx] "Kobe Bryant<22><STEAM_1:1:801237070><>" slapped "NyaAsumi<24><STEAM_1:1:806728604><>" (damage "0")
L 07/10/2025 - 22:52:17: [playercommands.smx] "Kobe Bryant<22><STEAM_1:1:801237070><>" slapped "NyaAsumi<24><STEAM_1:1:806728604><>" (damage "0")
L 07/10/2025 - 22:52:17: [playercommands.smx] "Kobe Bryant<22><STEAM_1:1:801237070><>" slapped "NyaAsumi<24><STEAM_1:1:806728604><>" (damage "0")
L 07/10/2025 - 22:52:17: [playercommands.smx] "Kobe Bryant<22><STEAM_1:1:801237070><>" slapped "NyaAsumi<24><STEAM_1:1:806728604><>" (damage "0")
L 07/10/2025 - 22:52:17: [playercommands.smx] "Kobe Bryant<22><STEAM_1:1:801237070><>" slapped "NyaAsumi<24><STEAM_1:1:806728604><>" (damage "0")
L 07/10/2025 - 22:52:18: [playercommands.smx] "Kobe Bryant<22><STEAM_1:1:801237070><>" slapped "NyaAsumi<24><STEAM_1:1:806728604><>" (damage "0")
L 07/10/2025 - 22:52:18: [playercommands.smx] "Kobe Bryant<22><STEAM_1:1:801237070><>" slapped "NyaAsumi<24><STEAM_1:1:806728604><>" (damage "0")
L 07/10/2025 - 22:52:18: [playercommands.smx] "Kobe Bryant<22><STEAM_1:1:801237070><>" slapped "NyaAsumi<24><STEAM_1:1:806728604><>" (damage "0")
L 07/10/2025 - 22:52:18: [playercommands.smx] "Kobe Bryant<22><STEAM_1:1:801237070><>" slapped "NyaAsumi<24><STEAM_1:1:806728604><>" (damage "0")
L 07/10/2025 - 22:52:18: [playercommands.smx] "Kobe Bryant<22><STEAM_1:1:801237070><>" slapped "NyaAsumi<24><STEAM_1:1:806728604><>" (damage "0")
L 07/10/2025 - 22:52:18: [playercommands.smx] "Kobe Bryant<22><STEAM_1:1:801237070><>" slapped "NyaAsumi<24><STEAM_1:1:806728604><>" (damage "0")
L 07/10/2025 - 22:52:19: [playercommands.smx] "Kobe Bryant<22><STEAM_1:1:801237070><>" slapped "NyaAsumi<24><STEAM_1:1:806728604><>" (damage "0")
L 07/10/2025 - 22:52:19: [playercommands.smx] "Kobe Bryant<22><STEAM_1:1:801237070><>" slapped "NyaAsumi<24><STEAM_1:1:806728604><>" (damage "0")
L 07/10/2025 - 22:52:19: [playercommands.smx] "Kobe Bryant<22><STEAM_1:1:801237070><>" slapped "NyaAsumi<24><STEAM_1:1:806728604><>" (damage "0")
L 07/10/2025 - 22:52:25: [playercommands.smx] "Kobe Bryant<22><STEAM_1:1:801237070><>" slapped "Kobe Bryant<22><STEAM_1:1:801237070><>" (damage "0")
L 07/10/2025 - 22:52:25: [playercommands.smx] "Kobe Bryant<22><STEAM_1:1:801237070><>" slapped "Kobe Bryant<22><STEAM_1:1:801237070><>" (damage "0")
L 07/10/2025 - 22:52:26: [playercommands.smx] "Kobe Bryant<22><STEAM_1:1:801237070><>" slapped "Kobe Bryant<22><STEAM_1:1:801237070><>" (damage "0")
L 07/10/2025 - 22:52:30: [playercommands.smx] "Kobe Bryant<22><STEAM_1:1:801237070><>" slapped "Kobe Bryant<22><STEAM_1:1:801237070><>" (damage "0")
L 07/10/2025 - 22:52:30: [playercommands.smx] "Kobe Bryant<22><STEAM_1:1:801237070><>" slapped "NyaAsumi<24><STEAM_1:1:806728604><>" (damage "0")
L 07/10/2025 - 22:52:31: [playercommands.smx] "Kobe Bryant<22><STEAM_1:1:801237070><>" slapped "NyaAsumi<24><STEAM_1:1:806728604><>" (damage "0")
L 07/10/2025 - 22:52:31: [playercommands.smx] "Kobe Bryant<22><STEAM_1:1:801237070><>" slapped "NyaAsumi<24><STEAM_1:1:806728604><>" (damage "0")
L 07/10/2025 - 22:52:32: [playercommands.smx] "Kobe Bryant<22><STEAM_1:1:801237070><>" slapped "NyaAsumi<24><STEAM_1:1:806728604><>" (damage "0")
L 07/10/2025 - 22:52:32: [playercommands.smx] "Kobe Bryant<22><STEAM_1:1:801237070><>" slapped "NyaAsumi<24><STEAM_1:1:806728604><>" (damage "0")
L 07/10/2025 - 22:52:32: [playercommands.smx] "Kobe Bryant<22><STEAM_1:1:801237070><>" slapped "NyaAsumi<24><STEAM_1:1:806728604><>" (damage "0")
L 07/10/2025 - 22:52:32: [playercommands.smx] "Kobe Bryant<22><STEAM_1:1:801237070><>" slapped "NyaAsumi<24><STEAM_1:1:806728604><>" (damage "0")
L 07/10/2025 - 22:52:33: [playercommands.smx] "Kobe Bryant<22><STEAM_1:1:801237070><>" slapped "NyaAsumi<24><STEAM_1:1:806728604><>" (damage "0")
L 07/10/2025 - 22:52:33: [playercommands.smx] "Kobe Bryant<22><STEAM_1:1:801237070><>" slapped "NyaAsumi<24><STEAM_1:1:806728604><>" (damage "0")
L 07/10/2025 - 22:52:33: [playercommands.smx] "Kobe Bryant<22><STEAM_1:1:801237070><>" slapped "NyaAsumi<24><STEAM_1:1:806728604><>" (damage "0")
L 07/10/2025 - 22:52:35: [playercommands.smx] "Kobe Bryant<22><STEAM_1:1:801237070><>" slapped "Kobe Bryant<22><STEAM_1:1:801237070><>" (damage "0")
L 07/10/2025 - 22:52:35: [playercommands.smx] "Kobe Bryant<22><STEAM_1:1:801237070><>" slapped "Kobe Bryant<22><STEAM_1:1:801237070><>" (damage "0")
L 07/10/2025 - 22:52:36: [playercommands.smx] "Kobe Bryant<22><STEAM_1:1:801237070><>" slapped "Kobe Bryant<22><STEAM_1:1:801237070><>" (damage "0")
L 07/10/2025 - 22:52:39: [playercommands.smx] "Kobe Bryant<22><STEAM_1:1:801237070><>" slapped "Kobe Bryant<22><STEAM_1:1:801237070><>" (damage "0")
L 07/10/2025 - 22:52:39: [playercommands.smx] "Kobe Bryant<22><STEAM_1:1:801237070><>" slapped "Kobe Bryant<22><STEAM_1:1:801237070><>" (damage "0")
L 07/10/2025 - 22:52:39: [playercommands.smx] "Kobe Bryant<22><STEAM_1:1:801237070><>" slapped "Kobe Bryant<22><STEAM_1:1:801237070><>" (damage "0")
L 07/10/2025 - 22:52:43: [playercommands.smx] "Kobe Bryant<22><STEAM_1:1:801237070><>" slapped "Kobe Bryant<22><STEAM_1:1:801237070><>" (damage "0")
L 07/10/2025 - 22:52:43: [playercommands.smx] "Kobe Bryant<22><STEAM_1:1:801237070><>" slapped "你无视了规则！！！<33><STEAM_1:1:946538641><>" (damage "0")
L 07/10/2025 - 22:52:45: [playercommands.smx] "Kobe Bryant<22><STEAM_1:1:801237070><>" slapped "你无视了规则！！！<33><STEAM_1:1:946538641><>" (damage "0")
L 07/10/2025 - 22:52:45: [playercommands.smx] "Kobe Bryant<22><STEAM_1:1:801237070><>" slapped "你无视了规则！！！<33><STEAM_1:1:946538641><>" (damage "0")
L 07/10/2025 - 22:52:46: [playercommands.smx] "Kobe Bryant<22><STEAM_1:1:801237070><>" slapped "你无视了规则！！！<33><STEAM_1:1:946538641><>" (damage "0")
L 07/10/2025 - 22:53:06: [funcommands.smx] "Kobe Bryant<22><STEAM_1:1:801237070><>" removed a beacon on "Kobe Bryant<22><STEAM_1:1:801237070><>"
L 07/10/2025 - 22:53:53: [playercommands.smx] "Kobe Bryant<22><STEAM_1:1:801237070><>" slapped "Kobe Bryant<22><STEAM_1:1:801237070><>" (damage "0")
L 07/10/2025 - 22:53:53: [playercommands.smx] "Kobe Bryant<22><STEAM_1:1:801237070><>" slapped "Kobe Bryant<22><STEAM_1:1:801237070><>" (damage "0")
L 07/10/2025 - 22:53:53: [playercommands.smx] "Kobe Bryant<22><STEAM_1:1:801237070><>" slapped "Kobe Bryant<22><STEAM_1:1:801237070><>" (damage "0")
L 07/10/2025 - 22:53:54: [playercommands.smx] "Kobe Bryant<22><STEAM_1:1:801237070><>" slapped "Kobe Bryant<22><STEAM_1:1:801237070><>" (damage "0")
L 07/10/2025 - 22:53:54: [playercommands.smx] "Kobe Bryant<22><STEAM_1:1:801237070><>" slapped "Kobe Bryant<22><STEAM_1:1:801237070><>" (damage "0")
L 07/10/2025 - 22:53:54: [playercommands.smx] "Kobe Bryant<22><STEAM_1:1:801237070><>" slapped "Kobe Bryant<22><STEAM_1:1:801237070><>" (damage "0")
L 07/10/2025 - 22:53:54: [playercommands.smx] "Kobe Bryant<22><STEAM_1:1:801237070><>" slapped "Kobe Bryant<22><STEAM_1:1:801237070><>" (damage "0")
L 07/10/2025 - 22:53:54: [playercommands.smx] "Kobe Bryant<22><STEAM_1:1:801237070><>" slapped "Kobe Bryant<22><STEAM_1:1:801237070><>" (damage "0")
L 07/10/2025 - 22:53:54: [playercommands.smx] "Kobe Bryant<22><STEAM_1:1:801237070><>" slapped "Kobe Bryant<22><STEAM_1:1:801237070><>" (damage "0")
L 07/10/2025 - 22:53:55: [playercommands.smx] "Kobe Bryant<22><STEAM_1:1:801237070><>" slapped "Kobe Bryant<22><STEAM_1:1:801237070><>" (damage "0")
L 07/10/2025 - 22:53:55: [playercommands.smx] "Kobe Bryant<22><STEAM_1:1:801237070><>" slapped "Kobe Bryant<22><STEAM_1:1:801237070><>" (damage "0")
L 07/10/2025 - 22:53:55: [playercommands.smx] "Kobe Bryant<22><STEAM_1:1:801237070><>" slapped "Kobe Bryant<22><STEAM_1:1:801237070><>" (damage "0")
L 07/10/2025 - 22:53:55: [playercommands.smx] "Kobe Bryant<22><STEAM_1:1:801237070><>" slapped "Kobe Bryant<22><STEAM_1:1:801237070><>" (damage "0")
L 07/10/2025 - 22:53:55: [playercommands.smx] "Kobe Bryant<22><STEAM_1:1:801237070><>" slapped "Kobe Bryant<22><STEAM_1:1:801237070><>" (damage "0")
L 07/10/2025 - 22:53:56: [playercommands.smx] "Kobe Bryant<22><STEAM_1:1:801237070><>" slapped "Kobe Bryant<22><STEAM_1:1:801237070><>" (damage "0")
L 07/10/2025 - 22:53:56: [playercommands.smx] "Kobe Bryant<22><STEAM_1:1:801237070><>" slapped "Kobe Bryant<22><STEAM_1:1:801237070><>" (damage "0")
L 07/10/2025 - 22:53:56: [playercommands.smx] "Kobe Bryant<22><STEAM_1:1:801237070><>" slapped "Kobe Bryant<22><STEAM_1:1:801237070><>" (damage "0")
L 07/10/2025 - 22:53:56: [playercommands.smx] "Kobe Bryant<22><STEAM_1:1:801237070><>" slapped "Kobe Bryant<22><STEAM_1:1:801237070><>" (damage "0")
L 07/10/2025 - 22:53:57: [playercommands.smx] "Kobe Bryant<22><STEAM_1:1:801237070><>" slapped "Kobe Bryant<22><STEAM_1:1:801237070><>" (damage "0")
L 07/10/2025 - 22:53:57: [playercommands.smx] "Kobe Bryant<22><STEAM_1:1:801237070><>" slapped "Kobe Bryant<22><STEAM_1:1:801237070><>" (damage "0")
L 07/10/2025 - 22:53:57: [playercommands.smx] "Kobe Bryant<22><STEAM_1:1:801237070><>" slapped "Kobe Bryant<22><STEAM_1:1:801237070><>" (damage "0")
L 07/10/2025 - 22:53:57: [playercommands.smx] "Kobe Bryant<22><STEAM_1:1:801237070><>" slapped "Kobe Bryant<22><STEAM_1:1:801237070><>" (damage "0")
L 07/10/2025 - 22:53:57: [playercommands.smx] "Kobe Bryant<22><STEAM_1:1:801237070><>" slapped "Kobe Bryant<22><STEAM_1:1:801237070><>" (damage "0")
L 07/10/2025 - 22:53:57: [playercommands.smx] "Kobe Bryant<22><STEAM_1:1:801237070><>" slapped "Kobe Bryant<22><STEAM_1:1:801237070><>" (damage "0")
L 07/10/2025 - 22:53:58: [playercommands.smx] "Kobe Bryant<22><STEAM_1:1:801237070><>" slapped "Kobe Bryant<22><STEAM_1:1:801237070><>" (damage "0")
L 07/10/2025 - 22:53:58: [playercommands.smx] "Kobe Bryant<22><STEAM_1:1:801237070><>" slapped "Kobe Bryant<22><STEAM_1:1:801237070><>" (damage "0")
L 07/10/2025 - 22:53:58: [playercommands.smx] "Kobe Bryant<22><STEAM_1:1:801237070><>" slapped "Kobe Bryant<22><STEAM_1:1:801237070><>" (damage "0")
L 07/10/2025 - 22:53:58: [playercommands.smx] "Kobe Bryant<22><STEAM_1:1:801237070><>" slapped "Kobe Bryant<22><STEAM_1:1:801237070><>" (damage "0")
L 07/10/2025 - 22:53:58: [playercommands.smx] "Kobe Bryant<22><STEAM_1:1:801237070><>" slapped "Kobe Bryant<22><STEAM_1:1:801237070><>" (damage "0")
L 07/10/2025 - 22:53:58: [playercommands.smx] "Kobe Bryant<22><STEAM_1:1:801237070><>" slapped "Kobe Bryant<22><STEAM_1:1:801237070><>" (damage "0")
L 07/10/2025 - 22:53:59: [playercommands.smx] "Kobe Bryant<22><STEAM_1:1:801237070><>" slapped "Kobe Bryant<22><STEAM_1:1:801237070><>" (damage "0")
L 07/10/2025 - 22:53:59: [playercommands.smx] "Kobe Bryant<22><STEAM_1:1:801237070><>" slapped "Kobe Bryant<22><STEAM_1:1:801237070><>" (damage "0")
L 07/10/2025 - 22:53:59: [playercommands.smx] "Kobe Bryant<22><STEAM_1:1:801237070><>" slapped "Kobe Bryant<22><STEAM_1:1:801237070><>" (damage "0")
L 07/10/2025 - 22:53:59: [playercommands.smx] "Kobe Bryant<22><STEAM_1:1:801237070><>" slapped "Kobe Bryant<22><STEAM_1:1:801237070><>" (damage "0")
L 07/10/2025 - 22:53:59: [playercommands.smx] "Kobe Bryant<22><STEAM_1:1:801237070><>" slapped "Kobe Bryant<22><STEAM_1:1:801237070><>" (damage "0")
L 07/10/2025 - 22:53:59: [playercommands.smx] "Kobe Bryant<22><STEAM_1:1:801237070><>" slapped "Kobe Bryant<22><STEAM_1:1:801237070><>" (damage "0")
L 07/10/2025 - 22:54:00: [playercommands.smx] "Kobe Bryant<22><STEAM_1:1:801237070><>" slapped "Kobe Bryant<22><STEAM_1:1:801237070><>" (damage "0")
L 07/10/2025 - 22:54:00: [playercommands.smx] "Kobe Bryant<22><STEAM_1:1:801237070><>" slapped "Kobe Bryant<22><STEAM_1:1:801237070><>" (damage "0")
L 07/10/2025 - 22:54:00: [playercommands.smx] "Kobe Bryant<22><STEAM_1:1:801237070><>" slapped "Kobe Bryant<22><STEAM_1:1:801237070><>" (damage "0")
L 07/10/2025 - 22:54:00: [playercommands.smx] "Kobe Bryant<22><STEAM_1:1:801237070><>" slapped "Kobe Bryant<22><STEAM_1:1:801237070><>" (damage "0")
L 07/10/2025 - 22:54:00: [playercommands.smx] "Kobe Bryant<22><STEAM_1:1:801237070><>" slapped "Kobe Bryant<22><STEAM_1:1:801237070><>" (damage "0")
L 07/10/2025 - 22:54:00: [playercommands.smx] "Kobe Bryant<22><STEAM_1:1:801237070><>" slapped "Kobe Bryant<22><STEAM_1:1:801237070><>" (damage "0")
L 07/10/2025 - 22:54:01: [playercommands.smx] "Kobe Bryant<22><STEAM_1:1:801237070><>" slapped "Kobe Bryant<22><STEAM_1:1:801237070><>" (damage "0")
L 07/10/2025 - 22:54:01: [playercommands.smx] "Kobe Bryant<22><STEAM_1:1:801237070><>" slapped "Kobe Bryant<22><STEAM_1:1:801237070><>" (damage "0")
L 07/10/2025 - 22:54:01: [playercommands.smx] "Kobe Bryant<22><STEAM_1:1:801237070><>" slapped "Kobe Bryant<22><STEAM_1:1:801237070><>" (damage "0")
L 07/10/2025 - 22:54:01: [playercommands.smx] "Kobe Bryant<22><STEAM_1:1:801237070><>" slapped "Kobe Bryant<22><STEAM_1:1:801237070><>" (damage "0")
L 07/10/2025 - 22:54:01: [playercommands.smx] "Kobe Bryant<22><STEAM_1:1:801237070><>" slapped "Kobe Bryant<22><STEAM_1:1:801237070><>" (damage "0")
L 07/10/2025 - 22:54:02: [playercommands.smx] "Kobe Bryant<22><STEAM_1:1:801237070><>" slapped "Kobe Bryant<22><STEAM_1:1:801237070><>" (damage "0")
L 07/10/2025 - 22:54:02: [playercommands.smx] "Kobe Bryant<22><STEAM_1:1:801237070><>" slapped "Kobe Bryant<22><STEAM_1:1:801237070><>" (damage "0")
L 07/10/2025 - 22:54:02: [playercommands.smx] "Kobe Bryant<22><STEAM_1:1:801237070><>" slapped "Kobe Bryant<22><STEAM_1:1:801237070><>" (damage "0")
L 07/10/2025 - 22:54:02: [playercommands.smx] "Kobe Bryant<22><STEAM_1:1:801237070><>" slapped "Kobe Bryant<22><STEAM_1:1:801237070><>" (damage "0")
L 07/10/2025 - 22:54:04: [playercommands.smx] "Kobe Bryant<22><STEAM_1:1:801237070><>" slapped "Kobe Bryant<22><STEAM_1:1:801237070><>" (damage "0")
L 07/10/2025 - 22:54:04: [playercommands.smx] "Kobe Bryant<22><STEAM_1:1:801237070><>" slapped "终极特感训练<33><STEAM_1:1:946538641><>" (damage "0")
L 07/10/2025 - 22:54:04: [playercommands.smx] "Kobe Bryant<22><STEAM_1:1:801237070><>" slapped "终极特感训练<33><STEAM_1:1:946538641><>" (damage "0")
L 07/10/2025 - 22:54:04: [playercommands.smx] "Kobe Bryant<22><STEAM_1:1:801237070><>" slapped "终极特感训练<33><STEAM_1:1:946538641><>" (damage "0")
L 07/10/2025 - 22:54:16: [SM] Changed map to "c7m3_port"
L 07/10/2025 - 22:54:17: -------- Mapchange to c7m3_port --------
L 07/10/2025 - 22:54:18: [basecommands.smx] "Console<0><Console><Console>" changed cvar (cvar "confogl_match_execcfg_plugins") (value "generalfixes.cfg;confogl_plugins.cfg;sharedplugins.cfg")
L 07/10/2025 - 22:54:18: [basecommands.smx] "Console<0><Console><Console>" changed cvar (cvar "l4d2_addons_eclipse") (value "0")
L 07/10/2025 - 22:54:18: [basecommands.smx] "Console<0><Console><Console>" changed cvar (cvar "sv_allow_wait_command") (value "0")
L 07/10/2025 - 22:54:18: [basecommands.smx] "Console<0><Console><Console>" changed cvar (cvar "sv_minrate") (value "100000")
L 07/10/2025 - 22:54:18: [basecommands.smx] "Console<0><Console><Console>" changed cvar (cvar "sv_maxrate") (value "100000")
L 07/10/2025 - 22:54:18: [basecommands.smx] "Console<0><Console><Console>" changed cvar (cvar "sv_minupdaterate") (value "100")
L 07/10/2025 - 22:54:18: [basecommands.smx] "Console<0><Console><Console>" changed cvar (cvar "sv_maxupdaterate") (value "100")
L 07/10/2025 - 22:54:18: [basecommands.smx] "Console<0><Console><Console>" changed cvar (cvar "sv_mincmdrate") (value "100")
L 07/10/2025 - 22:54:18: [basecommands.smx] "Console<0><Console><Console>" changed cvar (cvar "sv_maxcmdrate") (value "100")
L 07/10/2025 - 22:54:18: [basecommands.smx] "Console<0><Console><Console>" changed cvar (cvar "sv_client_min_interp_ratio") (value "-1")
L 07/10/2025 - 22:54:18: [basecommands.smx] "Console<0><Console><Console>" changed cvar (cvar "sv_client_max_interp_ratio") (value "0")
L 07/10/2025 - 22:54:18: [basecommands.smx] "Console<0><Console><Console>" changed cvar (cvar "nb_update_frequency") (value "0.014")
L 07/10/2025 - 22:54:18: [basecommands.smx] "Console<0><Console><Console>" changed cvar (cvar "net_splitpacket_maxrate") (value "50000")
L 07/10/2025 - 22:54:18: [basecommands.smx] "Console<0><Console><Console>" changed cvar (cvar "net_maxcleartime") (value "0.0001")
L 07/10/2025 - 22:54:18: [basecommands.smx] "Console<0><Console><Console>" changed cvar (cvar "fps_max") (value "0")
L 07/10/2025 - 22:54:18: [basecommands.smx] "Console<0><Console><Console>" changed cvar (cvar "tick_door_speed") (value "1.3")
L 07/10/2025 - 22:54:18: [basecommands.smx] "Console<0><Console><Console>" changed cvar (cvar "mv_maxplayers") (value "30")
L 07/10/2025 - 22:54:18: [basecommands.smx] "Console<0><Console><Console>" changed cvar (cvar "mp_autoteambalance") (value "0")
L 07/10/2025 - 22:54:18: [basecommands.smx] "Console<0><Console><Console>" changed cvar (cvar "sv_unlag_fixstuck") (value "1")
L 07/10/2025 - 22:54:18: [basecommands.smx] "Console<0><Console><Console>" changed cvar (cvar "z_brawl_chance") (value "0")
L 07/10/2025 - 22:54:18: [basecommands.smx] "Console<0><Console><Console>" changed cvar (cvar "sv_maxunlag") (value "1")
L 07/10/2025 - 22:54:18: [basecommands.smx] "Console<0><Console><Console>" changed cvar (cvar "sv_forcepreload") (value "1")
L 07/10/2025 - 22:54:18: [basecommands.smx] "Console<0><Console><Console>" changed cvar (cvar "sv_client_predict") (value "1")
L 07/10/2025 - 22:54:18: [basecommands.smx] "Console<0><Console><Console>" changed cvar (cvar "sv_client_cmdrate_difference") (value "0")
L 07/10/2025 - 22:54:18: [basecommands.smx] "Console<0><Console><Console>" changed cvar (cvar "sv_max_queries_sec_global") (value "10")
L 07/10/2025 - 22:54:18: [basecommands.smx] "Console<0><Console><Console>" changed cvar (cvar "sv_max_queries_sec") (value "3")
L 07/10/2025 - 22:54:18: [basecommands.smx] "Console<0><Console><Console>" changed cvar (cvar "sv_max_queries_window") (value "10")
L 07/10/2025 - 22:54:18: [basecommands.smx] "Console<0><Console><Console>" changed cvar (cvar "sv_player_stuck_tolerance") (value "5")
L 07/10/2025 - 22:54:18: [basecommands.smx] "Console<0><Console><Console>" changed cvar (cvar "sv_stats") (value "0")
L 07/10/2025 - 22:54:18: [basecommands.smx] "Console<0><Console><Console>" changed cvar (cvar "sv_clockcorrection_msecs") (value "25")
L 07/10/2025 - 22:54:18: [basecommands.smx] "Console<0><Console><Console>" changed cvar (cvar "survivor_max_incapacitated_count") (value "2")
L 07/10/2025 - 22:54:20: [optional/l4d2_saferoom_item_remove.smx] Removed 0 saferoom item(s) (start: 0; end: 0).
L 07/10/2025 - 22:55:55: [funcommands.smx] "Kobe Bryant<22><STEAM_1:1:801237070><>" froze "紙飛行機<58><STEAM_1:1:590841514><>"
L 07/10/2025 - 22:55:56: [funcommands.smx] "Kobe Bryant<22><STEAM_1:1:801237070><>" froze "紙飛行機<58><STEAM_1:1:590841514><>"
L 07/10/2025 - 22:55:59: [funcommands.smx] "Kobe Bryant<22><STEAM_1:1:801237070><>" froze "紙飛行機<58><STEAM_1:1:590841514><>"
L 07/10/2025 - 22:56:00: [funcommands.smx] "Kobe Bryant<22><STEAM_1:1:801237070><>" froze "紙飛行機<58><STEAM_1:1:590841514><>"
L 07/10/2025 - 22:56:13: [funcommands.smx] "Kobe Bryant<22><STEAM_1:1:801237070><>" froze "是莉莉贝卡喵<33><STEAM_1:1:946538641><>"
L 07/10/2025 - 22:56:15: [funcommands.smx] "Kobe Bryant<22><STEAM_1:1:801237070><>" froze "Tom<7><STEAM_1:0:845964559><>"
L 07/10/2025 - 22:56:20: [funcommands.smx] "Kobe Bryant<22><STEAM_1:1:801237070><>" froze "Tom<7><STEAM_1:0:845964559><>"
L 07/10/2025 - 22:56:24: [funcommands.smx] "Kobe Bryant<22><STEAM_1:1:801237070><>" froze "是莉莉贝卡喵<33><STEAM_1:1:946538641><>"
L 07/10/2025 - 22:56:59: [funcommands.smx] "Kobe Bryant<22><STEAM_1:1:801237070><>" froze "紙飛行機<58><STEAM_1:1:590841514><>"
L 07/10/2025 - 22:56:59: [funcommands.smx] "Kobe Bryant<22><STEAM_1:1:801237070><>" froze "紙飛行機<58><STEAM_1:1:590841514><>"
L 07/10/2025 - 23:01:05: [funcommands.smx] "Kobe Bryant<22><STEAM_1:1:801237070><>" set a FireBomb on "紙飛行機<58><STEAM_1:1:590841514><>"
L 07/10/2025 - 23:01:35: [funcommands.smx] "Kobe Bryant<22><STEAM_1:1:801237070><>" set gravity on "狗能岭光扣屁<10><STEAM_1:0:502610040><>" (amount "0.100000")
L 07/10/2025 - 23:01:55: [funcommands.smx] "Kobe Bryant<22><STEAM_1:1:801237070><>" set gravity on "Kobe Bryant<22><STEAM_1:1:801237070><>" (amount "0.100000")
L 07/10/2025 - 23:02:24: [funcommands.smx] "Kobe Bryant<22><STEAM_1:1:801237070><>" set gravity on "狗能岭光扣屁<10><STEAM_1:0:502610040><>" (amount "0.100000")
L 07/10/2025 - 23:02:51: [funcommands.smx] "Kobe Bryant<22><STEAM_1:1:801237070><>" set gravity on "是莉莉贝卡喵<33><STEAM_1:1:946538641><>" (amount "0.100000")
L 07/10/2025 - 23:05:17: [playercommands.smx] "Kobe Bryant<22><STEAM_1:1:801237070><>" slapped "狗能岭光扣屁<10><STEAM_1:0:502610040><>" (damage "0")
L 07/10/2025 - 23:05:18: [playercommands.smx] "Kobe Bryant<22><STEAM_1:1:801237070><>" slapped "狗能岭光扣屁<10><STEAM_1:0:502610040><>" (damage "0")
L 07/10/2025 - 23:05:18: [playercommands.smx] "Kobe Bryant<22><STEAM_1:1:801237070><>" slapped "狗能岭光扣屁<10><STEAM_1:0:502610040><>" (damage "0")
L 07/10/2025 - 23:05:18: [playercommands.smx] "Kobe Bryant<22><STEAM_1:1:801237070><>" slapped "狗能岭光扣屁<10><STEAM_1:0:502610040><>" (damage "0")
L 07/10/2025 - 23:05:18: [playercommands.smx] "Kobe Bryant<22><STEAM_1:1:801237070><>" slapped "狗能岭光扣屁<10><STEAM_1:0:502610040><>" (damage "0")
L 07/10/2025 - 23:05:18: [playercommands.smx] "Kobe Bryant<22><STEAM_1:1:801237070><>" slapped "狗能岭光扣屁<10><STEAM_1:0:502610040><>" (damage "0")
L 07/10/2025 - 23:05:18: [playercommands.smx] "Kobe Bryant<22><STEAM_1:1:801237070><>" slapped "狗能岭光扣屁<10><STEAM_1:0:502610040><>" (damage "0")
L 07/10/2025 - 23:05:18: [playercommands.smx] "Kobe Bryant<22><STEAM_1:1:801237070><>" slapped "狗能岭光扣屁<10><STEAM_1:0:502610040><>" (damage "0")
L 07/10/2025 - 23:05:19: [playercommands.smx] "Kobe Bryant<22><STEAM_1:1:801237070><>" slapped "狗能岭光扣屁<10><STEAM_1:0:502610040><>" (damage "0")
L 07/10/2025 - 23:05:19: [playercommands.smx] "Kobe Bryant<22><STEAM_1:1:801237070><>" slapped "狗能岭光扣屁<10><STEAM_1:0:502610040><>" (damage "0")
L 07/10/2025 - 23:05:19: [playercommands.smx] "Kobe Bryant<22><STEAM_1:1:801237070><>" slapped "狗能岭光扣屁<10><STEAM_1:0:502610040><>" (damage "0")
L 07/10/2025 - 23:05:19: [playercommands.smx] "Kobe Bryant<22><STEAM_1:1:801237070><>" slapped "狗能岭光扣屁<10><STEAM_1:0:502610040><>" (damage "0")
L 07/10/2025 - 23:05:19: [playercommands.smx] "Kobe Bryant<22><STEAM_1:1:801237070><>" slapped "狗能岭光扣屁<10><STEAM_1:0:502610040><>" (damage "0")
L 07/10/2025 - 23:05:19: [playercommands.smx] "Kobe Bryant<22><STEAM_1:1:801237070><>" slapped "狗能岭光扣屁<10><STEAM_1:0:502610040><>" (damage "0")
L 07/10/2025 - 23:05:20: [playercommands.smx] "Kobe Bryant<22><STEAM_1:1:801237070><>" slapped "狗能岭光扣屁<10><STEAM_1:0:502610040><>" (damage "0")
L 07/10/2025 - 23:05:20: [playercommands.smx] "Kobe Bryant<22><STEAM_1:1:801237070><>" slapped "狗能岭光扣屁<10><STEAM_1:0:502610040><>" (damage "0")
L 07/10/2025 - 23:05:20: [playercommands.smx] "Kobe Bryant<22><STEAM_1:1:801237070><>" slapped "狗能岭光扣屁<10><STEAM_1:0:502610040><>" (damage "0")
L 07/10/2025 - 23:05:20: [playercommands.smx] "Kobe Bryant<22><STEAM_1:1:801237070><>" slapped "狗能岭光扣屁<10><STEAM_1:0:502610040><>" (damage "0")
L 07/10/2025 - 23:05:20: [playercommands.smx] "Kobe Bryant<22><STEAM_1:1:801237070><>" slapped "狗能岭光扣屁<10><STEAM_1:0:502610040><>" (damage "0")
L 07/10/2025 - 23:05:20: [playercommands.smx] "Kobe Bryant<22><STEAM_1:1:801237070><>" slapped "狗能岭光扣屁<10><STEAM_1:0:502610040><>" (damage "0")
L 07/10/2025 - 23:05:21: [playercommands.smx] "Kobe Bryant<22><STEAM_1:1:801237070><>" slapped "Tom<7><STEAM_1:0:845964559><>" (damage "0")
L 07/10/2025 - 23:05:21: [playercommands.smx] "Kobe Bryant<22><STEAM_1:1:801237070><>" slapped "Tom<7><STEAM_1:0:845964559><>" (damage "0")
L 07/10/2025 - 23:05:21: [playercommands.smx] "Kobe Bryant<22><STEAM_1:1:801237070><>" slapped "Tom<7><STEAM_1:0:845964559><>" (damage "0")
L 07/10/2025 - 23:05:21: [playercommands.smx] "Kobe Bryant<22><STEAM_1:1:801237070><>" slapped "Tom<7><STEAM_1:0:845964559><>" (damage "0")
L 07/10/2025 - 23:05:21: [playercommands.smx] "Kobe Bryant<22><STEAM_1:1:801237070><>" slapped "Tom<7><STEAM_1:0:845964559><>" (damage "0")
L 07/10/2025 - 23:05:21: [playercommands.smx] "Kobe Bryant<22><STEAM_1:1:801237070><>" slapped "Tom<7><STEAM_1:0:845964559><>" (damage "0")
L 07/10/2025 - 23:05:22: [playercommands.smx] "Kobe Bryant<22><STEAM_1:1:801237070><>" slapped "Tom<7><STEAM_1:0:845964559><>" (damage "0")
L 07/10/2025 - 23:05:22: [playercommands.smx] "Kobe Bryant<22><STEAM_1:1:801237070><>" slapped "Tom<7><STEAM_1:0:845964559><>" (damage "0")
L 07/10/2025 - 23:05:22: [playercommands.smx] "Kobe Bryant<22><STEAM_1:1:801237070><>" slapped "Tom<7><STEAM_1:0:845964559><>" (damage "0")
L 07/10/2025 - 23:05:22: [playercommands.smx] "Kobe Bryant<22><STEAM_1:1:801237070><>" slapped "Tom<7><STEAM_1:0:845964559><>" (damage "0")
L 07/10/2025 - 23:05:22: [playercommands.smx] "Kobe Bryant<22><STEAM_1:1:801237070><>" slapped "Tom<7><STEAM_1:0:845964559><>" (damage "0")
L 07/10/2025 - 23:05:32: [playercommands.smx] "Kobe Bryant<22><STEAM_1:1:801237070><>" slapped "狗能岭光扣屁<10><STEAM_1:0:502610040><>" (damage "0")
L 07/10/2025 - 23:05:33: [playercommands.smx] "Kobe Bryant<22><STEAM_1:1:801237070><>" slapped "狗能岭光扣屁<10><STEAM_1:0:502610040><>" (damage "0")
L 07/10/2025 - 23:05:33: [playercommands.smx] "Kobe Bryant<22><STEAM_1:1:801237070><>" slapped "狗能岭光扣屁<10><STEAM_1:0:502610040><>" (damage "0")
L 07/10/2025 - 23:05:33: [playercommands.smx] "Kobe Bryant<22><STEAM_1:1:801237070><>" slapped "狗能岭光扣屁<10><STEAM_1:0:502610040><>" (damage "0")
L 07/10/2025 - 23:05:33: [playercommands.smx] "Kobe Bryant<22><STEAM_1:1:801237070><>" slapped "狗能岭光扣屁<10><STEAM_1:0:502610040><>" (damage "0")
L 07/10/2025 - 23:05:33: [playercommands.smx] "Kobe Bryant<22><STEAM_1:1:801237070><>" slapped "狗能岭光扣屁<10><STEAM_1:0:502610040><>" (damage "0")
L 07/10/2025 - 23:05:33: [playercommands.smx] "Kobe Bryant<22><STEAM_1:1:801237070><>" slapped "狗能岭光扣屁<10><STEAM_1:0:502610040><>" (damage "0")
L 07/10/2025 - 23:05:34: [playercommands.smx] "Kobe Bryant<22><STEAM_1:1:801237070><>" slapped "狗能岭光扣屁<10><STEAM_1:0:502610040><>" (damage "0")
L 07/10/2025 - 23:05:34: [playercommands.smx] "Kobe Bryant<22><STEAM_1:1:801237070><>" slapped "狗能岭光扣屁<10><STEAM_1:0:502610040><>" (damage "0")
L 07/10/2025 - 23:05:34: [playercommands.smx] "Kobe Bryant<22><STEAM_1:1:801237070><>" slapped "狗能岭光扣屁<10><STEAM_1:0:502610040><>" (damage "0")
L 07/10/2025 - 23:05:34: [playercommands.smx] "Kobe Bryant<22><STEAM_1:1:801237070><>" slapped "狗能岭光扣屁<10><STEAM_1:0:502610040><>" (damage "0")
L 07/10/2025 - 23:05:34: [playercommands.smx] "Kobe Bryant<22><STEAM_1:1:801237070><>" slapped "狗能岭光扣屁<10><STEAM_1:0:502610040><>" (damage "0")
L 07/10/2025 - 23:05:34: [playercommands.smx] "Kobe Bryant<22><STEAM_1:1:801237070><>" slapped "狗能岭光扣屁<10><STEAM_1:0:502610040><>" (damage "0")
L 07/10/2025 - 23:05:38: [playercommands.smx] "Kobe Bryant<22><STEAM_1:1:801237070><>" slapped "狗能岭光扣屁<10><STEAM_1:0:502610040><>" (damage "0")
L 07/10/2025 - 23:05:38: [playercommands.smx] "Kobe Bryant<22><STEAM_1:1:801237070><>" slapped "狗能岭光扣屁<10><STEAM_1:0:502610040><>" (damage "0")
L 07/10/2025 - 23:05:38: [playercommands.smx] "Kobe Bryant<22><STEAM_1:1:801237070><>" slapped "狗能岭光扣屁<10><STEAM_1:0:502610040><>" (damage "0")
L 07/10/2025 - 23:05:38: [playercommands.smx] "Kobe Bryant<22><STEAM_1:1:801237070><>" slapped "狗能岭光扣屁<10><STEAM_1:0:502610040><>" (damage "0")
L 07/10/2025 - 23:05:38: [playercommands.smx] "Kobe Bryant<22><STEAM_1:1:801237070><>" slapped "狗能岭光扣屁<10><STEAM_1:0:502610040><>" (damage "0")
L 07/10/2025 - 23:09:50: [funcommands.smx] "Kobe Bryant<22><STEAM_1:1:801237070><>" set a TimeBomb on "NyaAsumi<24><STEAM_1:1:806728604><>"
L 07/10/2025 - 23:09:52: [funcommands.smx] "Kobe Bryant<22><STEAM_1:1:801237070><>" removed a TimeBomb on "NyaAsumi<24><STEAM_1:1:806728604><>"
L 07/10/2025 - 23:09:53: [funcommands.smx] "Kobe Bryant<22><STEAM_1:1:801237070><>" set a TimeBomb on "白井七ちゃん<3><STEAM_1:1:593866754><>"
L 07/10/2025 - 23:09:54: [funcommands.smx] "Kobe Bryant<22><STEAM_1:1:801237070><>" set a TimeBomb on "狗能岭光扣屁<10><STEAM_1:0:502610040><>"
L 07/10/2025 - 23:10:07: [funcommands.smx] "Kobe Bryant<22><STEAM_1:1:801237070><>" set a TimeBomb on "狗能岭光扣屁<10><STEAM_1:0:502610040><>"
L 07/10/2025 - 23:10:10: [funcommands.smx] "Kobe Bryant<22><STEAM_1:1:801237070><>" set a TimeBomb on "NyaAsumi<24><STEAM_1:1:806728604><>"
L 07/10/2025 - 23:11:19: SourceMod log file session started (file "/root/Steam/steamapps/common/L4D21/left4dead2/addons/sourcemod/logs/L20250710.log") (Version "1.12.0.7195")
L 07/10/2025 - 23:11:19: [fixes/firebulletsfix.smx] Found offset for Weapon_ShootPosition 286
L 07/10/2025 - 23:11:21: [basecommands.smx] "Console<0><Console><Console>" changed cvar (cvar "confogl_match_execcfg_plugins") (value "generalfixes.cfg;confogl_plugins.cfg;sharedplugins.cfg")
L 07/10/2025 - 23:11:21: [basecommands.smx] "Console<0><Console><Console>" changed cvar (cvar "l4d2_addons_eclipse") (value "0")
L 07/10/2025 - 23:11:21: [basecommands.smx] "Console<0><Console><Console>" changed cvar (cvar "sv_allow_wait_command") (value "0")
L 07/10/2025 - 23:11:21: [basecommands.smx] "Console<0><Console><Console>" changed cvar (cvar "sv_minrate") (value "100000")
L 07/10/2025 - 23:11:21: [basecommands.smx] "Console<0><Console><Console>" changed cvar (cvar "sv_maxrate") (value "100000")
L 07/10/2025 - 23:11:21: [basecommands.smx] "Console<0><Console><Console>" changed cvar (cvar "sv_minupdaterate") (value "100")
L 07/10/2025 - 23:11:21: [basecommands.smx] "Console<0><Console><Console>" changed cvar (cvar "sv_maxupdaterate") (value "100")
L 07/10/2025 - 23:11:21: [basecommands.smx] "Console<0><Console><Console>" changed cvar (cvar "sv_mincmdrate") (value "100")
L 07/10/2025 - 23:11:21: [basecommands.smx] "Console<0><Console><Console>" changed cvar (cvar "sv_maxcmdrate") (value "100")
L 07/10/2025 - 23:11:21: [basecommands.smx] "Console<0><Console><Console>" changed cvar (cvar "sv_client_min_interp_ratio") (value "-1")
L 07/10/2025 - 23:11:21: [basecommands.smx] "Console<0><Console><Console>" changed cvar (cvar "sv_client_max_interp_ratio") (value "0")
L 07/10/2025 - 23:11:21: [basecommands.smx] "Console<0><Console><Console>" changed cvar (cvar "nb_update_frequency") (value "0.014")
L 07/10/2025 - 23:11:21: [basecommands.smx] "Console<0><Console><Console>" changed cvar (cvar "net_splitpacket_maxrate") (value "50000")
L 07/10/2025 - 23:11:21: [basecommands.smx] "Console<0><Console><Console>" changed cvar (cvar "net_maxcleartime") (value "0.0001")
L 07/10/2025 - 23:11:21: [basecommands.smx] "Console<0><Console><Console>" changed cvar (cvar "fps_max") (value "0")
L 07/10/2025 - 23:11:21: [basecommands.smx] "Console<0><Console><Console>" changed cvar (cvar "tick_door_speed") (value "1.3")
L 07/10/2025 - 23:11:21: [basecommands.smx] "Console<0><Console><Console>" changed cvar (cvar "mv_maxplayers") (value "30")
L 07/10/2025 - 23:11:21: [basecommands.smx] "Console<0><Console><Console>" changed cvar (cvar "mp_autoteambalance") (value "0")
L 07/10/2025 - 23:11:21: [basecommands.smx] "Console<0><Console><Console>" changed cvar (cvar "sv_unlag_fixstuck") (value "1")
L 07/10/2025 - 23:11:21: [basecommands.smx] "Console<0><Console><Console>" changed cvar (cvar "z_brawl_chance") (value "0")
L 07/10/2025 - 23:11:21: [basecommands.smx] "Console<0><Console><Console>" changed cvar (cvar "sv_maxunlag") (value "1")
L 07/10/2025 - 23:11:21: [basecommands.smx] "Console<0><Console><Console>" changed cvar (cvar "sv_forcepreload") (value "1")
L 07/10/2025 - 23:11:21: [basecommands.smx] "Console<0><Console><Console>" changed cvar (cvar "sv_client_predict") (value "1")
L 07/10/2025 - 23:11:21: [basecommands.smx] "Console<0><Console><Console>" changed cvar (cvar "sv_client_cmdrate_difference") (value "0")
L 07/10/2025 - 23:11:21: [basecommands.smx] "Console<0><Console><Console>" changed cvar (cvar "sv_max_queries_sec_global") (value "10")
L 07/10/2025 - 23:11:21: [basecommands.smx] "Console<0><Console><Console>" changed cvar (cvar "sv_max_queries_sec") (value "3")
L 07/10/2025 - 23:11:21: [basecommands.smx] "Console<0><Console><Console>" changed cvar (cvar "sv_max_queries_window") (value "10")
L 07/10/2025 - 23:11:21: [basecommands.smx] "Console<0><Console><Console>" changed cvar (cvar "sv_player_stuck_tolerance") (value "5")
L 07/10/2025 - 23:11:21: [basecommands.smx] "Console<0><Console><Console>" changed cvar (cvar "sv_stats") (value "0")
L 07/10/2025 - 23:11:21: [basecommands.smx] "Console<0><Console><Console>" changed cvar (cvar "sv_clockcorrection_msecs") (value "25")
L 07/10/2025 - 23:11:21: [basecommands.smx] "Console<0><Console><Console>" changed cvar (cvar "survivor_max_incapacitated_count") (value "2")
L 07/10/2025 - 23:11:22: [fixes/firebulletsfix.smx] Found offset for Weapon_ShootPosition 286
L 07/10/2025 - 23:11:22: [optional/l4d2_item_hint.smx] 
==========
Warning: You should install "[L4D & L4D2] Use Priority Patch" to fix attached models blocking +USE action (item hint): https://forums.alliedmods.net/showthread.php?t=327511
==========

L 07/10/2025 - 23:11:22: [GEOIP] GeoIP2 database loaded: GeoLite2-Country (2023-12-22 14:46:10 UTC) (/root/Steam/steamapps/common/L4D21/left4dead2/addons/sourcemod/configs/geoip/GeoLite2-Country.mmdb)
L 07/10/2025 - 23:11:22: [GEOIP] GeoIP2 supported languages: de en es fr ja pt-BR ru zh-CN
L 07/10/2025 - 23:11:22: [GEOIP] Your database is older than 90 days. You should consider downloading a newer version from e.g. https://dev.maxmind.com/geoip/geolite2-free-geolocation-data
L 07/10/2025 - 23:11:26: -------- Mapchange to c2m1_highway --------
L 07/10/2025 - 23:11:27: [basecommands.smx] "Console<0><Console><Console>" changed cvar (cvar "confogl_match_execcfg_plugins") (value "generalfixes.cfg;confogl_plugins.cfg;sharedplugins.cfg")
L 07/10/2025 - 23:11:27: [basecommands.smx] "Console<0><Console><Console>" changed cvar (cvar "l4d2_addons_eclipse") (value "0")
L 07/10/2025 - 23:11:27: [basecommands.smx] "Console<0><Console><Console>" changed cvar (cvar "sv_allow_wait_command") (value "0")
L 07/10/2025 - 23:11:27: [basecommands.smx] "Console<0><Console><Console>" changed cvar (cvar "sv_minrate") (value "100000")
L 07/10/2025 - 23:11:27: [basecommands.smx] "Console<0><Console><Console>" changed cvar (cvar "sv_maxrate") (value "100000")
L 07/10/2025 - 23:11:27: [basecommands.smx] "Console<0><Console><Console>" changed cvar (cvar "sv_minupdaterate") (value "100")
L 07/10/2025 - 23:11:27: [basecommands.smx] "Console<0><Console><Console>" changed cvar (cvar "sv_maxupdaterate") (value "100")
L 07/10/2025 - 23:11:27: [basecommands.smx] "Console<0><Console><Console>" changed cvar (cvar "sv_mincmdrate") (value "100")
L 07/10/2025 - 23:11:27: [basecommands.smx] "Console<0><Console><Console>" changed cvar (cvar "sv_maxcmdrate") (value "100")
L 07/10/2025 - 23:11:27: [basecommands.smx] "Console<0><Console><Console>" changed cvar (cvar "sv_client_min_interp_ratio") (value "-1")
L 07/10/2025 - 23:11:27: [basecommands.smx] "Console<0><Console><Console>" changed cvar (cvar "sv_client_max_interp_ratio") (value "0")
L 07/10/2025 - 23:11:27: [basecommands.smx] "Console<0><Console><Console>" changed cvar (cvar "nb_update_frequency") (value "0.014")
L 07/10/2025 - 23:11:27: [basecommands.smx] "Console<0><Console><Console>" changed cvar (cvar "net_splitpacket_maxrate") (value "50000")
L 07/10/2025 - 23:11:27: [basecommands.smx] "Console<0><Console><Console>" changed cvar (cvar "net_maxcleartime") (value "0.0001")
L 07/10/2025 - 23:11:27: [basecommands.smx] "Console<0><Console><Console>" changed cvar (cvar "fps_max") (value "0")
L 07/10/2025 - 23:11:27: [basecommands.smx] "Console<0><Console><Console>" changed cvar (cvar "tick_door_speed") (value "1.3")
L 07/10/2025 - 23:11:27: [basecommands.smx] "Console<0><Console><Console>" changed cvar (cvar "mv_maxplayers") (value "30")
L 07/10/2025 - 23:11:27: [basecommands.smx] "Console<0><Console><Console>" changed cvar (cvar "mp_autoteambalance") (value "0")
L 07/10/2025 - 23:11:27: [basecommands.smx] "Console<0><Console><Console>" changed cvar (cvar "sv_unlag_fixstuck") (value "1")
L 07/10/2025 - 23:11:27: [basecommands.smx] "Console<0><Console><Console>" changed cvar (cvar "z_brawl_chance") (value "0")
L 07/10/2025 - 23:11:27: [basecommands.smx] "Console<0><Console><Console>" changed cvar (cvar "sv_maxunlag") (value "1")
L 07/10/2025 - 23:11:27: [basecommands.smx] "Console<0><Console><Console>" changed cvar (cvar "sv_forcepreload") (value "1")
L 07/10/2025 - 23:11:27: [basecommands.smx] "Console<0><Console><Console>" changed cvar (cvar "sv_client_predict") (value "1")
L 07/10/2025 - 23:11:27: [basecommands.smx] "Console<0><Console><Console>" changed cvar (cvar "sv_client_cmdrate_difference") (value "0")
L 07/10/2025 - 23:11:27: [basecommands.smx] "Console<0><Console><Console>" changed cvar (cvar "sv_max_queries_sec_global") (value "10")
L 07/10/2025 - 23:11:27: [basecommands.smx] "Console<0><Console><Console>" changed cvar (cvar "sv_max_queries_sec") (value "3")
L 07/10/2025 - 23:11:27: [basecommands.smx] "Console<0><Console><Console>" changed cvar (cvar "sv_max_queries_window") (value "10")
L 07/10/2025 - 23:11:27: [basecommands.smx] "Console<0><Console><Console>" changed cvar (cvar "sv_player_stuck_tolerance") (value "5")
L 07/10/2025 - 23:11:27: [basecommands.smx] "Console<0><Console><Console>" changed cvar (cvar "sv_stats") (value "0")
L 07/10/2025 - 23:11:27: [basecommands.smx] "Console<0><Console><Console>" changed cvar (cvar "sv_clockcorrection_msecs") (value "25")
L 07/10/2025 - 23:11:27: [basecommands.smx] "Console<0><Console><Console>" changed cvar (cvar "survivor_max_incapacitated_count") (value "2")
L 07/10/2025 - 23:11:29: [optional/l4d2_saferoom_item_remove.smx] Removed 0 saferoom item(s) (start: 0; end: 0).
L 07/10/2025 - 23:12:24: SourceMod log file session started (file "/root/Steam/steamapps/common/L4D21/left4dead2/addons/sourcemod/logs/L20250710.log") (Version "1.12.0.7195")
L 07/10/2025 - 23:12:24: [fixes/firebulletsfix.smx] Found offset for Weapon_ShootPosition 286
L 07/10/2025 - 23:12:26: [basecommands.smx] "Console<0><Console><Console>" changed cvar (cvar "confogl_match_execcfg_plugins") (value "generalfixes.cfg;confogl_plugins.cfg;sharedplugins.cfg")
L 07/10/2025 - 23:12:26: [basecommands.smx] "Console<0><Console><Console>" changed cvar (cvar "l4d2_addons_eclipse") (value "0")
L 07/10/2025 - 23:12:26: [basecommands.smx] "Console<0><Console><Console>" changed cvar (cvar "sv_allow_wait_command") (value "0")
L 07/10/2025 - 23:12:26: [basecommands.smx] "Console<0><Console><Console>" changed cvar (cvar "sv_minrate") (value "100000")
L 07/10/2025 - 23:12:26: [basecommands.smx] "Console<0><Console><Console>" changed cvar (cvar "sv_maxrate") (value "100000")
L 07/10/2025 - 23:12:26: [basecommands.smx] "Console<0><Console><Console>" changed cvar (cvar "sv_minupdaterate") (value "100")
L 07/10/2025 - 23:12:26: [basecommands.smx] "Console<0><Console><Console>" changed cvar (cvar "sv_maxupdaterate") (value "100")
L 07/10/2025 - 23:12:26: [basecommands.smx] "Console<0><Console><Console>" changed cvar (cvar "sv_mincmdrate") (value "100")
L 07/10/2025 - 23:12:26: [basecommands.smx] "Console<0><Console><Console>" changed cvar (cvar "sv_maxcmdrate") (value "100")
L 07/10/2025 - 23:12:26: [basecommands.smx] "Console<0><Console><Console>" changed cvar (cvar "sv_client_min_interp_ratio") (value "-1")
L 07/10/2025 - 23:12:26: [basecommands.smx] "Console<0><Console><Console>" changed cvar (cvar "sv_client_max_interp_ratio") (value "0")
L 07/10/2025 - 23:12:26: [basecommands.smx] "Console<0><Console><Console>" changed cvar (cvar "nb_update_frequency") (value "0.014")
L 07/10/2025 - 23:12:26: [basecommands.smx] "Console<0><Console><Console>" changed cvar (cvar "net_splitpacket_maxrate") (value "50000")
L 07/10/2025 - 23:12:26: [basecommands.smx] "Console<0><Console><Console>" changed cvar (cvar "net_maxcleartime") (value "0.0001")
L 07/10/2025 - 23:12:26: [basecommands.smx] "Console<0><Console><Console>" changed cvar (cvar "fps_max") (value "0")
L 07/10/2025 - 23:12:26: [basecommands.smx] "Console<0><Console><Console>" changed cvar (cvar "tick_door_speed") (value "1.3")
L 07/10/2025 - 23:12:26: [basecommands.smx] "Console<0><Console><Console>" changed cvar (cvar "mv_maxplayers") (value "30")
L 07/10/2025 - 23:12:26: [basecommands.smx] "Console<0><Console><Console>" changed cvar (cvar "mp_autoteambalance") (value "0")
L 07/10/2025 - 23:12:26: [basecommands.smx] "Console<0><Console><Console>" changed cvar (cvar "sv_unlag_fixstuck") (value "1")
L 07/10/2025 - 23:12:26: [basecommands.smx] "Console<0><Console><Console>" changed cvar (cvar "z_brawl_chance") (value "0")
L 07/10/2025 - 23:12:26: [basecommands.smx] "Console<0><Console><Console>" changed cvar (cvar "sv_maxunlag") (value "1")
L 07/10/2025 - 23:12:26: [basecommands.smx] "Console<0><Console><Console>" changed cvar (cvar "sv_forcepreload") (value "1")
L 07/10/2025 - 23:12:26: [basecommands.smx] "Console<0><Console><Console>" changed cvar (cvar "sv_client_predict") (value "1")
L 07/10/2025 - 23:12:26: [basecommands.smx] "Console<0><Console><Console>" changed cvar (cvar "sv_client_cmdrate_difference") (value "0")
L 07/10/2025 - 23:12:26: [basecommands.smx] "Console<0><Console><Console>" changed cvar (cvar "sv_max_queries_sec_global") (value "10")
L 07/10/2025 - 23:12:26: [basecommands.smx] "Console<0><Console><Console>" changed cvar (cvar "sv_max_queries_sec") (value "3")
L 07/10/2025 - 23:12:26: [basecommands.smx] "Console<0><Console><Console>" changed cvar (cvar "sv_max_queries_window") (value "10")
L 07/10/2025 - 23:12:26: [basecommands.smx] "Console<0><Console><Console>" changed cvar (cvar "sv_player_stuck_tolerance") (value "5")
L 07/10/2025 - 23:12:26: [basecommands.smx] "Console<0><Console><Console>" changed cvar (cvar "sv_stats") (value "0")
L 07/10/2025 - 23:12:26: [basecommands.smx] "Console<0><Console><Console>" changed cvar (cvar "sv_clockcorrection_msecs") (value "25")
L 07/10/2025 - 23:12:26: [basecommands.smx] "Console<0><Console><Console>" changed cvar (cvar "survivor_max_incapacitated_count") (value "2")
L 07/10/2025 - 23:12:26: [fixes/firebulletsfix.smx] Found offset for Weapon_ShootPosition 286
L 07/10/2025 - 23:12:26: [optional/l4d2_item_hint.smx] 
==========
Warning: You should install "[L4D & L4D2] Use Priority Patch" to fix attached models blocking +USE action (item hint): https://forums.alliedmods.net/showthread.php?t=327511
==========

L 07/10/2025 - 23:12:26: [GEOIP] GeoIP2 database loaded: GeoLite2-Country (2023-12-22 14:46:10 UTC) (/root/Steam/steamapps/common/L4D21/left4dead2/addons/sourcemod/configs/geoip/GeoLite2-Country.mmdb)
L 07/10/2025 - 23:12:26: [GEOIP] GeoIP2 supported languages: de en es fr ja pt-BR ru zh-CN
L 07/10/2025 - 23:12:26: [GEOIP] Your database is older than 90 days. You should consider downloading a newer version from e.g. https://dev.maxmind.com/geoip/geolite2-free-geolocation-data
L 07/10/2025 - 23:12:30: -------- Mapchange to c2m1_highway --------
L 07/10/2025 - 23:12:31: [basecommands.smx] "Console<0><Console><Console>" changed cvar (cvar "confogl_match_execcfg_plugins") (value "generalfixes.cfg;confogl_plugins.cfg;sharedplugins.cfg")
L 07/10/2025 - 23:12:31: [basecommands.smx] "Console<0><Console><Console>" changed cvar (cvar "l4d2_addons_eclipse") (value "0")
L 07/10/2025 - 23:12:31: [basecommands.smx] "Console<0><Console><Console>" changed cvar (cvar "sv_allow_wait_command") (value "0")
L 07/10/2025 - 23:12:31: [basecommands.smx] "Console<0><Console><Console>" changed cvar (cvar "sv_minrate") (value "100000")
L 07/10/2025 - 23:12:31: [basecommands.smx] "Console<0><Console><Console>" changed cvar (cvar "sv_maxrate") (value "100000")
L 07/10/2025 - 23:12:31: [basecommands.smx] "Console<0><Console><Console>" changed cvar (cvar "sv_minupdaterate") (value "100")
L 07/10/2025 - 23:12:31: [basecommands.smx] "Console<0><Console><Console>" changed cvar (cvar "sv_maxupdaterate") (value "100")
L 07/10/2025 - 23:12:31: [basecommands.smx] "Console<0><Console><Console>" changed cvar (cvar "sv_mincmdrate") (value "100")
L 07/10/2025 - 23:12:31: [basecommands.smx] "Console<0><Console><Console>" changed cvar (cvar "sv_maxcmdrate") (value "100")
L 07/10/2025 - 23:12:31: [basecommands.smx] "Console<0><Console><Console>" changed cvar (cvar "sv_client_min_interp_ratio") (value "-1")
L 07/10/2025 - 23:12:31: [basecommands.smx] "Console<0><Console><Console>" changed cvar (cvar "sv_client_max_interp_ratio") (value "0")
L 07/10/2025 - 23:12:31: [basecommands.smx] "Console<0><Console><Console>" changed cvar (cvar "nb_update_frequency") (value "0.014")
L 07/10/2025 - 23:12:31: [basecommands.smx] "Console<0><Console><Console>" changed cvar (cvar "net_splitpacket_maxrate") (value "50000")
L 07/10/2025 - 23:12:31: [basecommands.smx] "Console<0><Console><Console>" changed cvar (cvar "net_maxcleartime") (value "0.0001")
L 07/10/2025 - 23:12:31: [basecommands.smx] "Console<0><Console><Console>" changed cvar (cvar "fps_max") (value "0")
L 07/10/2025 - 23:12:31: [basecommands.smx] "Console<0><Console><Console>" changed cvar (cvar "tick_door_speed") (value "1.3")
L 07/10/2025 - 23:12:31: [basecommands.smx] "Console<0><Console><Console>" changed cvar (cvar "mv_maxplayers") (value "30")
L 07/10/2025 - 23:12:31: [basecommands.smx] "Console<0><Console><Console>" changed cvar (cvar "mp_autoteambalance") (value "0")
L 07/10/2025 - 23:12:31: [basecommands.smx] "Console<0><Console><Console>" changed cvar (cvar "sv_unlag_fixstuck") (value "1")
L 07/10/2025 - 23:12:31: [basecommands.smx] "Console<0><Console><Console>" changed cvar (cvar "z_brawl_chance") (value "0")
L 07/10/2025 - 23:12:31: [basecommands.smx] "Console<0><Console><Console>" changed cvar (cvar "sv_maxunlag") (value "1")
L 07/10/2025 - 23:12:31: [basecommands.smx] "Console<0><Console><Console>" changed cvar (cvar "sv_forcepreload") (value "1")
L 07/10/2025 - 23:12:31: [basecommands.smx] "Console<0><Console><Console>" changed cvar (cvar "sv_client_predict") (value "1")
L 07/10/2025 - 23:12:31: [basecommands.smx] "Console<0><Console><Console>" changed cvar (cvar "sv_client_cmdrate_difference") (value "0")
L 07/10/2025 - 23:12:31: [basecommands.smx] "Console<0><Console><Console>" changed cvar (cvar "sv_max_queries_sec_global") (value "10")
L 07/10/2025 - 23:12:31: [basecommands.smx] "Console<0><Console><Console>" changed cvar (cvar "sv_max_queries_sec") (value "3")
L 07/10/2025 - 23:12:31: [basecommands.smx] "Console<0><Console><Console>" changed cvar (cvar "sv_max_queries_window") (value "10")
L 07/10/2025 - 23:12:31: [basecommands.smx] "Console<0><Console><Console>" changed cvar (cvar "sv_player_stuck_tolerance") (value "5")
L 07/10/2025 - 23:12:31: [basecommands.smx] "Console<0><Console><Console>" changed cvar (cvar "sv_stats") (value "0")
L 07/10/2025 - 23:12:31: [basecommands.smx] "Console<0><Console><Console>" changed cvar (cvar "sv_clockcorrection_msecs") (value "25")
L 07/10/2025 - 23:12:31: [basecommands.smx] "Console<0><Console><Console>" changed cvar (cvar "survivor_max_incapacitated_count") (value "2")
L 07/10/2025 - 23:12:33: [optional/l4d2_saferoom_item_remove.smx] Removed 0 saferoom item(s) (start: 0; end: 0).
L 07/10/2025 - 23:21:28: SourceMod log file session started (file "/root/Steam/steamapps/common/L4D21/left4dead2/addons/sourcemod/logs/L20250710.log") (Version "1.12.0.7195")
L 07/10/2025 - 23:21:28: [fixes/firebulletsfix.smx] Found offset for Weapon_ShootPosition 286
L 07/10/2025 - 23:21:30: [basecommands.smx] "Console<0><Console><Console>" changed cvar (cvar "confogl_match_execcfg_plugins") (value "generalfixes.cfg;confogl_plugins.cfg;sharedplugins.cfg")
L 07/10/2025 - 23:21:30: [basecommands.smx] "Console<0><Console><Console>" changed cvar (cvar "l4d2_addons_eclipse") (value "0")
L 07/10/2025 - 23:21:30: [basecommands.smx] "Console<0><Console><Console>" changed cvar (cvar "sv_allow_wait_command") (value "0")
L 07/10/2025 - 23:21:30: [basecommands.smx] "Console<0><Console><Console>" changed cvar (cvar "sv_minrate") (value "100000")
L 07/10/2025 - 23:21:30: [basecommands.smx] "Console<0><Console><Console>" changed cvar (cvar "sv_maxrate") (value "100000")
L 07/10/2025 - 23:21:30: [basecommands.smx] "Console<0><Console><Console>" changed cvar (cvar "sv_minupdaterate") (value "100")
L 07/10/2025 - 23:21:30: [basecommands.smx] "Console<0><Console><Console>" changed cvar (cvar "sv_maxupdaterate") (value "100")
L 07/10/2025 - 23:21:30: [basecommands.smx] "Console<0><Console><Console>" changed cvar (cvar "sv_mincmdrate") (value "100")
L 07/10/2025 - 23:21:30: [basecommands.smx] "Console<0><Console><Console>" changed cvar (cvar "sv_maxcmdrate") (value "100")
L 07/10/2025 - 23:21:30: [basecommands.smx] "Console<0><Console><Console>" changed cvar (cvar "sv_client_min_interp_ratio") (value "-1")
L 07/10/2025 - 23:21:30: [basecommands.smx] "Console<0><Console><Console>" changed cvar (cvar "sv_client_max_interp_ratio") (value "0")
L 07/10/2025 - 23:21:30: [basecommands.smx] "Console<0><Console><Console>" changed cvar (cvar "nb_update_frequency") (value "0.014")
L 07/10/2025 - 23:21:30: [basecommands.smx] "Console<0><Console><Console>" changed cvar (cvar "net_splitpacket_maxrate") (value "50000")
L 07/10/2025 - 23:21:30: [basecommands.smx] "Console<0><Console><Console>" changed cvar (cvar "net_maxcleartime") (value "0.0001")
L 07/10/2025 - 23:21:30: [basecommands.smx] "Console<0><Console><Console>" changed cvar (cvar "fps_max") (value "0")
L 07/10/2025 - 23:21:30: [basecommands.smx] "Console<0><Console><Console>" changed cvar (cvar "tick_door_speed") (value "1.3")
L 07/10/2025 - 23:21:30: [basecommands.smx] "Console<0><Console><Console>" changed cvar (cvar "mv_maxplayers") (value "30")
L 07/10/2025 - 23:21:30: [basecommands.smx] "Console<0><Console><Console>" changed cvar (cvar "mp_autoteambalance") (value "0")
L 07/10/2025 - 23:21:30: [basecommands.smx] "Console<0><Console><Console>" changed cvar (cvar "sv_unlag_fixstuck") (value "1")
L 07/10/2025 - 23:21:30: [basecommands.smx] "Console<0><Console><Console>" changed cvar (cvar "z_brawl_chance") (value "0")
L 07/10/2025 - 23:21:30: [basecommands.smx] "Console<0><Console><Console>" changed cvar (cvar "sv_maxunlag") (value "1")
L 07/10/2025 - 23:21:30: [basecommands.smx] "Console<0><Console><Console>" changed cvar (cvar "sv_forcepreload") (value "1")
L 07/10/2025 - 23:21:30: [basecommands.smx] "Console<0><Console><Console>" changed cvar (cvar "sv_client_predict") (value "1")
L 07/10/2025 - 23:21:30: [basecommands.smx] "Console<0><Console><Console>" changed cvar (cvar "sv_client_cmdrate_difference") (value "0")
L 07/10/2025 - 23:21:30: [basecommands.smx] "Console<0><Console><Console>" changed cvar (cvar "sv_max_queries_sec_global") (value "10")
L 07/10/2025 - 23:21:30: [basecommands.smx] "Console<0><Console><Console>" changed cvar (cvar "sv_max_queries_sec") (value "3")
L 07/10/2025 - 23:21:30: [basecommands.smx] "Console<0><Console><Console>" changed cvar (cvar "sv_max_queries_window") (value "10")
L 07/10/2025 - 23:21:30: [basecommands.smx] "Console<0><Console><Console>" changed cvar (cvar "sv_player_stuck_tolerance") (value "5")
L 07/10/2025 - 23:21:30: [basecommands.smx] "Console<0><Console><Console>" changed cvar (cvar "sv_stats") (value "0")
L 07/10/2025 - 23:21:30: [basecommands.smx] "Console<0><Console><Console>" changed cvar (cvar "sv_clockcorrection_msecs") (value "25")
L 07/10/2025 - 23:21:30: [basecommands.smx] "Console<0><Console><Console>" changed cvar (cvar "survivor_max_incapacitated_count") (value "2")
L 07/10/2025 - 23:21:31: [fixes/firebulletsfix.smx] Found offset for Weapon_ShootPosition 286
L 07/10/2025 - 23:21:31: [optional/l4d2_item_hint.smx] 
==========
Warning: You should install "[L4D & L4D2] Use Priority Patch" to fix attached models blocking +USE action (item hint): https://forums.alliedmods.net/showthread.php?t=327511
==========

L 07/10/2025 - 23:21:31: [GEOIP] GeoIP2 database loaded: GeoLite2-Country (2023-12-22 14:46:10 UTC) (/root/Steam/steamapps/common/L4D21/left4dead2/addons/sourcemod/configs/geoip/GeoLite2-Country.mmdb)
L 07/10/2025 - 23:21:31: [GEOIP] GeoIP2 supported languages: de en es fr ja pt-BR ru zh-CN
L 07/10/2025 - 23:21:31: [GEOIP] Your database is older than 90 days. You should consider downloading a newer version from e.g. https://dev.maxmind.com/geoip/geolite2-free-geolocation-data
L 07/10/2025 - 23:21:35: -------- Mapchange to c2m1_highway --------
L 07/10/2025 - 23:21:36: [basecommands.smx] "Console<0><Console><Console>" changed cvar (cvar "confogl_match_execcfg_plugins") (value "generalfixes.cfg;confogl_plugins.cfg;sharedplugins.cfg")
L 07/10/2025 - 23:21:36: [basecommands.smx] "Console<0><Console><Console>" changed cvar (cvar "l4d2_addons_eclipse") (value "0")
L 07/10/2025 - 23:21:36: [basecommands.smx] "Console<0><Console><Console>" changed cvar (cvar "sv_allow_wait_command") (value "0")
L 07/10/2025 - 23:21:36: [basecommands.smx] "Console<0><Console><Console>" changed cvar (cvar "sv_minrate") (value "100000")
L 07/10/2025 - 23:21:36: [basecommands.smx] "Console<0><Console><Console>" changed cvar (cvar "sv_maxrate") (value "100000")
L 07/10/2025 - 23:21:36: [basecommands.smx] "Console<0><Console><Console>" changed cvar (cvar "sv_minupdaterate") (value "100")
L 07/10/2025 - 23:21:36: [basecommands.smx] "Console<0><Console><Console>" changed cvar (cvar "sv_maxupdaterate") (value "100")
L 07/10/2025 - 23:21:36: [basecommands.smx] "Console<0><Console><Console>" changed cvar (cvar "sv_mincmdrate") (value "100")
L 07/10/2025 - 23:21:36: [basecommands.smx] "Console<0><Console><Console>" changed cvar (cvar "sv_maxcmdrate") (value "100")
L 07/10/2025 - 23:21:36: [basecommands.smx] "Console<0><Console><Console>" changed cvar (cvar "sv_client_min_interp_ratio") (value "-1")
L 07/10/2025 - 23:21:36: [basecommands.smx] "Console<0><Console><Console>" changed cvar (cvar "sv_client_max_interp_ratio") (value "0")
L 07/10/2025 - 23:21:36: [basecommands.smx] "Console<0><Console><Console>" changed cvar (cvar "nb_update_frequency") (value "0.014")
L 07/10/2025 - 23:21:36: [basecommands.smx] "Console<0><Console><Console>" changed cvar (cvar "net_splitpacket_maxrate") (value "50000")
L 07/10/2025 - 23:21:36: [basecommands.smx] "Console<0><Console><Console>" changed cvar (cvar "net_maxcleartime") (value "0.0001")
L 07/10/2025 - 23:21:36: [basecommands.smx] "Console<0><Console><Console>" changed cvar (cvar "fps_max") (value "0")
L 07/10/2025 - 23:21:36: [basecommands.smx] "Console<0><Console><Console>" changed cvar (cvar "tick_door_speed") (value "1.3")
L 07/10/2025 - 23:21:36: [basecommands.smx] "Console<0><Console><Console>" changed cvar (cvar "mv_maxplayers") (value "30")
L 07/10/2025 - 23:21:36: [basecommands.smx] "Console<0><Console><Console>" changed cvar (cvar "mp_autoteambalance") (value "0")
L 07/10/2025 - 23:21:36: [basecommands.smx] "Console<0><Console><Console>" changed cvar (cvar "sv_unlag_fixstuck") (value "1")
L 07/10/2025 - 23:21:36: [basecommands.smx] "Console<0><Console><Console>" changed cvar (cvar "z_brawl_chance") (value "0")
L 07/10/2025 - 23:21:36: [basecommands.smx] "Console<0><Console><Console>" changed cvar (cvar "sv_maxunlag") (value "1")
L 07/10/2025 - 23:21:36: [basecommands.smx] "Console<0><Console><Console>" changed cvar (cvar "sv_forcepreload") (value "1")
L 07/10/2025 - 23:21:36: [basecommands.smx] "Console<0><Console><Console>" changed cvar (cvar "sv_client_predict") (value "1")
L 07/10/2025 - 23:21:36: [basecommands.smx] "Console<0><Console><Console>" changed cvar (cvar "sv_client_cmdrate_difference") (value "0")
L 07/10/2025 - 23:21:36: [basecommands.smx] "Console<0><Console><Console>" changed cvar (cvar "sv_max_queries_sec_global") (value "10")
L 07/10/2025 - 23:21:36: [basecommands.smx] "Console<0><Console><Console>" changed cvar (cvar "sv_max_queries_sec") (value "3")
L 07/10/2025 - 23:21:36: [basecommands.smx] "Console<0><Console><Console>" changed cvar (cvar "sv_max_queries_window") (value "10")
L 07/10/2025 - 23:21:36: [basecommands.smx] "Console<0><Console><Console>" changed cvar (cvar "sv_player_stuck_tolerance") (value "5")
L 07/10/2025 - 23:21:36: [basecommands.smx] "Console<0><Console><Console>" changed cvar (cvar "sv_stats") (value "0")
L 07/10/2025 - 23:21:36: [basecommands.smx] "Console<0><Console><Console>" changed cvar (cvar "sv_clockcorrection_msecs") (value "25")
L 07/10/2025 - 23:21:36: [basecommands.smx] "Console<0><Console><Console>" changed cvar (cvar "survivor_max_incapacitated_count") (value "2")
L 07/10/2025 - 23:21:37: [optional/l4d2_saferoom_item_remove.smx] Removed 0 saferoom item(s) (start: 0; end: 0).
L 07/10/2025 - 23:24:18: SourceMod log file session started (file "/root/Steam/steamapps/common/L4D21/left4dead2/addons/sourcemod/logs/L20250710.log") (Version "1.12.0.7195")
L 07/10/2025 - 23:24:18: [fixes/firebulletsfix.smx] Found offset for Weapon_ShootPosition 286
L 07/10/2025 - 23:24:20: [basecommands.smx] "Console<0><Console><Console>" changed cvar (cvar "confogl_match_execcfg_plugins") (value "generalfixes.cfg;confogl_plugins.cfg;sharedplugins.cfg")
L 07/10/2025 - 23:24:20: [basecommands.smx] "Console<0><Console><Console>" changed cvar (cvar "l4d2_addons_eclipse") (value "0")
L 07/10/2025 - 23:24:20: [basecommands.smx] "Console<0><Console><Console>" changed cvar (cvar "sv_allow_wait_command") (value "0")
L 07/10/2025 - 23:24:20: [basecommands.smx] "Console<0><Console><Console>" changed cvar (cvar "sv_minrate") (value "100000")
L 07/10/2025 - 23:24:20: [basecommands.smx] "Console<0><Console><Console>" changed cvar (cvar "sv_maxrate") (value "100000")
L 07/10/2025 - 23:24:20: [basecommands.smx] "Console<0><Console><Console>" changed cvar (cvar "sv_minupdaterate") (value "100")
L 07/10/2025 - 23:24:20: [basecommands.smx] "Console<0><Console><Console>" changed cvar (cvar "sv_maxupdaterate") (value "100")
L 07/10/2025 - 23:24:20: [basecommands.smx] "Console<0><Console><Console>" changed cvar (cvar "sv_mincmdrate") (value "100")
L 07/10/2025 - 23:24:20: [basecommands.smx] "Console<0><Console><Console>" changed cvar (cvar "sv_maxcmdrate") (value "100")
L 07/10/2025 - 23:24:20: [basecommands.smx] "Console<0><Console><Console>" changed cvar (cvar "sv_client_min_interp_ratio") (value "-1")
L 07/10/2025 - 23:24:20: [basecommands.smx] "Console<0><Console><Console>" changed cvar (cvar "sv_client_max_interp_ratio") (value "0")
L 07/10/2025 - 23:24:20: [basecommands.smx] "Console<0><Console><Console>" changed cvar (cvar "nb_update_frequency") (value "0.014")
L 07/10/2025 - 23:24:20: [basecommands.smx] "Console<0><Console><Console>" changed cvar (cvar "net_splitpacket_maxrate") (value "50000")
L 07/10/2025 - 23:24:20: [basecommands.smx] "Console<0><Console><Console>" changed cvar (cvar "net_maxcleartime") (value "0.0001")
L 07/10/2025 - 23:24:20: [basecommands.smx] "Console<0><Console><Console>" changed cvar (cvar "fps_max") (value "0")
L 07/10/2025 - 23:24:20: [basecommands.smx] "Console<0><Console><Console>" changed cvar (cvar "tick_door_speed") (value "1.3")
L 07/10/2025 - 23:24:20: [basecommands.smx] "Console<0><Console><Console>" changed cvar (cvar "mv_maxplayers") (value "30")
L 07/10/2025 - 23:24:20: [basecommands.smx] "Console<0><Console><Console>" changed cvar (cvar "mp_autoteambalance") (value "0")
L 07/10/2025 - 23:24:20: [basecommands.smx] "Console<0><Console><Console>" changed cvar (cvar "sv_unlag_fixstuck") (value "1")
L 07/10/2025 - 23:24:20: [basecommands.smx] "Console<0><Console><Console>" changed cvar (cvar "z_brawl_chance") (value "0")
L 07/10/2025 - 23:24:20: [basecommands.smx] "Console<0><Console><Console>" changed cvar (cvar "sv_maxunlag") (value "1")
L 07/10/2025 - 23:24:20: [basecommands.smx] "Console<0><Console><Console>" changed cvar (cvar "sv_forcepreload") (value "1")
L 07/10/2025 - 23:24:20: [basecommands.smx] "Console<0><Console><Console>" changed cvar (cvar "sv_client_predict") (value "1")
L 07/10/2025 - 23:24:20: [basecommands.smx] "Console<0><Console><Console>" changed cvar (cvar "sv_client_cmdrate_difference") (value "0")
L 07/10/2025 - 23:24:20: [basecommands.smx] "Console<0><Console><Console>" changed cvar (cvar "sv_max_queries_sec_global") (value "10")
L 07/10/2025 - 23:24:20: [basecommands.smx] "Console<0><Console><Console>" changed cvar (cvar "sv_max_queries_sec") (value "3")
L 07/10/2025 - 23:24:20: [basecommands.smx] "Console<0><Console><Console>" changed cvar (cvar "sv_max_queries_window") (value "10")
L 07/10/2025 - 23:24:20: [basecommands.smx] "Console<0><Console><Console>" changed cvar (cvar "sv_player_stuck_tolerance") (value "5")
L 07/10/2025 - 23:24:20: [basecommands.smx] "Console<0><Console><Console>" changed cvar (cvar "sv_stats") (value "0")
L 07/10/2025 - 23:24:20: [basecommands.smx] "Console<0><Console><Console>" changed cvar (cvar "sv_clockcorrection_msecs") (value "25")
L 07/10/2025 - 23:24:20: [basecommands.smx] "Console<0><Console><Console>" changed cvar (cvar "survivor_max_incapacitated_count") (value "2")
L 07/10/2025 - 23:24:21: [fixes/firebulletsfix.smx] Found offset for Weapon_ShootPosition 286
L 07/10/2025 - 23:24:21: [optional/l4d2_item_hint.smx] 
==========
Warning: You should install "[L4D & L4D2] Use Priority Patch" to fix attached models blocking +USE action (item hint): https://forums.alliedmods.net/showthread.php?t=327511
==========

L 07/10/2025 - 23:24:21: [GEOIP] GeoIP2 database loaded: GeoLite2-Country (2023-12-22 14:46:10 UTC) (/root/Steam/steamapps/common/L4D21/left4dead2/addons/sourcemod/configs/geoip/GeoLite2-Country.mmdb)
L 07/10/2025 - 23:24:21: [GEOIP] GeoIP2 supported languages: de en es fr ja pt-BR ru zh-CN
L 07/10/2025 - 23:24:21: [GEOIP] Your database is older than 90 days. You should consider downloading a newer version from e.g. https://dev.maxmind.com/geoip/geolite2-free-geolocation-data
L 07/10/2025 - 23:24:21: [optional/l4d2_simpleplayerstats.smx] Connected to the database: playerstats
L 07/10/2025 - 23:24:22: [optional/l4d2_simpleplayerstats.smx] [INFO] Parsing configuration file: addons/sourcemod/configs/playerstats.cfg
L 07/10/2025 - 23:24:25: -------- Mapchange to c2m1_highway --------
L 07/10/2025 - 23:24:26: [basecommands.smx] "Console<0><Console><Console>" changed cvar (cvar "confogl_match_execcfg_plugins") (value "generalfixes.cfg;confogl_plugins.cfg;sharedplugins.cfg")
L 07/10/2025 - 23:24:26: [basecommands.smx] "Console<0><Console><Console>" changed cvar (cvar "l4d2_addons_eclipse") (value "0")
L 07/10/2025 - 23:24:26: [basecommands.smx] "Console<0><Console><Console>" changed cvar (cvar "sv_allow_wait_command") (value "0")
L 07/10/2025 - 23:24:26: [basecommands.smx] "Console<0><Console><Console>" changed cvar (cvar "sv_minrate") (value "100000")
L 07/10/2025 - 23:24:26: [basecommands.smx] "Console<0><Console><Console>" changed cvar (cvar "sv_maxrate") (value "100000")
L 07/10/2025 - 23:24:26: [basecommands.smx] "Console<0><Console><Console>" changed cvar (cvar "sv_minupdaterate") (value "100")
L 07/10/2025 - 23:24:26: [basecommands.smx] "Console<0><Console><Console>" changed cvar (cvar "sv_maxupdaterate") (value "100")
L 07/10/2025 - 23:24:26: [basecommands.smx] "Console<0><Console><Console>" changed cvar (cvar "sv_mincmdrate") (value "100")
L 07/10/2025 - 23:24:26: [basecommands.smx] "Console<0><Console><Console>" changed cvar (cvar "sv_maxcmdrate") (value "100")
L 07/10/2025 - 23:24:26: [basecommands.smx] "Console<0><Console><Console>" changed cvar (cvar "sv_client_min_interp_ratio") (value "-1")
L 07/10/2025 - 23:24:26: [basecommands.smx] "Console<0><Console><Console>" changed cvar (cvar "sv_client_max_interp_ratio") (value "0")
L 07/10/2025 - 23:24:26: [basecommands.smx] "Console<0><Console><Console>" changed cvar (cvar "nb_update_frequency") (value "0.014")
L 07/10/2025 - 23:24:26: [basecommands.smx] "Console<0><Console><Console>" changed cvar (cvar "net_splitpacket_maxrate") (value "50000")
L 07/10/2025 - 23:24:26: [basecommands.smx] "Console<0><Console><Console>" changed cvar (cvar "net_maxcleartime") (value "0.0001")
L 07/10/2025 - 23:24:26: [basecommands.smx] "Console<0><Console><Console>" changed cvar (cvar "fps_max") (value "0")
L 07/10/2025 - 23:24:26: [basecommands.smx] "Console<0><Console><Console>" changed cvar (cvar "tick_door_speed") (value "1.3")
L 07/10/2025 - 23:24:26: [basecommands.smx] "Console<0><Console><Console>" changed cvar (cvar "mv_maxplayers") (value "30")
L 07/10/2025 - 23:24:26: [basecommands.smx] "Console<0><Console><Console>" changed cvar (cvar "mp_autoteambalance") (value "0")
L 07/10/2025 - 23:24:26: [basecommands.smx] "Console<0><Console><Console>" changed cvar (cvar "sv_unlag_fixstuck") (value "1")
L 07/10/2025 - 23:24:26: [basecommands.smx] "Console<0><Console><Console>" changed cvar (cvar "z_brawl_chance") (value "0")
L 07/10/2025 - 23:24:26: [basecommands.smx] "Console<0><Console><Console>" changed cvar (cvar "sv_maxunlag") (value "1")
L 07/10/2025 - 23:24:26: [basecommands.smx] "Console<0><Console><Console>" changed cvar (cvar "sv_forcepreload") (value "1")
L 07/10/2025 - 23:24:26: [basecommands.smx] "Console<0><Console><Console>" changed cvar (cvar "sv_client_predict") (value "1")
L 07/10/2025 - 23:24:26: [basecommands.smx] "Console<0><Console><Console>" changed cvar (cvar "sv_client_cmdrate_difference") (value "0")
L 07/10/2025 - 23:24:26: [basecommands.smx] "Console<0><Console><Console>" changed cvar (cvar "sv_max_queries_sec_global") (value "10")
L 07/10/2025 - 23:24:26: [basecommands.smx] "Console<0><Console><Console>" changed cvar (cvar "sv_max_queries_sec") (value "3")
L 07/10/2025 - 23:24:26: [basecommands.smx] "Console<0><Console><Console>" changed cvar (cvar "sv_max_queries_window") (value "10")
L 07/10/2025 - 23:24:26: [basecommands.smx] "Console<0><Console><Console>" changed cvar (cvar "sv_player_stuck_tolerance") (value "5")
L 07/10/2025 - 23:24:26: [basecommands.smx] "Console<0><Console><Console>" changed cvar (cvar "sv_stats") (value "0")
L 07/10/2025 - 23:24:26: [basecommands.smx] "Console<0><Console><Console>" changed cvar (cvar "sv_clockcorrection_msecs") (value "25")
L 07/10/2025 - 23:24:26: [basecommands.smx] "Console<0><Console><Console>" changed cvar (cvar "survivor_max_incapacitated_count") (value "2")
L 07/10/2025 - 23:24:27: [optional/l4d2_simpleplayerstats.smx] [INFO] Parsing configuration file: addons/sourcemod/configs/playerstats.cfg
L 07/10/2025 - 23:24:27: [optional/l4d2_saferoom_item_remove.smx] Removed 0 saferoom item(s) (start: 0; end: 0).
L 07/10/2025 - 23:24:39: [optional/l4d2_simpleplayerstats.smx] [INFO] Parsing configuration file: addons/sourcemod/configs/playerstats.cfg
L 07/10/2025 - 23:24:39: [optional/l4d2_simpleplayerstats.smx] [PSTATS] Note: Extra statistics are excluded from this operation since the feature is disabled.
L 07/10/2025 - 23:24:39: [optional/l4d2_simpleplayerstats.smx] Plugin configuration reloaded successfully
L 07/10/2025 - 23:24:39: [optional/l4d2_simpleplayerstats.smx] [PSTATS] Plugin configuration reloaded successfully
L 07/10/2025 - 23:24:55: [optional/l4d2_simpleplayerstats.smx] [INFO] Parsing configuration file: addons/sourcemod/configs/playerstats.cfg
L 07/10/2025 - 23:24:55: [optional/l4d2_simpleplayerstats.smx] [PSTATS] Note: Extra statistics are excluded from this operation since the feature is disabled.
L 07/10/2025 - 23:24:55: [optional/l4d2_simpleplayerstats.smx] Plugin configuration reloaded successfully
L 07/10/2025 - 23:24:55: [optional/l4d2_simpleplayerstats.smx] [PSTATS] Plugin configuration reloaded successfully
L 07/10/2025 - 23:33:02: SourceMod log file session started (file "/root/Steam/steamapps/common/L4D21/left4dead2/addons/sourcemod/logs/L20250710.log") (Version "1.12.0.7195")
L 07/10/2025 - 23:33:02: [fixes/firebulletsfix.smx] Found offset for Weapon_ShootPosition 286
L 07/10/2025 - 23:33:05: [basecommands.smx] "Console<0><Console><Console>" changed cvar (cvar "confogl_match_execcfg_plugins") (value "generalfixes.cfg;confogl_plugins.cfg;sharedplugins.cfg")
L 07/10/2025 - 23:33:05: [basecommands.smx] "Console<0><Console><Console>" changed cvar (cvar "l4d2_addons_eclipse") (value "0")
L 07/10/2025 - 23:33:05: [basecommands.smx] "Console<0><Console><Console>" changed cvar (cvar "sv_allow_wait_command") (value "0")
L 07/10/2025 - 23:33:05: [basecommands.smx] "Console<0><Console><Console>" changed cvar (cvar "sv_minrate") (value "100000")
L 07/10/2025 - 23:33:05: [basecommands.smx] "Console<0><Console><Console>" changed cvar (cvar "sv_maxrate") (value "100000")
L 07/10/2025 - 23:33:05: [basecommands.smx] "Console<0><Console><Console>" changed cvar (cvar "sv_minupdaterate") (value "100")
L 07/10/2025 - 23:33:05: [basecommands.smx] "Console<0><Console><Console>" changed cvar (cvar "sv_maxupdaterate") (value "100")
L 07/10/2025 - 23:33:05: [basecommands.smx] "Console<0><Console><Console>" changed cvar (cvar "sv_mincmdrate") (value "100")
L 07/10/2025 - 23:33:05: [basecommands.smx] "Console<0><Console><Console>" changed cvar (cvar "sv_maxcmdrate") (value "100")
L 07/10/2025 - 23:33:05: [basecommands.smx] "Console<0><Console><Console>" changed cvar (cvar "sv_client_min_interp_ratio") (value "-1")
L 07/10/2025 - 23:33:05: [basecommands.smx] "Console<0><Console><Console>" changed cvar (cvar "sv_client_max_interp_ratio") (value "0")
L 07/10/2025 - 23:33:05: [basecommands.smx] "Console<0><Console><Console>" changed cvar (cvar "nb_update_frequency") (value "0.014")
L 07/10/2025 - 23:33:05: [basecommands.smx] "Console<0><Console><Console>" changed cvar (cvar "net_splitpacket_maxrate") (value "50000")
L 07/10/2025 - 23:33:05: [basecommands.smx] "Console<0><Console><Console>" changed cvar (cvar "net_maxcleartime") (value "0.0001")
L 07/10/2025 - 23:33:05: [basecommands.smx] "Console<0><Console><Console>" changed cvar (cvar "fps_max") (value "0")
L 07/10/2025 - 23:33:05: [basecommands.smx] "Console<0><Console><Console>" changed cvar (cvar "tick_door_speed") (value "1.3")
L 07/10/2025 - 23:33:05: [basecommands.smx] "Console<0><Console><Console>" changed cvar (cvar "mv_maxplayers") (value "30")
L 07/10/2025 - 23:33:05: [basecommands.smx] "Console<0><Console><Console>" changed cvar (cvar "mp_autoteambalance") (value "0")
L 07/10/2025 - 23:33:05: [basecommands.smx] "Console<0><Console><Console>" changed cvar (cvar "sv_unlag_fixstuck") (value "1")
L 07/10/2025 - 23:33:05: [basecommands.smx] "Console<0><Console><Console>" changed cvar (cvar "z_brawl_chance") (value "0")
L 07/10/2025 - 23:33:05: [basecommands.smx] "Console<0><Console><Console>" changed cvar (cvar "sv_maxunlag") (value "1")
L 07/10/2025 - 23:33:05: [basecommands.smx] "Console<0><Console><Console>" changed cvar (cvar "sv_forcepreload") (value "1")
L 07/10/2025 - 23:33:05: [basecommands.smx] "Console<0><Console><Console>" changed cvar (cvar "sv_client_predict") (value "1")
L 07/10/2025 - 23:33:05: [basecommands.smx] "Console<0><Console><Console>" changed cvar (cvar "sv_client_cmdrate_difference") (value "0")
L 07/10/2025 - 23:33:05: [basecommands.smx] "Console<0><Console><Console>" changed cvar (cvar "sv_max_queries_sec_global") (value "10")
L 07/10/2025 - 23:33:05: [basecommands.smx] "Console<0><Console><Console>" changed cvar (cvar "sv_max_queries_sec") (value "3")
L 07/10/2025 - 23:33:05: [basecommands.smx] "Console<0><Console><Console>" changed cvar (cvar "sv_max_queries_window") (value "10")
L 07/10/2025 - 23:33:05: [basecommands.smx] "Console<0><Console><Console>" changed cvar (cvar "sv_player_stuck_tolerance") (value "5")
L 07/10/2025 - 23:33:05: [basecommands.smx] "Console<0><Console><Console>" changed cvar (cvar "sv_stats") (value "0")
L 07/10/2025 - 23:33:05: [basecommands.smx] "Console<0><Console><Console>" changed cvar (cvar "sv_clockcorrection_msecs") (value "25")
L 07/10/2025 - 23:33:05: [basecommands.smx] "Console<0><Console><Console>" changed cvar (cvar "survivor_max_incapacitated_count") (value "2")
L 07/10/2025 - 23:33:05: [fixes/firebulletsfix.smx] Found offset for Weapon_ShootPosition 286
L 07/10/2025 - 23:33:06: [optional/l4d2_item_hint.smx] 
==========
Warning: You should install "[L4D & L4D2] Use Priority Patch" to fix attached models blocking +USE action (item hint): https://forums.alliedmods.net/showthread.php?t=327511
==========

L 07/10/2025 - 23:33:06: [GEOIP] GeoIP2 database loaded: GeoLite2-Country (2023-12-22 14:46:10 UTC) (/root/Steam/steamapps/common/L4D21/left4dead2/addons/sourcemod/configs/geoip/GeoLite2-Country.mmdb)
L 07/10/2025 - 23:33:06: [GEOIP] GeoIP2 supported languages: de en es fr ja pt-BR ru zh-CN
L 07/10/2025 - 23:33:06: [GEOIP] Your database is older than 90 days. You should consider downloading a newer version from e.g. https://dev.maxmind.com/geoip/geolite2-free-geolocation-data
L 07/10/2025 - 23:33:06: [optional/l4d2_simpleplayerstats.smx] Connected to the database: playerstats
L 07/10/2025 - 23:33:06: [optional/l4d2_simpleplayerstats.smx] [INFO] Parsing configuration file: addons/sourcemod/configs/playerstats.cfg
L 07/10/2025 - 23:33:10: -------- Mapchange to c2m1_highway --------
L 07/10/2025 - 23:33:11: [basecommands.smx] "Console<0><Console><Console>" changed cvar (cvar "confogl_match_execcfg_plugins") (value "generalfixes.cfg;confogl_plugins.cfg;sharedplugins.cfg")
L 07/10/2025 - 23:33:11: [basecommands.smx] "Console<0><Console><Console>" changed cvar (cvar "l4d2_addons_eclipse") (value "0")
L 07/10/2025 - 23:33:11: [basecommands.smx] "Console<0><Console><Console>" changed cvar (cvar "sv_allow_wait_command") (value "0")
L 07/10/2025 - 23:33:11: [basecommands.smx] "Console<0><Console><Console>" changed cvar (cvar "sv_minrate") (value "100000")
L 07/10/2025 - 23:33:11: [basecommands.smx] "Console<0><Console><Console>" changed cvar (cvar "sv_maxrate") (value "100000")
L 07/10/2025 - 23:33:11: [basecommands.smx] "Console<0><Console><Console>" changed cvar (cvar "sv_minupdaterate") (value "100")
L 07/10/2025 - 23:33:11: [basecommands.smx] "Console<0><Console><Console>" changed cvar (cvar "sv_maxupdaterate") (value "100")
L 07/10/2025 - 23:33:11: [basecommands.smx] "Console<0><Console><Console>" changed cvar (cvar "sv_mincmdrate") (value "100")
L 07/10/2025 - 23:33:11: [basecommands.smx] "Console<0><Console><Console>" changed cvar (cvar "sv_maxcmdrate") (value "100")
L 07/10/2025 - 23:33:11: [basecommands.smx] "Console<0><Console><Console>" changed cvar (cvar "sv_client_min_interp_ratio") (value "-1")
L 07/10/2025 - 23:33:11: [basecommands.smx] "Console<0><Console><Console>" changed cvar (cvar "sv_client_max_interp_ratio") (value "0")
L 07/10/2025 - 23:33:11: [basecommands.smx] "Console<0><Console><Console>" changed cvar (cvar "nb_update_frequency") (value "0.014")
L 07/10/2025 - 23:33:11: [basecommands.smx] "Console<0><Console><Console>" changed cvar (cvar "net_splitpacket_maxrate") (value "50000")
L 07/10/2025 - 23:33:11: [basecommands.smx] "Console<0><Console><Console>" changed cvar (cvar "net_maxcleartime") (value "0.0001")
L 07/10/2025 - 23:33:11: [basecommands.smx] "Console<0><Console><Console>" changed cvar (cvar "fps_max") (value "0")
L 07/10/2025 - 23:33:11: [basecommands.smx] "Console<0><Console><Console>" changed cvar (cvar "tick_door_speed") (value "1.3")
L 07/10/2025 - 23:33:11: [basecommands.smx] "Console<0><Console><Console>" changed cvar (cvar "mv_maxplayers") (value "30")
L 07/10/2025 - 23:33:11: [basecommands.smx] "Console<0><Console><Console>" changed cvar (cvar "mp_autoteambalance") (value "0")
L 07/10/2025 - 23:33:11: [basecommands.smx] "Console<0><Console><Console>" changed cvar (cvar "sv_unlag_fixstuck") (value "1")
L 07/10/2025 - 23:33:11: [basecommands.smx] "Console<0><Console><Console>" changed cvar (cvar "z_brawl_chance") (value "0")
L 07/10/2025 - 23:33:11: [basecommands.smx] "Console<0><Console><Console>" changed cvar (cvar "sv_maxunlag") (value "1")
L 07/10/2025 - 23:33:11: [basecommands.smx] "Console<0><Console><Console>" changed cvar (cvar "sv_forcepreload") (value "1")
L 07/10/2025 - 23:33:11: [basecommands.smx] "Console<0><Console><Console>" changed cvar (cvar "sv_client_predict") (value "1")
L 07/10/2025 - 23:33:11: [basecommands.smx] "Console<0><Console><Console>" changed cvar (cvar "sv_client_cmdrate_difference") (value "0")
L 07/10/2025 - 23:33:11: [basecommands.smx] "Console<0><Console><Console>" changed cvar (cvar "sv_max_queries_sec_global") (value "10")
L 07/10/2025 - 23:33:11: [basecommands.smx] "Console<0><Console><Console>" changed cvar (cvar "sv_max_queries_sec") (value "3")
L 07/10/2025 - 23:33:11: [basecommands.smx] "Console<0><Console><Console>" changed cvar (cvar "sv_max_queries_window") (value "10")
L 07/10/2025 - 23:33:11: [basecommands.smx] "Console<0><Console><Console>" changed cvar (cvar "sv_player_stuck_tolerance") (value "5")
L 07/10/2025 - 23:33:11: [basecommands.smx] "Console<0><Console><Console>" changed cvar (cvar "sv_stats") (value "0")
L 07/10/2025 - 23:33:11: [basecommands.smx] "Console<0><Console><Console>" changed cvar (cvar "sv_clockcorrection_msecs") (value "25")
L 07/10/2025 - 23:33:11: [basecommands.smx] "Console<0><Console><Console>" changed cvar (cvar "survivor_max_incapacitated_count") (value "2")
L 07/10/2025 - 23:33:11: [optional/l4d2_simpleplayerstats.smx] [INFO] Parsing configuration file: addons/sourcemod/configs/playerstats.cfg
L 07/10/2025 - 23:33:12: [optional/l4d2_saferoom_item_remove.smx] Removed 0 saferoom item(s) (start: 0; end: 0).
L 07/10/2025 - 23:48:15: [fixes/firebulletsfix.smx] Found offset for Weapon_ShootPosition 286
L 07/10/2025 - 23:48:16: [confoglcompmod.smx] [PasswordSystem] Set password on 紙飛行機, password 
L 07/10/2025 - 23:48:16: [confoglcompmod.smx] [PasswordSystem] Set password on Tom, password 
L 07/10/2025 - 23:48:16: [optional/l4d2_item_hint.smx] 
==========
Warning: You should install "[L4D & L4D2] Use Priority Patch" to fix attached models blocking +USE action (item hint): https://forums.alliedmods.net/showthread.php?t=327511
==========

L 07/10/2025 - 23:48:16: [basecommands.smx] "Console<0><Console><Console>" changed cvar (cvar "survivor_max_incapacitated_count") (value "2")
L 07/10/2025 - 23:48:19: -------- Mapchange to c2m1_highway --------
L 07/10/2025 - 23:48:20: [basecommands.smx] "Console<0><Console><Console>" changed cvar (cvar "confogl_match_execcfg_plugins") (value "generalfixes.cfg;confogl_plugins.cfg;sharedplugins.cfg")
L 07/10/2025 - 23:48:20: [basecommands.smx] "Console<0><Console><Console>" changed cvar (cvar "l4d2_addons_eclipse") (value "0")
L 07/10/2025 - 23:48:20: [basecommands.smx] "Console<0><Console><Console>" changed cvar (cvar "sv_allow_wait_command") (value "0")
L 07/10/2025 - 23:48:20: [basecommands.smx] "Console<0><Console><Console>" changed cvar (cvar "sv_minrate") (value "100000")
L 07/10/2025 - 23:48:20: [basecommands.smx] "Console<0><Console><Console>" changed cvar (cvar "sv_maxrate") (value "100000")
L 07/10/2025 - 23:48:20: [basecommands.smx] "Console<0><Console><Console>" changed cvar (cvar "sv_minupdaterate") (value "100")
L 07/10/2025 - 23:48:20: [basecommands.smx] "Console<0><Console><Console>" changed cvar (cvar "sv_maxupdaterate") (value "100")
L 07/10/2025 - 23:48:20: [basecommands.smx] "Console<0><Console><Console>" changed cvar (cvar "sv_mincmdrate") (value "100")
L 07/10/2025 - 23:48:20: [basecommands.smx] "Console<0><Console><Console>" changed cvar (cvar "sv_maxcmdrate") (value "100")
L 07/10/2025 - 23:48:20: [basecommands.smx] "Console<0><Console><Console>" changed cvar (cvar "sv_client_min_interp_ratio") (value "-1")
L 07/10/2025 - 23:48:20: [basecommands.smx] "Console<0><Console><Console>" changed cvar (cvar "sv_client_max_interp_ratio") (value "0")
L 07/10/2025 - 23:48:20: [basecommands.smx] "Console<0><Console><Console>" changed cvar (cvar "nb_update_frequency") (value "0.014")
L 07/10/2025 - 23:48:20: [basecommands.smx] "Console<0><Console><Console>" changed cvar (cvar "net_splitpacket_maxrate") (value "50000")
L 07/10/2025 - 23:48:20: [basecommands.smx] "Console<0><Console><Console>" changed cvar (cvar "net_maxcleartime") (value "0.0001")
L 07/10/2025 - 23:48:20: [basecommands.smx] "Console<0><Console><Console>" changed cvar (cvar "fps_max") (value "0")
L 07/10/2025 - 23:48:20: [basecommands.smx] "Console<0><Console><Console>" changed cvar (cvar "tick_door_speed") (value "1.3")
L 07/10/2025 - 23:48:20: [basecommands.smx] "Console<0><Console><Console>" changed cvar (cvar "mv_maxplayers") (value "30")
L 07/10/2025 - 23:48:20: [basecommands.smx] "Console<0><Console><Console>" changed cvar (cvar "mp_autoteambalance") (value "0")
L 07/10/2025 - 23:48:20: [basecommands.smx] "Console<0><Console><Console>" changed cvar (cvar "sv_unlag_fixstuck") (value "1")
L 07/10/2025 - 23:48:20: [basecommands.smx] "Console<0><Console><Console>" changed cvar (cvar "z_brawl_chance") (value "0")
L 07/10/2025 - 23:48:20: [basecommands.smx] "Console<0><Console><Console>" changed cvar (cvar "sv_maxunlag") (value "1")
L 07/10/2025 - 23:48:20: [basecommands.smx] "Console<0><Console><Console>" changed cvar (cvar "sv_forcepreload") (value "1")
L 07/10/2025 - 23:48:20: [basecommands.smx] "Console<0><Console><Console>" changed cvar (cvar "sv_client_predict") (value "1")
L 07/10/2025 - 23:48:20: [basecommands.smx] "Console<0><Console><Console>" changed cvar (cvar "sv_client_cmdrate_difference") (value "0")
L 07/10/2025 - 23:48:20: [basecommands.smx] "Console<0><Console><Console>" changed cvar (cvar "sv_max_queries_sec_global") (value "10")
L 07/10/2025 - 23:48:20: [basecommands.smx] "Console<0><Console><Console>" changed cvar (cvar "sv_max_queries_sec") (value "3")
L 07/10/2025 - 23:48:20: [basecommands.smx] "Console<0><Console><Console>" changed cvar (cvar "sv_max_queries_window") (value "10")
L 07/10/2025 - 23:48:20: [basecommands.smx] "Console<0><Console><Console>" changed cvar (cvar "sv_player_stuck_tolerance") (value "5")
L 07/10/2025 - 23:48:20: [basecommands.smx] "Console<0><Console><Console>" changed cvar (cvar "sv_stats") (value "0")
L 07/10/2025 - 23:48:20: [basecommands.smx] "Console<0><Console><Console>" changed cvar (cvar "sv_clockcorrection_msecs") (value "25")
L 07/10/2025 - 23:48:20: [basecommands.smx] "Console<0><Console><Console>" changed cvar (cvar "survivor_max_incapacitated_count") (value "2")
L 07/10/2025 - 23:48:22: [optional/l4d2_saferoom_item_remove.smx] Removed 0 saferoom item(s) (start: 0; end: 0).
L 07/11/2025 - 00:02:27: Log file closed.
