L 09/12/2026 - 19:04:56: SourceMod log file session started (file "/home/kaine/Steam/steamapps/common/ZonemodVersus/left4dead2/addons/sourcemod/logs/L20260912.log") (Version "1.11.0.6964")
L 09/12/2026 - 19:04:56: [basecommands.smx] "Console<0><Console><Console>" changed cvar (cvar "sv_allow_wait_command") (value "0")
L 09/12/2026 - 19:04:56: [basecommands.smx] "Console<0><Console><Console>" changed cvar (cvar "sv_maxunlag") (value "0.35")
L 09/12/2026 - 19:04:56: [basecommands.smx] "Console<0><Console><Console>" changed cvar (cvar "sv_minupdaterate") (value "100")
L 09/12/2026 - 19:04:56: [basecommands.smx] "Console<0><Console><Console>" changed cvar (cvar "sv_maxupdaterate") (value "100")
L 09/12/2026 - 19:04:56: [basecommands.smx] "Console<0><Console><Console>" changed cvar (cvar "sv_mincmdrate") (value "100")
L 09/12/2026 - 19:04:56: [basecommands.smx] "Console<0><Console><Console>" changed cvar (cvar "sv_maxcmdrate") (value "100")
L 09/12/2026 - 19:04:56: [basecommands.smx] "Console<0><Console><Console>" changed cvar (cvar "sv_client_min_interp_ratio") (value "0")
L 09/12/2026 - 19:04:56: [basecommands.smx] "Console<0><Console><Console>" changed cvar (cvar "sv_client_max_interp_ratio") (value "0")
L 09/12/2026 - 19:04:56: [basecommands.smx] "Console<0><Console><Console>" changed cvar (cvar "sv_minrate") (value "100000")
L 09/12/2026 - 19:04:56: [basecommands.smx] "Console<0><Console><Console>" changed cvar (cvar "sv_maxrate") (value "100000")
L 09/12/2026 - 19:04:56: [basecommands.smx] "Console<0><Console><Console>" changed cvar (cvar "net_splitpacket_maxrate") (value "100000")
L 09/12/2026 - 19:04:56: [basecommands.smx] "Console<0><Console><Console>" changed cvar (cvar "net_maxcleartime") (value "0.0001")
L 09/12/2026 - 19:04:56: [basecommands.smx] "Console<0><Console><Console>" changed cvar (cvar "sv_clockcorrection_msecs") (value "20")
L 09/12/2026 - 19:04:56: [basecommands.smx] "Console<0><Console><Console>" changed cvar (cvar "sv_unlag_fixstuck") (value "1")
L 09/12/2026 - 19:04:56: [basecommands.smx] "Console<0><Console><Console>" changed cvar (cvar "sv_forcepreload") (value "1")
L 09/12/2026 - 19:04:56: [basecommands.smx] "Console<0><Console><Console>" changed cvar (cvar "fps_max") (value "0")
L 09/12/2026 - 19:04:56: [basecommands.smx] "Console<0><Console><Console>" changed cvar (cvar "nb_update_frequency") (value "0.01")
L 09/12/2026 - 19:04:56: [basecommands.smx] "Console<0><Console><Console>" changed cvar (cvar "nb_update_maxslide") (value "1")
L 09/12/2026 - 19:04:56: [basecommands.smx] "Console<0><Console><Console>" changed cvar (cvar "nb_update_framelimit") (value "5")
L 09/12/2026 - 19:04:56: [basecommands.smx] "Console<0><Console><Console>" changed cvar (cvar "sv_max_queries_sec_global") (value "20")
L 09/12/2026 - 19:04:56: [basecommands.smx] "Console<0><Console><Console>" changed cvar (cvar "sv_max_queries_sec") (value "3")
L 09/12/2026 - 19:04:56: [basecommands.smx] "Console<0><Console><Console>" changed cvar (cvar "sv_max_queries_window") (value "10")
L 09/12/2026 - 19:05:24: [UPDATER] Successfully updated gamedata file "accelerator.games.txt"
L 09/12/2026 - 19:05:24: [UPDATER] SourceMod has been updated, please reload it or restart your server.
L 09/12/2026 - 19:07:09: SourceMod log file session started (file "/home/kaine/Steam/steamapps/common/ZonemodVersus/left4dead2/addons/sourcemod/logs/L20260912.log") (Version "1.11.0.6964")
L 09/12/2026 - 19:07:09: [basecommands.smx] "Console<0><Console><Console>" changed cvar (cvar "sv_allow_wait_command") (value "0")
L 09/12/2026 - 19:07:09: [basecommands.smx] "Console<0><Console><Console>" changed cvar (cvar "sv_maxunlag") (value "0.35")
L 09/12/2026 - 19:07:09: [basecommands.smx] "Console<0><Console><Console>" changed cvar (cvar "sv_minupdaterate") (value "100")
L 09/12/2026 - 19:07:09: [basecommands.smx] "Console<0><Console><Console>" changed cvar (cvar "sv_maxupdaterate") (value "100")
L 09/12/2026 - 19:07:09: [basecommands.smx] "Console<0><Console><Console>" changed cvar (cvar "sv_mincmdrate") (value "100")
L 09/12/2026 - 19:07:09: [basecommands.smx] "Console<0><Console><Console>" changed cvar (cvar "sv_maxcmdrate") (value "100")
L 09/12/2026 - 19:07:09: [basecommands.smx] "Console<0><Console><Console>" changed cvar (cvar "sv_client_min_interp_ratio") (value "0")
L 09/12/2026 - 19:07:09: [basecommands.smx] "Console<0><Console><Console>" changed cvar (cvar "sv_client_max_interp_ratio") (value "0")
L 09/12/2026 - 19:07:09: [basecommands.smx] "Console<0><Console><Console>" changed cvar (cvar "sv_minrate") (value "100000")
L 09/12/2026 - 19:07:09: [basecommands.smx] "Console<0><Console><Console>" changed cvar (cvar "sv_maxrate") (value "100000")
L 09/12/2026 - 19:07:09: [basecommands.smx] "Console<0><Console><Console>" changed cvar (cvar "net_splitpacket_maxrate") (value "100000")
L 09/12/2026 - 19:07:09: [basecommands.smx] "Console<0><Console><Console>" changed cvar (cvar "net_maxcleartime") (value "0.0001")
L 09/12/2026 - 19:07:09: [basecommands.smx] "Console<0><Console><Console>" changed cvar (cvar "sv_clockcorrection_msecs") (value "20")
L 09/12/2026 - 19:07:09: [basecommands.smx] "Console<0><Console><Console>" changed cvar (cvar "sv_unlag_fixstuck") (value "1")
L 09/12/2026 - 19:07:09: [basecommands.smx] "Console<0><Console><Console>" changed cvar (cvar "sv_forcepreload") (value "1")
L 09/12/2026 - 19:07:09: [basecommands.smx] "Console<0><Console><Console>" changed cvar (cvar "fps_max") (value "0")
L 09/12/2026 - 19:07:09: [basecommands.smx] "Console<0><Console><Console>" changed cvar (cvar "nb_update_frequency") (value "0.01")
L 09/12/2026 - 19:07:09: [basecommands.smx] "Console<0><Console><Console>" changed cvar (cvar "nb_update_maxslide") (value "1")
L 09/12/2026 - 19:07:09: [basecommands.smx] "Console<0><Console><Console>" changed cvar (cvar "nb_update_framelimit") (value "5")
L 09/12/2026 - 19:07:09: [basecommands.smx] "Console<0><Console><Console>" changed cvar (cvar "sv_max_queries_sec_global") (value "20")
L 09/12/2026 - 19:07:09: [basecommands.smx] "Console<0><Console><Console>" changed cvar (cvar "sv_max_queries_sec") (value "3")
L 09/12/2026 - 19:07:09: [basecommands.smx] "Console<0><Console><Console>" changed cvar (cvar "sv_max_queries_window") (value "10")
L 09/12/2026 - 19:08:31: SourceMod log file session started (file "/home/kaine/Steam/steamapps/common/ZonemodVersus/left4dead2/addons/sourcemod/logs/L20260912.log") (Version "1.11.0.6964")
L 09/12/2026 - 19:08:31: [basecommands.smx] "Console<0><Console><Console>" changed cvar (cvar "sv_allow_wait_command") (value "0")
L 09/12/2026 - 19:08:31: [basecommands.smx] "Console<0><Console><Console>" changed cvar (cvar "sv_maxunlag") (value "0.35")
L 09/12/2026 - 19:08:31: [basecommands.smx] "Console<0><Console><Console>" changed cvar (cvar "sv_minupdaterate") (value "100")
L 09/12/2026 - 19:08:31: [basecommands.smx] "Console<0><Console><Console>" changed cvar (cvar "sv_maxupdaterate") (value "100")
L 09/12/2026 - 19:08:31: [basecommands.smx] "Console<0><Console><Console>" changed cvar (cvar "sv_mincmdrate") (value "100")
L 09/12/2026 - 19:08:31: [basecommands.smx] "Console<0><Console><Console>" changed cvar (cvar "sv_maxcmdrate") (value "100")
L 09/12/2026 - 19:08:31: [basecommands.smx] "Console<0><Console><Console>" changed cvar (cvar "sv_client_min_interp_ratio") (value "0")
L 09/12/2026 - 19:08:31: [basecommands.smx] "Console<0><Console><Console>" changed cvar (cvar "sv_client_max_interp_ratio") (value "0")
L 09/12/2026 - 19:08:31: [basecommands.smx] "Console<0><Console><Console>" changed cvar (cvar "sv_minrate") (value "100000")
L 09/12/2026 - 19:08:31: [basecommands.smx] "Console<0><Console><Console>" changed cvar (cvar "sv_maxrate") (value "100000")
L 09/12/2026 - 19:08:31: [basecommands.smx] "Console<0><Console><Console>" changed cvar (cvar "net_splitpacket_maxrate") (value "100000")
L 09/12/2026 - 19:08:31: [basecommands.smx] "Console<0><Console><Console>" changed cvar (cvar "net_maxcleartime") (value "0.0001")
L 09/12/2026 - 19:08:31: [basecommands.smx] "Console<0><Console><Console>" changed cvar (cvar "sv_clockcorrection_msecs") (value "20")
L 09/12/2026 - 19:08:31: [basecommands.smx] "Console<0><Console><Console>" changed cvar (cvar "sv_unlag_fixstuck") (value "1")
L 09/12/2026 - 19:08:31: [basecommands.smx] "Console<0><Console><Console>" changed cvar (cvar "sv_forcepreload") (value "1")
L 09/12/2026 - 19:08:31: [basecommands.smx] "Console<0><Console><Console>" changed cvar (cvar "fps_max") (value "0")
L 09/12/2026 - 19:08:31: [basecommands.smx] "Console<0><Console><Console>" changed cvar (cvar "nb_update_frequency") (value "0.01")
L 09/12/2026 - 19:08:31: [basecommands.smx] "Console<0><Console><Console>" changed cvar (cvar "nb_update_maxslide") (value "1")
L 09/12/2026 - 19:08:31: [basecommands.smx] "Console<0><Console><Console>" changed cvar (cvar "nb_update_framelimit") (value "5")
L 09/12/2026 - 19:08:31: [basecommands.smx] "Console<0><Console><Console>" changed cvar (cvar "sv_max_queries_sec_global") (value "20")
L 09/12/2026 - 19:08:31: [basecommands.smx] "Console<0><Console><Console>" changed cvar (cvar "sv_max_queries_sec") (value "3")
L 09/12/2026 - 19:08:31: [basecommands.smx] "Console<0><Console><Console>" changed cvar (cvar "sv_max_queries_window") (value "10")
L 09/12/2026 - 19:32:51: SourceMod log file session started (file "/home/kaine/Steam/steamapps/common/ZonemodVersus/left4dead2/addons/sourcemod/logs/L20260912.log") (Version "1.12.0.7253")
L 09/12/2026 - 19:32:51: [fixes/firebulletsfix.smx] Found offset for Weapon_ShootPosition 286
L 09/12/2026 - 19:32:51: [l4d2_item_hint.smx] 
==========
Warning: You should install "[L4D & L4D2] Use Priority Patch" to fix attached models blocking +USE action (item hint): https://forums.alliedmods.net/showthread.php?t=327511
==========

L 09/12/2026 - 19:32:53: [basecommands.smx] "Console<0><Console><Console>" changed cvar (cvar "confogl_match_execcfg_plugins") (value "generalfixes.cfg;confogl_plugins.cfg;sharedplugins.cfg")
L 09/12/2026 - 19:32:53: [basecommands.smx] "Console<0><Console><Console>" changed cvar (cvar "l4d2_addons_eclipse") (value "0")
L 09/12/2026 - 19:32:53: [basecommands.smx] "Console<0><Console><Console>" changed cvar (cvar "tick_door_speed") (value "1.3")
L 09/12/2026 - 19:32:53: [basecommands.smx] "Console<0><Console><Console>" changed cvar (cvar "mv_maxplayers") (value "30")
L 09/12/2026 - 19:32:53: [basecommands.smx] "Console<0><Console><Console>" changed cvar (cvar "sv_allow_wait_command") (value "0")
L 09/12/2026 - 19:32:53: [basecommands.smx] "Console<0><Console><Console>" changed cvar (cvar "sv_maxunlag") (value "0.35")
L 09/12/2026 - 19:32:53: [basecommands.smx] "Console<0><Console><Console>" changed cvar (cvar "sv_minupdaterate") (value "100")
L 09/12/2026 - 19:32:53: [basecommands.smx] "Console<0><Console><Console>" changed cvar (cvar "sv_maxupdaterate") (value "100")
L 09/12/2026 - 19:32:53: [basecommands.smx] "Console<0><Console><Console>" changed cvar (cvar "sv_mincmdrate") (value "100")
L 09/12/2026 - 19:32:53: [basecommands.smx] "Console<0><Console><Console>" changed cvar (cvar "sv_maxcmdrate") (value "100")
L 09/12/2026 - 19:32:53: [basecommands.smx] "Console<0><Console><Console>" changed cvar (cvar "sv_client_min_interp_ratio") (value "0")
L 09/12/2026 - 19:32:53: [basecommands.smx] "Console<0><Console><Console>" changed cvar (cvar "sv_client_max_interp_ratio") (value "0")
L 09/12/2026 - 19:32:53: [basecommands.smx] "Console<0><Console><Console>" changed cvar (cvar "sv_minrate") (value "100000")
L 09/12/2026 - 19:32:53: [basecommands.smx] "Console<0><Console><Console>" changed cvar (cvar "sv_maxrate") (value "100000")
L 09/12/2026 - 19:32:53: [basecommands.smx] "Console<0><Console><Console>" changed cvar (cvar "net_splitpacket_maxrate") (value "100000")
L 09/12/2026 - 19:32:53: [basecommands.smx] "Console<0><Console><Console>" changed cvar (cvar "net_maxcleartime") (value "0.0001")
L 09/12/2026 - 19:32:53: [basecommands.smx] "Console<0><Console><Console>" changed cvar (cvar "sv_clockcorrection_msecs") (value "20")
L 09/12/2026 - 19:32:53: [basecommands.smx] "Console<0><Console><Console>" changed cvar (cvar "sv_unlag_fixstuck") (value "1")
L 09/12/2026 - 19:32:53: [basecommands.smx] "Console<0><Console><Console>" changed cvar (cvar "sv_forcepreload") (value "1")
L 09/12/2026 - 19:32:53: [basecommands.smx] "Console<0><Console><Console>" changed cvar (cvar "fps_max") (value "0")
L 09/12/2026 - 19:32:53: [basecommands.smx] "Console<0><Console><Console>" changed cvar (cvar "nb_update_frequency") (value "0.01")
L 09/12/2026 - 19:32:53: [basecommands.smx] "Console<0><Console><Console>" changed cvar (cvar "nb_update_maxslide") (value "1")
L 09/12/2026 - 19:32:53: [basecommands.smx] "Console<0><Console><Console>" changed cvar (cvar "nb_update_framelimit") (value "5")
L 09/12/2026 - 19:32:53: [basecommands.smx] "Console<0><Console><Console>" changed cvar (cvar "sv_max_queries_sec_global") (value "20")
L 09/12/2026 - 19:32:53: [basecommands.smx] "Console<0><Console><Console>" changed cvar (cvar "sv_max_queries_sec") (value "3")
L 09/12/2026 - 19:32:53: [basecommands.smx] "Console<0><Console><Console>" changed cvar (cvar "sv_max_queries_window") (value "10")
L 09/12/2026 - 19:32:54: [fixes/firebulletsfix.smx] Found offset for Weapon_ShootPosition 286
L 09/12/2026 - 19:32:58: [SM] Changed map to "c2m1_highway"
L 09/12/2026 - 19:32:58: -------- Mapchange to c2m1_highway --------
L 09/12/2026 - 19:33:00: [basecommands.smx] "Console<0><Console><Console>" changed cvar (cvar "confogl_match_execcfg_plugins") (value "generalfixes.cfg;confogl_plugins.cfg;sharedplugins.cfg")
L 09/12/2026 - 19:33:00: [basecommands.smx] "Console<0><Console><Console>" changed cvar (cvar "l4d2_addons_eclipse") (value "0")
L 09/12/2026 - 19:33:00: [basecommands.smx] "Console<0><Console><Console>" changed cvar (cvar "tick_door_speed") (value "1.3")
L 09/12/2026 - 19:33:00: [basecommands.smx] "Console<0><Console><Console>" changed cvar (cvar "mv_maxplayers") (value "30")
L 09/12/2026 - 19:33:00: [basecommands.smx] "Console<0><Console><Console>" changed cvar (cvar "sv_allow_wait_command") (value "0")
L 09/12/2026 - 19:33:00: [basecommands.smx] "Console<0><Console><Console>" changed cvar (cvar "sv_maxunlag") (value "0.35")
L 09/12/2026 - 19:33:00: [basecommands.smx] "Console<0><Console><Console>" changed cvar (cvar "sv_minupdaterate") (value "100")
L 09/12/2026 - 19:33:00: [basecommands.smx] "Console<0><Console><Console>" changed cvar (cvar "sv_maxupdaterate") (value "100")
L 09/12/2026 - 19:33:00: [basecommands.smx] "Console<0><Console><Console>" changed cvar (cvar "sv_mincmdrate") (value "100")
L 09/12/2026 - 19:33:00: [basecommands.smx] "Console<0><Console><Console>" changed cvar (cvar "sv_maxcmdrate") (value "100")
L 09/12/2026 - 19:33:00: [basecommands.smx] "Console<0><Console><Console>" changed cvar (cvar "sv_client_min_interp_ratio") (value "0")
L 09/12/2026 - 19:33:00: [basecommands.smx] "Console<0><Console><Console>" changed cvar (cvar "sv_client_max_interp_ratio") (value "0")
L 09/12/2026 - 19:33:00: [basecommands.smx] "Console<0><Console><Console>" changed cvar (cvar "sv_minrate") (value "100000")
L 09/12/2026 - 19:33:00: [basecommands.smx] "Console<0><Console><Console>" changed cvar (cvar "sv_maxrate") (value "100000")
L 09/12/2026 - 19:33:00: [basecommands.smx] "Console<0><Console><Console>" changed cvar (cvar "net_splitpacket_maxrate") (value "100000")
L 09/12/2026 - 19:33:00: [basecommands.smx] "Console<0><Console><Console>" changed cvar (cvar "net_maxcleartime") (value "0.0001")
L 09/12/2026 - 19:33:00: [basecommands.smx] "Console<0><Console><Console>" changed cvar (cvar "sv_clockcorrection_msecs") (value "20")
L 09/12/2026 - 19:33:00: [basecommands.smx] "Console<0><Console><Console>" changed cvar (cvar "sv_unlag_fixstuck") (value "1")
L 09/12/2026 - 19:33:00: [basecommands.smx] "Console<0><Console><Console>" changed cvar (cvar "sv_forcepreload") (value "1")
L 09/12/2026 - 19:33:00: [basecommands.smx] "Console<0><Console><Console>" changed cvar (cvar "fps_max") (value "0")
L 09/12/2026 - 19:33:00: [basecommands.smx] "Console<0><Console><Console>" changed cvar (cvar "nb_update_frequency") (value "0.01")
L 09/12/2026 - 19:33:00: [basecommands.smx] "Console<0><Console><Console>" changed cvar (cvar "nb_update_maxslide") (value "1")
L 09/12/2026 - 19:33:00: [basecommands.smx] "Console<0><Console><Console>" changed cvar (cvar "nb_update_framelimit") (value "5")
L 09/12/2026 - 19:33:00: [basecommands.smx] "Console<0><Console><Console>" changed cvar (cvar "sv_max_queries_sec_global") (value "20")
L 09/12/2026 - 19:33:00: [basecommands.smx] "Console<0><Console><Console>" changed cvar (cvar "sv_max_queries_sec") (value "3")
L 09/12/2026 - 19:33:00: [basecommands.smx] "Console<0><Console><Console>" changed cvar (cvar "sv_max_queries_window") (value "10")
L 09/12/2026 - 19:33:01: [optional/l4d2_saferoom_item_remove.smx] Removed 0 saferoom item(s) (start: 0; end: 0).
L 09/12/2026 - 19:36:51: SourceMod log file session started (file "/home/kaine/Steam/steamapps/common/ZonemodVersus/left4dead2/addons/sourcemod/logs/L20260912.log") (Version "1.12.0.7253")
L 09/12/2026 - 19:36:51: [fixes/firebulletsfix.smx] Found offset for Weapon_ShootPosition 286
L 09/12/2026 - 19:36:51: [l4d2_item_hint.smx] 
==========
Warning: You should install "[L4D & L4D2] Use Priority Patch" to fix attached models blocking +USE action (item hint): https://forums.alliedmods.net/showthread.php?t=327511
==========

L 09/12/2026 - 19:36:53: [basecommands.smx] "Console<0><Console><Console>" changed cvar (cvar "confogl_match_execcfg_plugins") (value "generalfixes.cfg;confogl_plugins.cfg;sharedplugins.cfg")
L 09/12/2026 - 19:36:53: [basecommands.smx] "Console<0><Console><Console>" changed cvar (cvar "l4d2_addons_eclipse") (value "0")
L 09/12/2026 - 19:36:53: [basecommands.smx] "Console<0><Console><Console>" changed cvar (cvar "tick_door_speed") (value "1.3")
L 09/12/2026 - 19:36:53: [basecommands.smx] "Console<0><Console><Console>" changed cvar (cvar "mv_maxplayers") (value "30")
L 09/12/2026 - 19:36:53: [basecommands.smx] "Console<0><Console><Console>" changed cvar (cvar "sv_allow_wait_command") (value "0")
L 09/12/2026 - 19:36:53: [basecommands.smx] "Console<0><Console><Console>" changed cvar (cvar "sv_maxunlag") (value "0.35")
L 09/12/2026 - 19:36:53: [basecommands.smx] "Console<0><Console><Console>" changed cvar (cvar "sv_minupdaterate") (value "100")
L 09/12/2026 - 19:36:53: [basecommands.smx] "Console<0><Console><Console>" changed cvar (cvar "sv_maxupdaterate") (value "100")
L 09/12/2026 - 19:36:53: [basecommands.smx] "Console<0><Console><Console>" changed cvar (cvar "sv_mincmdrate") (value "100")
L 09/12/2026 - 19:36:53: [basecommands.smx] "Console<0><Console><Console>" changed cvar (cvar "sv_maxcmdrate") (value "100")
L 09/12/2026 - 19:36:53: [basecommands.smx] "Console<0><Console><Console>" changed cvar (cvar "sv_client_min_interp_ratio") (value "0")
L 09/12/2026 - 19:36:53: [basecommands.smx] "Console<0><Console><Console>" changed cvar (cvar "sv_client_max_interp_ratio") (value "0")
L 09/12/2026 - 19:36:53: [basecommands.smx] "Console<0><Console><Console>" changed cvar (cvar "sv_minrate") (value "100000")
L 09/12/2026 - 19:36:53: [basecommands.smx] "Console<0><Console><Console>" changed cvar (cvar "sv_maxrate") (value "100000")
L 09/12/2026 - 19:36:53: [basecommands.smx] "Console<0><Console><Console>" changed cvar (cvar "net_splitpacket_maxrate") (value "100000")
L 09/12/2026 - 19:36:53: [basecommands.smx] "Console<0><Console><Console>" changed cvar (cvar "net_maxcleartime") (value "0.0001")
L 09/12/2026 - 19:36:53: [basecommands.smx] "Console<0><Console><Console>" changed cvar (cvar "sv_clockcorrection_msecs") (value "20")
L 09/12/2026 - 19:36:53: [basecommands.smx] "Console<0><Console><Console>" changed cvar (cvar "sv_unlag_fixstuck") (value "1")
L 09/12/2026 - 19:36:53: [basecommands.smx] "Console<0><Console><Console>" changed cvar (cvar "sv_forcepreload") (value "1")
L 09/12/2026 - 19:36:53: [basecommands.smx] "Console<0><Console><Console>" changed cvar (cvar "fps_max") (value "0")
L 09/12/2026 - 19:36:53: [basecommands.smx] "Console<0><Console><Console>" changed cvar (cvar "nb_update_frequency") (value "0.01")
L 09/12/2026 - 19:36:53: [basecommands.smx] "Console<0><Console><Console>" changed cvar (cvar "nb_update_maxslide") (value "1")
L 09/12/2026 - 19:36:53: [basecommands.smx] "Console<0><Console><Console>" changed cvar (cvar "nb_update_framelimit") (value "5")
L 09/12/2026 - 19:36:53: [basecommands.smx] "Console<0><Console><Console>" changed cvar (cvar "sv_max_queries_sec_global") (value "20")
L 09/12/2026 - 19:36:53: [basecommands.smx] "Console<0><Console><Console>" changed cvar (cvar "sv_max_queries_sec") (value "3")
L 09/12/2026 - 19:36:53: [basecommands.smx] "Console<0><Console><Console>" changed cvar (cvar "sv_max_queries_window") (value "10")
L 09/12/2026 - 19:36:54: [fixes/firebulletsfix.smx] Found offset for Weapon_ShootPosition 286
L 09/12/2026 - 19:36:57: [SM] Changed map to "c2m1_highway"
L 09/12/2026 - 19:36:57: -------- Mapchange to c2m1_highway --------
L 09/12/2026 - 19:36:59: [basecommands.smx] "Console<0><Console><Console>" changed cvar (cvar "confogl_match_execcfg_plugins") (value "generalfixes.cfg;confogl_plugins.cfg;sharedplugins.cfg")
L 09/12/2026 - 19:36:59: [basecommands.smx] "Console<0><Console><Console>" changed cvar (cvar "l4d2_addons_eclipse") (value "0")
L 09/12/2026 - 19:36:59: [basecommands.smx] "Console<0><Console><Console>" changed cvar (cvar "tick_door_speed") (value "1.3")
L 09/12/2026 - 19:36:59: [basecommands.smx] "Console<0><Console><Console>" changed cvar (cvar "mv_maxplayers") (value "30")
L 09/12/2026 - 19:36:59: [basecommands.smx] "Console<0><Console><Console>" changed cvar (cvar "sv_allow_wait_command") (value "0")
L 09/12/2026 - 19:36:59: [basecommands.smx] "Console<0><Console><Console>" changed cvar (cvar "sv_maxunlag") (value "0.35")
L 09/12/2026 - 19:36:59: [basecommands.smx] "Console<0><Console><Console>" changed cvar (cvar "sv_minupdaterate") (value "100")
L 09/12/2026 - 19:36:59: [basecommands.smx] "Console<0><Console><Console>" changed cvar (cvar "sv_maxupdaterate") (value "100")
L 09/12/2026 - 19:36:59: [basecommands.smx] "Console<0><Console><Console>" changed cvar (cvar "sv_mincmdrate") (value "100")
L 09/12/2026 - 19:36:59: [basecommands.smx] "Console<0><Console><Console>" changed cvar (cvar "sv_maxcmdrate") (value "100")
L 09/12/2026 - 19:36:59: [basecommands.smx] "Console<0><Console><Console>" changed cvar (cvar "sv_client_min_interp_ratio") (value "0")
L 09/12/2026 - 19:36:59: [basecommands.smx] "Console<0><Console><Console>" changed cvar (cvar "sv_client_max_interp_ratio") (value "0")
L 09/12/2026 - 19:36:59: [basecommands.smx] "Console<0><Console><Console>" changed cvar (cvar "sv_minrate") (value "100000")
L 09/12/2026 - 19:36:59: [basecommands.smx] "Console<0><Console><Console>" changed cvar (cvar "sv_maxrate") (value "100000")
L 09/12/2026 - 19:36:59: [basecommands.smx] "Console<0><Console><Console>" changed cvar (cvar "net_splitpacket_maxrate") (value "100000")
L 09/12/2026 - 19:36:59: [basecommands.smx] "Console<0><Console><Console>" changed cvar (cvar "net_maxcleartime") (value "0.0001")
L 09/12/2026 - 19:36:59: [basecommands.smx] "Console<0><Console><Console>" changed cvar (cvar "sv_clockcorrection_msecs") (value "20")
L 09/12/2026 - 19:36:59: [basecommands.smx] "Console<0><Console><Console>" changed cvar (cvar "sv_unlag_fixstuck") (value "1")
L 09/12/2026 - 19:36:59: [basecommands.smx] "Console<0><Console><Console>" changed cvar (cvar "sv_forcepreload") (value "1")
L 09/12/2026 - 19:36:59: [basecommands.smx] "Console<0><Console><Console>" changed cvar (cvar "fps_max") (value "0")
L 09/12/2026 - 19:36:59: [basecommands.smx] "Console<0><Console><Console>" changed cvar (cvar "nb_update_frequency") (value "0.01")
L 09/12/2026 - 19:36:59: [basecommands.smx] "Console<0><Console><Console>" changed cvar (cvar "nb_update_maxslide") (value "1")
L 09/12/2026 - 19:36:59: [basecommands.smx] "Console<0><Console><Console>" changed cvar (cvar "nb_update_framelimit") (value "5")
L 09/12/2026 - 19:36:59: [basecommands.smx] "Console<0><Console><Console>" changed cvar (cvar "sv_max_queries_sec_global") (value "20")
L 09/12/2026 - 19:36:59: [basecommands.smx] "Console<0><Console><Console>" changed cvar (cvar "sv_max_queries_sec") (value "3")
L 09/12/2026 - 19:36:59: [basecommands.smx] "Console<0><Console><Console>" changed cvar (cvar "sv_max_queries_window") (value "10")
L 09/12/2026 - 19:37:00: [optional/l4d2_saferoom_item_remove.smx] Removed 0 saferoom item(s) (start: 0; end: 0).
L 09/12/2026 - 19:37:07: SourceMod log file session started (file "/home/kaine/Steam/steamapps/common/ZonemodVersus/left4dead2/addons/sourcemod/logs/L20260912.log") (Version "1.12.0.7253")
L 09/12/2026 - 19:37:07: [fixes/firebulletsfix.smx] Found offset for Weapon_ShootPosition 286
L 09/12/2026 - 19:37:08: [l4d2_item_hint.smx] 
==========
Warning: You should install "[L4D & L4D2] Use Priority Patch" to fix attached models blocking +USE action (item hint): https://forums.alliedmods.net/showthread.php?t=327511
==========

L 09/12/2026 - 19:37:10: [basecommands.smx] "Console<0><Console><Console>" changed cvar (cvar "confogl_match_execcfg_plugins") (value "generalfixes.cfg;confogl_plugins.cfg;sharedplugins.cfg")
L 09/12/2026 - 19:37:10: [basecommands.smx] "Console<0><Console><Console>" changed cvar (cvar "l4d2_addons_eclipse") (value "0")
L 09/12/2026 - 19:37:10: [basecommands.smx] "Console<0><Console><Console>" changed cvar (cvar "tick_door_speed") (value "1.3")
L 09/12/2026 - 19:37:10: [basecommands.smx] "Console<0><Console><Console>" changed cvar (cvar "mv_maxplayers") (value "30")
L 09/12/2026 - 19:37:10: [basecommands.smx] "Console<0><Console><Console>" changed cvar (cvar "sv_allow_wait_command") (value "0")
L 09/12/2026 - 19:37:10: [basecommands.smx] "Console<0><Console><Console>" changed cvar (cvar "sv_maxunlag") (value "0.35")
L 09/12/2026 - 19:37:10: [basecommands.smx] "Console<0><Console><Console>" changed cvar (cvar "sv_minupdaterate") (value "100")
L 09/12/2026 - 19:37:10: [basecommands.smx] "Console<0><Console><Console>" changed cvar (cvar "sv_maxupdaterate") (value "100")
L 09/12/2026 - 19:37:10: [basecommands.smx] "Console<0><Console><Console>" changed cvar (cvar "sv_mincmdrate") (value "100")
L 09/12/2026 - 19:37:10: [basecommands.smx] "Console<0><Console><Console>" changed cvar (cvar "sv_maxcmdrate") (value "100")
L 09/12/2026 - 19:37:10: [basecommands.smx] "Console<0><Console><Console>" changed cvar (cvar "sv_client_min_interp_ratio") (value "0")
L 09/12/2026 - 19:37:10: [basecommands.smx] "Console<0><Console><Console>" changed cvar (cvar "sv_client_max_interp_ratio") (value "0")
L 09/12/2026 - 19:37:10: [basecommands.smx] "Console<0><Console><Console>" changed cvar (cvar "sv_minrate") (value "100000")
L 09/12/2026 - 19:37:10: [basecommands.smx] "Console<0><Console><Console>" changed cvar (cvar "sv_maxrate") (value "100000")
L 09/12/2026 - 19:37:10: [basecommands.smx] "Console<0><Console><Console>" changed cvar (cvar "net_splitpacket_maxrate") (value "100000")
L 09/12/2026 - 19:37:10: [basecommands.smx] "Console<0><Console><Console>" changed cvar (cvar "net_maxcleartime") (value "0.0001")
L 09/12/2026 - 19:37:10: [basecommands.smx] "Console<0><Console><Console>" changed cvar (cvar "sv_clockcorrection_msecs") (value "20")
L 09/12/2026 - 19:37:10: [basecommands.smx] "Console<0><Console><Console>" changed cvar (cvar "sv_unlag_fixstuck") (value "1")
L 09/12/2026 - 19:37:10: [basecommands.smx] "Console<0><Console><Console>" changed cvar (cvar "sv_forcepreload") (value "1")
L 09/12/2026 - 19:37:10: [basecommands.smx] "Console<0><Console><Console>" changed cvar (cvar "fps_max") (value "0")
L 09/12/2026 - 19:37:10: [basecommands.smx] "Console<0><Console><Console>" changed cvar (cvar "nb_update_frequency") (value "0.01")
L 09/12/2026 - 19:37:10: [basecommands.smx] "Console<0><Console><Console>" changed cvar (cvar "nb_update_maxslide") (value "1")
L 09/12/2026 - 19:37:10: [basecommands.smx] "Console<0><Console><Console>" changed cvar (cvar "nb_update_framelimit") (value "5")
L 09/12/2026 - 19:37:10: [basecommands.smx] "Console<0><Console><Console>" changed cvar (cvar "sv_max_queries_sec_global") (value "20")
L 09/12/2026 - 19:37:10: [basecommands.smx] "Console<0><Console><Console>" changed cvar (cvar "sv_max_queries_sec") (value "3")
L 09/12/2026 - 19:37:10: [basecommands.smx] "Console<0><Console><Console>" changed cvar (cvar "sv_max_queries_window") (value "10")
L 09/12/2026 - 19:37:10: [fixes/firebulletsfix.smx] Found offset for Weapon_ShootPosition 286
L 09/12/2026 - 19:37:14: [SM] Changed map to "c2m1_highway"
L 09/12/2026 - 19:37:14: -------- Mapchange to c2m1_highway --------
L 09/12/2026 - 19:37:16: [basecommands.smx] "Console<0><Console><Console>" changed cvar (cvar "confogl_match_execcfg_plugins") (value "generalfixes.cfg;confogl_plugins.cfg;sharedplugins.cfg")
L 09/12/2026 - 19:37:16: [basecommands.smx] "Console<0><Console><Console>" changed cvar (cvar "l4d2_addons_eclipse") (value "0")
L 09/12/2026 - 19:37:16: [basecommands.smx] "Console<0><Console><Console>" changed cvar (cvar "tick_door_speed") (value "1.3")
L 09/12/2026 - 19:37:16: [basecommands.smx] "Console<0><Console><Console>" changed cvar (cvar "mv_maxplayers") (value "30")
L 09/12/2026 - 19:37:16: [basecommands.smx] "Console<0><Console><Console>" changed cvar (cvar "sv_allow_wait_command") (value "0")
L 09/12/2026 - 19:37:16: [basecommands.smx] "Console<0><Console><Console>" changed cvar (cvar "sv_maxunlag") (value "0.35")
L 09/12/2026 - 19:37:16: [basecommands.smx] "Console<0><Console><Console>" changed cvar (cvar "sv_minupdaterate") (value "100")
L 09/12/2026 - 19:37:16: [basecommands.smx] "Console<0><Console><Console>" changed cvar (cvar "sv_maxupdaterate") (value "100")
L 09/12/2026 - 19:37:16: [basecommands.smx] "Console<0><Console><Console>" changed cvar (cvar "sv_mincmdrate") (value "100")
L 09/12/2026 - 19:37:16: [basecommands.smx] "Console<0><Console><Console>" changed cvar (cvar "sv_maxcmdrate") (value "100")
L 09/12/2026 - 19:37:16: [basecommands.smx] "Console<0><Console><Console>" changed cvar (cvar "sv_client_min_interp_ratio") (value "0")
L 09/12/2026 - 19:37:16: [basecommands.smx] "Console<0><Console><Console>" changed cvar (cvar "sv_client_max_interp_ratio") (value "0")
L 09/12/2026 - 19:37:16: [basecommands.smx] "Console<0><Console><Console>" changed cvar (cvar "sv_minrate") (value "100000")
L 09/12/2026 - 19:37:16: [basecommands.smx] "Console<0><Console><Console>" changed cvar (cvar "sv_maxrate") (value "100000")
L 09/12/2026 - 19:37:16: [basecommands.smx] "Console<0><Console><Console>" changed cvar (cvar "net_splitpacket_maxrate") (value "100000")
L 09/12/2026 - 19:37:16: [basecommands.smx] "Console<0><Console><Console>" changed cvar (cvar "net_maxcleartime") (value "0.0001")
L 09/12/2026 - 19:37:16: [basecommands.smx] "Console<0><Console><Console>" changed cvar (cvar "sv_clockcorrection_msecs") (value "20")
L 09/12/2026 - 19:37:16: [basecommands.smx] "Console<0><Console><Console>" changed cvar (cvar "sv_unlag_fixstuck") (value "1")
L 09/12/2026 - 19:37:16: [basecommands.smx] "Console<0><Console><Console>" changed cvar (cvar "sv_forcepreload") (value "1")
L 09/12/2026 - 19:37:16: [basecommands.smx] "Console<0><Console><Console>" changed cvar (cvar "fps_max") (value "0")
L 09/12/2026 - 19:37:16: [basecommands.smx] "Console<0><Console><Console>" changed cvar (cvar "nb_update_frequency") (value "0.01")
L 09/12/2026 - 19:37:16: [basecommands.smx] "Console<0><Console><Console>" changed cvar (cvar "nb_update_maxslide") (value "1")
L 09/12/2026 - 19:37:16: [basecommands.smx] "Console<0><Console><Console>" changed cvar (cvar "nb_update_framelimit") (value "5")
L 09/12/2026 - 19:37:16: [basecommands.smx] "Console<0><Console><Console>" changed cvar (cvar "sv_max_queries_sec_global") (value "20")
L 09/12/2026 - 19:37:16: [basecommands.smx] "Console<0><Console><Console>" changed cvar (cvar "sv_max_queries_sec") (value "3")
L 09/12/2026 - 19:37:16: [basecommands.smx] "Console<0><Console><Console>" changed cvar (cvar "sv_max_queries_window") (value "10")
L 09/12/2026 - 19:37:17: [optional/l4d2_saferoom_item_remove.smx] Removed 0 saferoom item(s) (start: 0; end: 0).
L 09/12/2026 - 19:37:41: [confoglcompmod.smx] [ClientSettings] Kicking 折翼蝴蝶<2><STEAM_1:1:590841514><> for bad sv_consistency value (0.000000). Min: 1 1.000000 Max: 1 1.000000
L 09/12/2026 - 19:37:56: SourceMod log file session started (file "/home/kaine/Steam/steamapps/common/ZonemodVersus/left4dead2/addons/sourcemod/logs/L20260912.log") (Version "1.12.0.7253")
L 09/12/2026 - 19:37:56: [fixes/firebulletsfix.smx] Found offset for Weapon_ShootPosition 286
L 09/12/2026 - 19:37:57: [l4d2_item_hint.smx] 
==========
Warning: You should install "[L4D & L4D2] Use Priority Patch" to fix attached models blocking +USE action (item hint): https://forums.alliedmods.net/showthread.php?t=327511
==========

L 09/12/2026 - 19:37:58: [basecommands.smx] "Console<0><Console><Console>" changed cvar (cvar "confogl_match_execcfg_plugins") (value "generalfixes.cfg;confogl_plugins.cfg;sharedplugins.cfg")
L 09/12/2026 - 19:37:58: [basecommands.smx] "Console<0><Console><Console>" changed cvar (cvar "l4d2_addons_eclipse") (value "0")
L 09/12/2026 - 19:37:58: [basecommands.smx] "Console<0><Console><Console>" changed cvar (cvar "tick_door_speed") (value "1.3")
L 09/12/2026 - 19:37:58: [basecommands.smx] "Console<0><Console><Console>" changed cvar (cvar "mv_maxplayers") (value "30")
L 09/12/2026 - 19:37:58: [basecommands.smx] "Console<0><Console><Console>" changed cvar (cvar "sv_allow_wait_command") (value "0")
L 09/12/2026 - 19:37:58: [basecommands.smx] "Console<0><Console><Console>" changed cvar (cvar "sv_maxunlag") (value "0.35")
L 09/12/2026 - 19:37:58: [basecommands.smx] "Console<0><Console><Console>" changed cvar (cvar "sv_minupdaterate") (value "100")
L 09/12/2026 - 19:37:58: [basecommands.smx] "Console<0><Console><Console>" changed cvar (cvar "sv_maxupdaterate") (value "100")
L 09/12/2026 - 19:37:58: [basecommands.smx] "Console<0><Console><Console>" changed cvar (cvar "sv_mincmdrate") (value "100")
L 09/12/2026 - 19:37:58: [basecommands.smx] "Console<0><Console><Console>" changed cvar (cvar "sv_maxcmdrate") (value "100")
L 09/12/2026 - 19:37:58: [basecommands.smx] "Console<0><Console><Console>" changed cvar (cvar "sv_client_min_interp_ratio") (value "0")
L 09/12/2026 - 19:37:58: [basecommands.smx] "Console<0><Console><Console>" changed cvar (cvar "sv_client_max_interp_ratio") (value "0")
L 09/12/2026 - 19:37:58: [basecommands.smx] "Console<0><Console><Console>" changed cvar (cvar "sv_minrate") (value "100000")
L 09/12/2026 - 19:37:58: [basecommands.smx] "Console<0><Console><Console>" changed cvar (cvar "sv_maxrate") (value "100000")
L 09/12/2026 - 19:37:58: [basecommands.smx] "Console<0><Console><Console>" changed cvar (cvar "net_splitpacket_maxrate") (value "100000")
L 09/12/2026 - 19:37:58: [basecommands.smx] "Console<0><Console><Console>" changed cvar (cvar "net_maxcleartime") (value "0.0001")
L 09/12/2026 - 19:37:58: [basecommands.smx] "Console<0><Console><Console>" changed cvar (cvar "sv_clockcorrection_msecs") (value "20")
L 09/12/2026 - 19:37:58: [basecommands.smx] "Console<0><Console><Console>" changed cvar (cvar "sv_unlag_fixstuck") (value "1")
L 09/12/2026 - 19:37:58: [basecommands.smx] "Console<0><Console><Console>" changed cvar (cvar "sv_forcepreload") (value "1")
L 09/12/2026 - 19:37:58: [basecommands.smx] "Console<0><Console><Console>" changed cvar (cvar "fps_max") (value "0")
L 09/12/2026 - 19:37:58: [basecommands.smx] "Console<0><Console><Console>" changed cvar (cvar "nb_update_frequency") (value "0.01")
L 09/12/2026 - 19:37:58: [basecommands.smx] "Console<0><Console><Console>" changed cvar (cvar "nb_update_maxslide") (value "1")
L 09/12/2026 - 19:37:58: [basecommands.smx] "Console<0><Console><Console>" changed cvar (cvar "nb_update_framelimit") (value "5")
L 09/12/2026 - 19:37:58: [basecommands.smx] "Console<0><Console><Console>" changed cvar (cvar "sv_max_queries_sec_global") (value "20")
L 09/12/2026 - 19:37:58: [basecommands.smx] "Console<0><Console><Console>" changed cvar (cvar "sv_max_queries_sec") (value "3")
L 09/12/2026 - 19:37:58: [basecommands.smx] "Console<0><Console><Console>" changed cvar (cvar "sv_max_queries_window") (value "10")
L 09/12/2026 - 19:37:59: [fixes/firebulletsfix.smx] Found offset for Weapon_ShootPosition 286
L 09/12/2026 - 19:38:02: [SM] Changed map to "c2m1_highway"
L 09/12/2026 - 19:38:03: -------- Mapchange to c2m1_highway --------
L 09/12/2026 - 19:38:04: [basecommands.smx] "Console<0><Console><Console>" changed cvar (cvar "confogl_match_execcfg_plugins") (value "generalfixes.cfg;confogl_plugins.cfg;sharedplugins.cfg")
L 09/12/2026 - 19:38:04: [basecommands.smx] "Console<0><Console><Console>" changed cvar (cvar "l4d2_addons_eclipse") (value "0")
L 09/12/2026 - 19:38:04: [basecommands.smx] "Console<0><Console><Console>" changed cvar (cvar "tick_door_speed") (value "1.3")
L 09/12/2026 - 19:38:04: [basecommands.smx] "Console<0><Console><Console>" changed cvar (cvar "mv_maxplayers") (value "30")
L 09/12/2026 - 19:38:04: [basecommands.smx] "Console<0><Console><Console>" changed cvar (cvar "sv_allow_wait_command") (value "0")
L 09/12/2026 - 19:38:04: [basecommands.smx] "Console<0><Console><Console>" changed cvar (cvar "sv_maxunlag") (value "0.35")
L 09/12/2026 - 19:38:04: [basecommands.smx] "Console<0><Console><Console>" changed cvar (cvar "sv_minupdaterate") (value "100")
L 09/12/2026 - 19:38:04: [basecommands.smx] "Console<0><Console><Console>" changed cvar (cvar "sv_maxupdaterate") (value "100")
L 09/12/2026 - 19:38:04: [basecommands.smx] "Console<0><Console><Console>" changed cvar (cvar "sv_mincmdrate") (value "100")
L 09/12/2026 - 19:38:04: [basecommands.smx] "Console<0><Console><Console>" changed cvar (cvar "sv_maxcmdrate") (value "100")
L 09/12/2026 - 19:38:04: [basecommands.smx] "Console<0><Console><Console>" changed cvar (cvar "sv_client_min_interp_ratio") (value "0")
L 09/12/2026 - 19:38:04: [basecommands.smx] "Console<0><Console><Console>" changed cvar (cvar "sv_client_max_interp_ratio") (value "0")
L 09/12/2026 - 19:38:04: [basecommands.smx] "Console<0><Console><Console>" changed cvar (cvar "sv_minrate") (value "100000")
L 09/12/2026 - 19:38:04: [basecommands.smx] "Console<0><Console><Console>" changed cvar (cvar "sv_maxrate") (value "100000")
L 09/12/2026 - 19:38:04: [basecommands.smx] "Console<0><Console><Console>" changed cvar (cvar "net_splitpacket_maxrate") (value "100000")
L 09/12/2026 - 19:38:04: [basecommands.smx] "Console<0><Console><Console>" changed cvar (cvar "net_maxcleartime") (value "0.0001")
L 09/12/2026 - 19:38:04: [basecommands.smx] "Console<0><Console><Console>" changed cvar (cvar "sv_clockcorrection_msecs") (value "20")
L 09/12/2026 - 19:38:04: [basecommands.smx] "Console<0><Console><Console>" changed cvar (cvar "sv_unlag_fixstuck") (value "1")
L 09/12/2026 - 19:38:04: [basecommands.smx] "Console<0><Console><Console>" changed cvar (cvar "sv_forcepreload") (value "1")
L 09/12/2026 - 19:38:04: [basecommands.smx] "Console<0><Console><Console>" changed cvar (cvar "fps_max") (value "0")
L 09/12/2026 - 19:38:04: [basecommands.smx] "Console<0><Console><Console>" changed cvar (cvar "nb_update_frequency") (value "0.01")
L 09/12/2026 - 19:38:04: [basecommands.smx] "Console<0><Console><Console>" changed cvar (cvar "nb_update_maxslide") (value "1")
L 09/12/2026 - 19:38:04: [basecommands.smx] "Console<0><Console><Console>" changed cvar (cvar "nb_update_framelimit") (value "5")
L 09/12/2026 - 19:38:04: [basecommands.smx] "Console<0><Console><Console>" changed cvar (cvar "sv_max_queries_sec_global") (value "20")
L 09/12/2026 - 19:38:04: [basecommands.smx] "Console<0><Console><Console>" changed cvar (cvar "sv_max_queries_sec") (value "3")
L 09/12/2026 - 19:38:04: [basecommands.smx] "Console<0><Console><Console>" changed cvar (cvar "sv_max_queries_window") (value "10")
L 09/12/2026 - 19:38:05: [optional/l4d2_saferoom_item_remove.smx] Removed 0 saferoom item(s) (start: 0; end: 0).
L 09/12/2026 - 19:38:37: [confoglcompmod.smx] [ClientSettings] Kicking 折翼蝴蝶<2><STEAM_1:1:590841514><> for bad sv_consistency value (0.000000). Min: 1 1.000000 Max: 1 1.000000
L 09/12/2026 - 19:38:52: SourceMod log file session started (file "/home/kaine/Steam/steamapps/common/ZonemodVersus/left4dead2/addons/sourcemod/logs/L20260912.log") (Version "1.12.0.7253")
L 09/12/2026 - 19:38:52: [fixes/firebulletsfix.smx] Found offset for Weapon_ShootPosition 286
L 09/12/2026 - 19:38:52: [l4d2_item_hint.smx] 
==========
Warning: You should install "[L4D & L4D2] Use Priority Patch" to fix attached models blocking +USE action (item hint): https://forums.alliedmods.net/showthread.php?t=327511
==========

L 09/12/2026 - 19:38:55: [basecommands.smx] "Console<0><Console><Console>" changed cvar (cvar "confogl_match_execcfg_plugins") (value "generalfixes.cfg;confogl_plugins.cfg;sharedplugins.cfg")
L 09/12/2026 - 19:38:55: [basecommands.smx] "Console<0><Console><Console>" changed cvar (cvar "l4d2_addons_eclipse") (value "0")
L 09/12/2026 - 19:38:55: [basecommands.smx] "Console<0><Console><Console>" changed cvar (cvar "tick_door_speed") (value "1.3")
L 09/12/2026 - 19:38:55: [basecommands.smx] "Console<0><Console><Console>" changed cvar (cvar "mv_maxplayers") (value "30")
L 09/12/2026 - 19:38:55: [basecommands.smx] "Console<0><Console><Console>" changed cvar (cvar "sv_allow_wait_command") (value "0")
L 09/12/2026 - 19:38:55: [basecommands.smx] "Console<0><Console><Console>" changed cvar (cvar "sv_maxunlag") (value "0.35")
L 09/12/2026 - 19:38:55: [basecommands.smx] "Console<0><Console><Console>" changed cvar (cvar "sv_minupdaterate") (value "100")
L 09/12/2026 - 19:38:55: [basecommands.smx] "Console<0><Console><Console>" changed cvar (cvar "sv_maxupdaterate") (value "100")
L 09/12/2026 - 19:38:55: [basecommands.smx] "Console<0><Console><Console>" changed cvar (cvar "sv_mincmdrate") (value "100")
L 09/12/2026 - 19:38:55: [basecommands.smx] "Console<0><Console><Console>" changed cvar (cvar "sv_maxcmdrate") (value "100")
L 09/12/2026 - 19:38:55: [basecommands.smx] "Console<0><Console><Console>" changed cvar (cvar "sv_client_min_interp_ratio") (value "0")
L 09/12/2026 - 19:38:55: [basecommands.smx] "Console<0><Console><Console>" changed cvar (cvar "sv_client_max_interp_ratio") (value "0")
L 09/12/2026 - 19:38:55: [basecommands.smx] "Console<0><Console><Console>" changed cvar (cvar "sv_minrate") (value "100000")
L 09/12/2026 - 19:38:55: [basecommands.smx] "Console<0><Console><Console>" changed cvar (cvar "sv_maxrate") (value "100000")
L 09/12/2026 - 19:38:55: [basecommands.smx] "Console<0><Console><Console>" changed cvar (cvar "net_splitpacket_maxrate") (value "100000")
L 09/12/2026 - 19:38:55: [basecommands.smx] "Console<0><Console><Console>" changed cvar (cvar "net_maxcleartime") (value "0.0001")
L 09/12/2026 - 19:38:55: [basecommands.smx] "Console<0><Console><Console>" changed cvar (cvar "sv_clockcorrection_msecs") (value "20")
L 09/12/2026 - 19:38:55: [basecommands.smx] "Console<0><Console><Console>" changed cvar (cvar "sv_unlag_fixstuck") (value "1")
L 09/12/2026 - 19:38:55: [basecommands.smx] "Console<0><Console><Console>" changed cvar (cvar "sv_forcepreload") (value "1")
L 09/12/2026 - 19:38:55: [basecommands.smx] "Console<0><Console><Console>" changed cvar (cvar "fps_max") (value "0")
L 09/12/2026 - 19:38:55: [basecommands.smx] "Console<0><Console><Console>" changed cvar (cvar "nb_update_frequency") (value "0.01")
L 09/12/2026 - 19:38:55: [basecommands.smx] "Console<0><Console><Console>" changed cvar (cvar "nb_update_maxslide") (value "1")
L 09/12/2026 - 19:38:55: [basecommands.smx] "Console<0><Console><Console>" changed cvar (cvar "nb_update_framelimit") (value "5")
L 09/12/2026 - 19:38:55: [basecommands.smx] "Console<0><Console><Console>" changed cvar (cvar "sv_max_queries_sec_global") (value "20")
L 09/12/2026 - 19:38:55: [basecommands.smx] "Console<0><Console><Console>" changed cvar (cvar "sv_max_queries_sec") (value "3")
L 09/12/2026 - 19:38:55: [basecommands.smx] "Console<0><Console><Console>" changed cvar (cvar "sv_max_queries_window") (value "10")
L 09/12/2026 - 19:38:56: [fixes/firebulletsfix.smx] Found offset for Weapon_ShootPosition 286
L 09/12/2026 - 19:38:59: [SM] Changed map to "c2m1_highway"
L 09/12/2026 - 19:38:59: -------- Mapchange to c2m1_highway --------
L 09/12/2026 - 19:39:01: [basecommands.smx] "Console<0><Console><Console>" changed cvar (cvar "confogl_match_execcfg_plugins") (value "generalfixes.cfg;confogl_plugins.cfg;sharedplugins.cfg")
L 09/12/2026 - 19:39:01: [basecommands.smx] "Console<0><Console><Console>" changed cvar (cvar "l4d2_addons_eclipse") (value "0")
L 09/12/2026 - 19:39:01: [basecommands.smx] "Console<0><Console><Console>" changed cvar (cvar "tick_door_speed") (value "1.3")
L 09/12/2026 - 19:39:01: [basecommands.smx] "Console<0><Console><Console>" changed cvar (cvar "mv_maxplayers") (value "30")
L 09/12/2026 - 19:39:01: [basecommands.smx] "Console<0><Console><Console>" changed cvar (cvar "sv_allow_wait_command") (value "0")
L 09/12/2026 - 19:39:01: [basecommands.smx] "Console<0><Console><Console>" changed cvar (cvar "sv_maxunlag") (value "0.35")
L 09/12/2026 - 19:39:01: [basecommands.smx] "Console<0><Console><Console>" changed cvar (cvar "sv_minupdaterate") (value "100")
L 09/12/2026 - 19:39:01: [basecommands.smx] "Console<0><Console><Console>" changed cvar (cvar "sv_maxupdaterate") (value "100")
L 09/12/2026 - 19:39:01: [basecommands.smx] "Console<0><Console><Console>" changed cvar (cvar "sv_mincmdrate") (value "100")
L 09/12/2026 - 19:39:01: [basecommands.smx] "Console<0><Console><Console>" changed cvar (cvar "sv_maxcmdrate") (value "100")
L 09/12/2026 - 19:39:01: [basecommands.smx] "Console<0><Console><Console>" changed cvar (cvar "sv_client_min_interp_ratio") (value "0")
L 09/12/2026 - 19:39:01: [basecommands.smx] "Console<0><Console><Console>" changed cvar (cvar "sv_client_max_interp_ratio") (value "0")
L 09/12/2026 - 19:39:01: [basecommands.smx] "Console<0><Console><Console>" changed cvar (cvar "sv_minrate") (value "100000")
L 09/12/2026 - 19:39:01: [basecommands.smx] "Console<0><Console><Console>" changed cvar (cvar "sv_maxrate") (value "100000")
L 09/12/2026 - 19:39:01: [basecommands.smx] "Console<0><Console><Console>" changed cvar (cvar "net_splitpacket_maxrate") (value "100000")
L 09/12/2026 - 19:39:01: [basecommands.smx] "Console<0><Console><Console>" changed cvar (cvar "net_maxcleartime") (value "0.0001")
L 09/12/2026 - 19:39:01: [basecommands.smx] "Console<0><Console><Console>" changed cvar (cvar "sv_clockcorrection_msecs") (value "20")
L 09/12/2026 - 19:39:01: [basecommands.smx] "Console<0><Console><Console>" changed cvar (cvar "sv_unlag_fixstuck") (value "1")
L 09/12/2026 - 19:39:01: [basecommands.smx] "Console<0><Console><Console>" changed cvar (cvar "sv_forcepreload") (value "1")
L 09/12/2026 - 19:39:01: [basecommands.smx] "Console<0><Console><Console>" changed cvar (cvar "fps_max") (value "0")
L 09/12/2026 - 19:39:01: [basecommands.smx] "Console<0><Console><Console>" changed cvar (cvar "nb_update_frequency") (value "0.01")
L 09/12/2026 - 19:39:01: [basecommands.smx] "Console<0><Console><Console>" changed cvar (cvar "nb_update_maxslide") (value "1")
L 09/12/2026 - 19:39:01: [basecommands.smx] "Console<0><Console><Console>" changed cvar (cvar "nb_update_framelimit") (value "5")
L 09/12/2026 - 19:39:01: [basecommands.smx] "Console<0><Console><Console>" changed cvar (cvar "sv_max_queries_sec_global") (value "20")
L 09/12/2026 - 19:39:01: [basecommands.smx] "Console<0><Console><Console>" changed cvar (cvar "sv_max_queries_sec") (value "3")
L 09/12/2026 - 19:39:01: [basecommands.smx] "Console<0><Console><Console>" changed cvar (cvar "sv_max_queries_window") (value "10")
L 09/12/2026 - 19:39:02: [optional/l4d2_saferoom_item_remove.smx] Removed 0 saferoom item(s) (start: 0; end: 0).
L 09/12/2026 - 19:39:10: SourceMod log file session started (file "/home/kaine/Steam/steamapps/common/ZonemodVersus/left4dead2/addons/sourcemod/logs/L20260912.log") (Version "1.12.0.7253")
L 09/12/2026 - 19:39:10: [fixes/firebulletsfix.smx] Found offset for Weapon_ShootPosition 286
L 09/12/2026 - 19:39:11: [l4d2_item_hint.smx] 
==========
Warning: You should install "[L4D & L4D2] Use Priority Patch" to fix attached models blocking +USE action (item hint): https://forums.alliedmods.net/showthread.php?t=327511
==========

L 09/12/2026 - 19:39:13: [basecommands.smx] "Console<0><Console><Console>" changed cvar (cvar "confogl_match_execcfg_plugins") (value "generalfixes.cfg;confogl_plugins.cfg;sharedplugins.cfg")
L 09/12/2026 - 19:39:13: [basecommands.smx] "Console<0><Console><Console>" changed cvar (cvar "l4d2_addons_eclipse") (value "0")
L 09/12/2026 - 19:39:13: [basecommands.smx] "Console<0><Console><Console>" changed cvar (cvar "tick_door_speed") (value "1.3")
L 09/12/2026 - 19:39:13: [basecommands.smx] "Console<0><Console><Console>" changed cvar (cvar "mv_maxplayers") (value "30")
L 09/12/2026 - 19:39:13: [basecommands.smx] "Console<0><Console><Console>" changed cvar (cvar "sv_allow_wait_command") (value "0")
L 09/12/2026 - 19:39:13: [basecommands.smx] "Console<0><Console><Console>" changed cvar (cvar "sv_maxunlag") (value "0.35")
L 09/12/2026 - 19:39:13: [basecommands.smx] "Console<0><Console><Console>" changed cvar (cvar "sv_minupdaterate") (value "100")
L 09/12/2026 - 19:39:13: [basecommands.smx] "Console<0><Console><Console>" changed cvar (cvar "sv_maxupdaterate") (value "100")
L 09/12/2026 - 19:39:13: [basecommands.smx] "Console<0><Console><Console>" changed cvar (cvar "sv_mincmdrate") (value "100")
L 09/12/2026 - 19:39:13: [basecommands.smx] "Console<0><Console><Console>" changed cvar (cvar "sv_maxcmdrate") (value "100")
L 09/12/2026 - 19:39:13: [basecommands.smx] "Console<0><Console><Console>" changed cvar (cvar "sv_client_min_interp_ratio") (value "0")
L 09/12/2026 - 19:39:13: [basecommands.smx] "Console<0><Console><Console>" changed cvar (cvar "sv_client_max_interp_ratio") (value "0")
L 09/12/2026 - 19:39:13: [basecommands.smx] "Console<0><Console><Console>" changed cvar (cvar "sv_minrate") (value "100000")
L 09/12/2026 - 19:39:13: [basecommands.smx] "Console<0><Console><Console>" changed cvar (cvar "sv_maxrate") (value "100000")
L 09/12/2026 - 19:39:13: [basecommands.smx] "Console<0><Console><Console>" changed cvar (cvar "net_splitpacket_maxrate") (value "100000")
L 09/12/2026 - 19:39:13: [basecommands.smx] "Console<0><Console><Console>" changed cvar (cvar "net_maxcleartime") (value "0.0001")
L 09/12/2026 - 19:39:13: [basecommands.smx] "Console<0><Console><Console>" changed cvar (cvar "sv_clockcorrection_msecs") (value "20")
L 09/12/2026 - 19:39:13: [basecommands.smx] "Console<0><Console><Console>" changed cvar (cvar "sv_unlag_fixstuck") (value "1")
L 09/12/2026 - 19:39:13: [basecommands.smx] "Console<0><Console><Console>" changed cvar (cvar "sv_forcepreload") (value "1")
L 09/12/2026 - 19:39:13: [basecommands.smx] "Console<0><Console><Console>" changed cvar (cvar "fps_max") (value "0")
L 09/12/2026 - 19:39:13: [basecommands.smx] "Console<0><Console><Console>" changed cvar (cvar "nb_update_frequency") (value "0.01")
L 09/12/2026 - 19:39:13: [basecommands.smx] "Console<0><Console><Console>" changed cvar (cvar "nb_update_maxslide") (value "1")
L 09/12/2026 - 19:39:13: [basecommands.smx] "Console<0><Console><Console>" changed cvar (cvar "nb_update_framelimit") (value "5")
L 09/12/2026 - 19:39:13: [basecommands.smx] "Console<0><Console><Console>" changed cvar (cvar "sv_max_queries_sec_global") (value "20")
L 09/12/2026 - 19:39:13: [basecommands.smx] "Console<0><Console><Console>" changed cvar (cvar "sv_max_queries_sec") (value "3")
L 09/12/2026 - 19:39:13: [basecommands.smx] "Console<0><Console><Console>" changed cvar (cvar "sv_max_queries_window") (value "10")
L 09/12/2026 - 19:39:14: [fixes/firebulletsfix.smx] Found offset for Weapon_ShootPosition 286
L 09/12/2026 - 19:39:17: [SM] Changed map to "c2m1_highway"
L 09/12/2026 - 19:39:17: -------- Mapchange to c2m1_highway --------
L 09/12/2026 - 19:39:19: [basecommands.smx] "Console<0><Console><Console>" changed cvar (cvar "confogl_match_execcfg_plugins") (value "generalfixes.cfg;confogl_plugins.cfg;sharedplugins.cfg")
L 09/12/2026 - 19:39:19: [basecommands.smx] "Console<0><Console><Console>" changed cvar (cvar "l4d2_addons_eclipse") (value "0")
L 09/12/2026 - 19:39:19: [basecommands.smx] "Console<0><Console><Console>" changed cvar (cvar "tick_door_speed") (value "1.3")
L 09/12/2026 - 19:39:19: [basecommands.smx] "Console<0><Console><Console>" changed cvar (cvar "mv_maxplayers") (value "30")
L 09/12/2026 - 19:39:19: [basecommands.smx] "Console<0><Console><Console>" changed cvar (cvar "sv_allow_wait_command") (value "0")
L 09/12/2026 - 19:39:19: [basecommands.smx] "Console<0><Console><Console>" changed cvar (cvar "sv_maxunlag") (value "0.35")
L 09/12/2026 - 19:39:19: [basecommands.smx] "Console<0><Console><Console>" changed cvar (cvar "sv_minupdaterate") (value "100")
L 09/12/2026 - 19:39:19: [basecommands.smx] "Console<0><Console><Console>" changed cvar (cvar "sv_maxupdaterate") (value "100")
L 09/12/2026 - 19:39:19: [basecommands.smx] "Console<0><Console><Console>" changed cvar (cvar "sv_mincmdrate") (value "100")
L 09/12/2026 - 19:39:19: [basecommands.smx] "Console<0><Console><Console>" changed cvar (cvar "sv_maxcmdrate") (value "100")
L 09/12/2026 - 19:39:19: [basecommands.smx] "Console<0><Console><Console>" changed cvar (cvar "sv_client_min_interp_ratio") (value "0")
L 09/12/2026 - 19:39:19: [basecommands.smx] "Console<0><Console><Console>" changed cvar (cvar "sv_client_max_interp_ratio") (value "0")
L 09/12/2026 - 19:39:19: [basecommands.smx] "Console<0><Console><Console>" changed cvar (cvar "sv_minrate") (value "100000")
L 09/12/2026 - 19:39:19: [basecommands.smx] "Console<0><Console><Console>" changed cvar (cvar "sv_maxrate") (value "100000")
L 09/12/2026 - 19:39:19: [basecommands.smx] "Console<0><Console><Console>" changed cvar (cvar "net_splitpacket_maxrate") (value "100000")
L 09/12/2026 - 19:39:19: [basecommands.smx] "Console<0><Console><Console>" changed cvar (cvar "net_maxcleartime") (value "0.0001")
L 09/12/2026 - 19:39:19: [basecommands.smx] "Console<0><Console><Console>" changed cvar (cvar "sv_clockcorrection_msecs") (value "20")
L 09/12/2026 - 19:39:19: [basecommands.smx] "Console<0><Console><Console>" changed cvar (cvar "sv_unlag_fixstuck") (value "1")
L 09/12/2026 - 19:39:19: [basecommands.smx] "Console<0><Console><Console>" changed cvar (cvar "sv_forcepreload") (value "1")
L 09/12/2026 - 19:39:19: [basecommands.smx] "Console<0><Console><Console>" changed cvar (cvar "fps_max") (value "0")
L 09/12/2026 - 19:39:19: [basecommands.smx] "Console<0><Console><Console>" changed cvar (cvar "nb_update_frequency") (value "0.01")
L 09/12/2026 - 19:39:19: [basecommands.smx] "Console<0><Console><Console>" changed cvar (cvar "nb_update_maxslide") (value "1")
L 09/12/2026 - 19:39:19: [basecommands.smx] "Console<0><Console><Console>" changed cvar (cvar "nb_update_framelimit") (value "5")
L 09/12/2026 - 19:39:19: [basecommands.smx] "Console<0><Console><Console>" changed cvar (cvar "sv_max_queries_sec_global") (value "20")
L 09/12/2026 - 19:39:19: [basecommands.smx] "Console<0><Console><Console>" changed cvar (cvar "sv_max_queries_sec") (value "3")
L 09/12/2026 - 19:39:19: [basecommands.smx] "Console<0><Console><Console>" changed cvar (cvar "sv_max_queries_window") (value "10")
L 09/12/2026 - 19:39:20: [optional/l4d2_saferoom_item_remove.smx] Removed 0 saferoom item(s) (start: 0; end: 0).
L 09/12/2026 - 19:39:28: [confoglcompmod.smx] [ClientSettings] Kicking 折翼蝴蝶<2><STEAM_1:1:590841514><> for bad sv_consistency value (0.000000). Min: 1 1.000000 Max: 1 1.000000
L 09/12/2026 - 19:39:43: SourceMod log file session started (file "/home/kaine/Steam/steamapps/common/ZonemodVersus/left4dead2/addons/sourcemod/logs/L20260912.log") (Version "1.12.0.7253")
L 09/12/2026 - 19:39:43: [fixes/firebulletsfix.smx] Found offset for Weapon_ShootPosition 286
L 09/12/2026 - 19:39:44: [l4d2_item_hint.smx] 
==========
Warning: You should install "[L4D & L4D2] Use Priority Patch" to fix attached models blocking +USE action (item hint): https://forums.alliedmods.net/showthread.php?t=327511
==========

L 09/12/2026 - 19:39:46: [basecommands.smx] "Console<0><Console><Console>" changed cvar (cvar "confogl_match_execcfg_plugins") (value "generalfixes.cfg;confogl_plugins.cfg;sharedplugins.cfg")
L 09/12/2026 - 19:39:46: [basecommands.smx] "Console<0><Console><Console>" changed cvar (cvar "l4d2_addons_eclipse") (value "0")
L 09/12/2026 - 19:39:46: [basecommands.smx] "Console<0><Console><Console>" changed cvar (cvar "tick_door_speed") (value "1.3")
L 09/12/2026 - 19:39:46: [basecommands.smx] "Console<0><Console><Console>" changed cvar (cvar "mv_maxplayers") (value "30")
L 09/12/2026 - 19:39:46: [basecommands.smx] "Console<0><Console><Console>" changed cvar (cvar "sv_allow_wait_command") (value "0")
L 09/12/2026 - 19:39:46: [basecommands.smx] "Console<0><Console><Console>" changed cvar (cvar "sv_maxunlag") (value "0.35")
L 09/12/2026 - 19:39:46: [basecommands.smx] "Console<0><Console><Console>" changed cvar (cvar "sv_minupdaterate") (value "100")
L 09/12/2026 - 19:39:46: [basecommands.smx] "Console<0><Console><Console>" changed cvar (cvar "sv_maxupdaterate") (value "100")
L 09/12/2026 - 19:39:46: [basecommands.smx] "Console<0><Console><Console>" changed cvar (cvar "sv_mincmdrate") (value "100")
L 09/12/2026 - 19:39:46: [basecommands.smx] "Console<0><Console><Console>" changed cvar (cvar "sv_maxcmdrate") (value "100")
L 09/12/2026 - 19:39:46: [basecommands.smx] "Console<0><Console><Console>" changed cvar (cvar "sv_client_min_interp_ratio") (value "0")
L 09/12/2026 - 19:39:46: [basecommands.smx] "Console<0><Console><Console>" changed cvar (cvar "sv_client_max_interp_ratio") (value "0")
L 09/12/2026 - 19:39:46: [basecommands.smx] "Console<0><Console><Console>" changed cvar (cvar "sv_minrate") (value "100000")
L 09/12/2026 - 19:39:46: [basecommands.smx] "Console<0><Console><Console>" changed cvar (cvar "sv_maxrate") (value "100000")
L 09/12/2026 - 19:39:46: [basecommands.smx] "Console<0><Console><Console>" changed cvar (cvar "net_splitpacket_maxrate") (value "100000")
L 09/12/2026 - 19:39:46: [basecommands.smx] "Console<0><Console><Console>" changed cvar (cvar "net_maxcleartime") (value "0.0001")
L 09/12/2026 - 19:39:46: [basecommands.smx] "Console<0><Console><Console>" changed cvar (cvar "sv_clockcorrection_msecs") (value "20")
L 09/12/2026 - 19:39:46: [basecommands.smx] "Console<0><Console><Console>" changed cvar (cvar "sv_unlag_fixstuck") (value "1")
L 09/12/2026 - 19:39:46: [basecommands.smx] "Console<0><Console><Console>" changed cvar (cvar "sv_forcepreload") (value "1")
L 09/12/2026 - 19:39:46: [basecommands.smx] "Console<0><Console><Console>" changed cvar (cvar "fps_max") (value "0")
L 09/12/2026 - 19:39:46: [basecommands.smx] "Console<0><Console><Console>" changed cvar (cvar "nb_update_frequency") (value "0.01")
L 09/12/2026 - 19:39:46: [basecommands.smx] "Console<0><Console><Console>" changed cvar (cvar "nb_update_maxslide") (value "1")
L 09/12/2026 - 19:39:46: [basecommands.smx] "Console<0><Console><Console>" changed cvar (cvar "nb_update_framelimit") (value "5")
L 09/12/2026 - 19:39:46: [basecommands.smx] "Console<0><Console><Console>" changed cvar (cvar "sv_max_queries_sec_global") (value "20")
L 09/12/2026 - 19:39:46: [basecommands.smx] "Console<0><Console><Console>" changed cvar (cvar "sv_max_queries_sec") (value "3")
L 09/12/2026 - 19:39:46: [basecommands.smx] "Console<0><Console><Console>" changed cvar (cvar "sv_max_queries_window") (value "10")
L 09/12/2026 - 19:39:46: [fixes/firebulletsfix.smx] Found offset for Weapon_ShootPosition 286
L 09/12/2026 - 19:39:50: [SM] Changed map to "c2m1_highway"
L 09/12/2026 - 19:39:50: -------- Mapchange to c2m1_highway --------
L 09/12/2026 - 19:39:52: [basecommands.smx] "Console<0><Console><Console>" changed cvar (cvar "confogl_match_execcfg_plugins") (value "generalfixes.cfg;confogl_plugins.cfg;sharedplugins.cfg")
L 09/12/2026 - 19:39:52: [basecommands.smx] "Console<0><Console><Console>" changed cvar (cvar "l4d2_addons_eclipse") (value "0")
L 09/12/2026 - 19:39:52: [basecommands.smx] "Console<0><Console><Console>" changed cvar (cvar "tick_door_speed") (value "1.3")
L 09/12/2026 - 19:39:52: [basecommands.smx] "Console<0><Console><Console>" changed cvar (cvar "mv_maxplayers") (value "30")
L 09/12/2026 - 19:39:52: [basecommands.smx] "Console<0><Console><Console>" changed cvar (cvar "sv_allow_wait_command") (value "0")
L 09/12/2026 - 19:39:52: [basecommands.smx] "Console<0><Console><Console>" changed cvar (cvar "sv_maxunlag") (value "0.35")
L 09/12/2026 - 19:39:52: [basecommands.smx] "Console<0><Console><Console>" changed cvar (cvar "sv_minupdaterate") (value "100")
L 09/12/2026 - 19:39:52: [basecommands.smx] "Console<0><Console><Console>" changed cvar (cvar "sv_maxupdaterate") (value "100")
L 09/12/2026 - 19:39:52: [basecommands.smx] "Console<0><Console><Console>" changed cvar (cvar "sv_mincmdrate") (value "100")
L 09/12/2026 - 19:39:52: [basecommands.smx] "Console<0><Console><Console>" changed cvar (cvar "sv_maxcmdrate") (value "100")
L 09/12/2026 - 19:39:52: [basecommands.smx] "Console<0><Console><Console>" changed cvar (cvar "sv_client_min_interp_ratio") (value "0")
L 09/12/2026 - 19:39:52: [basecommands.smx] "Console<0><Console><Console>" changed cvar (cvar "sv_client_max_interp_ratio") (value "0")
L 09/12/2026 - 19:39:52: [basecommands.smx] "Console<0><Console><Console>" changed cvar (cvar "sv_minrate") (value "100000")
L 09/12/2026 - 19:39:52: [basecommands.smx] "Console<0><Console><Console>" changed cvar (cvar "sv_maxrate") (value "100000")
L 09/12/2026 - 19:39:52: [basecommands.smx] "Console<0><Console><Console>" changed cvar (cvar "net_splitpacket_maxrate") (value "100000")
L 09/12/2026 - 19:39:52: [basecommands.smx] "Console<0><Console><Console>" changed cvar (cvar "net_maxcleartime") (value "0.0001")
L 09/12/2026 - 19:39:52: [basecommands.smx] "Console<0><Console><Console>" changed cvar (cvar "sv_clockcorrection_msecs") (value "20")
L 09/12/2026 - 19:39:52: [basecommands.smx] "Console<0><Console><Console>" changed cvar (cvar "sv_unlag_fixstuck") (value "1")
L 09/12/2026 - 19:39:52: [basecommands.smx] "Console<0><Console><Console>" changed cvar (cvar "sv_forcepreload") (value "1")
L 09/12/2026 - 19:39:52: [basecommands.smx] "Console<0><Console><Console>" changed cvar (cvar "fps_max") (value "0")
L 09/12/2026 - 19:39:52: [basecommands.smx] "Console<0><Console><Console>" changed cvar (cvar "nb_update_frequency") (value "0.01")
L 09/12/2026 - 19:39:52: [basecommands.smx] "Console<0><Console><Console>" changed cvar (cvar "nb_update_maxslide") (value "1")
L 09/12/2026 - 19:39:52: [basecommands.smx] "Console<0><Console><Console>" changed cvar (cvar "nb_update_framelimit") (value "5")
L 09/12/2026 - 19:39:52: [basecommands.smx] "Console<0><Console><Console>" changed cvar (cvar "sv_max_queries_sec_global") (value "20")
L 09/12/2026 - 19:39:52: [basecommands.smx] "Console<0><Console><Console>" changed cvar (cvar "sv_max_queries_sec") (value "3")
L 09/12/2026 - 19:39:52: [basecommands.smx] "Console<0><Console><Console>" changed cvar (cvar "sv_max_queries_window") (value "10")
L 09/12/2026 - 19:39:53: [optional/l4d2_saferoom_item_remove.smx] Removed 0 saferoom item(s) (start: 0; end: 0).
L 09/12/2026 - 19:47:13: SourceMod log file session started (file "/home/kaine/Steam/steamapps/common/ZonemodVersus/left4dead2/addons/sourcemod/logs/L20260912.log") (Version "1.12.0.7253")
L 09/12/2026 - 19:47:13: [fixes/firebulletsfix.smx] Found offset for Weapon_ShootPosition 286
L 09/12/2026 - 19:47:14: [l4d2_item_hint.smx] 
==========
Warning: You should install "[L4D & L4D2] Use Priority Patch" to fix attached models blocking +USE action (item hint): https://forums.alliedmods.net/showthread.php?t=327511
==========

L 09/12/2026 - 19:47:15: [basecommands.smx] "Console<0><Console><Console>" changed cvar (cvar "confogl_match_execcfg_plugins") (value "generalfixes.cfg;confogl_plugins.cfg;sharedplugins.cfg")
L 09/12/2026 - 19:47:15: [basecommands.smx] "Console<0><Console><Console>" changed cvar (cvar "l4d2_addons_eclipse") (value "0")
L 09/12/2026 - 19:47:15: [basecommands.smx] "Console<0><Console><Console>" changed cvar (cvar "tick_door_speed") (value "1.3")
L 09/12/2026 - 19:47:15: [basecommands.smx] "Console<0><Console><Console>" changed cvar (cvar "mv_maxplayers") (value "30")
L 09/12/2026 - 19:47:15: [basecommands.smx] "Console<0><Console><Console>" changed cvar (cvar "sv_allow_wait_command") (value "0")
L 09/12/2026 - 19:47:15: [basecommands.smx] "Console<0><Console><Console>" changed cvar (cvar "sv_maxunlag") (value "0.35")
L 09/12/2026 - 19:47:15: [basecommands.smx] "Console<0><Console><Console>" changed cvar (cvar "sv_minupdaterate") (value "100")
L 09/12/2026 - 19:47:15: [basecommands.smx] "Console<0><Console><Console>" changed cvar (cvar "sv_maxupdaterate") (value "100")
L 09/12/2026 - 19:47:15: [basecommands.smx] "Console<0><Console><Console>" changed cvar (cvar "sv_mincmdrate") (value "100")
L 09/12/2026 - 19:47:15: [basecommands.smx] "Console<0><Console><Console>" changed cvar (cvar "sv_maxcmdrate") (value "100")
L 09/12/2026 - 19:47:15: [basecommands.smx] "Console<0><Console><Console>" changed cvar (cvar "sv_client_min_interp_ratio") (value "0")
L 09/12/2026 - 19:47:15: [basecommands.smx] "Console<0><Console><Console>" changed cvar (cvar "sv_client_max_interp_ratio") (value "0")
L 09/12/2026 - 19:47:15: [basecommands.smx] "Console<0><Console><Console>" changed cvar (cvar "sv_minrate") (value "100000")
L 09/12/2026 - 19:47:15: [basecommands.smx] "Console<0><Console><Console>" changed cvar (cvar "sv_maxrate") (value "100000")
L 09/12/2026 - 19:47:15: [basecommands.smx] "Console<0><Console><Console>" changed cvar (cvar "net_splitpacket_maxrate") (value "100000")
L 09/12/2026 - 19:47:15: [basecommands.smx] "Console<0><Console><Console>" changed cvar (cvar "net_maxcleartime") (value "0.0001")
L 09/12/2026 - 19:47:15: [basecommands.smx] "Console<0><Console><Console>" changed cvar (cvar "sv_clockcorrection_msecs") (value "20")
L 09/12/2026 - 19:47:15: [basecommands.smx] "Console<0><Console><Console>" changed cvar (cvar "sv_unlag_fixstuck") (value "1")
L 09/12/2026 - 19:47:15: [basecommands.smx] "Console<0><Console><Console>" changed cvar (cvar "sv_forcepreload") (value "1")
L 09/12/2026 - 19:47:15: [basecommands.smx] "Console<0><Console><Console>" changed cvar (cvar "fps_max") (value "0")
L 09/12/2026 - 19:47:15: [basecommands.smx] "Console<0><Console><Console>" changed cvar (cvar "nb_update_frequency") (value "0.01")
L 09/12/2026 - 19:47:15: [basecommands.smx] "Console<0><Console><Console>" changed cvar (cvar "nb_update_maxslide") (value "1")
L 09/12/2026 - 19:47:15: [basecommands.smx] "Console<0><Console><Console>" changed cvar (cvar "nb_update_framelimit") (value "5")
L 09/12/2026 - 19:47:15: [basecommands.smx] "Console<0><Console><Console>" changed cvar (cvar "sv_max_queries_sec_global") (value "20")
L 09/12/2026 - 19:47:15: [basecommands.smx] "Console<0><Console><Console>" changed cvar (cvar "sv_max_queries_sec") (value "3")
L 09/12/2026 - 19:47:15: [basecommands.smx] "Console<0><Console><Console>" changed cvar (cvar "sv_max_queries_window") (value "10")
L 09/12/2026 - 19:47:16: [fixes/firebulletsfix.smx] Found offset for Weapon_ShootPosition 286
L 09/12/2026 - 19:47:19: [SM] Changed map to "c2m1_highway"
L 09/12/2026 - 19:47:20: -------- Mapchange to c2m1_highway --------
L 09/12/2026 - 19:47:21: [basecommands.smx] "Console<0><Console><Console>" changed cvar (cvar "confogl_match_execcfg_plugins") (value "generalfixes.cfg;confogl_plugins.cfg;sharedplugins.cfg")
L 09/12/2026 - 19:47:21: [basecommands.smx] "Console<0><Console><Console>" changed cvar (cvar "l4d2_addons_eclipse") (value "0")
L 09/12/2026 - 19:47:21: [basecommands.smx] "Console<0><Console><Console>" changed cvar (cvar "tick_door_speed") (value "1.3")
L 09/12/2026 - 19:47:21: [basecommands.smx] "Console<0><Console><Console>" changed cvar (cvar "mv_maxplayers") (value "30")
L 09/12/2026 - 19:47:21: [basecommands.smx] "Console<0><Console><Console>" changed cvar (cvar "sv_allow_wait_command") (value "0")
L 09/12/2026 - 19:47:21: [basecommands.smx] "Console<0><Console><Console>" changed cvar (cvar "sv_maxunlag") (value "0.35")
L 09/12/2026 - 19:47:21: [basecommands.smx] "Console<0><Console><Console>" changed cvar (cvar "sv_minupdaterate") (value "100")
L 09/12/2026 - 19:47:21: [basecommands.smx] "Console<0><Console><Console>" changed cvar (cvar "sv_maxupdaterate") (value "100")
L 09/12/2026 - 19:47:21: [basecommands.smx] "Console<0><Console><Console>" changed cvar (cvar "sv_mincmdrate") (value "100")
L 09/12/2026 - 19:47:21: [basecommands.smx] "Console<0><Console><Console>" changed cvar (cvar "sv_maxcmdrate") (value "100")
L 09/12/2026 - 19:47:21: [basecommands.smx] "Console<0><Console><Console>" changed cvar (cvar "sv_client_min_interp_ratio") (value "0")
L 09/12/2026 - 19:47:21: [basecommands.smx] "Console<0><Console><Console>" changed cvar (cvar "sv_client_max_interp_ratio") (value "0")
L 09/12/2026 - 19:47:21: [basecommands.smx] "Console<0><Console><Console>" changed cvar (cvar "sv_minrate") (value "100000")
L 09/12/2026 - 19:47:21: [basecommands.smx] "Console<0><Console><Console>" changed cvar (cvar "sv_maxrate") (value "100000")
L 09/12/2026 - 19:47:21: [basecommands.smx] "Console<0><Console><Console>" changed cvar (cvar "net_splitpacket_maxrate") (value "100000")
L 09/12/2026 - 19:47:21: [basecommands.smx] "Console<0><Console><Console>" changed cvar (cvar "net_maxcleartime") (value "0.0001")
L 09/12/2026 - 19:47:21: [basecommands.smx] "Console<0><Console><Console>" changed cvar (cvar "sv_clockcorrection_msecs") (value "20")
L 09/12/2026 - 19:47:21: [basecommands.smx] "Console<0><Console><Console>" changed cvar (cvar "sv_unlag_fixstuck") (value "1")
L 09/12/2026 - 19:47:21: [basecommands.smx] "Console<0><Console><Console>" changed cvar (cvar "sv_forcepreload") (value "1")
L 09/12/2026 - 19:47:21: [basecommands.smx] "Console<0><Console><Console>" changed cvar (cvar "fps_max") (value "0")
L 09/12/2026 - 19:47:21: [basecommands.smx] "Console<0><Console><Console>" changed cvar (cvar "nb_update_frequency") (value "0.01")
L 09/12/2026 - 19:47:21: [basecommands.smx] "Console<0><Console><Console>" changed cvar (cvar "nb_update_maxslide") (value "1")
L 09/12/2026 - 19:47:21: [basecommands.smx] "Console<0><Console><Console>" changed cvar (cvar "nb_update_framelimit") (value "5")
L 09/12/2026 - 19:47:21: [basecommands.smx] "Console<0><Console><Console>" changed cvar (cvar "sv_max_queries_sec_global") (value "20")
L 09/12/2026 - 19:47:21: [basecommands.smx] "Console<0><Console><Console>" changed cvar (cvar "sv_max_queries_sec") (value "3")
L 09/12/2026 - 19:47:21: [basecommands.smx] "Console<0><Console><Console>" changed cvar (cvar "sv_max_queries_window") (value "10")
L 09/12/2026 - 19:47:22: [optional/l4d2_saferoom_item_remove.smx] Removed 0 saferoom item(s) (start: 0; end: 0).
L 09/12/2026 - 19:47:34: [confoglcompmod.smx] [ClientSettings] Kicking 折翼蝴蝶<2><STEAM_1:1:590841514><> for bad sv_consistency value (0.000000). Min: 1 1.000000 Max: 1 1.000000
L 09/12/2026 - 19:47:49: SourceMod log file session started (file "/home/kaine/Steam/steamapps/common/ZonemodVersus/left4dead2/addons/sourcemod/logs/L20260912.log") (Version "1.12.0.7253")
L 09/12/2026 - 19:47:49: [fixes/firebulletsfix.smx] Found offset for Weapon_ShootPosition 286
L 09/12/2026 - 19:47:49: [l4d2_item_hint.smx] 
==========
Warning: You should install "[L4D & L4D2] Use Priority Patch" to fix attached models blocking +USE action (item hint): https://forums.alliedmods.net/showthread.php?t=327511
==========

L 09/12/2026 - 19:47:51: [basecommands.smx] "Console<0><Console><Console>" changed cvar (cvar "confogl_match_execcfg_plugins") (value "generalfixes.cfg;confogl_plugins.cfg;sharedplugins.cfg")
L 09/12/2026 - 19:47:51: [basecommands.smx] "Console<0><Console><Console>" changed cvar (cvar "l4d2_addons_eclipse") (value "0")
L 09/12/2026 - 19:47:51: [basecommands.smx] "Console<0><Console><Console>" changed cvar (cvar "tick_door_speed") (value "1.3")
L 09/12/2026 - 19:47:51: [basecommands.smx] "Console<0><Console><Console>" changed cvar (cvar "mv_maxplayers") (value "30")
L 09/12/2026 - 19:47:51: [basecommands.smx] "Console<0><Console><Console>" changed cvar (cvar "sv_allow_wait_command") (value "0")
L 09/12/2026 - 19:47:51: [basecommands.smx] "Console<0><Console><Console>" changed cvar (cvar "sv_maxunlag") (value "0.35")
L 09/12/2026 - 19:47:51: [basecommands.smx] "Console<0><Console><Console>" changed cvar (cvar "sv_minupdaterate") (value "100")
L 09/12/2026 - 19:47:51: [basecommands.smx] "Console<0><Console><Console>" changed cvar (cvar "sv_maxupdaterate") (value "100")
L 09/12/2026 - 19:47:51: [basecommands.smx] "Console<0><Console><Console>" changed cvar (cvar "sv_mincmdrate") (value "100")
L 09/12/2026 - 19:47:51: [basecommands.smx] "Console<0><Console><Console>" changed cvar (cvar "sv_maxcmdrate") (value "100")
L 09/12/2026 - 19:47:51: [basecommands.smx] "Console<0><Console><Console>" changed cvar (cvar "sv_client_min_interp_ratio") (value "0")
L 09/12/2026 - 19:47:51: [basecommands.smx] "Console<0><Console><Console>" changed cvar (cvar "sv_client_max_interp_ratio") (value "0")
L 09/12/2026 - 19:47:51: [basecommands.smx] "Console<0><Console><Console>" changed cvar (cvar "sv_minrate") (value "100000")
L 09/12/2026 - 19:47:51: [basecommands.smx] "Console<0><Console><Console>" changed cvar (cvar "sv_maxrate") (value "100000")
L 09/12/2026 - 19:47:51: [basecommands.smx] "Console<0><Console><Console>" changed cvar (cvar "net_splitpacket_maxrate") (value "100000")
L 09/12/2026 - 19:47:51: [basecommands.smx] "Console<0><Console><Console>" changed cvar (cvar "net_maxcleartime") (value "0.0001")
L 09/12/2026 - 19:47:51: [basecommands.smx] "Console<0><Console><Console>" changed cvar (cvar "sv_clockcorrection_msecs") (value "20")
L 09/12/2026 - 19:47:51: [basecommands.smx] "Console<0><Console><Console>" changed cvar (cvar "sv_unlag_fixstuck") (value "1")
L 09/12/2026 - 19:47:51: [basecommands.smx] "Console<0><Console><Console>" changed cvar (cvar "sv_forcepreload") (value "1")
L 09/12/2026 - 19:47:51: [basecommands.smx] "Console<0><Console><Console>" changed cvar (cvar "fps_max") (value "0")
L 09/12/2026 - 19:47:51: [basecommands.smx] "Console<0><Console><Console>" changed cvar (cvar "nb_update_frequency") (value "0.01")
L 09/12/2026 - 19:47:51: [basecommands.smx] "Console<0><Console><Console>" changed cvar (cvar "nb_update_maxslide") (value "1")
L 09/12/2026 - 19:47:51: [basecommands.smx] "Console<0><Console><Console>" changed cvar (cvar "nb_update_framelimit") (value "5")
L 09/12/2026 - 19:47:51: [basecommands.smx] "Console<0><Console><Console>" changed cvar (cvar "sv_max_queries_sec_global") (value "20")
L 09/12/2026 - 19:47:51: [basecommands.smx] "Console<0><Console><Console>" changed cvar (cvar "sv_max_queries_sec") (value "3")
L 09/12/2026 - 19:47:51: [basecommands.smx] "Console<0><Console><Console>" changed cvar (cvar "sv_max_queries_window") (value "10")
L 09/12/2026 - 19:47:51: [fixes/firebulletsfix.smx] Found offset for Weapon_ShootPosition 286
L 09/12/2026 - 19:47:54: [SM] Changed map to "c2m1_highway"
L 09/12/2026 - 19:47:55: -------- Mapchange to c2m1_highway --------
L 09/12/2026 - 19:47:56: [basecommands.smx] "Console<0><Console><Console>" changed cvar (cvar "confogl_match_execcfg_plugins") (value "generalfixes.cfg;confogl_plugins.cfg;sharedplugins.cfg")
L 09/12/2026 - 19:47:56: [basecommands.smx] "Console<0><Console><Console>" changed cvar (cvar "l4d2_addons_eclipse") (value "0")
L 09/12/2026 - 19:47:56: [basecommands.smx] "Console<0><Console><Console>" changed cvar (cvar "tick_door_speed") (value "1.3")
L 09/12/2026 - 19:47:56: [basecommands.smx] "Console<0><Console><Console>" changed cvar (cvar "mv_maxplayers") (value "30")
L 09/12/2026 - 19:47:56: [basecommands.smx] "Console<0><Console><Console>" changed cvar (cvar "sv_allow_wait_command") (value "0")
L 09/12/2026 - 19:47:56: [basecommands.smx] "Console<0><Console><Console>" changed cvar (cvar "sv_maxunlag") (value "0.35")
L 09/12/2026 - 19:47:56: [basecommands.smx] "Console<0><Console><Console>" changed cvar (cvar "sv_minupdaterate") (value "100")
L 09/12/2026 - 19:47:56: [basecommands.smx] "Console<0><Console><Console>" changed cvar (cvar "sv_maxupdaterate") (value "100")
L 09/12/2026 - 19:47:56: [basecommands.smx] "Console<0><Console><Console>" changed cvar (cvar "sv_mincmdrate") (value "100")
L 09/12/2026 - 19:47:56: [basecommands.smx] "Console<0><Console><Console>" changed cvar (cvar "sv_maxcmdrate") (value "100")
L 09/12/2026 - 19:47:56: [basecommands.smx] "Console<0><Console><Console>" changed cvar (cvar "sv_client_min_interp_ratio") (value "0")
L 09/12/2026 - 19:47:56: [basecommands.smx] "Console<0><Console><Console>" changed cvar (cvar "sv_client_max_interp_ratio") (value "0")
L 09/12/2026 - 19:47:56: [basecommands.smx] "Console<0><Console><Console>" changed cvar (cvar "sv_minrate") (value "100000")
L 09/12/2026 - 19:47:56: [basecommands.smx] "Console<0><Console><Console>" changed cvar (cvar "sv_maxrate") (value "100000")
L 09/12/2026 - 19:47:56: [basecommands.smx] "Console<0><Console><Console>" changed cvar (cvar "net_splitpacket_maxrate") (value "100000")
L 09/12/2026 - 19:47:56: [basecommands.smx] "Console<0><Console><Console>" changed cvar (cvar "net_maxcleartime") (value "0.0001")
L 09/12/2026 - 19:47:56: [basecommands.smx] "Console<0><Console><Console>" changed cvar (cvar "sv_clockcorrection_msecs") (value "20")
L 09/12/2026 - 19:47:56: [basecommands.smx] "Console<0><Console><Console>" changed cvar (cvar "sv_unlag_fixstuck") (value "1")
L 09/12/2026 - 19:47:56: [basecommands.smx] "Console<0><Console><Console>" changed cvar (cvar "sv_forcepreload") (value "1")
L 09/12/2026 - 19:47:56: [basecommands.smx] "Console<0><Console><Console>" changed cvar (cvar "fps_max") (value "0")
L 09/12/2026 - 19:47:56: [basecommands.smx] "Console<0><Console><Console>" changed cvar (cvar "nb_update_frequency") (value "0.01")
L 09/12/2026 - 19:47:56: [basecommands.smx] "Console<0><Console><Console>" changed cvar (cvar "nb_update_maxslide") (value "1")
L 09/12/2026 - 19:47:56: [basecommands.smx] "Console<0><Console><Console>" changed cvar (cvar "nb_update_framelimit") (value "5")
L 09/12/2026 - 19:47:56: [basecommands.smx] "Console<0><Console><Console>" changed cvar (cvar "sv_max_queries_sec_global") (value "20")
L 09/12/2026 - 19:47:56: [basecommands.smx] "Console<0><Console><Console>" changed cvar (cvar "sv_max_queries_sec") (value "3")
L 09/12/2026 - 19:47:56: [basecommands.smx] "Console<0><Console><Console>" changed cvar (cvar "sv_max_queries_window") (value "10")
L 09/12/2026 - 19:47:57: [optional/l4d2_saferoom_item_remove.smx] Removed 0 saferoom item(s) (start: 0; end: 0).
L 09/12/2026 - 19:50:47: SourceMod log file session started (file "/home/kaine/Steam/steamapps/common/ZonemodVersus/left4dead2/addons/sourcemod/logs/L20260912.log") (Version "1.12.0.7253")
L 09/12/2026 - 19:50:47: [fixes/firebulletsfix.smx] Found offset for Weapon_ShootPosition 286
L 09/12/2026 - 19:50:47: [l4d2_item_hint.smx] 
==========
Warning: You should install "[L4D & L4D2] Use Priority Patch" to fix attached models blocking +USE action (item hint): https://forums.alliedmods.net/showthread.php?t=327511
==========

L 09/12/2026 - 19:50:49: [basecommands.smx] "Console<0><Console><Console>" changed cvar (cvar "confogl_match_execcfg_plugins") (value "generalfixes.cfg;confogl_plugins.cfg;sharedplugins.cfg")
L 09/12/2026 - 19:50:49: [basecommands.smx] "Console<0><Console><Console>" changed cvar (cvar "l4d2_addons_eclipse") (value "0")
L 09/12/2026 - 19:50:49: [basecommands.smx] "Console<0><Console><Console>" changed cvar (cvar "tick_door_speed") (value "1.3")
L 09/12/2026 - 19:50:49: [basecommands.smx] "Console<0><Console><Console>" changed cvar (cvar "mv_maxplayers") (value "30")
L 09/12/2026 - 19:50:49: [basecommands.smx] "Console<0><Console><Console>" changed cvar (cvar "sv_allow_wait_command") (value "0")
L 09/12/2026 - 19:50:49: [basecommands.smx] "Console<0><Console><Console>" changed cvar (cvar "sv_maxunlag") (value "0.35")
L 09/12/2026 - 19:50:49: [basecommands.smx] "Console<0><Console><Console>" changed cvar (cvar "sv_minupdaterate") (value "100")
L 09/12/2026 - 19:50:49: [basecommands.smx] "Console<0><Console><Console>" changed cvar (cvar "sv_maxupdaterate") (value "100")
L 09/12/2026 - 19:50:49: [basecommands.smx] "Console<0><Console><Console>" changed cvar (cvar "sv_mincmdrate") (value "100")
L 09/12/2026 - 19:50:49: [basecommands.smx] "Console<0><Console><Console>" changed cvar (cvar "sv_maxcmdrate") (value "100")
L 09/12/2026 - 19:50:49: [basecommands.smx] "Console<0><Console><Console>" changed cvar (cvar "sv_client_min_interp_ratio") (value "0")
L 09/12/2026 - 19:50:49: [basecommands.smx] "Console<0><Console><Console>" changed cvar (cvar "sv_client_max_interp_ratio") (value "0")
L 09/12/2026 - 19:50:49: [basecommands.smx] "Console<0><Console><Console>" changed cvar (cvar "sv_minrate") (value "100000")
L 09/12/2026 - 19:50:49: [basecommands.smx] "Console<0><Console><Console>" changed cvar (cvar "sv_maxrate") (value "100000")
L 09/12/2026 - 19:50:49: [basecommands.smx] "Console<0><Console><Console>" changed cvar (cvar "net_splitpacket_maxrate") (value "100000")
L 09/12/2026 - 19:50:49: [basecommands.smx] "Console<0><Console><Console>" changed cvar (cvar "net_maxcleartime") (value "0.0001")
L 09/12/2026 - 19:50:49: [basecommands.smx] "Console<0><Console><Console>" changed cvar (cvar "sv_clockcorrection_msecs") (value "20")
L 09/12/2026 - 19:50:49: [basecommands.smx] "Console<0><Console><Console>" changed cvar (cvar "sv_unlag_fixstuck") (value "1")
L 09/12/2026 - 19:50:49: [basecommands.smx] "Console<0><Console><Console>" changed cvar (cvar "sv_forcepreload") (value "1")
L 09/12/2026 - 19:50:49: [basecommands.smx] "Console<0><Console><Console>" changed cvar (cvar "fps_max") (value "0")
L 09/12/2026 - 19:50:49: [basecommands.smx] "Console<0><Console><Console>" changed cvar (cvar "nb_update_frequency") (value "0.01")
L 09/12/2026 - 19:50:49: [basecommands.smx] "Console<0><Console><Console>" changed cvar (cvar "nb_update_maxslide") (value "1")
L 09/12/2026 - 19:50:49: [basecommands.smx] "Console<0><Console><Console>" changed cvar (cvar "nb_update_framelimit") (value "5")
L 09/12/2026 - 19:50:49: [basecommands.smx] "Console<0><Console><Console>" changed cvar (cvar "sv_max_queries_sec_global") (value "20")
L 09/12/2026 - 19:50:49: [basecommands.smx] "Console<0><Console><Console>" changed cvar (cvar "sv_max_queries_sec") (value "3")
L 09/12/2026 - 19:50:49: [basecommands.smx] "Console<0><Console><Console>" changed cvar (cvar "sv_max_queries_window") (value "10")
L 09/12/2026 - 19:50:50: [fixes/firebulletsfix.smx] Found offset for Weapon_ShootPosition 286
L 09/12/2026 - 19:50:53: [SM] Changed map to "c2m1_highway"
L 09/12/2026 - 19:50:53: -------- Mapchange to c2m1_highway --------
L 09/12/2026 - 19:50:55: [basecommands.smx] "Console<0><Console><Console>" changed cvar (cvar "confogl_match_execcfg_plugins") (value "generalfixes.cfg;confogl_plugins.cfg;sharedplugins.cfg")
L 09/12/2026 - 19:50:55: [basecommands.smx] "Console<0><Console><Console>" changed cvar (cvar "l4d2_addons_eclipse") (value "0")
L 09/12/2026 - 19:50:55: [basecommands.smx] "Console<0><Console><Console>" changed cvar (cvar "tick_door_speed") (value "1.3")
L 09/12/2026 - 19:50:55: [basecommands.smx] "Console<0><Console><Console>" changed cvar (cvar "mv_maxplayers") (value "30")
L 09/12/2026 - 19:50:55: [basecommands.smx] "Console<0><Console><Console>" changed cvar (cvar "sv_allow_wait_command") (value "0")
L 09/12/2026 - 19:50:55: [basecommands.smx] "Console<0><Console><Console>" changed cvar (cvar "sv_maxunlag") (value "0.35")
L 09/12/2026 - 19:50:55: [basecommands.smx] "Console<0><Console><Console>" changed cvar (cvar "sv_minupdaterate") (value "100")
L 09/12/2026 - 19:50:55: [basecommands.smx] "Console<0><Console><Console>" changed cvar (cvar "sv_maxupdaterate") (value "100")
L 09/12/2026 - 19:50:55: [basecommands.smx] "Console<0><Console><Console>" changed cvar (cvar "sv_mincmdrate") (value "100")
L 09/12/2026 - 19:50:55: [basecommands.smx] "Console<0><Console><Console>" changed cvar (cvar "sv_maxcmdrate") (value "100")
L 09/12/2026 - 19:50:55: [basecommands.smx] "Console<0><Console><Console>" changed cvar (cvar "sv_client_min_interp_ratio") (value "0")
L 09/12/2026 - 19:50:55: [basecommands.smx] "Console<0><Console><Console>" changed cvar (cvar "sv_client_max_interp_ratio") (value "0")
L 09/12/2026 - 19:50:55: [basecommands.smx] "Console<0><Console><Console>" changed cvar (cvar "sv_minrate") (value "100000")
L 09/12/2026 - 19:50:55: [basecommands.smx] "Console<0><Console><Console>" changed cvar (cvar "sv_maxrate") (value "100000")
L 09/12/2026 - 19:50:55: [basecommands.smx] "Console<0><Console><Console>" changed cvar (cvar "net_splitpacket_maxrate") (value "100000")
L 09/12/2026 - 19:50:55: [basecommands.smx] "Console<0><Console><Console>" changed cvar (cvar "net_maxcleartime") (value "0.0001")
L 09/12/2026 - 19:50:55: [basecommands.smx] "Console<0><Console><Console>" changed cvar (cvar "sv_clockcorrection_msecs") (value "20")
L 09/12/2026 - 19:50:55: [basecommands.smx] "Console<0><Console><Console>" changed cvar (cvar "sv_unlag_fixstuck") (value "1")
L 09/12/2026 - 19:50:55: [basecommands.smx] "Console<0><Console><Console>" changed cvar (cvar "sv_forcepreload") (value "1")
L 09/12/2026 - 19:50:55: [basecommands.smx] "Console<0><Console><Console>" changed cvar (cvar "fps_max") (value "0")
L 09/12/2026 - 19:50:55: [basecommands.smx] "Console<0><Console><Console>" changed cvar (cvar "nb_update_frequency") (value "0.01")
L 09/12/2026 - 19:50:55: [basecommands.smx] "Console<0><Console><Console>" changed cvar (cvar "nb_update_maxslide") (value "1")
L 09/12/2026 - 19:50:55: [basecommands.smx] "Console<0><Console><Console>" changed cvar (cvar "nb_update_framelimit") (value "5")
L 09/12/2026 - 19:50:55: [basecommands.smx] "Console<0><Console><Console>" changed cvar (cvar "sv_max_queries_sec_global") (value "20")
L 09/12/2026 - 19:50:55: [basecommands.smx] "Console<0><Console><Console>" changed cvar (cvar "sv_max_queries_sec") (value "3")
L 09/12/2026 - 19:50:55: [basecommands.smx] "Console<0><Console><Console>" changed cvar (cvar "sv_max_queries_window") (value "10")
L 09/12/2026 - 19:50:56: [optional/l4d2_saferoom_item_remove.smx] Removed 0 saferoom item(s) (start: 0; end: 0).
L 09/12/2026 - 19:53:00: SourceMod log file session started (file "/home/kaine/Steam/steamapps/common/ZonemodVersus/left4dead2/addons/sourcemod/logs/L20260912.log") (Version "1.12.0.7253")
L 09/12/2026 - 19:53:00: [fixes/firebulletsfix.smx] Found offset for Weapon_ShootPosition 286
L 09/12/2026 - 19:53:01: [l4d2_item_hint.smx] 
==========
Warning: You should install "[L4D & L4D2] Use Priority Patch" to fix attached models blocking +USE action (item hint): https://forums.alliedmods.net/showthread.php?t=327511
==========

L 09/12/2026 - 19:53:02: [basecommands.smx] "Console<0><Console><Console>" changed cvar (cvar "confogl_match_execcfg_plugins") (value "generalfixes.cfg;confogl_plugins.cfg;sharedplugins.cfg")
L 09/12/2026 - 19:53:02: [basecommands.smx] "Console<0><Console><Console>" changed cvar (cvar "l4d2_addons_eclipse") (value "0")
L 09/12/2026 - 19:53:02: [basecommands.smx] "Console<0><Console><Console>" changed cvar (cvar "tick_door_speed") (value "1.3")
L 09/12/2026 - 19:53:02: [basecommands.smx] "Console<0><Console><Console>" changed cvar (cvar "mv_maxplayers") (value "30")
L 09/12/2026 - 19:53:02: [basecommands.smx] "Console<0><Console><Console>" changed cvar (cvar "sv_allow_wait_command") (value "0")
L 09/12/2026 - 19:53:02: [basecommands.smx] "Console<0><Console><Console>" changed cvar (cvar "sv_maxunlag") (value "0.35")
L 09/12/2026 - 19:53:02: [basecommands.smx] "Console<0><Console><Console>" changed cvar (cvar "sv_minupdaterate") (value "100")
L 09/12/2026 - 19:53:02: [basecommands.smx] "Console<0><Console><Console>" changed cvar (cvar "sv_maxupdaterate") (value "100")
L 09/12/2026 - 19:53:02: [basecommands.smx] "Console<0><Console><Console>" changed cvar (cvar "sv_mincmdrate") (value "100")
L 09/12/2026 - 19:53:02: [basecommands.smx] "Console<0><Console><Console>" changed cvar (cvar "sv_maxcmdrate") (value "100")
L 09/12/2026 - 19:53:02: [basecommands.smx] "Console<0><Console><Console>" changed cvar (cvar "sv_client_min_interp_ratio") (value "0")
L 09/12/2026 - 19:53:02: [basecommands.smx] "Console<0><Console><Console>" changed cvar (cvar "sv_client_max_interp_ratio") (value "0")
L 09/12/2026 - 19:53:02: [basecommands.smx] "Console<0><Console><Console>" changed cvar (cvar "sv_minrate") (value "100000")
L 09/12/2026 - 19:53:02: [basecommands.smx] "Console<0><Console><Console>" changed cvar (cvar "sv_maxrate") (value "100000")
L 09/12/2026 - 19:53:02: [basecommands.smx] "Console<0><Console><Console>" changed cvar (cvar "net_splitpacket_maxrate") (value "100000")
L 09/12/2026 - 19:53:02: [basecommands.smx] "Console<0><Console><Console>" changed cvar (cvar "net_maxcleartime") (value "0.0001")
L 09/12/2026 - 19:53:02: [basecommands.smx] "Console<0><Console><Console>" changed cvar (cvar "sv_clockcorrection_msecs") (value "20")
L 09/12/2026 - 19:53:02: [basecommands.smx] "Console<0><Console><Console>" changed cvar (cvar "sv_unlag_fixstuck") (value "1")
L 09/12/2026 - 19:53:02: [basecommands.smx] "Console<0><Console><Console>" changed cvar (cvar "sv_forcepreload") (value "1")
L 09/12/2026 - 19:53:02: [basecommands.smx] "Console<0><Console><Console>" changed cvar (cvar "fps_max") (value "0")
L 09/12/2026 - 19:53:02: [basecommands.smx] "Console<0><Console><Console>" changed cvar (cvar "nb_update_frequency") (value "0.01")
L 09/12/2026 - 19:53:02: [basecommands.smx] "Console<0><Console><Console>" changed cvar (cvar "nb_update_maxslide") (value "1")
L 09/12/2026 - 19:53:02: [basecommands.smx] "Console<0><Console><Console>" changed cvar (cvar "nb_update_framelimit") (value "5")
L 09/12/2026 - 19:53:02: [basecommands.smx] "Console<0><Console><Console>" changed cvar (cvar "sv_max_queries_sec_global") (value "20")
L 09/12/2026 - 19:53:02: [basecommands.smx] "Console<0><Console><Console>" changed cvar (cvar "sv_max_queries_sec") (value "3")
L 09/12/2026 - 19:53:02: [basecommands.smx] "Console<0><Console><Console>" changed cvar (cvar "sv_max_queries_window") (value "10")
L 09/12/2026 - 19:53:03: [fixes/firebulletsfix.smx] Found offset for Weapon_ShootPosition 286
L 09/12/2026 - 19:53:06: [SM] Changed map to "c2m1_highway"
L 09/12/2026 - 19:53:07: -------- Mapchange to c2m1_highway --------
L 09/12/2026 - 19:53:08: [basecommands.smx] "Console<0><Console><Console>" changed cvar (cvar "confogl_match_execcfg_plugins") (value "generalfixes.cfg;confogl_plugins.cfg;sharedplugins.cfg")
L 09/12/2026 - 19:53:08: [basecommands.smx] "Console<0><Console><Console>" changed cvar (cvar "l4d2_addons_eclipse") (value "0")
L 09/12/2026 - 19:53:08: [basecommands.smx] "Console<0><Console><Console>" changed cvar (cvar "tick_door_speed") (value "1.3")
L 09/12/2026 - 19:53:08: [basecommands.smx] "Console<0><Console><Console>" changed cvar (cvar "mv_maxplayers") (value "30")
L 09/12/2026 - 19:53:08: [basecommands.smx] "Console<0><Console><Console>" changed cvar (cvar "sv_allow_wait_command") (value "0")
L 09/12/2026 - 19:53:08: [basecommands.smx] "Console<0><Console><Console>" changed cvar (cvar "sv_maxunlag") (value "0.35")
L 09/12/2026 - 19:53:08: [basecommands.smx] "Console<0><Console><Console>" changed cvar (cvar "sv_minupdaterate") (value "100")
L 09/12/2026 - 19:53:08: [basecommands.smx] "Console<0><Console><Console>" changed cvar (cvar "sv_maxupdaterate") (value "100")
L 09/12/2026 - 19:53:08: [basecommands.smx] "Console<0><Console><Console>" changed cvar (cvar "sv_mincmdrate") (value "100")
L 09/12/2026 - 19:53:08: [basecommands.smx] "Console<0><Console><Console>" changed cvar (cvar "sv_maxcmdrate") (value "100")
L 09/12/2026 - 19:53:08: [basecommands.smx] "Console<0><Console><Console>" changed cvar (cvar "sv_client_min_interp_ratio") (value "0")
L 09/12/2026 - 19:53:08: [basecommands.smx] "Console<0><Console><Console>" changed cvar (cvar "sv_client_max_interp_ratio") (value "0")
L 09/12/2026 - 19:53:08: [basecommands.smx] "Console<0><Console><Console>" changed cvar (cvar "sv_minrate") (value "100000")
L 09/12/2026 - 19:53:08: [basecommands.smx] "Console<0><Console><Console>" changed cvar (cvar "sv_maxrate") (value "100000")
L 09/12/2026 - 19:53:08: [basecommands.smx] "Console<0><Console><Console>" changed cvar (cvar "net_splitpacket_maxrate") (value "100000")
L 09/12/2026 - 19:53:08: [basecommands.smx] "Console<0><Console><Console>" changed cvar (cvar "net_maxcleartime") (value "0.0001")
L 09/12/2026 - 19:53:08: [basecommands.smx] "Console<0><Console><Console>" changed cvar (cvar "sv_clockcorrection_msecs") (value "20")
L 09/12/2026 - 19:53:08: [basecommands.smx] "Console<0><Console><Console>" changed cvar (cvar "sv_unlag_fixstuck") (value "1")
L 09/12/2026 - 19:53:08: [basecommands.smx] "Console<0><Console><Console>" changed cvar (cvar "sv_forcepreload") (value "1")
L 09/12/2026 - 19:53:08: [basecommands.smx] "Console<0><Console><Console>" changed cvar (cvar "fps_max") (value "0")
L 09/12/2026 - 19:53:08: [basecommands.smx] "Console<0><Console><Console>" changed cvar (cvar "nb_update_frequency") (value "0.01")
L 09/12/2026 - 19:53:08: [basecommands.smx] "Console<0><Console><Console>" changed cvar (cvar "nb_update_maxslide") (value "1")
L 09/12/2026 - 19:53:08: [basecommands.smx] "Console<0><Console><Console>" changed cvar (cvar "nb_update_framelimit") (value "5")
L 09/12/2026 - 19:53:08: [basecommands.smx] "Console<0><Console><Console>" changed cvar (cvar "sv_max_queries_sec_global") (value "20")
L 09/12/2026 - 19:53:08: [basecommands.smx] "Console<0><Console><Console>" changed cvar (cvar "sv_max_queries_sec") (value "3")
L 09/12/2026 - 19:53:08: [basecommands.smx] "Console<0><Console><Console>" changed cvar (cvar "sv_max_queries_window") (value "10")
L 09/12/2026 - 19:53:09: [optional/l4d2_saferoom_item_remove.smx] Removed 0 saferoom item(s) (start: 0; end: 0).
L 09/12/2026 - 19:53:43: SourceMod log file session started (file "/home/kaine/Steam/steamapps/common/ZonemodVersus/left4dead2/addons/sourcemod/logs/L20260912.log") (Version "1.12.0.7253")
L 09/12/2026 - 19:53:43: [fixes/firebulletsfix.smx] Found offset for Weapon_ShootPosition 286
L 09/12/2026 - 19:53:43: [l4d2_item_hint.smx] 
==========
Warning: You should install "[L4D & L4D2] Use Priority Patch" to fix attached models blocking +USE action (item hint): https://forums.alliedmods.net/showthread.php?t=327511
==========

L 09/12/2026 - 19:53:45: [basecommands.smx] "Console<0><Console><Console>" changed cvar (cvar "confogl_match_execcfg_plugins") (value "generalfixes.cfg;confogl_plugins.cfg;sharedplugins.cfg")
L 09/12/2026 - 19:53:45: [basecommands.smx] "Console<0><Console><Console>" changed cvar (cvar "l4d2_addons_eclipse") (value "0")
L 09/12/2026 - 19:53:45: [basecommands.smx] "Console<0><Console><Console>" changed cvar (cvar "tick_door_speed") (value "1.3")
L 09/12/2026 - 19:53:45: [basecommands.smx] "Console<0><Console><Console>" changed cvar (cvar "mv_maxplayers") (value "30")
L 09/12/2026 - 19:53:45: [basecommands.smx] "Console<0><Console><Console>" changed cvar (cvar "sv_allow_wait_command") (value "0")
L 09/12/2026 - 19:53:45: [basecommands.smx] "Console<0><Console><Console>" changed cvar (cvar "sv_maxunlag") (value "0.35")
L 09/12/2026 - 19:53:45: [basecommands.smx] "Console<0><Console><Console>" changed cvar (cvar "sv_minupdaterate") (value "100")
L 09/12/2026 - 19:53:45: [basecommands.smx] "Console<0><Console><Console>" changed cvar (cvar "sv_maxupdaterate") (value "100")
L 09/12/2026 - 19:53:45: [basecommands.smx] "Console<0><Console><Console>" changed cvar (cvar "sv_mincmdrate") (value "100")
L 09/12/2026 - 19:53:45: [basecommands.smx] "Console<0><Console><Console>" changed cvar (cvar "sv_maxcmdrate") (value "100")
L 09/12/2026 - 19:53:45: [basecommands.smx] "Console<0><Console><Console>" changed cvar (cvar "sv_client_min_interp_ratio") (value "0")
L 09/12/2026 - 19:53:45: [basecommands.smx] "Console<0><Console><Console>" changed cvar (cvar "sv_client_max_interp_ratio") (value "0")
L 09/12/2026 - 19:53:45: [basecommands.smx] "Console<0><Console><Console>" changed cvar (cvar "sv_minrate") (value "100000")
L 09/12/2026 - 19:53:45: [basecommands.smx] "Console<0><Console><Console>" changed cvar (cvar "sv_maxrate") (value "100000")
L 09/12/2026 - 19:53:45: [basecommands.smx] "Console<0><Console><Console>" changed cvar (cvar "net_splitpacket_maxrate") (value "100000")
L 09/12/2026 - 19:53:45: [basecommands.smx] "Console<0><Console><Console>" changed cvar (cvar "net_maxcleartime") (value "0.0001")
L 09/12/2026 - 19:53:45: [basecommands.smx] "Console<0><Console><Console>" changed cvar (cvar "sv_clockcorrection_msecs") (value "20")
L 09/12/2026 - 19:53:45: [basecommands.smx] "Console<0><Console><Console>" changed cvar (cvar "sv_unlag_fixstuck") (value "1")
L 09/12/2026 - 19:53:45: [basecommands.smx] "Console<0><Console><Console>" changed cvar (cvar "sv_forcepreload") (value "1")
L 09/12/2026 - 19:53:45: [basecommands.smx] "Console<0><Console><Console>" changed cvar (cvar "fps_max") (value "0")
L 09/12/2026 - 19:53:45: [basecommands.smx] "Console<0><Console><Console>" changed cvar (cvar "nb_update_frequency") (value "0.01")
L 09/12/2026 - 19:53:45: [basecommands.smx] "Console<0><Console><Console>" changed cvar (cvar "nb_update_maxslide") (value "1")
L 09/12/2026 - 19:53:45: [basecommands.smx] "Console<0><Console><Console>" changed cvar (cvar "nb_update_framelimit") (value "5")
L 09/12/2026 - 19:53:45: [basecommands.smx] "Console<0><Console><Console>" changed cvar (cvar "sv_max_queries_sec_global") (value "20")
L 09/12/2026 - 19:53:45: [basecommands.smx] "Console<0><Console><Console>" changed cvar (cvar "sv_max_queries_sec") (value "3")
L 09/12/2026 - 19:53:45: [basecommands.smx] "Console<0><Console><Console>" changed cvar (cvar "sv_max_queries_window") (value "10")
L 09/12/2026 - 19:53:45: [fixes/firebulletsfix.smx] Found offset for Weapon_ShootPosition 286
L 09/12/2026 - 19:53:49: [SM] Changed map to "c2m1_highway"
L 09/12/2026 - 19:53:49: -------- Mapchange to c2m1_highway --------
L 09/12/2026 - 19:53:50: [basecommands.smx] "Console<0><Console><Console>" changed cvar (cvar "confogl_match_execcfg_plugins") (value "generalfixes.cfg;confogl_plugins.cfg;sharedplugins.cfg")
L 09/12/2026 - 19:53:50: [basecommands.smx] "Console<0><Console><Console>" changed cvar (cvar "l4d2_addons_eclipse") (value "0")
L 09/12/2026 - 19:53:50: [basecommands.smx] "Console<0><Console><Console>" changed cvar (cvar "tick_door_speed") (value "1.3")
L 09/12/2026 - 19:53:50: [basecommands.smx] "Console<0><Console><Console>" changed cvar (cvar "mv_maxplayers") (value "30")
L 09/12/2026 - 19:53:50: [basecommands.smx] "Console<0><Console><Console>" changed cvar (cvar "sv_allow_wait_command") (value "0")
L 09/12/2026 - 19:53:50: [basecommands.smx] "Console<0><Console><Console>" changed cvar (cvar "sv_maxunlag") (value "0.35")
L 09/12/2026 - 19:53:50: [basecommands.smx] "Console<0><Console><Console>" changed cvar (cvar "sv_minupdaterate") (value "100")
L 09/12/2026 - 19:53:50: [basecommands.smx] "Console<0><Console><Console>" changed cvar (cvar "sv_maxupdaterate") (value "100")
L 09/12/2026 - 19:53:50: [basecommands.smx] "Console<0><Console><Console>" changed cvar (cvar "sv_mincmdrate") (value "100")
L 09/12/2026 - 19:53:50: [basecommands.smx] "Console<0><Console><Console>" changed cvar (cvar "sv_maxcmdrate") (value "100")
L 09/12/2026 - 19:53:50: [basecommands.smx] "Console<0><Console><Console>" changed cvar (cvar "sv_client_min_interp_ratio") (value "0")
L 09/12/2026 - 19:53:50: [basecommands.smx] "Console<0><Console><Console>" changed cvar (cvar "sv_client_max_interp_ratio") (value "0")
L 09/12/2026 - 19:53:50: [basecommands.smx] "Console<0><Console><Console>" changed cvar (cvar "sv_minrate") (value "100000")
L 09/12/2026 - 19:53:50: [basecommands.smx] "Console<0><Console><Console>" changed cvar (cvar "sv_maxrate") (value "100000")
L 09/12/2026 - 19:53:50: [basecommands.smx] "Console<0><Console><Console>" changed cvar (cvar "net_splitpacket_maxrate") (value "100000")
L 09/12/2026 - 19:53:50: [basecommands.smx] "Console<0><Console><Console>" changed cvar (cvar "net_maxcleartime") (value "0.0001")
L 09/12/2026 - 19:53:50: [basecommands.smx] "Console<0><Console><Console>" changed cvar (cvar "sv_clockcorrection_msecs") (value "20")
L 09/12/2026 - 19:53:50: [basecommands.smx] "Console<0><Console><Console>" changed cvar (cvar "sv_unlag_fixstuck") (value "1")
L 09/12/2026 - 19:53:50: [basecommands.smx] "Console<0><Console><Console>" changed cvar (cvar "sv_forcepreload") (value "1")
L 09/12/2026 - 19:53:50: [basecommands.smx] "Console<0><Console><Console>" changed cvar (cvar "fps_max") (value "0")
L 09/12/2026 - 19:53:50: [basecommands.smx] "Console<0><Console><Console>" changed cvar (cvar "nb_update_frequency") (value "0.01")
L 09/12/2026 - 19:53:50: [basecommands.smx] "Console<0><Console><Console>" changed cvar (cvar "nb_update_maxslide") (value "1")
L 09/12/2026 - 19:53:50: [basecommands.smx] "Console<0><Console><Console>" changed cvar (cvar "nb_update_framelimit") (value "5")
L 09/12/2026 - 19:53:50: [basecommands.smx] "Console<0><Console><Console>" changed cvar (cvar "sv_max_queries_sec_global") (value "20")
L 09/12/2026 - 19:53:50: [basecommands.smx] "Console<0><Console><Console>" changed cvar (cvar "sv_max_queries_sec") (value "3")
L 09/12/2026 - 19:53:50: [basecommands.smx] "Console<0><Console><Console>" changed cvar (cvar "sv_max_queries_window") (value "10")
L 09/12/2026 - 19:53:51: [optional/l4d2_saferoom_item_remove.smx] Removed 0 saferoom item(s) (start: 0; end: 0).
L 09/12/2026 - 20:00:05: SourceMod log file session started (file "/home/kaine/Steam/steamapps/common/ZonemodVersus/left4dead2/addons/sourcemod/logs/L20260912.log") (Version "1.12.0.7253")
L 09/12/2026 - 20:00:05: [fixes/firebulletsfix.smx] Found offset for Weapon_ShootPosition 286
L 09/12/2026 - 20:00:05: [l4d2_item_hint.smx] 
==========
Warning: You should install "[L4D & L4D2] Use Priority Patch" to fix attached models blocking +USE action (item hint): https://forums.alliedmods.net/showthread.php?t=327511
==========

L 09/12/2026 - 20:00:07: [basecommands.smx] "Console<0><Console><Console>" changed cvar (cvar "confogl_match_execcfg_plugins") (value "generalfixes.cfg;confogl_plugins.cfg;sharedplugins.cfg")
L 09/12/2026 - 20:00:07: [basecommands.smx] "Console<0><Console><Console>" changed cvar (cvar "l4d2_addons_eclipse") (value "0")
L 09/12/2026 - 20:00:07: [basecommands.smx] "Console<0><Console><Console>" changed cvar (cvar "tick_door_speed") (value "1.3")
L 09/12/2026 - 20:00:07: [basecommands.smx] "Console<0><Console><Console>" changed cvar (cvar "mv_maxplayers") (value "30")
L 09/12/2026 - 20:00:07: [basecommands.smx] "Console<0><Console><Console>" changed cvar (cvar "sv_allow_wait_command") (value "0")
L 09/12/2026 - 20:00:07: [basecommands.smx] "Console<0><Console><Console>" changed cvar (cvar "sv_maxunlag") (value "0.35")
L 09/12/2026 - 20:00:07: [basecommands.smx] "Console<0><Console><Console>" changed cvar (cvar "sv_minupdaterate") (value "100")
L 09/12/2026 - 20:00:07: [basecommands.smx] "Console<0><Console><Console>" changed cvar (cvar "sv_maxupdaterate") (value "100")
L 09/12/2026 - 20:00:07: [basecommands.smx] "Console<0><Console><Console>" changed cvar (cvar "sv_mincmdrate") (value "100")
L 09/12/2026 - 20:00:07: [basecommands.smx] "Console<0><Console><Console>" changed cvar (cvar "sv_maxcmdrate") (value "100")
L 09/12/2026 - 20:00:07: [basecommands.smx] "Console<0><Console><Console>" changed cvar (cvar "sv_client_min_interp_ratio") (value "0")
L 09/12/2026 - 20:00:07: [basecommands.smx] "Console<0><Console><Console>" changed cvar (cvar "sv_client_max_interp_ratio") (value "0")
L 09/12/2026 - 20:00:07: [basecommands.smx] "Console<0><Console><Console>" changed cvar (cvar "sv_minrate") (value "100000")
L 09/12/2026 - 20:00:07: [basecommands.smx] "Console<0><Console><Console>" changed cvar (cvar "sv_maxrate") (value "100000")
L 09/12/2026 - 20:00:07: [basecommands.smx] "Console<0><Console><Console>" changed cvar (cvar "net_splitpacket_maxrate") (value "100000")
L 09/12/2026 - 20:00:07: [basecommands.smx] "Console<0><Console><Console>" changed cvar (cvar "net_maxcleartime") (value "0.0001")
L 09/12/2026 - 20:00:07: [basecommands.smx] "Console<0><Console><Console>" changed cvar (cvar "sv_clockcorrection_msecs") (value "20")
L 09/12/2026 - 20:00:07: [basecommands.smx] "Console<0><Console><Console>" changed cvar (cvar "sv_unlag_fixstuck") (value "1")
L 09/12/2026 - 20:00:07: [basecommands.smx] "Console<0><Console><Console>" changed cvar (cvar "sv_forcepreload") (value "1")
L 09/12/2026 - 20:00:07: [basecommands.smx] "Console<0><Console><Console>" changed cvar (cvar "fps_max") (value "0")
L 09/12/2026 - 20:00:07: [basecommands.smx] "Console<0><Console><Console>" changed cvar (cvar "nb_update_frequency") (value "0.01")
L 09/12/2026 - 20:00:07: [basecommands.smx] "Console<0><Console><Console>" changed cvar (cvar "nb_update_maxslide") (value "1")
L 09/12/2026 - 20:00:07: [basecommands.smx] "Console<0><Console><Console>" changed cvar (cvar "nb_update_framelimit") (value "5")
L 09/12/2026 - 20:00:07: [basecommands.smx] "Console<0><Console><Console>" changed cvar (cvar "sv_max_queries_sec_global") (value "20")
L 09/12/2026 - 20:00:07: [basecommands.smx] "Console<0><Console><Console>" changed cvar (cvar "sv_max_queries_sec") (value "3")
L 09/12/2026 - 20:00:07: [basecommands.smx] "Console<0><Console><Console>" changed cvar (cvar "sv_max_queries_window") (value "10")
L 09/12/2026 - 20:00:07: [fixes/firebulletsfix.smx] Found offset for Weapon_ShootPosition 286
L 09/12/2026 - 20:00:11: [SM] Changed map to "c2m1_highway"
L 09/12/2026 - 20:00:11: -------- Mapchange to c2m1_highway --------
L 09/12/2026 - 20:00:12: [basecommands.smx] "Console<0><Console><Console>" changed cvar (cvar "confogl_match_execcfg_plugins") (value "generalfixes.cfg;confogl_plugins.cfg;sharedplugins.cfg")
L 09/12/2026 - 20:00:12: [basecommands.smx] "Console<0><Console><Console>" changed cvar (cvar "l4d2_addons_eclipse") (value "0")
L 09/12/2026 - 20:00:12: [basecommands.smx] "Console<0><Console><Console>" changed cvar (cvar "tick_door_speed") (value "1.3")
L 09/12/2026 - 20:00:12: [basecommands.smx] "Console<0><Console><Console>" changed cvar (cvar "mv_maxplayers") (value "30")
L 09/12/2026 - 20:00:12: [basecommands.smx] "Console<0><Console><Console>" changed cvar (cvar "sv_allow_wait_command") (value "0")
L 09/12/2026 - 20:00:12: [basecommands.smx] "Console<0><Console><Console>" changed cvar (cvar "sv_maxunlag") (value "0.35")
L 09/12/2026 - 20:00:12: [basecommands.smx] "Console<0><Console><Console>" changed cvar (cvar "sv_minupdaterate") (value "100")
L 09/12/2026 - 20:00:12: [basecommands.smx] "Console<0><Console><Console>" changed cvar (cvar "sv_maxupdaterate") (value "100")
L 09/12/2026 - 20:00:12: [basecommands.smx] "Console<0><Console><Console>" changed cvar (cvar "sv_mincmdrate") (value "100")
L 09/12/2026 - 20:00:12: [basecommands.smx] "Console<0><Console><Console>" changed cvar (cvar "sv_maxcmdrate") (value "100")
L 09/12/2026 - 20:00:12: [basecommands.smx] "Console<0><Console><Console>" changed cvar (cvar "sv_client_min_interp_ratio") (value "0")
L 09/12/2026 - 20:00:12: [basecommands.smx] "Console<0><Console><Console>" changed cvar (cvar "sv_client_max_interp_ratio") (value "0")
L 09/12/2026 - 20:00:12: [basecommands.smx] "Console<0><Console><Console>" changed cvar (cvar "sv_minrate") (value "100000")
L 09/12/2026 - 20:00:12: [basecommands.smx] "Console<0><Console><Console>" changed cvar (cvar "sv_maxrate") (value "100000")
L 09/12/2026 - 20:00:12: [basecommands.smx] "Console<0><Console><Console>" changed cvar (cvar "net_splitpacket_maxrate") (value "100000")
L 09/12/2026 - 20:00:12: [basecommands.smx] "Console<0><Console><Console>" changed cvar (cvar "net_maxcleartime") (value "0.0001")
L 09/12/2026 - 20:00:12: [basecommands.smx] "Console<0><Console><Console>" changed cvar (cvar "sv_clockcorrection_msecs") (value "20")
L 09/12/2026 - 20:00:12: [basecommands.smx] "Console<0><Console><Console>" changed cvar (cvar "sv_unlag_fixstuck") (value "1")
L 09/12/2026 - 20:00:12: [basecommands.smx] "Console<0><Console><Console>" changed cvar (cvar "sv_forcepreload") (value "1")
L 09/12/2026 - 20:00:12: [basecommands.smx] "Console<0><Console><Console>" changed cvar (cvar "fps_max") (value "0")
L 09/12/2026 - 20:00:12: [basecommands.smx] "Console<0><Console><Console>" changed cvar (cvar "nb_update_frequency") (value "0.01")
L 09/12/2026 - 20:00:12: [basecommands.smx] "Console<0><Console><Console>" changed cvar (cvar "nb_update_maxslide") (value "1")
L 09/12/2026 - 20:00:12: [basecommands.smx] "Console<0><Console><Console>" changed cvar (cvar "nb_update_framelimit") (value "5")
L 09/12/2026 - 20:00:12: [basecommands.smx] "Console<0><Console><Console>" changed cvar (cvar "sv_max_queries_sec_global") (value "20")
L 09/12/2026 - 20:00:12: [basecommands.smx] "Console<0><Console><Console>" changed cvar (cvar "sv_max_queries_sec") (value "3")
L 09/12/2026 - 20:00:12: [basecommands.smx] "Console<0><Console><Console>" changed cvar (cvar "sv_max_queries_window") (value "10")
L 09/12/2026 - 20:00:13: [optional/l4d2_saferoom_item_remove.smx] Removed 0 saferoom item(s) (start: 0; end: 0).
L 09/12/2026 - 20:03:09: SourceMod log file session started (file "/home/kaine/Steam/steamapps/common/ZonemodVersus/left4dead2/addons/sourcemod/logs/L20260912.log") (Version "1.12.0.7253")
L 09/12/2026 - 20:03:09: [fixes/firebulletsfix.smx] Found offset for Weapon_ShootPosition 286
L 09/12/2026 - 20:03:10: [l4d2_item_hint.smx] 
==========
Warning: You should install "[L4D & L4D2] Use Priority Patch" to fix attached models blocking +USE action (item hint): https://forums.alliedmods.net/showthread.php?t=327511
==========

L 09/12/2026 - 20:03:11: [basecommands.smx] "Console<0><Console><Console>" changed cvar (cvar "confogl_match_execcfg_plugins") (value "generalfixes.cfg;confogl_plugins.cfg;sharedplugins.cfg")
L 09/12/2026 - 20:03:11: [basecommands.smx] "Console<0><Console><Console>" changed cvar (cvar "l4d2_addons_eclipse") (value "0")
L 09/12/2026 - 20:03:11: [basecommands.smx] "Console<0><Console><Console>" changed cvar (cvar "tick_door_speed") (value "1.3")
L 09/12/2026 - 20:03:11: [basecommands.smx] "Console<0><Console><Console>" changed cvar (cvar "mv_maxplayers") (value "30")
L 09/12/2026 - 20:03:11: [basecommands.smx] "Console<0><Console><Console>" changed cvar (cvar "sv_allow_wait_command") (value "0")
L 09/12/2026 - 20:03:11: [basecommands.smx] "Console<0><Console><Console>" changed cvar (cvar "sv_maxunlag") (value "0.35")
L 09/12/2026 - 20:03:11: [basecommands.smx] "Console<0><Console><Console>" changed cvar (cvar "sv_minupdaterate") (value "100")
L 09/12/2026 - 20:03:11: [basecommands.smx] "Console<0><Console><Console>" changed cvar (cvar "sv_maxupdaterate") (value "100")
L 09/12/2026 - 20:03:11: [basecommands.smx] "Console<0><Console><Console>" changed cvar (cvar "sv_mincmdrate") (value "100")
L 09/12/2026 - 20:03:11: [basecommands.smx] "Console<0><Console><Console>" changed cvar (cvar "sv_maxcmdrate") (value "100")
L 09/12/2026 - 20:03:11: [basecommands.smx] "Console<0><Console><Console>" changed cvar (cvar "sv_client_min_interp_ratio") (value "0")
L 09/12/2026 - 20:03:11: [basecommands.smx] "Console<0><Console><Console>" changed cvar (cvar "sv_client_max_interp_ratio") (value "0")
L 09/12/2026 - 20:03:11: [basecommands.smx] "Console<0><Console><Console>" changed cvar (cvar "sv_minrate") (value "100000")
L 09/12/2026 - 20:03:11: [basecommands.smx] "Console<0><Console><Console>" changed cvar (cvar "sv_maxrate") (value "100000")
L 09/12/2026 - 20:03:11: [basecommands.smx] "Console<0><Console><Console>" changed cvar (cvar "net_splitpacket_maxrate") (value "100000")
L 09/12/2026 - 20:03:11: [basecommands.smx] "Console<0><Console><Console>" changed cvar (cvar "net_maxcleartime") (value "0.0001")
L 09/12/2026 - 20:03:11: [basecommands.smx] "Console<0><Console><Console>" changed cvar (cvar "sv_clockcorrection_msecs") (value "20")
L 09/12/2026 - 20:03:11: [basecommands.smx] "Console<0><Console><Console>" changed cvar (cvar "sv_unlag_fixstuck") (value "1")
L 09/12/2026 - 20:03:11: [basecommands.smx] "Console<0><Console><Console>" changed cvar (cvar "sv_forcepreload") (value "1")
L 09/12/2026 - 20:03:11: [basecommands.smx] "Console<0><Console><Console>" changed cvar (cvar "fps_max") (value "0")
L 09/12/2026 - 20:03:11: [basecommands.smx] "Console<0><Console><Console>" changed cvar (cvar "nb_update_frequency") (value "0.01")
L 09/12/2026 - 20:03:11: [basecommands.smx] "Console<0><Console><Console>" changed cvar (cvar "nb_update_maxslide") (value "1")
L 09/12/2026 - 20:03:11: [basecommands.smx] "Console<0><Console><Console>" changed cvar (cvar "nb_update_framelimit") (value "5")
L 09/12/2026 - 20:03:11: [basecommands.smx] "Console<0><Console><Console>" changed cvar (cvar "sv_max_queries_sec_global") (value "20")
L 09/12/2026 - 20:03:11: [basecommands.smx] "Console<0><Console><Console>" changed cvar (cvar "sv_max_queries_sec") (value "3")
L 09/12/2026 - 20:03:11: [basecommands.smx] "Console<0><Console><Console>" changed cvar (cvar "sv_max_queries_window") (value "10")
L 09/12/2026 - 20:03:12: [fixes/firebulletsfix.smx] Found offset for Weapon_ShootPosition 286
L 09/12/2026 - 20:03:15: [SM] Changed map to "c2m1_highway"
L 09/12/2026 - 20:03:16: -------- Mapchange to c2m1_highway --------
L 09/12/2026 - 20:03:17: [basecommands.smx] "Console<0><Console><Console>" changed cvar (cvar "confogl_match_execcfg_plugins") (value "generalfixes.cfg;confogl_plugins.cfg;sharedplugins.cfg")
L 09/12/2026 - 20:03:17: [basecommands.smx] "Console<0><Console><Console>" changed cvar (cvar "l4d2_addons_eclipse") (value "0")
L 09/12/2026 - 20:03:17: [basecommands.smx] "Console<0><Console><Console>" changed cvar (cvar "tick_door_speed") (value "1.3")
L 09/12/2026 - 20:03:17: [basecommands.smx] "Console<0><Console><Console>" changed cvar (cvar "mv_maxplayers") (value "30")
L 09/12/2026 - 20:03:17: [basecommands.smx] "Console<0><Console><Console>" changed cvar (cvar "sv_allow_wait_command") (value "0")
L 09/12/2026 - 20:03:17: [basecommands.smx] "Console<0><Console><Console>" changed cvar (cvar "sv_maxunlag") (value "0.35")
L 09/12/2026 - 20:03:17: [basecommands.smx] "Console<0><Console><Console>" changed cvar (cvar "sv_minupdaterate") (value "100")
L 09/12/2026 - 20:03:17: [basecommands.smx] "Console<0><Console><Console>" changed cvar (cvar "sv_maxupdaterate") (value "100")
L 09/12/2026 - 20:03:17: [basecommands.smx] "Console<0><Console><Console>" changed cvar (cvar "sv_mincmdrate") (value "100")
L 09/12/2026 - 20:03:17: [basecommands.smx] "Console<0><Console><Console>" changed cvar (cvar "sv_maxcmdrate") (value "100")
L 09/12/2026 - 20:03:17: [basecommands.smx] "Console<0><Console><Console>" changed cvar (cvar "sv_client_min_interp_ratio") (value "0")
L 09/12/2026 - 20:03:17: [basecommands.smx] "Console<0><Console><Console>" changed cvar (cvar "sv_client_max_interp_ratio") (value "0")
L 09/12/2026 - 20:03:17: [basecommands.smx] "Console<0><Console><Console>" changed cvar (cvar "sv_minrate") (value "100000")
L 09/12/2026 - 20:03:17: [basecommands.smx] "Console<0><Console><Console>" changed cvar (cvar "sv_maxrate") (value "100000")
L 09/12/2026 - 20:03:17: [basecommands.smx] "Console<0><Console><Console>" changed cvar (cvar "net_splitpacket_maxrate") (value "100000")
L 09/12/2026 - 20:03:17: [basecommands.smx] "Console<0><Console><Console>" changed cvar (cvar "net_maxcleartime") (value "0.0001")
L 09/12/2026 - 20:03:17: [basecommands.smx] "Console<0><Console><Console>" changed cvar (cvar "sv_clockcorrection_msecs") (value "20")
L 09/12/2026 - 20:03:17: [basecommands.smx] "Console<0><Console><Console>" changed cvar (cvar "sv_unlag_fixstuck") (value "1")
L 09/12/2026 - 20:03:17: [basecommands.smx] "Console<0><Console><Console>" changed cvar (cvar "sv_forcepreload") (value "1")
L 09/12/2026 - 20:03:17: [basecommands.smx] "Console<0><Console><Console>" changed cvar (cvar "fps_max") (value "0")
L 09/12/2026 - 20:03:17: [basecommands.smx] "Console<0><Console><Console>" changed cvar (cvar "nb_update_frequency") (value "0.01")
L 09/12/2026 - 20:03:17: [basecommands.smx] "Console<0><Console><Console>" changed cvar (cvar "nb_update_maxslide") (value "1")
L 09/12/2026 - 20:03:17: [basecommands.smx] "Console<0><Console><Console>" changed cvar (cvar "nb_update_framelimit") (value "5")
L 09/12/2026 - 20:03:17: [basecommands.smx] "Console<0><Console><Console>" changed cvar (cvar "sv_max_queries_sec_global") (value "20")
L 09/12/2026 - 20:03:17: [basecommands.smx] "Console<0><Console><Console>" changed cvar (cvar "sv_max_queries_sec") (value "3")
L 09/12/2026 - 20:03:17: [basecommands.smx] "Console<0><Console><Console>" changed cvar (cvar "sv_max_queries_window") (value "10")
L 09/12/2026 - 20:03:18: [optional/l4d2_saferoom_item_remove.smx] Removed 0 saferoom item(s) (start: 0; end: 0).
L 09/12/2026 - 20:16:43: SourceMod log file session started (file "/home/kaine/Steam/steamapps/common/ZonemodVersus/left4dead2/addons/sourcemod/logs/L20260912.log") (Version "1.12.0.7253")
L 09/12/2026 - 20:16:43: [fixes/firebulletsfix.smx] Found offset for Weapon_ShootPosition 286
L 09/12/2026 - 20:16:44: [l4d2_item_hint.smx] 
==========
Warning: You should install "[L4D & L4D2] Use Priority Patch" to fix attached models blocking +USE action (item hint): https://forums.alliedmods.net/showthread.php?t=327511
==========

L 09/12/2026 - 20:16:45: [basecommands.smx] "Console<0><Console><Console>" changed cvar (cvar "confogl_match_execcfg_plugins") (value "generalfixes.cfg;confogl_plugins.cfg;sharedplugins.cfg")
L 09/12/2026 - 20:16:45: [basecommands.smx] "Console<0><Console><Console>" changed cvar (cvar "l4d2_addons_eclipse") (value "0")
L 09/12/2026 - 20:16:45: [basecommands.smx] "Console<0><Console><Console>" changed cvar (cvar "tick_door_speed") (value "1.3")
L 09/12/2026 - 20:16:45: [basecommands.smx] "Console<0><Console><Console>" changed cvar (cvar "mv_maxplayers") (value "30")
L 09/12/2026 - 20:16:45: [basecommands.smx] "Console<0><Console><Console>" changed cvar (cvar "sv_allow_wait_command") (value "0")
L 09/12/2026 - 20:16:45: [basecommands.smx] "Console<0><Console><Console>" changed cvar (cvar "sv_maxunlag") (value "0.35")
L 09/12/2026 - 20:16:45: [basecommands.smx] "Console<0><Console><Console>" changed cvar (cvar "sv_minupdaterate") (value "100")
L 09/12/2026 - 20:16:45: [basecommands.smx] "Console<0><Console><Console>" changed cvar (cvar "sv_maxupdaterate") (value "100")
L 09/12/2026 - 20:16:45: [basecommands.smx] "Console<0><Console><Console>" changed cvar (cvar "sv_mincmdrate") (value "100")
L 09/12/2026 - 20:16:45: [basecommands.smx] "Console<0><Console><Console>" changed cvar (cvar "sv_maxcmdrate") (value "100")
L 09/12/2026 - 20:16:45: [basecommands.smx] "Console<0><Console><Console>" changed cvar (cvar "sv_client_min_interp_ratio") (value "0")
L 09/12/2026 - 20:16:45: [basecommands.smx] "Console<0><Console><Console>" changed cvar (cvar "sv_client_max_interp_ratio") (value "0")
L 09/12/2026 - 20:16:45: [basecommands.smx] "Console<0><Console><Console>" changed cvar (cvar "sv_minrate") (value "100000")
L 09/12/2026 - 20:16:45: [basecommands.smx] "Console<0><Console><Console>" changed cvar (cvar "sv_maxrate") (value "100000")
L 09/12/2026 - 20:16:45: [basecommands.smx] "Console<0><Console><Console>" changed cvar (cvar "net_splitpacket_maxrate") (value "100000")
L 09/12/2026 - 20:16:45: [basecommands.smx] "Console<0><Console><Console>" changed cvar (cvar "net_maxcleartime") (value "0.0001")
L 09/12/2026 - 20:16:45: [basecommands.smx] "Console<0><Console><Console>" changed cvar (cvar "sv_clockcorrection_msecs") (value "20")
L 09/12/2026 - 20:16:45: [basecommands.smx] "Console<0><Console><Console>" changed cvar (cvar "sv_unlag_fixstuck") (value "1")
L 09/12/2026 - 20:16:45: [basecommands.smx] "Console<0><Console><Console>" changed cvar (cvar "sv_forcepreload") (value "1")
L 09/12/2026 - 20:16:45: [basecommands.smx] "Console<0><Console><Console>" changed cvar (cvar "fps_max") (value "0")
L 09/12/2026 - 20:16:45: [basecommands.smx] "Console<0><Console><Console>" changed cvar (cvar "nb_update_frequency") (value "0.01")
L 09/12/2026 - 20:16:45: [basecommands.smx] "Console<0><Console><Console>" changed cvar (cvar "nb_update_maxslide") (value "1")
L 09/12/2026 - 20:16:45: [basecommands.smx] "Console<0><Console><Console>" changed cvar (cvar "nb_update_framelimit") (value "5")
L 09/12/2026 - 20:16:45: [basecommands.smx] "Console<0><Console><Console>" changed cvar (cvar "sv_max_queries_sec_global") (value "20")
L 09/12/2026 - 20:16:45: [basecommands.smx] "Console<0><Console><Console>" changed cvar (cvar "sv_max_queries_sec") (value "3")
L 09/12/2026 - 20:16:45: [basecommands.smx] "Console<0><Console><Console>" changed cvar (cvar "sv_max_queries_window") (value "10")
L 09/12/2026 - 20:16:46: [fixes/firebulletsfix.smx] Found offset for Weapon_ShootPosition 286
L 09/12/2026 - 20:16:46: [l4d2_item_hint.smx] 
==========
Warning: You should install "[L4D & L4D2] Use Priority Patch" to fix attached models blocking +USE action (item hint): https://forums.alliedmods.net/showthread.php?t=327511
==========

L 09/12/2026 - 20:16:46: [GEOIP] GeoIP2 database loaded: GeoLite2-City (2026-09-01 14:36:41 UTC) (/home/kaine/Steam/steamapps/common/ZonemodVersus/left4dead2/addons/sourcemod/configs/geoip/GeoLite2-City.mmdb)
L 09/12/2026 - 20:16:46: [GEOIP] GeoIP2 supported languages: de en es fr ja pt-BR ru zh-CN
L 09/12/2026 - 20:16:49: [SM] Changed map to "c2m1_highway"
L 09/12/2026 - 20:16:50: -------- Mapchange to c2m1_highway --------
L 09/12/2026 - 20:16:51: [basecommands.smx] "Console<0><Console><Console>" changed cvar (cvar "confogl_match_execcfg_plugins") (value "generalfixes.cfg;confogl_plugins.cfg;sharedplugins.cfg")
L 09/12/2026 - 20:16:51: [basecommands.smx] "Console<0><Console><Console>" changed cvar (cvar "l4d2_addons_eclipse") (value "0")
L 09/12/2026 - 20:16:51: [basecommands.smx] "Console<0><Console><Console>" changed cvar (cvar "tick_door_speed") (value "1.3")
L 09/12/2026 - 20:16:51: [basecommands.smx] "Console<0><Console><Console>" changed cvar (cvar "mv_maxplayers") (value "30")
L 09/12/2026 - 20:16:51: [basecommands.smx] "Console<0><Console><Console>" changed cvar (cvar "sv_allow_wait_command") (value "0")
L 09/12/2026 - 20:16:51: [basecommands.smx] "Console<0><Console><Console>" changed cvar (cvar "sv_maxunlag") (value "0.35")
L 09/12/2026 - 20:16:51: [basecommands.smx] "Console<0><Console><Console>" changed cvar (cvar "sv_minupdaterate") (value "100")
L 09/12/2026 - 20:16:51: [basecommands.smx] "Console<0><Console><Console>" changed cvar (cvar "sv_maxupdaterate") (value "100")
L 09/12/2026 - 20:16:51: [basecommands.smx] "Console<0><Console><Console>" changed cvar (cvar "sv_mincmdrate") (value "100")
L 09/12/2026 - 20:16:51: [basecommands.smx] "Console<0><Console><Console>" changed cvar (cvar "sv_maxcmdrate") (value "100")
L 09/12/2026 - 20:16:51: [basecommands.smx] "Console<0><Console><Console>" changed cvar (cvar "sv_client_min_interp_ratio") (value "0")
L 09/12/2026 - 20:16:51: [basecommands.smx] "Console<0><Console><Console>" changed cvar (cvar "sv_client_max_interp_ratio") (value "0")
L 09/12/2026 - 20:16:51: [basecommands.smx] "Console<0><Console><Console>" changed cvar (cvar "sv_minrate") (value "100000")
L 09/12/2026 - 20:16:51: [basecommands.smx] "Console<0><Console><Console>" changed cvar (cvar "sv_maxrate") (value "100000")
L 09/12/2026 - 20:16:51: [basecommands.smx] "Console<0><Console><Console>" changed cvar (cvar "net_splitpacket_maxrate") (value "100000")
L 09/12/2026 - 20:16:51: [basecommands.smx] "Console<0><Console><Console>" changed cvar (cvar "net_maxcleartime") (value "0.0001")
L 09/12/2026 - 20:16:51: [basecommands.smx] "Console<0><Console><Console>" changed cvar (cvar "sv_clockcorrection_msecs") (value "20")
L 09/12/2026 - 20:16:51: [basecommands.smx] "Console<0><Console><Console>" changed cvar (cvar "sv_unlag_fixstuck") (value "1")
L 09/12/2026 - 20:16:51: [basecommands.smx] "Console<0><Console><Console>" changed cvar (cvar "sv_forcepreload") (value "1")
L 09/12/2026 - 20:16:51: [basecommands.smx] "Console<0><Console><Console>" changed cvar (cvar "fps_max") (value "0")
L 09/12/2026 - 20:16:51: [basecommands.smx] "Console<0><Console><Console>" changed cvar (cvar "nb_update_frequency") (value "0.01")
L 09/12/2026 - 20:16:51: [basecommands.smx] "Console<0><Console><Console>" changed cvar (cvar "nb_update_maxslide") (value "1")
L 09/12/2026 - 20:16:51: [basecommands.smx] "Console<0><Console><Console>" changed cvar (cvar "nb_update_framelimit") (value "5")
L 09/12/2026 - 20:16:51: [basecommands.smx] "Console<0><Console><Console>" changed cvar (cvar "sv_max_queries_sec_global") (value "20")
L 09/12/2026 - 20:16:51: [basecommands.smx] "Console<0><Console><Console>" changed cvar (cvar "sv_max_queries_sec") (value "3")
L 09/12/2026 - 20:16:51: [basecommands.smx] "Console<0><Console><Console>" changed cvar (cvar "sv_max_queries_window") (value "10")
L 09/12/2026 - 20:16:52: [optional/l4d2_saferoom_item_remove.smx] Removed 0 saferoom item(s) (start: 0; end: 0).
L 09/12/2026 - 20:17:54: [basecommands.smx] "Console<0><Console><Console>" refreshed the admin cache.
L 09/12/2026 - 20:25:22: SourceMod log file session started (file "/home/kaine/Steam/steamapps/common/ZonemodVersus/left4dead2/addons/sourcemod/logs/L20260912.log") (Version "1.12.0.7253")
L 09/12/2026 - 20:25:22: [fixes/firebulletsfix.smx] Found offset for Weapon_ShootPosition 286
L 09/12/2026 - 20:25:22: [l4d2_item_hint.smx] 
==========
Warning: You should install "[L4D & L4D2] Use Priority Patch" to fix attached models blocking +USE action (item hint): https://forums.alliedmods.net/showthread.php?t=327511
==========

L 09/12/2026 - 20:25:24: [basecommands.smx] "Console<0><Console><Console>" changed cvar (cvar "confogl_match_execcfg_plugins") (value "generalfixes.cfg;confogl_plugins.cfg;sharedplugins.cfg")
L 09/12/2026 - 20:25:24: [basecommands.smx] "Console<0><Console><Console>" changed cvar (cvar "l4d2_addons_eclipse") (value "0")
L 09/12/2026 - 20:25:24: [basecommands.smx] "Console<0><Console><Console>" changed cvar (cvar "tick_door_speed") (value "1.3")
L 09/12/2026 - 20:25:24: [basecommands.smx] "Console<0><Console><Console>" changed cvar (cvar "mv_maxplayers") (value "30")
L 09/12/2026 - 20:25:24: [basecommands.smx] "Console<0><Console><Console>" changed cvar (cvar "sv_allow_wait_command") (value "0")
L 09/12/2026 - 20:25:24: [basecommands.smx] "Console<0><Console><Console>" changed cvar (cvar "sv_maxunlag") (value "0.35")
L 09/12/2026 - 20:25:24: [basecommands.smx] "Console<0><Console><Console>" changed cvar (cvar "sv_minupdaterate") (value "100")
L 09/12/2026 - 20:25:24: [basecommands.smx] "Console<0><Console><Console>" changed cvar (cvar "sv_maxupdaterate") (value "100")
L 09/12/2026 - 20:25:24: [basecommands.smx] "Console<0><Console><Console>" changed cvar (cvar "sv_mincmdrate") (value "100")
L 09/12/2026 - 20:25:24: [basecommands.smx] "Console<0><Console><Console>" changed cvar (cvar "sv_maxcmdrate") (value "100")
L 09/12/2026 - 20:25:24: [basecommands.smx] "Console<0><Console><Console>" changed cvar (cvar "sv_client_min_interp_ratio") (value "0")
L 09/12/2026 - 20:25:24: [basecommands.smx] "Console<0><Console><Console>" changed cvar (cvar "sv_client_max_interp_ratio") (value "0")
L 09/12/2026 - 20:25:24: [basecommands.smx] "Console<0><Console><Console>" changed cvar (cvar "sv_minrate") (value "100000")
L 09/12/2026 - 20:25:24: [basecommands.smx] "Console<0><Console><Console>" changed cvar (cvar "sv_maxrate") (value "100000")
L 09/12/2026 - 20:25:24: [basecommands.smx] "Console<0><Console><Console>" changed cvar (cvar "net_splitpacket_maxrate") (value "100000")
L 09/12/2026 - 20:25:24: [basecommands.smx] "Console<0><Console><Console>" changed cvar (cvar "net_maxcleartime") (value "0.0001")
L 09/12/2026 - 20:25:24: [basecommands.smx] "Console<0><Console><Console>" changed cvar (cvar "sv_clockcorrection_msecs") (value "20")
L 09/12/2026 - 20:25:24: [basecommands.smx] "Console<0><Console><Console>" changed cvar (cvar "sv_unlag_fixstuck") (value "1")
L 09/12/2026 - 20:25:24: [basecommands.smx] "Console<0><Console><Console>" changed cvar (cvar "sv_forcepreload") (value "1")
L 09/12/2026 - 20:25:24: [basecommands.smx] "Console<0><Console><Console>" changed cvar (cvar "fps_max") (value "0")
L 09/12/2026 - 20:25:24: [basecommands.smx] "Console<0><Console><Console>" changed cvar (cvar "nb_update_frequency") (value "0.01")
L 09/12/2026 - 20:25:24: [basecommands.smx] "Console<0><Console><Console>" changed cvar (cvar "nb_update_maxslide") (value "1")
L 09/12/2026 - 20:25:24: [basecommands.smx] "Console<0><Console><Console>" changed cvar (cvar "nb_update_framelimit") (value "5")
L 09/12/2026 - 20:25:24: [basecommands.smx] "Console<0><Console><Console>" changed cvar (cvar "sv_max_queries_sec_global") (value "20")
L 09/12/2026 - 20:25:24: [basecommands.smx] "Console<0><Console><Console>" changed cvar (cvar "sv_max_queries_sec") (value "3")
L 09/12/2026 - 20:25:24: [basecommands.smx] "Console<0><Console><Console>" changed cvar (cvar "sv_max_queries_window") (value "10")
L 09/12/2026 - 20:25:24: [fixes/firebulletsfix.smx] Found offset for Weapon_ShootPosition 286
L 09/12/2026 - 20:25:25: [l4d2_item_hint.smx] 
==========
Warning: You should install "[L4D & L4D2] Use Priority Patch" to fix attached models blocking +USE action (item hint): https://forums.alliedmods.net/showthread.php?t=327511
==========

L 09/12/2026 - 20:25:25: [GEOIP] GeoIP2 database loaded: GeoLite2-City (2026-09-01 14:36:41 UTC) (/home/kaine/Steam/steamapps/common/ZonemodVersus/left4dead2/addons/sourcemod/configs/geoip/GeoLite2-City.mmdb)
L 09/12/2026 - 20:25:25: [GEOIP] GeoIP2 supported languages: de en es fr ja pt-BR ru zh-CN
L 09/12/2026 - 20:25:28: [SM] Changed map to "c2m1_highway"
L 09/12/2026 - 20:25:28: -------- Mapchange to c2m1_highway --------
L 09/12/2026 - 20:25:29: [basecommands.smx] "Console<0><Console><Console>" changed cvar (cvar "confogl_match_execcfg_plugins") (value "generalfixes.cfg;confogl_plugins.cfg;sharedplugins.cfg")
L 09/12/2026 - 20:25:29: [basecommands.smx] "Console<0><Console><Console>" changed cvar (cvar "l4d2_addons_eclipse") (value "0")
L 09/12/2026 - 20:25:29: [basecommands.smx] "Console<0><Console><Console>" changed cvar (cvar "tick_door_speed") (value "1.3")
L 09/12/2026 - 20:25:29: [basecommands.smx] "Console<0><Console><Console>" changed cvar (cvar "mv_maxplayers") (value "30")
L 09/12/2026 - 20:25:29: [basecommands.smx] "Console<0><Console><Console>" changed cvar (cvar "sv_allow_wait_command") (value "0")
L 09/12/2026 - 20:25:29: [basecommands.smx] "Console<0><Console><Console>" changed cvar (cvar "sv_maxunlag") (value "0.35")
L 09/12/2026 - 20:25:29: [basecommands.smx] "Console<0><Console><Console>" changed cvar (cvar "sv_minupdaterate") (value "100")
L 09/12/2026 - 20:25:29: [basecommands.smx] "Console<0><Console><Console>" changed cvar (cvar "sv_maxupdaterate") (value "100")
L 09/12/2026 - 20:25:29: [basecommands.smx] "Console<0><Console><Console>" changed cvar (cvar "sv_mincmdrate") (value "100")
L 09/12/2026 - 20:25:29: [basecommands.smx] "Console<0><Console><Console>" changed cvar (cvar "sv_maxcmdrate") (value "100")
L 09/12/2026 - 20:25:29: [basecommands.smx] "Console<0><Console><Console>" changed cvar (cvar "sv_client_min_interp_ratio") (value "0")
L 09/12/2026 - 20:25:29: [basecommands.smx] "Console<0><Console><Console>" changed cvar (cvar "sv_client_max_interp_ratio") (value "0")
L 09/12/2026 - 20:25:29: [basecommands.smx] "Console<0><Console><Console>" changed cvar (cvar "sv_minrate") (value "100000")
L 09/12/2026 - 20:25:29: [basecommands.smx] "Console<0><Console><Console>" changed cvar (cvar "sv_maxrate") (value "100000")
L 09/12/2026 - 20:25:29: [basecommands.smx] "Console<0><Console><Console>" changed cvar (cvar "net_splitpacket_maxrate") (value "100000")
L 09/12/2026 - 20:25:29: [basecommands.smx] "Console<0><Console><Console>" changed cvar (cvar "net_maxcleartime") (value "0.0001")
L 09/12/2026 - 20:25:29: [basecommands.smx] "Console<0><Console><Console>" changed cvar (cvar "sv_clockcorrection_msecs") (value "20")
L 09/12/2026 - 20:25:29: [basecommands.smx] "Console<0><Console><Console>" changed cvar (cvar "sv_unlag_fixstuck") (value "1")
L 09/12/2026 - 20:25:29: [basecommands.smx] "Console<0><Console><Console>" changed cvar (cvar "sv_forcepreload") (value "1")
L 09/12/2026 - 20:25:29: [basecommands.smx] "Console<0><Console><Console>" changed cvar (cvar "fps_max") (value "0")
L 09/12/2026 - 20:25:29: [basecommands.smx] "Console<0><Console><Console>" changed cvar (cvar "nb_update_frequency") (value "0.01")
L 09/12/2026 - 20:25:29: [basecommands.smx] "Console<0><Console><Console>" changed cvar (cvar "nb_update_maxslide") (value "1")
L 09/12/2026 - 20:25:29: [basecommands.smx] "Console<0><Console><Console>" changed cvar (cvar "nb_update_framelimit") (value "5")
L 09/12/2026 - 20:25:29: [basecommands.smx] "Console<0><Console><Console>" changed cvar (cvar "sv_max_queries_sec_global") (value "20")
L 09/12/2026 - 20:25:29: [basecommands.smx] "Console<0><Console><Console>" changed cvar (cvar "sv_max_queries_sec") (value "3")
L 09/12/2026 - 20:25:29: [basecommands.smx] "Console<0><Console><Console>" changed cvar (cvar "sv_max_queries_window") (value "10")
L 09/12/2026 - 20:25:30: [optional/l4d2_saferoom_item_remove.smx] Removed 0 saferoom item(s) (start: 0; end: 0).
L 09/12/2026 - 20:32:29: SourceMod log file session started (file "/home/kaine/Steam/steamapps/common/ZonemodVersus/left4dead2/addons/sourcemod/logs/L20260912.log") (Version "1.12.0.7253")
L 09/12/2026 - 20:32:29: [fixes/firebulletsfix.smx] Found offset for Weapon_ShootPosition 286
L 09/12/2026 - 20:32:29: [l4d2_item_hint.smx] 
==========
Warning: You should install "[L4D & L4D2] Use Priority Patch" to fix attached models blocking +USE action (item hint): https://forums.alliedmods.net/showthread.php?t=327511
==========

L 09/12/2026 - 20:32:31: [basecommands.smx] "Console<0><Console><Console>" changed cvar (cvar "confogl_match_execcfg_plugins") (value "generalfixes.cfg;confogl_plugins.cfg;sharedplugins.cfg")
L 09/12/2026 - 20:32:31: [basecommands.smx] "Console<0><Console><Console>" changed cvar (cvar "l4d2_addons_eclipse") (value "0")
L 09/12/2026 - 20:32:31: [basecommands.smx] "Console<0><Console><Console>" changed cvar (cvar "tick_door_speed") (value "1.3")
L 09/12/2026 - 20:32:31: [basecommands.smx] "Console<0><Console><Console>" changed cvar (cvar "mv_maxplayers") (value "30")
L 09/12/2026 - 20:32:31: [basecommands.smx] "Console<0><Console><Console>" changed cvar (cvar "sv_allow_wait_command") (value "0")
L 09/12/2026 - 20:32:31: [basecommands.smx] "Console<0><Console><Console>" changed cvar (cvar "sv_maxunlag") (value "0.35")
L 09/12/2026 - 20:32:31: [basecommands.smx] "Console<0><Console><Console>" changed cvar (cvar "sv_minupdaterate") (value "100")
L 09/12/2026 - 20:32:31: [basecommands.smx] "Console<0><Console><Console>" changed cvar (cvar "sv_maxupdaterate") (value "100")
L 09/12/2026 - 20:32:31: [basecommands.smx] "Console<0><Console><Console>" changed cvar (cvar "sv_mincmdrate") (value "100")
L 09/12/2026 - 20:32:31: [basecommands.smx] "Console<0><Console><Console>" changed cvar (cvar "sv_maxcmdrate") (value "100")
L 09/12/2026 - 20:32:31: [basecommands.smx] "Console<0><Console><Console>" changed cvar (cvar "sv_client_min_interp_ratio") (value "0")
L 09/12/2026 - 20:32:31: [basecommands.smx] "Console<0><Console><Console>" changed cvar (cvar "sv_client_max_interp_ratio") (value "0")
L 09/12/2026 - 20:32:31: [basecommands.smx] "Console<0><Console><Console>" changed cvar (cvar "sv_minrate") (value "100000")
L 09/12/2026 - 20:32:31: [basecommands.smx] "Console<0><Console><Console>" changed cvar (cvar "sv_maxrate") (value "100000")
L 09/12/2026 - 20:32:31: [basecommands.smx] "Console<0><Console><Console>" changed cvar (cvar "net_splitpacket_maxrate") (value "100000")
L 09/12/2026 - 20:32:31: [basecommands.smx] "Console<0><Console><Console>" changed cvar (cvar "net_maxcleartime") (value "0.0001")
L 09/12/2026 - 20:32:31: [basecommands.smx] "Console<0><Console><Console>" changed cvar (cvar "sv_clockcorrection_msecs") (value "20")
L 09/12/2026 - 20:32:31: [basecommands.smx] "Console<0><Console><Console>" changed cvar (cvar "sv_unlag_fixstuck") (value "1")
L 09/12/2026 - 20:32:31: [basecommands.smx] "Console<0><Console><Console>" changed cvar (cvar "sv_forcepreload") (value "1")
L 09/12/2026 - 20:32:31: [basecommands.smx] "Console<0><Console><Console>" changed cvar (cvar "fps_max") (value "0")
L 09/12/2026 - 20:32:31: [basecommands.smx] "Console<0><Console><Console>" changed cvar (cvar "nb_update_frequency") (value "0.01")
L 09/12/2026 - 20:32:31: [basecommands.smx] "Console<0><Console><Console>" changed cvar (cvar "nb_update_maxslide") (value "1")
L 09/12/2026 - 20:32:31: [basecommands.smx] "Console<0><Console><Console>" changed cvar (cvar "nb_update_framelimit") (value "5")
L 09/12/2026 - 20:32:31: [basecommands.smx] "Console<0><Console><Console>" changed cvar (cvar "sv_max_queries_sec_global") (value "20")
L 09/12/2026 - 20:32:31: [basecommands.smx] "Console<0><Console><Console>" changed cvar (cvar "sv_max_queries_sec") (value "3")
L 09/12/2026 - 20:32:31: [basecommands.smx] "Console<0><Console><Console>" changed cvar (cvar "sv_max_queries_window") (value "10")
L 09/12/2026 - 20:32:31: [fixes/firebulletsfix.smx] Found offset for Weapon_ShootPosition 286
L 09/12/2026 - 20:32:32: [l4d2_item_hint.smx] 
==========
Warning: You should install "[L4D & L4D2] Use Priority Patch" to fix attached models blocking +USE action (item hint): https://forums.alliedmods.net/showthread.php?t=327511
==========

L 09/12/2026 - 20:32:32: [GEOIP] GeoIP2 database loaded: GeoLite2-City (2026-09-01 14:36:41 UTC) (/home/kaine/Steam/steamapps/common/ZonemodVersus/left4dead2/addons/sourcemod/configs/geoip/GeoLite2-City.mmdb)
L 09/12/2026 - 20:32:32: [GEOIP] GeoIP2 supported languages: de en es fr ja pt-BR ru zh-CN
L 09/12/2026 - 20:32:35: [SM] Changed map to "c2m1_highway"
L 09/12/2026 - 20:32:35: -------- Mapchange to c2m1_highway --------
L 09/12/2026 - 20:32:36: [basecommands.smx] "Console<0><Console><Console>" changed cvar (cvar "confogl_match_execcfg_plugins") (value "generalfixes.cfg;confogl_plugins.cfg;sharedplugins.cfg")
L 09/12/2026 - 20:32:36: [basecommands.smx] "Console<0><Console><Console>" changed cvar (cvar "l4d2_addons_eclipse") (value "0")
L 09/12/2026 - 20:32:36: [basecommands.smx] "Console<0><Console><Console>" changed cvar (cvar "tick_door_speed") (value "1.3")
L 09/12/2026 - 20:32:36: [basecommands.smx] "Console<0><Console><Console>" changed cvar (cvar "mv_maxplayers") (value "30")
L 09/12/2026 - 20:32:36: [basecommands.smx] "Console<0><Console><Console>" changed cvar (cvar "sv_allow_wait_command") (value "0")
L 09/12/2026 - 20:32:36: [basecommands.smx] "Console<0><Console><Console>" changed cvar (cvar "sv_maxunlag") (value "0.35")
L 09/12/2026 - 20:32:36: [basecommands.smx] "Console<0><Console><Console>" changed cvar (cvar "sv_minupdaterate") (value "100")
L 09/12/2026 - 20:32:36: [basecommands.smx] "Console<0><Console><Console>" changed cvar (cvar "sv_maxupdaterate") (value "100")
L 09/12/2026 - 20:32:36: [basecommands.smx] "Console<0><Console><Console>" changed cvar (cvar "sv_mincmdrate") (value "100")
L 09/12/2026 - 20:32:36: [basecommands.smx] "Console<0><Console><Console>" changed cvar (cvar "sv_maxcmdrate") (value "100")
L 09/12/2026 - 20:32:36: [basecommands.smx] "Console<0><Console><Console>" changed cvar (cvar "sv_client_min_interp_ratio") (value "0")
L 09/12/2026 - 20:32:36: [basecommands.smx] "Console<0><Console><Console>" changed cvar (cvar "sv_client_max_interp_ratio") (value "0")
L 09/12/2026 - 20:32:36: [basecommands.smx] "Console<0><Console><Console>" changed cvar (cvar "sv_minrate") (value "100000")
L 09/12/2026 - 20:32:36: [basecommands.smx] "Console<0><Console><Console>" changed cvar (cvar "sv_maxrate") (value "100000")
L 09/12/2026 - 20:32:36: [basecommands.smx] "Console<0><Console><Console>" changed cvar (cvar "net_splitpacket_maxrate") (value "100000")
L 09/12/2026 - 20:32:36: [basecommands.smx] "Console<0><Console><Console>" changed cvar (cvar "net_maxcleartime") (value "0.0001")
L 09/12/2026 - 20:32:36: [basecommands.smx] "Console<0><Console><Console>" changed cvar (cvar "sv_clockcorrection_msecs") (value "20")
L 09/12/2026 - 20:32:36: [basecommands.smx] "Console<0><Console><Console>" changed cvar (cvar "sv_unlag_fixstuck") (value "1")
L 09/12/2026 - 20:32:36: [basecommands.smx] "Console<0><Console><Console>" changed cvar (cvar "sv_forcepreload") (value "1")
L 09/12/2026 - 20:32:36: [basecommands.smx] "Console<0><Console><Console>" changed cvar (cvar "fps_max") (value "0")
L 09/12/2026 - 20:32:36: [basecommands.smx] "Console<0><Console><Console>" changed cvar (cvar "nb_update_frequency") (value "0.01")
L 09/12/2026 - 20:32:36: [basecommands.smx] "Console<0><Console><Console>" changed cvar (cvar "nb_update_maxslide") (value "1")
L 09/12/2026 - 20:32:36: [basecommands.smx] "Console<0><Console><Console>" changed cvar (cvar "nb_update_framelimit") (value "5")
L 09/12/2026 - 20:32:36: [basecommands.smx] "Console<0><Console><Console>" changed cvar (cvar "sv_max_queries_sec_global") (value "20")
L 09/12/2026 - 20:32:36: [basecommands.smx] "Console<0><Console><Console>" changed cvar (cvar "sv_max_queries_sec") (value "3")
L 09/12/2026 - 20:32:36: [basecommands.smx] "Console<0><Console><Console>" changed cvar (cvar "sv_max_queries_window") (value "10")
L 09/12/2026 - 20:32:37: [optional/l4d2_saferoom_item_remove.smx] Removed 0 saferoom item(s) (start: 0; end: 0).
L 09/12/2026 - 20:36:22: SourceMod log file session started (file "/home/kaine/Steam/steamapps/common/ZonemodVersus/left4dead2/addons/sourcemod/logs/L20260912.log") (Version "1.12.0.7253")
L 09/12/2026 - 20:36:22: [fixes/firebulletsfix.smx] Found offset for Weapon_ShootPosition 286
L 09/12/2026 - 20:36:23: [l4d2_item_hint.smx] 
==========
Warning: You should install "[L4D & L4D2] Use Priority Patch" to fix attached models blocking +USE action (item hint): https://forums.alliedmods.net/showthread.php?t=327511
==========

L 09/12/2026 - 20:36:24: [basecommands.smx] "Console<0><Console><Console>" changed cvar (cvar "confogl_match_execcfg_plugins") (value "generalfixes.cfg;confogl_plugins.cfg;sharedplugins.cfg")
L 09/12/2026 - 20:36:24: [basecommands.smx] "Console<0><Console><Console>" changed cvar (cvar "l4d2_addons_eclipse") (value "0")
L 09/12/2026 - 20:36:24: [basecommands.smx] "Console<0><Console><Console>" changed cvar (cvar "tick_door_speed") (value "1.3")
L 09/12/2026 - 20:36:24: [basecommands.smx] "Console<0><Console><Console>" changed cvar (cvar "mv_maxplayers") (value "30")
L 09/12/2026 - 20:36:24: [basecommands.smx] "Console<0><Console><Console>" changed cvar (cvar "sv_allow_wait_command") (value "0")
L 09/12/2026 - 20:36:24: [basecommands.smx] "Console<0><Console><Console>" changed cvar (cvar "sv_maxunlag") (value "0.35")
L 09/12/2026 - 20:36:24: [basecommands.smx] "Console<0><Console><Console>" changed cvar (cvar "sv_minupdaterate") (value "100")
L 09/12/2026 - 20:36:24: [basecommands.smx] "Console<0><Console><Console>" changed cvar (cvar "sv_maxupdaterate") (value "100")
L 09/12/2026 - 20:36:24: [basecommands.smx] "Console<0><Console><Console>" changed cvar (cvar "sv_mincmdrate") (value "100")
L 09/12/2026 - 20:36:24: [basecommands.smx] "Console<0><Console><Console>" changed cvar (cvar "sv_maxcmdrate") (value "100")
L 09/12/2026 - 20:36:24: [basecommands.smx] "Console<0><Console><Console>" changed cvar (cvar "sv_client_min_interp_ratio") (value "0")
L 09/12/2026 - 20:36:24: [basecommands.smx] "Console<0><Console><Console>" changed cvar (cvar "sv_client_max_interp_ratio") (value "0")
L 09/12/2026 - 20:36:24: [basecommands.smx] "Console<0><Console><Console>" changed cvar (cvar "sv_minrate") (value "100000")
L 09/12/2026 - 20:36:24: [basecommands.smx] "Console<0><Console><Console>" changed cvar (cvar "sv_maxrate") (value "100000")
L 09/12/2026 - 20:36:24: [basecommands.smx] "Console<0><Console><Console>" changed cvar (cvar "net_splitpacket_maxrate") (value "100000")
L 09/12/2026 - 20:36:24: [basecommands.smx] "Console<0><Console><Console>" changed cvar (cvar "net_maxcleartime") (value "0.0001")
L 09/12/2026 - 20:36:24: [basecommands.smx] "Console<0><Console><Console>" changed cvar (cvar "sv_clockcorrection_msecs") (value "20")
L 09/12/2026 - 20:36:24: [basecommands.smx] "Console<0><Console><Console>" changed cvar (cvar "sv_unlag_fixstuck") (value "1")
L 09/12/2026 - 20:36:24: [basecommands.smx] "Console<0><Console><Console>" changed cvar (cvar "sv_forcepreload") (value "1")
L 09/12/2026 - 20:36:24: [basecommands.smx] "Console<0><Console><Console>" changed cvar (cvar "fps_max") (value "0")
L 09/12/2026 - 20:36:24: [basecommands.smx] "Console<0><Console><Console>" changed cvar (cvar "nb_update_frequency") (value "0.01")
L 09/12/2026 - 20:36:24: [basecommands.smx] "Console<0><Console><Console>" changed cvar (cvar "nb_update_maxslide") (value "1")
L 09/12/2026 - 20:36:24: [basecommands.smx] "Console<0><Console><Console>" changed cvar (cvar "nb_update_framelimit") (value "5")
L 09/12/2026 - 20:36:24: [basecommands.smx] "Console<0><Console><Console>" changed cvar (cvar "sv_max_queries_sec_global") (value "20")
L 09/12/2026 - 20:36:24: [basecommands.smx] "Console<0><Console><Console>" changed cvar (cvar "sv_max_queries_sec") (value "3")
L 09/12/2026 - 20:36:24: [basecommands.smx] "Console<0><Console><Console>" changed cvar (cvar "sv_max_queries_window") (value "10")
L 09/12/2026 - 20:36:25: [fixes/firebulletsfix.smx] Found offset for Weapon_ShootPosition 286
L 09/12/2026 - 20:36:25: [l4d2_item_hint.smx] 
==========
Warning: You should install "[L4D & L4D2] Use Priority Patch" to fix attached models blocking +USE action (item hint): https://forums.alliedmods.net/showthread.php?t=327511
==========

L 09/12/2026 - 20:36:25: [GEOIP] GeoIP2 database loaded: GeoLite2-City (2026-09-01 14:36:41 UTC) (/home/kaine/Steam/steamapps/common/ZonemodVersus/left4dead2/addons/sourcemod/configs/geoip/GeoLite2-City.mmdb)
L 09/12/2026 - 20:36:25: [GEOIP] GeoIP2 supported languages: de en es fr ja pt-BR ru zh-CN
L 09/12/2026 - 20:36:28: [SM] Changed map to "c2m1_highway"
L 09/12/2026 - 20:36:28: -------- Mapchange to c2m1_highway --------
L 09/12/2026 - 20:36:30: [basecommands.smx] "Console<0><Console><Console>" changed cvar (cvar "confogl_match_execcfg_plugins") (value "generalfixes.cfg;confogl_plugins.cfg;sharedplugins.cfg")
L 09/12/2026 - 20:36:30: [basecommands.smx] "Console<0><Console><Console>" changed cvar (cvar "l4d2_addons_eclipse") (value "0")
L 09/12/2026 - 20:36:30: [basecommands.smx] "Console<0><Console><Console>" changed cvar (cvar "tick_door_speed") (value "1.3")
L 09/12/2026 - 20:36:30: [basecommands.smx] "Console<0><Console><Console>" changed cvar (cvar "mv_maxplayers") (value "30")
L 09/12/2026 - 20:36:30: [basecommands.smx] "Console<0><Console><Console>" changed cvar (cvar "sv_allow_wait_command") (value "0")
L 09/12/2026 - 20:36:30: [basecommands.smx] "Console<0><Console><Console>" changed cvar (cvar "sv_maxunlag") (value "0.35")
L 09/12/2026 - 20:36:30: [basecommands.smx] "Console<0><Console><Console>" changed cvar (cvar "sv_minupdaterate") (value "100")
L 09/12/2026 - 20:36:30: [basecommands.smx] "Console<0><Console><Console>" changed cvar (cvar "sv_maxupdaterate") (value "100")
L 09/12/2026 - 20:36:30: [basecommands.smx] "Console<0><Console><Console>" changed cvar (cvar "sv_mincmdrate") (value "100")
L 09/12/2026 - 20:36:30: [basecommands.smx] "Console<0><Console><Console>" changed cvar (cvar "sv_maxcmdrate") (value "100")
L 09/12/2026 - 20:36:30: [basecommands.smx] "Console<0><Console><Console>" changed cvar (cvar "sv_client_min_interp_ratio") (value "0")
L 09/12/2026 - 20:36:30: [basecommands.smx] "Console<0><Console><Console>" changed cvar (cvar "sv_client_max_interp_ratio") (value "0")
L 09/12/2026 - 20:36:30: [basecommands.smx] "Console<0><Console><Console>" changed cvar (cvar "sv_minrate") (value "100000")
L 09/12/2026 - 20:36:30: [basecommands.smx] "Console<0><Console><Console>" changed cvar (cvar "sv_maxrate") (value "100000")
L 09/12/2026 - 20:36:30: [basecommands.smx] "Console<0><Console><Console>" changed cvar (cvar "net_splitpacket_maxrate") (value "100000")
L 09/12/2026 - 20:36:30: [basecommands.smx] "Console<0><Console><Console>" changed cvar (cvar "net_maxcleartime") (value "0.0001")
L 09/12/2026 - 20:36:30: [basecommands.smx] "Console<0><Console><Console>" changed cvar (cvar "sv_clockcorrection_msecs") (value "20")
L 09/12/2026 - 20:36:30: [basecommands.smx] "Console<0><Console><Console>" changed cvar (cvar "sv_unlag_fixstuck") (value "1")
L 09/12/2026 - 20:36:30: [basecommands.smx] "Console<0><Console><Console>" changed cvar (cvar "sv_forcepreload") (value "1")
L 09/12/2026 - 20:36:30: [basecommands.smx] "Console<0><Console><Console>" changed cvar (cvar "fps_max") (value "0")
L 09/12/2026 - 20:36:30: [basecommands.smx] "Console<0><Console><Console>" changed cvar (cvar "nb_update_frequency") (value "0.01")
L 09/12/2026 - 20:36:30: [basecommands.smx] "Console<0><Console><Console>" changed cvar (cvar "nb_update_maxslide") (value "1")
L 09/12/2026 - 20:36:30: [basecommands.smx] "Console<0><Console><Console>" changed cvar (cvar "nb_update_framelimit") (value "5")
L 09/12/2026 - 20:36:30: [basecommands.smx] "Console<0><Console><Console>" changed cvar (cvar "sv_max_queries_sec_global") (value "20")
L 09/12/2026 - 20:36:30: [basecommands.smx] "Console<0><Console><Console>" changed cvar (cvar "sv_max_queries_sec") (value "3")
L 09/12/2026 - 20:36:30: [basecommands.smx] "Console<0><Console><Console>" changed cvar (cvar "sv_max_queries_window") (value "10")
L 09/12/2026 - 20:36:31: [optional/l4d2_saferoom_item_remove.smx] Removed 0 saferoom item(s) (start: 0; end: 0).
L 09/12/2026 - 20:57:19: [optional/l4d2_saferoom_item_remove.smx] Removed 0 saferoom item(s) (start: 0; end: 0).
L 09/12/2026 - 21:03:01: -------- Mapchange to c2m2_fairgrounds --------
L 09/12/2026 - 21:03:02: [basecommands.smx] "Console<0><Console><Console>" changed cvar (cvar "confogl_match_execcfg_plugins") (value "generalfixes.cfg;confogl_plugins.cfg;sharedplugins.cfg")
L 09/12/2026 - 21:03:02: [basecommands.smx] "Console<0><Console><Console>" changed cvar (cvar "l4d2_addons_eclipse") (value "0")
L 09/12/2026 - 21:03:02: [basecommands.smx] "Console<0><Console><Console>" changed cvar (cvar "tick_door_speed") (value "1.3")
L 09/12/2026 - 21:03:02: [basecommands.smx] "Console<0><Console><Console>" changed cvar (cvar "mv_maxplayers") (value "30")
L 09/12/2026 - 21:03:02: [basecommands.smx] "Console<0><Console><Console>" changed cvar (cvar "sv_allow_wait_command") (value "0")
L 09/12/2026 - 21:03:02: [basecommands.smx] "Console<0><Console><Console>" changed cvar (cvar "sv_maxunlag") (value "0.35")
L 09/12/2026 - 21:03:02: [basecommands.smx] "Console<0><Console><Console>" changed cvar (cvar "sv_minupdaterate") (value "100")
L 09/12/2026 - 21:03:02: [basecommands.smx] "Console<0><Console><Console>" changed cvar (cvar "sv_maxupdaterate") (value "100")
L 09/12/2026 - 21:03:02: [basecommands.smx] "Console<0><Console><Console>" changed cvar (cvar "sv_mincmdrate") (value "100")
L 09/12/2026 - 21:03:02: [basecommands.smx] "Console<0><Console><Console>" changed cvar (cvar "sv_maxcmdrate") (value "100")
L 09/12/2026 - 21:03:02: [basecommands.smx] "Console<0><Console><Console>" changed cvar (cvar "sv_client_min_interp_ratio") (value "0")
L 09/12/2026 - 21:03:02: [basecommands.smx] "Console<0><Console><Console>" changed cvar (cvar "sv_client_max_interp_ratio") (value "0")
L 09/12/2026 - 21:03:02: [basecommands.smx] "Console<0><Console><Console>" changed cvar (cvar "sv_minrate") (value "100000")
L 09/12/2026 - 21:03:02: [basecommands.smx] "Console<0><Console><Console>" changed cvar (cvar "sv_maxrate") (value "100000")
L 09/12/2026 - 21:03:02: [basecommands.smx] "Console<0><Console><Console>" changed cvar (cvar "net_splitpacket_maxrate") (value "100000")
L 09/12/2026 - 21:03:02: [basecommands.smx] "Console<0><Console><Console>" changed cvar (cvar "net_maxcleartime") (value "0.0001")
L 09/12/2026 - 21:03:02: [basecommands.smx] "Console<0><Console><Console>" changed cvar (cvar "sv_clockcorrection_msecs") (value "20")
L 09/12/2026 - 21:03:02: [basecommands.smx] "Console<0><Console><Console>" changed cvar (cvar "sv_unlag_fixstuck") (value "1")
L 09/12/2026 - 21:03:02: [basecommands.smx] "Console<0><Console><Console>" changed cvar (cvar "sv_forcepreload") (value "1")
L 09/12/2026 - 21:03:02: [basecommands.smx] "Console<0><Console><Console>" changed cvar (cvar "fps_max") (value "0")
L 09/12/2026 - 21:03:02: [basecommands.smx] "Console<0><Console><Console>" changed cvar (cvar "nb_update_frequency") (value "0.01")
L 09/12/2026 - 21:03:02: [basecommands.smx] "Console<0><Console><Console>" changed cvar (cvar "nb_update_maxslide") (value "1")
L 09/12/2026 - 21:03:02: [basecommands.smx] "Console<0><Console><Console>" changed cvar (cvar "nb_update_framelimit") (value "5")
L 09/12/2026 - 21:03:02: [basecommands.smx] "Console<0><Console><Console>" changed cvar (cvar "sv_max_queries_sec_global") (value "20")
L 09/12/2026 - 21:03:02: [basecommands.smx] "Console<0><Console><Console>" changed cvar (cvar "sv_max_queries_sec") (value "3")
L 09/12/2026 - 21:03:02: [basecommands.smx] "Console<0><Console><Console>" changed cvar (cvar "sv_max_queries_window") (value "10")
L 09/12/2026 - 21:03:04: [optional/l4d2_saferoom_item_remove.smx] Removed 0 saferoom item(s) (start: 0; end: 0).
L 09/12/2026 - 21:11:56: [optional/l4d2_saferoom_item_remove.smx] Removed 0 saferoom item(s) (start: 0; end: 0).
L 09/12/2026 - 21:16:27: -------- Mapchange to c2m3_coaster --------
L 09/12/2026 - 21:16:28: [basecommands.smx] "Console<0><Console><Console>" changed cvar (cvar "confogl_match_execcfg_plugins") (value "generalfixes.cfg;confogl_plugins.cfg;sharedplugins.cfg")
L 09/12/2026 - 21:16:28: [basecommands.smx] "Console<0><Console><Console>" changed cvar (cvar "l4d2_addons_eclipse") (value "0")
L 09/12/2026 - 21:16:28: [basecommands.smx] "Console<0><Console><Console>" changed cvar (cvar "tick_door_speed") (value "1.3")
L 09/12/2026 - 21:16:28: [basecommands.smx] "Console<0><Console><Console>" changed cvar (cvar "mv_maxplayers") (value "30")
L 09/12/2026 - 21:16:28: [basecommands.smx] "Console<0><Console><Console>" changed cvar (cvar "sv_allow_wait_command") (value "0")
L 09/12/2026 - 21:16:28: [basecommands.smx] "Console<0><Console><Console>" changed cvar (cvar "sv_maxunlag") (value "0.35")
L 09/12/2026 - 21:16:28: [basecommands.smx] "Console<0><Console><Console>" changed cvar (cvar "sv_minupdaterate") (value "100")
L 09/12/2026 - 21:16:28: [basecommands.smx] "Console<0><Console><Console>" changed cvar (cvar "sv_maxupdaterate") (value "100")
L 09/12/2026 - 21:16:28: [basecommands.smx] "Console<0><Console><Console>" changed cvar (cvar "sv_mincmdrate") (value "100")
L 09/12/2026 - 21:16:28: [basecommands.smx] "Console<0><Console><Console>" changed cvar (cvar "sv_maxcmdrate") (value "100")
L 09/12/2026 - 21:16:28: [basecommands.smx] "Console<0><Console><Console>" changed cvar (cvar "sv_client_min_interp_ratio") (value "0")
L 09/12/2026 - 21:16:28: [basecommands.smx] "Console<0><Console><Console>" changed cvar (cvar "sv_client_max_interp_ratio") (value "0")
L 09/12/2026 - 21:16:28: [basecommands.smx] "Console<0><Console><Console>" changed cvar (cvar "sv_minrate") (value "100000")
L 09/12/2026 - 21:16:28: [basecommands.smx] "Console<0><Console><Console>" changed cvar (cvar "sv_maxrate") (value "100000")
L 09/12/2026 - 21:16:28: [basecommands.smx] "Console<0><Console><Console>" changed cvar (cvar "net_splitpacket_maxrate") (value "100000")
L 09/12/2026 - 21:16:28: [basecommands.smx] "Console<0><Console><Console>" changed cvar (cvar "net_maxcleartime") (value "0.0001")
L 09/12/2026 - 21:16:28: [basecommands.smx] "Console<0><Console><Console>" changed cvar (cvar "sv_clockcorrection_msecs") (value "20")
L 09/12/2026 - 21:16:28: [basecommands.smx] "Console<0><Console><Console>" changed cvar (cvar "sv_unlag_fixstuck") (value "1")
L 09/12/2026 - 21:16:28: [basecommands.smx] "Console<0><Console><Console>" changed cvar (cvar "sv_forcepreload") (value "1")
L 09/12/2026 - 21:16:28: [basecommands.smx] "Console<0><Console><Console>" changed cvar (cvar "fps_max") (value "0")
L 09/12/2026 - 21:16:28: [basecommands.smx] "Console<0><Console><Console>" changed cvar (cvar "nb_update_frequency") (value "0.01")
L 09/12/2026 - 21:16:28: [basecommands.smx] "Console<0><Console><Console>" changed cvar (cvar "nb_update_maxslide") (value "1")
L 09/12/2026 - 21:16:28: [basecommands.smx] "Console<0><Console><Console>" changed cvar (cvar "nb_update_framelimit") (value "5")
L 09/12/2026 - 21:16:28: [basecommands.smx] "Console<0><Console><Console>" changed cvar (cvar "sv_max_queries_sec_global") (value "20")
L 09/12/2026 - 21:16:28: [basecommands.smx] "Console<0><Console><Console>" changed cvar (cvar "sv_max_queries_sec") (value "3")
L 09/12/2026 - 21:16:28: [basecommands.smx] "Console<0><Console><Console>" changed cvar (cvar "sv_max_queries_window") (value "10")
L 09/12/2026 - 21:16:30: [optional/l4d2_saferoom_item_remove.smx] Removed 0 saferoom item(s) (start: 0; end: 0).
L 09/12/2026 - 21:26:32: [optional/l4d2_saferoom_item_remove.smx] Removed 0 saferoom item(s) (start: 0; end: 0).
L 09/12/2026 - 21:33:10: -------- Mapchange to c2m4_barns --------
L 09/12/2026 - 21:33:11: [basecommands.smx] "Console<0><Console><Console>" changed cvar (cvar "confogl_match_execcfg_plugins") (value "generalfixes.cfg;confogl_plugins.cfg;sharedplugins.cfg")
L 09/12/2026 - 21:33:11: [basecommands.smx] "Console<0><Console><Console>" changed cvar (cvar "l4d2_addons_eclipse") (value "0")
L 09/12/2026 - 21:33:11: [basecommands.smx] "Console<0><Console><Console>" changed cvar (cvar "tick_door_speed") (value "1.3")
L 09/12/2026 - 21:33:11: [basecommands.smx] "Console<0><Console><Console>" changed cvar (cvar "mv_maxplayers") (value "30")
L 09/12/2026 - 21:33:11: [basecommands.smx] "Console<0><Console><Console>" changed cvar (cvar "sv_allow_wait_command") (value "0")
L 09/12/2026 - 21:33:11: [basecommands.smx] "Console<0><Console><Console>" changed cvar (cvar "sv_maxunlag") (value "0.35")
L 09/12/2026 - 21:33:11: [basecommands.smx] "Console<0><Console><Console>" changed cvar (cvar "sv_minupdaterate") (value "100")
L 09/12/2026 - 21:33:11: [basecommands.smx] "Console<0><Console><Console>" changed cvar (cvar "sv_maxupdaterate") (value "100")
L 09/12/2026 - 21:33:11: [basecommands.smx] "Console<0><Console><Console>" changed cvar (cvar "sv_mincmdrate") (value "100")
L 09/12/2026 - 21:33:11: [basecommands.smx] "Console<0><Console><Console>" changed cvar (cvar "sv_maxcmdrate") (value "100")
L 09/12/2026 - 21:33:11: [basecommands.smx] "Console<0><Console><Console>" changed cvar (cvar "sv_client_min_interp_ratio") (value "0")
L 09/12/2026 - 21:33:11: [basecommands.smx] "Console<0><Console><Console>" changed cvar (cvar "sv_client_max_interp_ratio") (value "0")
L 09/12/2026 - 21:33:11: [basecommands.smx] "Console<0><Console><Console>" changed cvar (cvar "sv_minrate") (value "100000")
L 09/12/2026 - 21:33:11: [basecommands.smx] "Console<0><Console><Console>" changed cvar (cvar "sv_maxrate") (value "100000")
L 09/12/2026 - 21:33:11: [basecommands.smx] "Console<0><Console><Console>" changed cvar (cvar "net_splitpacket_maxrate") (value "100000")
L 09/12/2026 - 21:33:11: [basecommands.smx] "Console<0><Console><Console>" changed cvar (cvar "net_maxcleartime") (value "0.0001")
L 09/12/2026 - 21:33:11: [basecommands.smx] "Console<0><Console><Console>" changed cvar (cvar "sv_clockcorrection_msecs") (value "20")
L 09/12/2026 - 21:33:11: [basecommands.smx] "Console<0><Console><Console>" changed cvar (cvar "sv_unlag_fixstuck") (value "1")
L 09/12/2026 - 21:33:11: [basecommands.smx] "Console<0><Console><Console>" changed cvar (cvar "sv_forcepreload") (value "1")
L 09/12/2026 - 21:33:11: [basecommands.smx] "Console<0><Console><Console>" changed cvar (cvar "fps_max") (value "0")
L 09/12/2026 - 21:33:11: [basecommands.smx] "Console<0><Console><Console>" changed cvar (cvar "nb_update_frequency") (value "0.01")
L 09/12/2026 - 21:33:11: [basecommands.smx] "Console<0><Console><Console>" changed cvar (cvar "nb_update_maxslide") (value "1")
L 09/12/2026 - 21:33:11: [basecommands.smx] "Console<0><Console><Console>" changed cvar (cvar "nb_update_framelimit") (value "5")
L 09/12/2026 - 21:33:11: [basecommands.smx] "Console<0><Console><Console>" changed cvar (cvar "sv_max_queries_sec_global") (value "20")
L 09/12/2026 - 21:33:11: [basecommands.smx] "Console<0><Console><Console>" changed cvar (cvar "sv_max_queries_sec") (value "3")
L 09/12/2026 - 21:33:11: [basecommands.smx] "Console<0><Console><Console>" changed cvar (cvar "sv_max_queries_window") (value "10")
L 09/12/2026 - 21:33:13: [optional/l4d2_saferoom_item_remove.smx] Removed 0 saferoom item(s) (start: 0; end: 0).
L 09/12/2026 - 21:43:46: [optional/l4d2_saferoom_item_remove.smx] Removed 0 saferoom item(s) (start: 0; end: 0).
L 09/12/2026 - 21:48:43: -------- Mapchange to c2m5_concert --------
L 09/12/2026 - 21:48:44: [basecommands.smx] "Console<0><Console><Console>" changed cvar (cvar "confogl_match_execcfg_plugins") (value "generalfixes.cfg;confogl_plugins.cfg;sharedplugins.cfg")
L 09/12/2026 - 21:48:44: [basecommands.smx] "Console<0><Console><Console>" changed cvar (cvar "l4d2_addons_eclipse") (value "0")
L 09/12/2026 - 21:48:44: [basecommands.smx] "Console<0><Console><Console>" changed cvar (cvar "tick_door_speed") (value "1.3")
L 09/12/2026 - 21:48:44: [basecommands.smx] "Console<0><Console><Console>" changed cvar (cvar "mv_maxplayers") (value "30")
L 09/12/2026 - 21:48:44: [basecommands.smx] "Console<0><Console><Console>" changed cvar (cvar "sv_allow_wait_command") (value "0")
L 09/12/2026 - 21:48:44: [basecommands.smx] "Console<0><Console><Console>" changed cvar (cvar "sv_maxunlag") (value "0.35")
L 09/12/2026 - 21:48:44: [basecommands.smx] "Console<0><Console><Console>" changed cvar (cvar "sv_minupdaterate") (value "100")
L 09/12/2026 - 21:48:44: [basecommands.smx] "Console<0><Console><Console>" changed cvar (cvar "sv_maxupdaterate") (value "100")
L 09/12/2026 - 21:48:44: [basecommands.smx] "Console<0><Console><Console>" changed cvar (cvar "sv_mincmdrate") (value "100")
L 09/12/2026 - 21:48:44: [basecommands.smx] "Console<0><Console><Console>" changed cvar (cvar "sv_maxcmdrate") (value "100")
L 09/12/2026 - 21:48:44: [basecommands.smx] "Console<0><Console><Console>" changed cvar (cvar "sv_client_min_interp_ratio") (value "0")
L 09/12/2026 - 21:48:44: [basecommands.smx] "Console<0><Console><Console>" changed cvar (cvar "sv_client_max_interp_ratio") (value "0")
L 09/12/2026 - 21:48:44: [basecommands.smx] "Console<0><Console><Console>" changed cvar (cvar "sv_minrate") (value "100000")
L 09/12/2026 - 21:48:44: [basecommands.smx] "Console<0><Console><Console>" changed cvar (cvar "sv_maxrate") (value "100000")
L 09/12/2026 - 21:48:44: [basecommands.smx] "Console<0><Console><Console>" changed cvar (cvar "net_splitpacket_maxrate") (value "100000")
L 09/12/2026 - 21:48:44: [basecommands.smx] "Console<0><Console><Console>" changed cvar (cvar "net_maxcleartime") (value "0.0001")
L 09/12/2026 - 21:48:44: [basecommands.smx] "Console<0><Console><Console>" changed cvar (cvar "sv_clockcorrection_msecs") (value "20")
L 09/12/2026 - 21:48:44: [basecommands.smx] "Console<0><Console><Console>" changed cvar (cvar "sv_unlag_fixstuck") (value "1")
L 09/12/2026 - 21:48:44: [basecommands.smx] "Console<0><Console><Console>" changed cvar (cvar "sv_forcepreload") (value "1")
L 09/12/2026 - 21:48:44: [basecommands.smx] "Console<0><Console><Console>" changed cvar (cvar "fps_max") (value "0")
L 09/12/2026 - 21:48:44: [basecommands.smx] "Console<0><Console><Console>" changed cvar (cvar "nb_update_frequency") (value "0.01")
L 09/12/2026 - 21:48:44: [basecommands.smx] "Console<0><Console><Console>" changed cvar (cvar "nb_update_maxslide") (value "1")
L 09/12/2026 - 21:48:44: [basecommands.smx] "Console<0><Console><Console>" changed cvar (cvar "nb_update_framelimit") (value "5")
L 09/12/2026 - 21:48:44: [basecommands.smx] "Console<0><Console><Console>" changed cvar (cvar "sv_max_queries_sec_global") (value "20")
L 09/12/2026 - 21:48:44: [basecommands.smx] "Console<0><Console><Console>" changed cvar (cvar "sv_max_queries_sec") (value "3")
L 09/12/2026 - 21:48:44: [basecommands.smx] "Console<0><Console><Console>" changed cvar (cvar "sv_max_queries_window") (value "10")
L 09/12/2026 - 21:48:46: [optional/l4d2_saferoom_item_remove.smx] Removed 0 saferoom item(s) (start: 0; end: 0).
L 09/12/2026 - 21:49:20: [basecommands.smx] "Console<0><Console><Console>" changed map to "c1m1_hotel" (input "c1m1_hotel")
L 09/12/2026 - 21:49:23: [SM] Changed map to "c1m1_hotel"
L 09/12/2026 - 21:49:24: -------- Mapchange to c1m1_hotel --------
L 09/12/2026 - 21:49:25: [basecommands.smx] "Console<0><Console><Console>" changed cvar (cvar "confogl_match_execcfg_plugins") (value "generalfixes.cfg;confogl_plugins.cfg;sharedplugins.cfg")
L 09/12/2026 - 21:49:25: [basecommands.smx] "Console<0><Console><Console>" changed cvar (cvar "l4d2_addons_eclipse") (value "0")
L 09/12/2026 - 21:49:25: [basecommands.smx] "Console<0><Console><Console>" changed cvar (cvar "tick_door_speed") (value "1.3")
L 09/12/2026 - 21:49:25: [basecommands.smx] "Console<0><Console><Console>" changed cvar (cvar "mv_maxplayers") (value "30")
L 09/12/2026 - 21:49:25: [basecommands.smx] "Console<0><Console><Console>" changed cvar (cvar "sv_allow_wait_command") (value "0")
L 09/12/2026 - 21:49:25: [basecommands.smx] "Console<0><Console><Console>" changed cvar (cvar "sv_maxunlag") (value "0.35")
L 09/12/2026 - 21:49:25: [basecommands.smx] "Console<0><Console><Console>" changed cvar (cvar "sv_minupdaterate") (value "100")
L 09/12/2026 - 21:49:25: [basecommands.smx] "Console<0><Console><Console>" changed cvar (cvar "sv_maxupdaterate") (value "100")
L 09/12/2026 - 21:49:25: [basecommands.smx] "Console<0><Console><Console>" changed cvar (cvar "sv_mincmdrate") (value "100")
L 09/12/2026 - 21:49:25: [basecommands.smx] "Console<0><Console><Console>" changed cvar (cvar "sv_maxcmdrate") (value "100")
L 09/12/2026 - 21:49:25: [basecommands.smx] "Console<0><Console><Console>" changed cvar (cvar "sv_client_min_interp_ratio") (value "0")
L 09/12/2026 - 21:49:25: [basecommands.smx] "Console<0><Console><Console>" changed cvar (cvar "sv_client_max_interp_ratio") (value "0")
L 09/12/2026 - 21:49:25: [basecommands.smx] "Console<0><Console><Console>" changed cvar (cvar "sv_minrate") (value "100000")
L 09/12/2026 - 21:49:25: [basecommands.smx] "Console<0><Console><Console>" changed cvar (cvar "sv_maxrate") (value "100000")
L 09/12/2026 - 21:49:25: [basecommands.smx] "Console<0><Console><Console>" changed cvar (cvar "net_splitpacket_maxrate") (value "100000")
L 09/12/2026 - 21:49:25: [basecommands.smx] "Console<0><Console><Console>" changed cvar (cvar "net_maxcleartime") (value "0.0001")
L 09/12/2026 - 21:49:25: [basecommands.smx] "Console<0><Console><Console>" changed cvar (cvar "sv_clockcorrection_msecs") (value "20")
L 09/12/2026 - 21:49:25: [basecommands.smx] "Console<0><Console><Console>" changed cvar (cvar "sv_unlag_fixstuck") (value "1")
L 09/12/2026 - 21:49:25: [basecommands.smx] "Console<0><Console><Console>" changed cvar (cvar "sv_forcepreload") (value "1")
L 09/12/2026 - 21:49:25: [basecommands.smx] "Console<0><Console><Console>" changed cvar (cvar "fps_max") (value "0")
L 09/12/2026 - 21:49:25: [basecommands.smx] "Console<0><Console><Console>" changed cvar (cvar "nb_update_frequency") (value "0.01")
L 09/12/2026 - 21:49:25: [basecommands.smx] "Console<0><Console><Console>" changed cvar (cvar "nb_update_maxslide") (value "1")
L 09/12/2026 - 21:49:25: [basecommands.smx] "Console<0><Console><Console>" changed cvar (cvar "nb_update_framelimit") (value "5")
L 09/12/2026 - 21:49:25: [basecommands.smx] "Console<0><Console><Console>" changed cvar (cvar "sv_max_queries_sec_global") (value "20")
L 09/12/2026 - 21:49:25: [basecommands.smx] "Console<0><Console><Console>" changed cvar (cvar "sv_max_queries_sec") (value "3")
L 09/12/2026 - 21:49:25: [basecommands.smx] "Console<0><Console><Console>" changed cvar (cvar "sv_max_queries_window") (value "10")
L 09/12/2026 - 21:49:27: [optional/l4d2_saferoom_item_remove.smx] Removed 4 saferoom item(s) (start: 4; end: 0).
L 09/12/2026 - 21:50:40: [basecommands.smx] "Console<0><Console><Console>" changed map to "l4d2_daybreak01_hotel" (input "l4d2_daybreak01_hotel")
L 09/12/2026 - 21:50:43: [SM] Changed map to "l4d2_daybreak01_hotel"
L 09/12/2026 - 21:50:47: -------- Mapchange to l4d2_daybreak01_hotel --------
L 09/12/2026 - 21:50:50: [optional/l4d2_saferoom_detect.smx] [SI] SaferoomInfo for l4d2_daybreak01_hotel is missing.
L 09/12/2026 - 21:50:50: [basecommands.smx] "Console<0><Console><Console>" changed cvar (cvar "confogl_match_execcfg_plugins") (value "generalfixes.cfg;confogl_plugins.cfg;sharedplugins.cfg")
L 09/12/2026 - 21:50:50: [basecommands.smx] "Console<0><Console><Console>" changed cvar (cvar "l4d2_addons_eclipse") (value "0")
L 09/12/2026 - 21:50:50: [basecommands.smx] "Console<0><Console><Console>" changed cvar (cvar "tick_door_speed") (value "1.3")
L 09/12/2026 - 21:50:50: [basecommands.smx] "Console<0><Console><Console>" changed cvar (cvar "mv_maxplayers") (value "30")
L 09/12/2026 - 21:50:50: [basecommands.smx] "Console<0><Console><Console>" changed cvar (cvar "sv_allow_wait_command") (value "0")
L 09/12/2026 - 21:50:50: [basecommands.smx] "Console<0><Console><Console>" changed cvar (cvar "sv_maxunlag") (value "0.35")
L 09/12/2026 - 21:50:50: [basecommands.smx] "Console<0><Console><Console>" changed cvar (cvar "sv_minupdaterate") (value "100")
L 09/12/2026 - 21:50:50: [basecommands.smx] "Console<0><Console><Console>" changed cvar (cvar "sv_maxupdaterate") (value "100")
L 09/12/2026 - 21:50:50: [basecommands.smx] "Console<0><Console><Console>" changed cvar (cvar "sv_mincmdrate") (value "100")
L 09/12/2026 - 21:50:50: [basecommands.smx] "Console<0><Console><Console>" changed cvar (cvar "sv_maxcmdrate") (value "100")
L 09/12/2026 - 21:50:50: [basecommands.smx] "Console<0><Console><Console>" changed cvar (cvar "sv_client_min_interp_ratio") (value "0")
L 09/12/2026 - 21:50:50: [basecommands.smx] "Console<0><Console><Console>" changed cvar (cvar "sv_client_max_interp_ratio") (value "0")
L 09/12/2026 - 21:50:50: [basecommands.smx] "Console<0><Console><Console>" changed cvar (cvar "sv_minrate") (value "100000")
L 09/12/2026 - 21:50:50: [basecommands.smx] "Console<0><Console><Console>" changed cvar (cvar "sv_maxrate") (value "100000")
L 09/12/2026 - 21:50:50: [basecommands.smx] "Console<0><Console><Console>" changed cvar (cvar "net_splitpacket_maxrate") (value "100000")
L 09/12/2026 - 21:50:50: [basecommands.smx] "Console<0><Console><Console>" changed cvar (cvar "net_maxcleartime") (value "0.0001")
L 09/12/2026 - 21:50:50: [basecommands.smx] "Console<0><Console><Console>" changed cvar (cvar "sv_clockcorrection_msecs") (value "20")
L 09/12/2026 - 21:50:50: [basecommands.smx] "Console<0><Console><Console>" changed cvar (cvar "sv_unlag_fixstuck") (value "1")
L 09/12/2026 - 21:50:50: [basecommands.smx] "Console<0><Console><Console>" changed cvar (cvar "sv_forcepreload") (value "1")
L 09/12/2026 - 21:50:50: [basecommands.smx] "Console<0><Console><Console>" changed cvar (cvar "fps_max") (value "0")
L 09/12/2026 - 21:50:50: [basecommands.smx] "Console<0><Console><Console>" changed cvar (cvar "nb_update_frequency") (value "0.01")
L 09/12/2026 - 21:50:50: [basecommands.smx] "Console<0><Console><Console>" changed cvar (cvar "nb_update_maxslide") (value "1")
L 09/12/2026 - 21:50:50: [basecommands.smx] "Console<0><Console><Console>" changed cvar (cvar "nb_update_framelimit") (value "5")
L 09/12/2026 - 21:50:50: [basecommands.smx] "Console<0><Console><Console>" changed cvar (cvar "sv_max_queries_sec_global") (value "20")
L 09/12/2026 - 21:50:50: [basecommands.smx] "Console<0><Console><Console>" changed cvar (cvar "sv_max_queries_sec") (value "3")
L 09/12/2026 - 21:50:50: [basecommands.smx] "Console<0><Console><Console>" changed cvar (cvar "sv_max_queries_window") (value "10")
L 09/12/2026 - 21:50:51: [optional/l4d2_saferoom_item_remove.smx] Removed 0 saferoom item(s) (start: 0; end: 0).
L 09/12/2026 - 22:09:57: [optional/l4d2_saferoom_item_remove.smx] Removed 0 saferoom item(s) (start: 0; end: 0).
L 09/12/2026 - 22:20:49: -------- Mapchange to l4d2_daybreak02_coastline --------
L 09/12/2026 - 22:20:51: [optional/l4d2_saferoom_detect.smx] [SI] SaferoomInfo for l4d2_daybreak02_coastline is missing.
L 09/12/2026 - 22:20:52: [basecommands.smx] "Console<0><Console><Console>" changed cvar (cvar "confogl_match_execcfg_plugins") (value "generalfixes.cfg;confogl_plugins.cfg;sharedplugins.cfg")
L 09/12/2026 - 22:20:52: [basecommands.smx] "Console<0><Console><Console>" changed cvar (cvar "l4d2_addons_eclipse") (value "0")
L 09/12/2026 - 22:20:52: [basecommands.smx] "Console<0><Console><Console>" changed cvar (cvar "tick_door_speed") (value "1.3")
L 09/12/2026 - 22:20:52: [basecommands.smx] "Console<0><Console><Console>" changed cvar (cvar "mv_maxplayers") (value "30")
L 09/12/2026 - 22:20:52: [basecommands.smx] "Console<0><Console><Console>" changed cvar (cvar "sv_allow_wait_command") (value "0")
L 09/12/2026 - 22:20:52: [basecommands.smx] "Console<0><Console><Console>" changed cvar (cvar "sv_maxunlag") (value "0.35")
L 09/12/2026 - 22:20:52: [basecommands.smx] "Console<0><Console><Console>" changed cvar (cvar "sv_minupdaterate") (value "100")
L 09/12/2026 - 22:20:52: [basecommands.smx] "Console<0><Console><Console>" changed cvar (cvar "sv_maxupdaterate") (value "100")
L 09/12/2026 - 22:20:52: [basecommands.smx] "Console<0><Console><Console>" changed cvar (cvar "sv_mincmdrate") (value "100")
L 09/12/2026 - 22:20:52: [basecommands.smx] "Console<0><Console><Console>" changed cvar (cvar "sv_maxcmdrate") (value "100")
L 09/12/2026 - 22:20:52: [basecommands.smx] "Console<0><Console><Console>" changed cvar (cvar "sv_client_min_interp_ratio") (value "0")
L 09/12/2026 - 22:20:52: [basecommands.smx] "Console<0><Console><Console>" changed cvar (cvar "sv_client_max_interp_ratio") (value "0")
L 09/12/2026 - 22:20:52: [basecommands.smx] "Console<0><Console><Console>" changed cvar (cvar "sv_minrate") (value "100000")
L 09/12/2026 - 22:20:52: [basecommands.smx] "Console<0><Console><Console>" changed cvar (cvar "sv_maxrate") (value "100000")
L 09/12/2026 - 22:20:52: [basecommands.smx] "Console<0><Console><Console>" changed cvar (cvar "net_splitpacket_maxrate") (value "100000")
L 09/12/2026 - 22:20:52: [basecommands.smx] "Console<0><Console><Console>" changed cvar (cvar "net_maxcleartime") (value "0.0001")
L 09/12/2026 - 22:20:52: [basecommands.smx] "Console<0><Console><Console>" changed cvar (cvar "sv_clockcorrection_msecs") (value "20")
L 09/12/2026 - 22:20:52: [basecommands.smx] "Console<0><Console><Console>" changed cvar (cvar "sv_unlag_fixstuck") (value "1")
L 09/12/2026 - 22:20:52: [basecommands.smx] "Console<0><Console><Console>" changed cvar (cvar "sv_forcepreload") (value "1")
L 09/12/2026 - 22:20:52: [basecommands.smx] "Console<0><Console><Console>" changed cvar (cvar "fps_max") (value "0")
L 09/12/2026 - 22:20:52: [basecommands.smx] "Console<0><Console><Console>" changed cvar (cvar "nb_update_frequency") (value "0.01")
L 09/12/2026 - 22:20:52: [basecommands.smx] "Console<0><Console><Console>" changed cvar (cvar "nb_update_maxslide") (value "1")
L 09/12/2026 - 22:20:52: [basecommands.smx] "Console<0><Console><Console>" changed cvar (cvar "nb_update_framelimit") (value "5")
L 09/12/2026 - 22:20:52: [basecommands.smx] "Console<0><Console><Console>" changed cvar (cvar "sv_max_queries_sec_global") (value "20")
L 09/12/2026 - 22:20:52: [basecommands.smx] "Console<0><Console><Console>" changed cvar (cvar "sv_max_queries_sec") (value "3")
L 09/12/2026 - 22:20:52: [basecommands.smx] "Console<0><Console><Console>" changed cvar (cvar "sv_max_queries_window") (value "10")
L 09/12/2026 - 22:20:53: [optional/l4d2_saferoom_item_remove.smx] Removed 0 saferoom item(s) (start: 0; end: 0).
L 09/12/2026 - 22:27:16: [optional/l4d2_saferoom_item_remove.smx] Removed 0 saferoom item(s) (start: 0; end: 0).
L 09/12/2026 - 22:33:05: -------- Mapchange to l4d2_daybreak03_bridge --------
L 09/12/2026 - 22:33:07: [optional/l4d2_saferoom_detect.smx] [SI] SaferoomInfo for l4d2_daybreak03_bridge is missing.
L 09/12/2026 - 22:33:07: [basecommands.smx] "Console<0><Console><Console>" changed cvar (cvar "confogl_match_execcfg_plugins") (value "generalfixes.cfg;confogl_plugins.cfg;sharedplugins.cfg")
L 09/12/2026 - 22:33:07: [basecommands.smx] "Console<0><Console><Console>" changed cvar (cvar "l4d2_addons_eclipse") (value "0")
L 09/12/2026 - 22:33:07: [basecommands.smx] "Console<0><Console><Console>" changed cvar (cvar "tick_door_speed") (value "1.3")
L 09/12/2026 - 22:33:07: [basecommands.smx] "Console<0><Console><Console>" changed cvar (cvar "mv_maxplayers") (value "30")
L 09/12/2026 - 22:33:07: [basecommands.smx] "Console<0><Console><Console>" changed cvar (cvar "sv_allow_wait_command") (value "0")
L 09/12/2026 - 22:33:07: [basecommands.smx] "Console<0><Console><Console>" changed cvar (cvar "sv_maxunlag") (value "0.35")
L 09/12/2026 - 22:33:07: [basecommands.smx] "Console<0><Console><Console>" changed cvar (cvar "sv_minupdaterate") (value "100")
L 09/12/2026 - 22:33:07: [basecommands.smx] "Console<0><Console><Console>" changed cvar (cvar "sv_maxupdaterate") (value "100")
L 09/12/2026 - 22:33:07: [basecommands.smx] "Console<0><Console><Console>" changed cvar (cvar "sv_mincmdrate") (value "100")
L 09/12/2026 - 22:33:07: [basecommands.smx] "Console<0><Console><Console>" changed cvar (cvar "sv_maxcmdrate") (value "100")
L 09/12/2026 - 22:33:07: [basecommands.smx] "Console<0><Console><Console>" changed cvar (cvar "sv_client_min_interp_ratio") (value "0")
L 09/12/2026 - 22:33:07: [basecommands.smx] "Console<0><Console><Console>" changed cvar (cvar "sv_client_max_interp_ratio") (value "0")
L 09/12/2026 - 22:33:07: [basecommands.smx] "Console<0><Console><Console>" changed cvar (cvar "sv_minrate") (value "100000")
L 09/12/2026 - 22:33:07: [basecommands.smx] "Console<0><Console><Console>" changed cvar (cvar "sv_maxrate") (value "100000")
L 09/12/2026 - 22:33:07: [basecommands.smx] "Console<0><Console><Console>" changed cvar (cvar "net_splitpacket_maxrate") (value "100000")
L 09/12/2026 - 22:33:07: [basecommands.smx] "Console<0><Console><Console>" changed cvar (cvar "net_maxcleartime") (value "0.0001")
L 09/12/2026 - 22:33:07: [basecommands.smx] "Console<0><Console><Console>" changed cvar (cvar "sv_clockcorrection_msecs") (value "20")
L 09/12/2026 - 22:33:07: [basecommands.smx] "Console<0><Console><Console>" changed cvar (cvar "sv_unlag_fixstuck") (value "1")
L 09/12/2026 - 22:33:07: [basecommands.smx] "Console<0><Console><Console>" changed cvar (cvar "sv_forcepreload") (value "1")
L 09/12/2026 - 22:33:07: [basecommands.smx] "Console<0><Console><Console>" changed cvar (cvar "fps_max") (value "0")
L 09/12/2026 - 22:33:07: [basecommands.smx] "Console<0><Console><Console>" changed cvar (cvar "nb_update_frequency") (value "0.01")
L 09/12/2026 - 22:33:07: [basecommands.smx] "Console<0><Console><Console>" changed cvar (cvar "nb_update_maxslide") (value "1")
L 09/12/2026 - 22:33:07: [basecommands.smx] "Console<0><Console><Console>" changed cvar (cvar "nb_update_framelimit") (value "5")
L 09/12/2026 - 22:33:07: [basecommands.smx] "Console<0><Console><Console>" changed cvar (cvar "sv_max_queries_sec_global") (value "20")
L 09/12/2026 - 22:33:07: [basecommands.smx] "Console<0><Console><Console>" changed cvar (cvar "sv_max_queries_sec") (value "3")
L 09/12/2026 - 22:33:07: [basecommands.smx] "Console<0><Console><Console>" changed cvar (cvar "sv_max_queries_window") (value "10")
L 09/12/2026 - 22:33:08: [optional/l4d2_saferoom_item_remove.smx] Removed 0 saferoom item(s) (start: 0; end: 0).
L 09/12/2026 - 22:45:49: [optional/l4d2_saferoom_item_remove.smx] Removed 0 saferoom item(s) (start: 0; end: 0).
L 09/12/2026 - 22:50:58: -------- Mapchange to l4d2_daybreak04_cruise --------
L 09/12/2026 - 22:51:00: [optional/l4d2_saferoom_detect.smx] [SI] SaferoomInfo for l4d2_daybreak04_cruise is missing.
L 09/12/2026 - 22:51:00: [basecommands.smx] "Console<0><Console><Console>" changed cvar (cvar "confogl_match_execcfg_plugins") (value "generalfixes.cfg;confogl_plugins.cfg;sharedplugins.cfg")
L 09/12/2026 - 22:51:00: [basecommands.smx] "Console<0><Console><Console>" changed cvar (cvar "l4d2_addons_eclipse") (value "0")
L 09/12/2026 - 22:51:00: [basecommands.smx] "Console<0><Console><Console>" changed cvar (cvar "tick_door_speed") (value "1.3")
L 09/12/2026 - 22:51:00: [basecommands.smx] "Console<0><Console><Console>" changed cvar (cvar "mv_maxplayers") (value "30")
L 09/12/2026 - 22:51:00: [basecommands.smx] "Console<0><Console><Console>" changed cvar (cvar "sv_allow_wait_command") (value "0")
L 09/12/2026 - 22:51:00: [basecommands.smx] "Console<0><Console><Console>" changed cvar (cvar "sv_maxunlag") (value "0.35")
L 09/12/2026 - 22:51:00: [basecommands.smx] "Console<0><Console><Console>" changed cvar (cvar "sv_minupdaterate") (value "100")
L 09/12/2026 - 22:51:00: [basecommands.smx] "Console<0><Console><Console>" changed cvar (cvar "sv_maxupdaterate") (value "100")
L 09/12/2026 - 22:51:00: [basecommands.smx] "Console<0><Console><Console>" changed cvar (cvar "sv_mincmdrate") (value "100")
L 09/12/2026 - 22:51:00: [basecommands.smx] "Console<0><Console><Console>" changed cvar (cvar "sv_maxcmdrate") (value "100")
L 09/12/2026 - 22:51:00: [basecommands.smx] "Console<0><Console><Console>" changed cvar (cvar "sv_client_min_interp_ratio") (value "0")
L 09/12/2026 - 22:51:00: [basecommands.smx] "Console<0><Console><Console>" changed cvar (cvar "sv_client_max_interp_ratio") (value "0")
L 09/12/2026 - 22:51:00: [basecommands.smx] "Console<0><Console><Console>" changed cvar (cvar "sv_minrate") (value "100000")
L 09/12/2026 - 22:51:00: [basecommands.smx] "Console<0><Console><Console>" changed cvar (cvar "sv_maxrate") (value "100000")
L 09/12/2026 - 22:51:00: [basecommands.smx] "Console<0><Console><Console>" changed cvar (cvar "net_splitpacket_maxrate") (value "100000")
L 09/12/2026 - 22:51:00: [basecommands.smx] "Console<0><Console><Console>" changed cvar (cvar "net_maxcleartime") (value "0.0001")
L 09/12/2026 - 22:51:00: [basecommands.smx] "Console<0><Console><Console>" changed cvar (cvar "sv_clockcorrection_msecs") (value "20")
L 09/12/2026 - 22:51:00: [basecommands.smx] "Console<0><Console><Console>" changed cvar (cvar "sv_unlag_fixstuck") (value "1")
L 09/12/2026 - 22:51:00: [basecommands.smx] "Console<0><Console><Console>" changed cvar (cvar "sv_forcepreload") (value "1")
L 09/12/2026 - 22:51:00: [basecommands.smx] "Console<0><Console><Console>" changed cvar (cvar "fps_max") (value "0")
L 09/12/2026 - 22:51:00: [basecommands.smx] "Console<0><Console><Console>" changed cvar (cvar "nb_update_frequency") (value "0.01")
L 09/12/2026 - 22:51:00: [basecommands.smx] "Console<0><Console><Console>" changed cvar (cvar "nb_update_maxslide") (value "1")
L 09/12/2026 - 22:51:00: [basecommands.smx] "Console<0><Console><Console>" changed cvar (cvar "nb_update_framelimit") (value "5")
L 09/12/2026 - 22:51:00: [basecommands.smx] "Console<0><Console><Console>" changed cvar (cvar "sv_max_queries_sec_global") (value "20")
L 09/12/2026 - 22:51:00: [basecommands.smx] "Console<0><Console><Console>" changed cvar (cvar "sv_max_queries_sec") (value "3")
L 09/12/2026 - 22:51:00: [basecommands.smx] "Console<0><Console><Console>" changed cvar (cvar "sv_max_queries_window") (value "10")
L 09/12/2026 - 22:51:01: [optional/l4d2_saferoom_item_remove.smx] Removed 0 saferoom item(s) (start: 0; end: 0).
L 09/12/2026 - 23:05:09: [optional/l4d2_saferoom_item_remove.smx] Removed 0 saferoom item(s) (start: 0; end: 0).
L 09/12/2026 - 23:12:54: -------- Mapchange to l4d2_daybreak05_rescue --------
L 09/12/2026 - 23:12:57: [optional/l4d2_saferoom_detect.smx] [SI] SaferoomInfo for l4d2_daybreak05_rescue is missing.
L 09/12/2026 - 23:12:58: [basecommands.smx] "Console<0><Console><Console>" changed cvar (cvar "confogl_match_execcfg_plugins") (value "generalfixes.cfg;confogl_plugins.cfg;sharedplugins.cfg")
L 09/12/2026 - 23:12:58: [basecommands.smx] "Console<0><Console><Console>" changed cvar (cvar "l4d2_addons_eclipse") (value "0")
L 09/12/2026 - 23:12:58: [basecommands.smx] "Console<0><Console><Console>" changed cvar (cvar "tick_door_speed") (value "1.3")
L 09/12/2026 - 23:12:58: [basecommands.smx] "Console<0><Console><Console>" changed cvar (cvar "mv_maxplayers") (value "30")
L 09/12/2026 - 23:12:58: [basecommands.smx] "Console<0><Console><Console>" changed cvar (cvar "sv_allow_wait_command") (value "0")
L 09/12/2026 - 23:12:58: [basecommands.smx] "Console<0><Console><Console>" changed cvar (cvar "sv_maxunlag") (value "0.35")
L 09/12/2026 - 23:12:58: [basecommands.smx] "Console<0><Console><Console>" changed cvar (cvar "sv_minupdaterate") (value "100")
L 09/12/2026 - 23:12:58: [basecommands.smx] "Console<0><Console><Console>" changed cvar (cvar "sv_maxupdaterate") (value "100")
L 09/12/2026 - 23:12:58: [basecommands.smx] "Console<0><Console><Console>" changed cvar (cvar "sv_mincmdrate") (value "100")
L 09/12/2026 - 23:12:58: [basecommands.smx] "Console<0><Console><Console>" changed cvar (cvar "sv_maxcmdrate") (value "100")
L 09/12/2026 - 23:12:58: [basecommands.smx] "Console<0><Console><Console>" changed cvar (cvar "sv_client_min_interp_ratio") (value "0")
L 09/12/2026 - 23:12:58: [basecommands.smx] "Console<0><Console><Console>" changed cvar (cvar "sv_client_max_interp_ratio") (value "0")
L 09/12/2026 - 23:12:58: [basecommands.smx] "Console<0><Console><Console>" changed cvar (cvar "sv_minrate") (value "100000")
L 09/12/2026 - 23:12:58: [basecommands.smx] "Console<0><Console><Console>" changed cvar (cvar "sv_maxrate") (value "100000")
L 09/12/2026 - 23:12:58: [basecommands.smx] "Console<0><Console><Console>" changed cvar (cvar "net_splitpacket_maxrate") (value "100000")
L 09/12/2026 - 23:12:58: [basecommands.smx] "Console<0><Console><Console>" changed cvar (cvar "net_maxcleartime") (value "0.0001")
L 09/12/2026 - 23:12:58: [basecommands.smx] "Console<0><Console><Console>" changed cvar (cvar "sv_clockcorrection_msecs") (value "20")
L 09/12/2026 - 23:12:58: [basecommands.smx] "Console<0><Console><Console>" changed cvar (cvar "sv_unlag_fixstuck") (value "1")
L 09/12/2026 - 23:12:58: [basecommands.smx] "Console<0><Console><Console>" changed cvar (cvar "sv_forcepreload") (value "1")
L 09/12/2026 - 23:12:58: [basecommands.smx] "Console<0><Console><Console>" changed cvar (cvar "fps_max") (value "0")
L 09/12/2026 - 23:12:58: [basecommands.smx] "Console<0><Console><Console>" changed cvar (cvar "nb_update_frequency") (value "0.01")
L 09/12/2026 - 23:12:58: [basecommands.smx] "Console<0><Console><Console>" changed cvar (cvar "nb_update_maxslide") (value "1")
L 09/12/2026 - 23:12:58: [basecommands.smx] "Console<0><Console><Console>" changed cvar (cvar "nb_update_framelimit") (value "5")
L 09/12/2026 - 23:12:58: [basecommands.smx] "Console<0><Console><Console>" changed cvar (cvar "sv_max_queries_sec_global") (value "20")
L 09/12/2026 - 23:12:58: [basecommands.smx] "Console<0><Console><Console>" changed cvar (cvar "sv_max_queries_sec") (value "3")
L 09/12/2026 - 23:12:58: [basecommands.smx] "Console<0><Console><Console>" changed cvar (cvar "sv_max_queries_window") (value "10")
L 09/12/2026 - 23:12:59: [optional/l4d2_saferoom_item_remove.smx] Removed 0 saferoom item(s) (start: 0; end: 0).
L 09/12/2026 - 23:13:47: [basecommands.smx] "Console<0><Console><Console>" changed map to "c1m1_hotel" (input "c1m1_hotel")
L 09/12/2026 - 23:13:50: [SM] Changed map to "c1m1_hotel"
L 09/12/2026 - 23:13:51: -------- Mapchange to c1m1_hotel --------
L 09/12/2026 - 23:13:53: [basecommands.smx] "Console<0><Console><Console>" changed cvar (cvar "confogl_match_execcfg_plugins") (value "generalfixes.cfg;confogl_plugins.cfg;sharedplugins.cfg")
L 09/12/2026 - 23:13:53: [basecommands.smx] "Console<0><Console><Console>" changed cvar (cvar "l4d2_addons_eclipse") (value "0")
L 09/12/2026 - 23:13:53: [basecommands.smx] "Console<0><Console><Console>" changed cvar (cvar "tick_door_speed") (value "1.3")
L 09/12/2026 - 23:13:53: [basecommands.smx] "Console<0><Console><Console>" changed cvar (cvar "mv_maxplayers") (value "30")
L 09/12/2026 - 23:13:53: [basecommands.smx] "Console<0><Console><Console>" changed cvar (cvar "sv_allow_wait_command") (value "0")
L 09/12/2026 - 23:13:53: [basecommands.smx] "Console<0><Console><Console>" changed cvar (cvar "sv_maxunlag") (value "0.35")
L 09/12/2026 - 23:13:53: [basecommands.smx] "Console<0><Console><Console>" changed cvar (cvar "sv_minupdaterate") (value "100")
L 09/12/2026 - 23:13:53: [basecommands.smx] "Console<0><Console><Console>" changed cvar (cvar "sv_maxupdaterate") (value "100")
L 09/12/2026 - 23:13:53: [basecommands.smx] "Console<0><Console><Console>" changed cvar (cvar "sv_mincmdrate") (value "100")
L 09/12/2026 - 23:13:53: [basecommands.smx] "Console<0><Console><Console>" changed cvar (cvar "sv_maxcmdrate") (value "100")
L 09/12/2026 - 23:13:53: [basecommands.smx] "Console<0><Console><Console>" changed cvar (cvar "sv_client_min_interp_ratio") (value "0")
L 09/12/2026 - 23:13:53: [basecommands.smx] "Console<0><Console><Console>" changed cvar (cvar "sv_client_max_interp_ratio") (value "0")
L 09/12/2026 - 23:13:53: [basecommands.smx] "Console<0><Console><Console>" changed cvar (cvar "sv_minrate") (value "100000")
L 09/12/2026 - 23:13:53: [basecommands.smx] "Console<0><Console><Console>" changed cvar (cvar "sv_maxrate") (value "100000")
L 09/12/2026 - 23:13:53: [basecommands.smx] "Console<0><Console><Console>" changed cvar (cvar "net_splitpacket_maxrate") (value "100000")
L 09/12/2026 - 23:13:53: [basecommands.smx] "Console<0><Console><Console>" changed cvar (cvar "net_maxcleartime") (value "0.0001")
L 09/12/2026 - 23:13:53: [basecommands.smx] "Console<0><Console><Console>" changed cvar (cvar "sv_clockcorrection_msecs") (value "20")
L 09/12/2026 - 23:13:53: [basecommands.smx] "Console<0><Console><Console>" changed cvar (cvar "sv_unlag_fixstuck") (value "1")
L 09/12/2026 - 23:13:53: [basecommands.smx] "Console<0><Console><Console>" changed cvar (cvar "sv_forcepreload") (value "1")
L 09/12/2026 - 23:13:53: [basecommands.smx] "Console<0><Console><Console>" changed cvar (cvar "fps_max") (value "0")
L 09/12/2026 - 23:13:53: [basecommands.smx] "Console<0><Console><Console>" changed cvar (cvar "nb_update_frequency") (value "0.01")
L 09/12/2026 - 23:13:53: [basecommands.smx] "Console<0><Console><Console>" changed cvar (cvar "nb_update_maxslide") (value "1")
L 09/12/2026 - 23:13:53: [basecommands.smx] "Console<0><Console><Console>" changed cvar (cvar "nb_update_framelimit") (value "5")
L 09/12/2026 - 23:13:53: [basecommands.smx] "Console<0><Console><Console>" changed cvar (cvar "sv_max_queries_sec_global") (value "20")
L 09/12/2026 - 23:13:53: [basecommands.smx] "Console<0><Console><Console>" changed cvar (cvar "sv_max_queries_sec") (value "3")
L 09/12/2026 - 23:13:53: [basecommands.smx] "Console<0><Console><Console>" changed cvar (cvar "sv_max_queries_window") (value "10")
L 09/12/2026 - 23:13:54: [optional/l4d2_saferoom_item_remove.smx] Removed 4 saferoom item(s) (start: 4; end: 0).
L 09/12/2026 - 23:27:13: [optional/l4d2_saferoom_item_remove.smx] Removed 4 saferoom item(s) (start: 4; end: 0).
L 09/12/2026 - 23:34:11: -------- Mapchange to c1m2_streets --------
L 09/12/2026 - 23:34:13: [basecommands.smx] "Console<0><Console><Console>" changed cvar (cvar "confogl_match_execcfg_plugins") (value "generalfixes.cfg;confogl_plugins.cfg;sharedplugins.cfg")
L 09/12/2026 - 23:34:13: [basecommands.smx] "Console<0><Console><Console>" changed cvar (cvar "l4d2_addons_eclipse") (value "0")
L 09/12/2026 - 23:34:13: [basecommands.smx] "Console<0><Console><Console>" changed cvar (cvar "tick_door_speed") (value "1.3")
L 09/12/2026 - 23:34:13: [basecommands.smx] "Console<0><Console><Console>" changed cvar (cvar "mv_maxplayers") (value "30")
L 09/12/2026 - 23:34:13: [basecommands.smx] "Console<0><Console><Console>" changed cvar (cvar "sv_allow_wait_command") (value "0")
L 09/12/2026 - 23:34:13: [basecommands.smx] "Console<0><Console><Console>" changed cvar (cvar "sv_maxunlag") (value "0.35")
L 09/12/2026 - 23:34:13: [basecommands.smx] "Console<0><Console><Console>" changed cvar (cvar "sv_minupdaterate") (value "100")
L 09/12/2026 - 23:34:13: [basecommands.smx] "Console<0><Console><Console>" changed cvar (cvar "sv_maxupdaterate") (value "100")
L 09/12/2026 - 23:34:13: [basecommands.smx] "Console<0><Console><Console>" changed cvar (cvar "sv_mincmdrate") (value "100")
L 09/12/2026 - 23:34:13: [basecommands.smx] "Console<0><Console><Console>" changed cvar (cvar "sv_maxcmdrate") (value "100")
L 09/12/2026 - 23:34:13: [basecommands.smx] "Console<0><Console><Console>" changed cvar (cvar "sv_client_min_interp_ratio") (value "0")
L 09/12/2026 - 23:34:13: [basecommands.smx] "Console<0><Console><Console>" changed cvar (cvar "sv_client_max_interp_ratio") (value "0")
L 09/12/2026 - 23:34:13: [basecommands.smx] "Console<0><Console><Console>" changed cvar (cvar "sv_minrate") (value "100000")
L 09/12/2026 - 23:34:13: [basecommands.smx] "Console<0><Console><Console>" changed cvar (cvar "sv_maxrate") (value "100000")
L 09/12/2026 - 23:34:13: [basecommands.smx] "Console<0><Console><Console>" changed cvar (cvar "net_splitpacket_maxrate") (value "100000")
L 09/12/2026 - 23:34:13: [basecommands.smx] "Console<0><Console><Console>" changed cvar (cvar "net_maxcleartime") (value "0.0001")
L 09/12/2026 - 23:34:13: [basecommands.smx] "Console<0><Console><Console>" changed cvar (cvar "sv_clockcorrection_msecs") (value "20")
L 09/12/2026 - 23:34:13: [basecommands.smx] "Console<0><Console><Console>" changed cvar (cvar "sv_unlag_fixstuck") (value "1")
L 09/12/2026 - 23:34:13: [basecommands.smx] "Console<0><Console><Console>" changed cvar (cvar "sv_forcepreload") (value "1")
L 09/12/2026 - 23:34:13: [basecommands.smx] "Console<0><Console><Console>" changed cvar (cvar "fps_max") (value "0")
L 09/12/2026 - 23:34:13: [basecommands.smx] "Console<0><Console><Console>" changed cvar (cvar "nb_update_frequency") (value "0.01")
L 09/12/2026 - 23:34:13: [basecommands.smx] "Console<0><Console><Console>" changed cvar (cvar "nb_update_maxslide") (value "1")
L 09/12/2026 - 23:34:13: [basecommands.smx] "Console<0><Console><Console>" changed cvar (cvar "nb_update_framelimit") (value "5")
L 09/12/2026 - 23:34:13: [basecommands.smx] "Console<0><Console><Console>" changed cvar (cvar "sv_max_queries_sec_global") (value "20")
L 09/12/2026 - 23:34:13: [basecommands.smx] "Console<0><Console><Console>" changed cvar (cvar "sv_max_queries_sec") (value "3")
L 09/12/2026 - 23:34:13: [basecommands.smx] "Console<0><Console><Console>" changed cvar (cvar "sv_max_queries_window") (value "10")
L 09/12/2026 - 23:34:15: [optional/l4d2_saferoom_item_remove.smx] Removed 3 saferoom item(s) (start: 3; end: 0).
L 09/12/2026 - 23:40:10: [optional/l4d2_saferoom_item_remove.smx] Removed 3 saferoom item(s) (start: 3; end: 0).
L 09/12/2026 - 23:45:55: -------- Mapchange to c1m3_mall --------
L 09/12/2026 - 23:45:59: [basecommands.smx] "Console<0><Console><Console>" changed cvar (cvar "confogl_match_execcfg_plugins") (value "generalfixes.cfg;confogl_plugins.cfg;sharedplugins.cfg")
L 09/12/2026 - 23:45:59: [basecommands.smx] "Console<0><Console><Console>" changed cvar (cvar "l4d2_addons_eclipse") (value "0")
L 09/12/2026 - 23:45:59: [basecommands.smx] "Console<0><Console><Console>" changed cvar (cvar "tick_door_speed") (value "1.3")
L 09/12/2026 - 23:45:59: [basecommands.smx] "Console<0><Console><Console>" changed cvar (cvar "mv_maxplayers") (value "30")
L 09/12/2026 - 23:45:59: [basecommands.smx] "Console<0><Console><Console>" changed cvar (cvar "sv_allow_wait_command") (value "0")
L 09/12/2026 - 23:45:59: [basecommands.smx] "Console<0><Console><Console>" changed cvar (cvar "sv_maxunlag") (value "0.35")
L 09/12/2026 - 23:45:59: [basecommands.smx] "Console<0><Console><Console>" changed cvar (cvar "sv_minupdaterate") (value "100")
L 09/12/2026 - 23:45:59: [basecommands.smx] "Console<0><Console><Console>" changed cvar (cvar "sv_maxupdaterate") (value "100")
L 09/12/2026 - 23:45:59: [basecommands.smx] "Console<0><Console><Console>" changed cvar (cvar "sv_mincmdrate") (value "100")
L 09/12/2026 - 23:45:59: [basecommands.smx] "Console<0><Console><Console>" changed cvar (cvar "sv_maxcmdrate") (value "100")
L 09/12/2026 - 23:45:59: [basecommands.smx] "Console<0><Console><Console>" changed cvar (cvar "sv_client_min_interp_ratio") (value "0")
L 09/12/2026 - 23:45:59: [basecommands.smx] "Console<0><Console><Console>" changed cvar (cvar "sv_client_max_interp_ratio") (value "0")
L 09/12/2026 - 23:45:59: [basecommands.smx] "Console<0><Console><Console>" changed cvar (cvar "sv_minrate") (value "100000")
L 09/12/2026 - 23:45:59: [basecommands.smx] "Console<0><Console><Console>" changed cvar (cvar "sv_maxrate") (value "100000")
L 09/12/2026 - 23:45:59: [basecommands.smx] "Console<0><Console><Console>" changed cvar (cvar "net_splitpacket_maxrate") (value "100000")
L 09/12/2026 - 23:45:59: [basecommands.smx] "Console<0><Console><Console>" changed cvar (cvar "net_maxcleartime") (value "0.0001")
L 09/12/2026 - 23:45:59: [basecommands.smx] "Console<0><Console><Console>" changed cvar (cvar "sv_clockcorrection_msecs") (value "20")
L 09/12/2026 - 23:45:59: [basecommands.smx] "Console<0><Console><Console>" changed cvar (cvar "sv_unlag_fixstuck") (value "1")
L 09/12/2026 - 23:45:59: [basecommands.smx] "Console<0><Console><Console>" changed cvar (cvar "sv_forcepreload") (value "1")
L 09/12/2026 - 23:45:59: [basecommands.smx] "Console<0><Console><Console>" changed cvar (cvar "fps_max") (value "0")
L 09/12/2026 - 23:45:59: [basecommands.smx] "Console<0><Console><Console>" changed cvar (cvar "nb_update_frequency") (value "0.01")
L 09/12/2026 - 23:45:59: [basecommands.smx] "Console<0><Console><Console>" changed cvar (cvar "nb_update_maxslide") (value "1")
L 09/12/2026 - 23:45:59: [basecommands.smx] "Console<0><Console><Console>" changed cvar (cvar "nb_update_framelimit") (value "5")
L 09/12/2026 - 23:45:59: [basecommands.smx] "Console<0><Console><Console>" changed cvar (cvar "sv_max_queries_sec_global") (value "20")
L 09/12/2026 - 23:45:59: [basecommands.smx] "Console<0><Console><Console>" changed cvar (cvar "sv_max_queries_sec") (value "3")
L 09/12/2026 - 23:45:59: [basecommands.smx] "Console<0><Console><Console>" changed cvar (cvar "sv_max_queries_window") (value "10")
L 09/12/2026 - 23:46:00: [optional/l4d2_saferoom_item_remove.smx] Removed 2 saferoom item(s) (start: 0; end: 2).
L 09/12/2026 - 23:53:43: [optional/l4d2_saferoom_item_remove.smx] Removed 2 saferoom item(s) (start: 0; end: 2).
L 09/13/2026 - 00:00:27: Log file closed.
