L 07/12/2025 - 13:59:00: SourceMod log file session started (file "/root/Steam/steamapps/common/L4D21/left4dead2/addons/sourcemod/logs/L20250712.log") (Version "1.12.0.7195")
L 07/12/2025 - 13:59:00: [fixes/firebulletsfix.smx] Found offset for Weapon_ShootPosition 286
L 07/12/2025 - 13:59:00: [confoglcompmod.smx] [PasswordSystem] Set password on Kobe Bryant, password 
L 07/12/2025 - 13:59:00: [optional/l4d2_item_hint.smx] 
==========
Warning: You should install "[L4D & L4D2] Use Priority Patch" to fix attached models blocking +USE action (item hint): https://forums.alliedmods.net/showthread.php?t=327511
==========

L 07/12/2025 - 13:59:00: [optional/chat-processor.smx] Message formats generated for game 'left4dead2'.
L 07/12/2025 - 13:59:00: [optional/chat-processor.smx] Successfully hooked a SayText2 chat hook.
L 07/12/2025 - 13:59:00: [basecommands.smx] "Console<0><Console><Console>" changed cvar (cvar "survivor_max_incapacitated_count") (value "2")
L 07/12/2025 - 13:59:04: -------- Mapchange to c2m1_highway --------
L 07/12/2025 - 13:59:05: [basecommands.smx] "Console<0><Console><Console>" changed cvar (cvar "confogl_match_execcfg_plugins") (value "generalfixes.cfg;confogl_plugins.cfg;sharedplugins.cfg")
L 07/12/2025 - 13:59:05: [basecommands.smx] "Console<0><Console><Console>" changed cvar (cvar "l4d2_addons_eclipse") (value "0")
L 07/12/2025 - 13:59:05: [basecommands.smx] "Console<0><Console><Console>" changed cvar (cvar "sv_allow_wait_command") (value "0")
L 07/12/2025 - 13:59:05: [basecommands.smx] "Console<0><Console><Console>" changed cvar (cvar "sv_minrate") (value "100000")
L 07/12/2025 - 13:59:05: [basecommands.smx] "Console<0><Console><Console>" changed cvar (cvar "sv_maxrate") (value "100000")
L 07/12/2025 - 13:59:05: [basecommands.smx] "Console<0><Console><Console>" changed cvar (cvar "sv_minupdaterate") (value "100")
L 07/12/2025 - 13:59:05: [basecommands.smx] "Console<0><Console><Console>" changed cvar (cvar "sv_maxupdaterate") (value "100")
L 07/12/2025 - 13:59:05: [basecommands.smx] "Console<0><Console><Console>" changed cvar (cvar "sv_mincmdrate") (value "100")
L 07/12/2025 - 13:59:05: [basecommands.smx] "Console<0><Console><Console>" changed cvar (cvar "sv_maxcmdrate") (value "100")
L 07/12/2025 - 13:59:05: [basecommands.smx] "Console<0><Console><Console>" changed cvar (cvar "sv_client_min_interp_ratio") (value "-1")
L 07/12/2025 - 13:59:05: [basecommands.smx] "Console<0><Console><Console>" changed cvar (cvar "sv_client_max_interp_ratio") (value "0")
L 07/12/2025 - 13:59:05: [basecommands.smx] "Console<0><Console><Console>" changed cvar (cvar "nb_update_frequency") (value "0.014")
L 07/12/2025 - 13:59:05: [basecommands.smx] "Console<0><Console><Console>" changed cvar (cvar "net_splitpacket_maxrate") (value "50000")
L 07/12/2025 - 13:59:05: [basecommands.smx] "Console<0><Console><Console>" changed cvar (cvar "net_maxcleartime") (value "0.0001")
L 07/12/2025 - 13:59:05: [basecommands.smx] "Console<0><Console><Console>" changed cvar (cvar "fps_max") (value "0")
L 07/12/2025 - 13:59:05: [basecommands.smx] "Console<0><Console><Console>" changed cvar (cvar "tick_door_speed") (value "1.3")
L 07/12/2025 - 13:59:05: [basecommands.smx] "Console<0><Console><Console>" changed cvar (cvar "mv_maxplayers") (value "30")
L 07/12/2025 - 13:59:05: [basecommands.smx] "Console<0><Console><Console>" changed cvar (cvar "mp_autoteambalance") (value "0")
L 07/12/2025 - 13:59:05: [basecommands.smx] "Console<0><Console><Console>" changed cvar (cvar "sv_unlag_fixstuck") (value "1")
L 07/12/2025 - 13:59:05: [basecommands.smx] "Console<0><Console><Console>" changed cvar (cvar "z_brawl_chance") (value "0")
L 07/12/2025 - 13:59:05: [basecommands.smx] "Console<0><Console><Console>" changed cvar (cvar "sv_maxunlag") (value "1")
L 07/12/2025 - 13:59:05: [basecommands.smx] "Console<0><Console><Console>" changed cvar (cvar "sv_forcepreload") (value "1")
L 07/12/2025 - 13:59:05: [basecommands.smx] "Console<0><Console><Console>" changed cvar (cvar "sv_client_predict") (value "1")
L 07/12/2025 - 13:59:05: [basecommands.smx] "Console<0><Console><Console>" changed cvar (cvar "sv_client_cmdrate_difference") (value "0")
L 07/12/2025 - 13:59:05: [basecommands.smx] "Console<0><Console><Console>" changed cvar (cvar "sv_max_queries_sec_global") (value "10")
L 07/12/2025 - 13:59:05: [basecommands.smx] "Console<0><Console><Console>" changed cvar (cvar "sv_max_queries_sec") (value "3")
L 07/12/2025 - 13:59:05: [basecommands.smx] "Console<0><Console><Console>" changed cvar (cvar "sv_max_queries_window") (value "10")
L 07/12/2025 - 13:59:05: [basecommands.smx] "Console<0><Console><Console>" changed cvar (cvar "sv_player_stuck_tolerance") (value "5")
L 07/12/2025 - 13:59:05: [basecommands.smx] "Console<0><Console><Console>" changed cvar (cvar "sv_stats") (value "0")
L 07/12/2025 - 13:59:05: [basecommands.smx] "Console<0><Console><Console>" changed cvar (cvar "sv_clockcorrection_msecs") (value "25")
L 07/12/2025 - 13:59:05: [basecommands.smx] "Console<0><Console><Console>" changed cvar (cvar "survivor_max_incapacitated_count") (value "2")
L 07/12/2025 - 13:59:06: [optional/chat-processor.smx] Message formats generated for game 'left4dead2'.
L 07/12/2025 - 13:59:06: [optional/chat-processor.smx] Successfully hooked a SayText2 chat hook.
L 07/12/2025 - 13:59:07: [optional/l4d2_saferoom_item_remove.smx] Removed 0 saferoom item(s) (start: 0; end: 0).
L 07/12/2025 - 13:59:50: SourceMod log file session started (file "/root/Steam/steamapps/common/L4D21/left4dead2/addons/sourcemod/logs/L20250712.log") (Version "1.12.0.7195")
L 07/12/2025 - 13:59:50: [fixes/firebulletsfix.smx] Found offset for Weapon_ShootPosition 286
L 07/12/2025 - 13:59:53: [basecommands.smx] "Console<0><Console><Console>" changed cvar (cvar "confogl_match_execcfg_plugins") (value "generalfixes.cfg;confogl_plugins.cfg;sharedplugins.cfg")
L 07/12/2025 - 13:59:53: [basecommands.smx] "Console<0><Console><Console>" changed cvar (cvar "l4d2_addons_eclipse") (value "0")
L 07/12/2025 - 13:59:53: [basecommands.smx] "Console<0><Console><Console>" changed cvar (cvar "sv_allow_wait_command") (value "0")
L 07/12/2025 - 13:59:53: [basecommands.smx] "Console<0><Console><Console>" changed cvar (cvar "sv_minrate") (value "100000")
L 07/12/2025 - 13:59:53: [basecommands.smx] "Console<0><Console><Console>" changed cvar (cvar "sv_maxrate") (value "100000")
L 07/12/2025 - 13:59:53: [basecommands.smx] "Console<0><Console><Console>" changed cvar (cvar "sv_minupdaterate") (value "100")
L 07/12/2025 - 13:59:53: [basecommands.smx] "Console<0><Console><Console>" changed cvar (cvar "sv_maxupdaterate") (value "100")
L 07/12/2025 - 13:59:53: [basecommands.smx] "Console<0><Console><Console>" changed cvar (cvar "sv_mincmdrate") (value "100")
L 07/12/2025 - 13:59:53: [basecommands.smx] "Console<0><Console><Console>" changed cvar (cvar "sv_maxcmdrate") (value "100")
L 07/12/2025 - 13:59:53: [basecommands.smx] "Console<0><Console><Console>" changed cvar (cvar "sv_client_min_interp_ratio") (value "-1")
L 07/12/2025 - 13:59:53: [basecommands.smx] "Console<0><Console><Console>" changed cvar (cvar "sv_client_max_interp_ratio") (value "0")
L 07/12/2025 - 13:59:53: [basecommands.smx] "Console<0><Console><Console>" changed cvar (cvar "nb_update_frequency") (value "0.014")
L 07/12/2025 - 13:59:53: [basecommands.smx] "Console<0><Console><Console>" changed cvar (cvar "net_splitpacket_maxrate") (value "50000")
L 07/12/2025 - 13:59:53: [basecommands.smx] "Console<0><Console><Console>" changed cvar (cvar "net_maxcleartime") (value "0.0001")
L 07/12/2025 - 13:59:53: [basecommands.smx] "Console<0><Console><Console>" changed cvar (cvar "fps_max") (value "0")
L 07/12/2025 - 13:59:53: [basecommands.smx] "Console<0><Console><Console>" changed cvar (cvar "tick_door_speed") (value "1.3")
L 07/12/2025 - 13:59:53: [basecommands.smx] "Console<0><Console><Console>" changed cvar (cvar "mv_maxplayers") (value "30")
L 07/12/2025 - 13:59:53: [basecommands.smx] "Console<0><Console><Console>" changed cvar (cvar "mp_autoteambalance") (value "0")
L 07/12/2025 - 13:59:53: [basecommands.smx] "Console<0><Console><Console>" changed cvar (cvar "sv_unlag_fixstuck") (value "1")
L 07/12/2025 - 13:59:53: [basecommands.smx] "Console<0><Console><Console>" changed cvar (cvar "z_brawl_chance") (value "0")
L 07/12/2025 - 13:59:53: [basecommands.smx] "Console<0><Console><Console>" changed cvar (cvar "sv_maxunlag") (value "1")
L 07/12/2025 - 13:59:53: [basecommands.smx] "Console<0><Console><Console>" changed cvar (cvar "sv_forcepreload") (value "1")
L 07/12/2025 - 13:59:53: [basecommands.smx] "Console<0><Console><Console>" changed cvar (cvar "sv_client_predict") (value "1")
L 07/12/2025 - 13:59:53: [basecommands.smx] "Console<0><Console><Console>" changed cvar (cvar "sv_client_cmdrate_difference") (value "0")
L 07/12/2025 - 13:59:53: [basecommands.smx] "Console<0><Console><Console>" changed cvar (cvar "sv_max_queries_sec_global") (value "10")
L 07/12/2025 - 13:59:53: [basecommands.smx] "Console<0><Console><Console>" changed cvar (cvar "sv_max_queries_sec") (value "3")
L 07/12/2025 - 13:59:53: [basecommands.smx] "Console<0><Console><Console>" changed cvar (cvar "sv_max_queries_window") (value "10")
L 07/12/2025 - 13:59:53: [basecommands.smx] "Console<0><Console><Console>" changed cvar (cvar "sv_player_stuck_tolerance") (value "5")
L 07/12/2025 - 13:59:53: [basecommands.smx] "Console<0><Console><Console>" changed cvar (cvar "sv_stats") (value "0")
L 07/12/2025 - 13:59:53: [basecommands.smx] "Console<0><Console><Console>" changed cvar (cvar "sv_clockcorrection_msecs") (value "25")
L 07/12/2025 - 13:59:53: [basecommands.smx] "Console<0><Console><Console>" changed cvar (cvar "survivor_max_incapacitated_count") (value "2")
L 07/12/2025 - 13:59:53: [fixes/firebulletsfix.smx] Found offset for Weapon_ShootPosition 286
L 07/12/2025 - 13:59:53: [optional/l4d2_item_hint.smx] 
==========
Warning: You should install "[L4D & L4D2] Use Priority Patch" to fix attached models blocking +USE action (item hint): https://forums.alliedmods.net/showthread.php?t=327511
==========

L 07/12/2025 - 13:59:53: [GEOIP] GeoIP2 database loaded: GeoLite2-Country (2023-12-22 14:46:10 UTC) (/root/Steam/steamapps/common/L4D21/left4dead2/addons/sourcemod/configs/geoip/GeoLite2-Country.mmdb)
L 07/12/2025 - 13:59:53: [GEOIP] GeoIP2 supported languages: de en es fr ja pt-BR ru zh-CN
L 07/12/2025 - 13:59:53: [GEOIP] Your database is older than 90 days. You should consider downloading a newer version from e.g. https://dev.maxmind.com/geoip/geolite2-free-geolocation-data
L 07/12/2025 - 13:59:54: [optional/chat-processor.smx] Message formats generated for game 'left4dead2'.
L 07/12/2025 - 13:59:54: [optional/chat-processor.smx] Successfully hooked a SayText2 chat hook.
L 07/12/2025 - 13:59:57: -------- Mapchange to c2m1_highway --------
L 07/12/2025 - 13:59:59: [basecommands.smx] "Console<0><Console><Console>" changed cvar (cvar "confogl_match_execcfg_plugins") (value "generalfixes.cfg;confogl_plugins.cfg;sharedplugins.cfg")
L 07/12/2025 - 13:59:59: [basecommands.smx] "Console<0><Console><Console>" changed cvar (cvar "l4d2_addons_eclipse") (value "0")
L 07/12/2025 - 13:59:59: [basecommands.smx] "Console<0><Console><Console>" changed cvar (cvar "sv_allow_wait_command") (value "0")
L 07/12/2025 - 13:59:59: [basecommands.smx] "Console<0><Console><Console>" changed cvar (cvar "sv_minrate") (value "100000")
L 07/12/2025 - 13:59:59: [basecommands.smx] "Console<0><Console><Console>" changed cvar (cvar "sv_maxrate") (value "100000")
L 07/12/2025 - 13:59:59: [basecommands.smx] "Console<0><Console><Console>" changed cvar (cvar "sv_minupdaterate") (value "100")
L 07/12/2025 - 13:59:59: [basecommands.smx] "Console<0><Console><Console>" changed cvar (cvar "sv_maxupdaterate") (value "100")
L 07/12/2025 - 13:59:59: [basecommands.smx] "Console<0><Console><Console>" changed cvar (cvar "sv_mincmdrate") (value "100")
L 07/12/2025 - 13:59:59: [basecommands.smx] "Console<0><Console><Console>" changed cvar (cvar "sv_maxcmdrate") (value "100")
L 07/12/2025 - 13:59:59: [basecommands.smx] "Console<0><Console><Console>" changed cvar (cvar "sv_client_min_interp_ratio") (value "-1")
L 07/12/2025 - 13:59:59: [basecommands.smx] "Console<0><Console><Console>" changed cvar (cvar "sv_client_max_interp_ratio") (value "0")
L 07/12/2025 - 13:59:59: [basecommands.smx] "Console<0><Console><Console>" changed cvar (cvar "nb_update_frequency") (value "0.014")
L 07/12/2025 - 13:59:59: [basecommands.smx] "Console<0><Console><Console>" changed cvar (cvar "net_splitpacket_maxrate") (value "50000")
L 07/12/2025 - 13:59:59: [basecommands.smx] "Console<0><Console><Console>" changed cvar (cvar "net_maxcleartime") (value "0.0001")
L 07/12/2025 - 13:59:59: [basecommands.smx] "Console<0><Console><Console>" changed cvar (cvar "fps_max") (value "0")
L 07/12/2025 - 13:59:59: [basecommands.smx] "Console<0><Console><Console>" changed cvar (cvar "tick_door_speed") (value "1.3")
L 07/12/2025 - 13:59:59: [basecommands.smx] "Console<0><Console><Console>" changed cvar (cvar "mv_maxplayers") (value "30")
L 07/12/2025 - 13:59:59: [basecommands.smx] "Console<0><Console><Console>" changed cvar (cvar "mp_autoteambalance") (value "0")
L 07/12/2025 - 13:59:59: [basecommands.smx] "Console<0><Console><Console>" changed cvar (cvar "sv_unlag_fixstuck") (value "1")
L 07/12/2025 - 13:59:59: [basecommands.smx] "Console<0><Console><Console>" changed cvar (cvar "z_brawl_chance") (value "0")
L 07/12/2025 - 13:59:59: [basecommands.smx] "Console<0><Console><Console>" changed cvar (cvar "sv_maxunlag") (value "1")
L 07/12/2025 - 13:59:59: [basecommands.smx] "Console<0><Console><Console>" changed cvar (cvar "sv_forcepreload") (value "1")
L 07/12/2025 - 13:59:59: [basecommands.smx] "Console<0><Console><Console>" changed cvar (cvar "sv_client_predict") (value "1")
L 07/12/2025 - 13:59:59: [basecommands.smx] "Console<0><Console><Console>" changed cvar (cvar "sv_client_cmdrate_difference") (value "0")
L 07/12/2025 - 13:59:59: [basecommands.smx] "Console<0><Console><Console>" changed cvar (cvar "sv_max_queries_sec_global") (value "10")
L 07/12/2025 - 13:59:59: [basecommands.smx] "Console<0><Console><Console>" changed cvar (cvar "sv_max_queries_sec") (value "3")
L 07/12/2025 - 13:59:59: [basecommands.smx] "Console<0><Console><Console>" changed cvar (cvar "sv_max_queries_window") (value "10")
L 07/12/2025 - 13:59:59: [basecommands.smx] "Console<0><Console><Console>" changed cvar (cvar "sv_player_stuck_tolerance") (value "5")
L 07/12/2025 - 13:59:59: [basecommands.smx] "Console<0><Console><Console>" changed cvar (cvar "sv_stats") (value "0")
L 07/12/2025 - 13:59:59: [basecommands.smx] "Console<0><Console><Console>" changed cvar (cvar "sv_clockcorrection_msecs") (value "25")
L 07/12/2025 - 13:59:59: [basecommands.smx] "Console<0><Console><Console>" changed cvar (cvar "survivor_max_incapacitated_count") (value "2")
L 07/12/2025 - 13:59:59: [optional/chat-processor.smx] Message formats generated for game 'left4dead2'.
L 07/12/2025 - 13:59:59: [optional/chat-processor.smx] Successfully hooked a SayText2 chat hook.
L 07/12/2025 - 14:00:00: [optional/l4d2_saferoom_item_remove.smx] Removed 0 saferoom item(s) (start: 0; end: 0).
L 07/12/2025 - 14:01:12: -------- Mapchange to c8m1_apartment --------
L 07/12/2025 - 14:01:14: [basecommands.smx] "Console<0><Console><Console>" changed cvar (cvar "confogl_match_execcfg_plugins") (value "generalfixes.cfg;confogl_plugins.cfg;sharedplugins.cfg")
L 07/12/2025 - 14:01:14: [basecommands.smx] "Console<0><Console><Console>" changed cvar (cvar "l4d2_addons_eclipse") (value "0")
L 07/12/2025 - 14:01:14: [basecommands.smx] "Console<0><Console><Console>" changed cvar (cvar "sv_allow_wait_command") (value "0")
L 07/12/2025 - 14:01:14: [basecommands.smx] "Console<0><Console><Console>" changed cvar (cvar "sv_minrate") (value "100000")
L 07/12/2025 - 14:01:14: [basecommands.smx] "Console<0><Console><Console>" changed cvar (cvar "sv_maxrate") (value "100000")
L 07/12/2025 - 14:01:14: [basecommands.smx] "Console<0><Console><Console>" changed cvar (cvar "sv_minupdaterate") (value "100")
L 07/12/2025 - 14:01:14: [basecommands.smx] "Console<0><Console><Console>" changed cvar (cvar "sv_maxupdaterate") (value "100")
L 07/12/2025 - 14:01:14: [basecommands.smx] "Console<0><Console><Console>" changed cvar (cvar "sv_mincmdrate") (value "100")
L 07/12/2025 - 14:01:14: [basecommands.smx] "Console<0><Console><Console>" changed cvar (cvar "sv_maxcmdrate") (value "100")
L 07/12/2025 - 14:01:14: [basecommands.smx] "Console<0><Console><Console>" changed cvar (cvar "sv_client_min_interp_ratio") (value "-1")
L 07/12/2025 - 14:01:14: [basecommands.smx] "Console<0><Console><Console>" changed cvar (cvar "sv_client_max_interp_ratio") (value "0")
L 07/12/2025 - 14:01:14: [basecommands.smx] "Console<0><Console><Console>" changed cvar (cvar "nb_update_frequency") (value "0.014")
L 07/12/2025 - 14:01:14: [basecommands.smx] "Console<0><Console><Console>" changed cvar (cvar "net_splitpacket_maxrate") (value "50000")
L 07/12/2025 - 14:01:14: [basecommands.smx] "Console<0><Console><Console>" changed cvar (cvar "net_maxcleartime") (value "0.0001")
L 07/12/2025 - 14:01:14: [basecommands.smx] "Console<0><Console><Console>" changed cvar (cvar "fps_max") (value "0")
L 07/12/2025 - 14:01:14: [basecommands.smx] "Console<0><Console><Console>" changed cvar (cvar "tick_door_speed") (value "1.3")
L 07/12/2025 - 14:01:14: [basecommands.smx] "Console<0><Console><Console>" changed cvar (cvar "mv_maxplayers") (value "30")
L 07/12/2025 - 14:01:14: [basecommands.smx] "Console<0><Console><Console>" changed cvar (cvar "mp_autoteambalance") (value "0")
L 07/12/2025 - 14:01:14: [basecommands.smx] "Console<0><Console><Console>" changed cvar (cvar "sv_unlag_fixstuck") (value "1")
L 07/12/2025 - 14:01:14: [basecommands.smx] "Console<0><Console><Console>" changed cvar (cvar "z_brawl_chance") (value "0")
L 07/12/2025 - 14:01:14: [basecommands.smx] "Console<0><Console><Console>" changed cvar (cvar "sv_maxunlag") (value "1")
L 07/12/2025 - 14:01:14: [basecommands.smx] "Console<0><Console><Console>" changed cvar (cvar "sv_forcepreload") (value "1")
L 07/12/2025 - 14:01:14: [basecommands.smx] "Console<0><Console><Console>" changed cvar (cvar "sv_client_predict") (value "1")
L 07/12/2025 - 14:01:14: [basecommands.smx] "Console<0><Console><Console>" changed cvar (cvar "sv_client_cmdrate_difference") (value "0")
L 07/12/2025 - 14:01:14: [basecommands.smx] "Console<0><Console><Console>" changed cvar (cvar "sv_max_queries_sec_global") (value "10")
L 07/12/2025 - 14:01:14: [basecommands.smx] "Console<0><Console><Console>" changed cvar (cvar "sv_max_queries_sec") (value "3")
L 07/12/2025 - 14:01:14: [basecommands.smx] "Console<0><Console><Console>" changed cvar (cvar "sv_max_queries_window") (value "10")
L 07/12/2025 - 14:01:14: [basecommands.smx] "Console<0><Console><Console>" changed cvar (cvar "sv_player_stuck_tolerance") (value "5")
L 07/12/2025 - 14:01:14: [basecommands.smx] "Console<0><Console><Console>" changed cvar (cvar "sv_stats") (value "0")
L 07/12/2025 - 14:01:14: [basecommands.smx] "Console<0><Console><Console>" changed cvar (cvar "sv_clockcorrection_msecs") (value "25")
L 07/12/2025 - 14:01:14: [basecommands.smx] "Console<0><Console><Console>" changed cvar (cvar "survivor_max_incapacitated_count") (value "2")
L 07/12/2025 - 14:01:14: [optional/chat-processor.smx] Message formats generated for game 'left4dead2'.
L 07/12/2025 - 14:01:14: [optional/chat-processor.smx] Successfully hooked a SayText2 chat hook.
L 07/12/2025 - 14:01:15: [optional/l4d2_saferoom_item_remove.smx] Removed 2 saferoom item(s) (start: 2; end: 0).
L 07/12/2025 - 14:01:49: [fixes/firebulletsfix.smx] Found offset for Weapon_ShootPosition 286
L 07/12/2025 - 14:01:49: [confoglcompmod.smx] [PasswordSystem] Set password on 思, password 
L 07/12/2025 - 14:01:49: [confoglcompmod.smx] [PasswordSystem] Set password on 若能化作基米, password 
L 07/12/2025 - 14:01:49: [basecommands.smx] "Console<0><Console><Console>" changed cvar (cvar "survivor_max_incapacitated_count") (value "2")
L 07/12/2025 - 14:02:19: [fixes/firebulletsfix.smx] Found offset for Weapon_ShootPosition 286
L 07/12/2025 - 14:02:19: [confoglcompmod.smx] [PasswordSystem] Set password on 思, password 
L 07/12/2025 - 14:02:19: [confoglcompmod.smx] [PasswordSystem] Set password on 若能化作基米, password 
L 07/12/2025 - 14:02:19: [optional/l4d2_item_hint.smx] 
==========
Warning: You should install "[L4D & L4D2] Use Priority Patch" to fix attached models blocking +USE action (item hint): https://forums.alliedmods.net/showthread.php?t=327511
==========

L 07/12/2025 - 14:02:19: [optional/chat-processor.smx] Message formats generated for game 'left4dead2'.
L 07/12/2025 - 14:02:19: [optional/chat-processor.smx] Successfully hooked a SayText2 chat hook.
L 07/12/2025 - 14:02:19: [basecommands.smx] "Console<0><Console><Console>" changed cvar (cvar "survivor_max_incapacitated_count") (value "2")
L 07/12/2025 - 14:02:23: -------- Mapchange to c8m1_apartment --------
L 07/12/2025 - 14:02:24: [basecommands.smx] "Console<0><Console><Console>" changed cvar (cvar "confogl_match_execcfg_plugins") (value "generalfixes.cfg;confogl_plugins.cfg;sharedplugins.cfg")
L 07/12/2025 - 14:02:24: [basecommands.smx] "Console<0><Console><Console>" changed cvar (cvar "l4d2_addons_eclipse") (value "0")
L 07/12/2025 - 14:02:24: [basecommands.smx] "Console<0><Console><Console>" changed cvar (cvar "sv_allow_wait_command") (value "0")
L 07/12/2025 - 14:02:24: [basecommands.smx] "Console<0><Console><Console>" changed cvar (cvar "sv_minrate") (value "100000")
L 07/12/2025 - 14:02:24: [basecommands.smx] "Console<0><Console><Console>" changed cvar (cvar "sv_maxrate") (value "100000")
L 07/12/2025 - 14:02:24: [basecommands.smx] "Console<0><Console><Console>" changed cvar (cvar "sv_minupdaterate") (value "100")
L 07/12/2025 - 14:02:24: [basecommands.smx] "Console<0><Console><Console>" changed cvar (cvar "sv_maxupdaterate") (value "100")
L 07/12/2025 - 14:02:24: [basecommands.smx] "Console<0><Console><Console>" changed cvar (cvar "sv_mincmdrate") (value "100")
L 07/12/2025 - 14:02:24: [basecommands.smx] "Console<0><Console><Console>" changed cvar (cvar "sv_maxcmdrate") (value "100")
L 07/12/2025 - 14:02:24: [basecommands.smx] "Console<0><Console><Console>" changed cvar (cvar "sv_client_min_interp_ratio") (value "-1")
L 07/12/2025 - 14:02:24: [basecommands.smx] "Console<0><Console><Console>" changed cvar (cvar "sv_client_max_interp_ratio") (value "0")
L 07/12/2025 - 14:02:24: [basecommands.smx] "Console<0><Console><Console>" changed cvar (cvar "nb_update_frequency") (value "0.014")
L 07/12/2025 - 14:02:24: [basecommands.smx] "Console<0><Console><Console>" changed cvar (cvar "net_splitpacket_maxrate") (value "50000")
L 07/12/2025 - 14:02:24: [basecommands.smx] "Console<0><Console><Console>" changed cvar (cvar "net_maxcleartime") (value "0.0001")
L 07/12/2025 - 14:02:24: [basecommands.smx] "Console<0><Console><Console>" changed cvar (cvar "fps_max") (value "0")
L 07/12/2025 - 14:02:24: [basecommands.smx] "Console<0><Console><Console>" changed cvar (cvar "tick_door_speed") (value "1.3")
L 07/12/2025 - 14:02:24: [basecommands.smx] "Console<0><Console><Console>" changed cvar (cvar "mv_maxplayers") (value "30")
L 07/12/2025 - 14:02:24: [basecommands.smx] "Console<0><Console><Console>" changed cvar (cvar "mp_autoteambalance") (value "0")
L 07/12/2025 - 14:02:24: [basecommands.smx] "Console<0><Console><Console>" changed cvar (cvar "sv_unlag_fixstuck") (value "1")
L 07/12/2025 - 14:02:24: [basecommands.smx] "Console<0><Console><Console>" changed cvar (cvar "z_brawl_chance") (value "0")
L 07/12/2025 - 14:02:24: [basecommands.smx] "Console<0><Console><Console>" changed cvar (cvar "sv_maxunlag") (value "1")
L 07/12/2025 - 14:02:24: [basecommands.smx] "Console<0><Console><Console>" changed cvar (cvar "sv_forcepreload") (value "1")
L 07/12/2025 - 14:02:24: [basecommands.smx] "Console<0><Console><Console>" changed cvar (cvar "sv_client_predict") (value "1")
L 07/12/2025 - 14:02:24: [basecommands.smx] "Console<0><Console><Console>" changed cvar (cvar "sv_client_cmdrate_difference") (value "0")
L 07/12/2025 - 14:02:24: [basecommands.smx] "Console<0><Console><Console>" changed cvar (cvar "sv_max_queries_sec_global") (value "10")
L 07/12/2025 - 14:02:24: [basecommands.smx] "Console<0><Console><Console>" changed cvar (cvar "sv_max_queries_sec") (value "3")
L 07/12/2025 - 14:02:24: [basecommands.smx] "Console<0><Console><Console>" changed cvar (cvar "sv_max_queries_window") (value "10")
L 07/12/2025 - 14:02:24: [basecommands.smx] "Console<0><Console><Console>" changed cvar (cvar "sv_player_stuck_tolerance") (value "5")
L 07/12/2025 - 14:02:24: [basecommands.smx] "Console<0><Console><Console>" changed cvar (cvar "sv_stats") (value "0")
L 07/12/2025 - 14:02:24: [basecommands.smx] "Console<0><Console><Console>" changed cvar (cvar "sv_clockcorrection_msecs") (value "25")
L 07/12/2025 - 14:02:24: [basecommands.smx] "Console<0><Console><Console>" changed cvar (cvar "survivor_max_incapacitated_count") (value "2")
L 07/12/2025 - 14:02:24: [optional/chat-processor.smx] Message formats generated for game 'left4dead2'.
L 07/12/2025 - 14:02:24: [optional/chat-processor.smx] Successfully hooked a SayText2 chat hook.
L 07/12/2025 - 14:02:26: [optional/l4d2_saferoom_item_remove.smx] Removed 2 saferoom item(s) (start: 2; end: 0).
L 07/12/2025 - 14:06:34: [playercommands.smx] "Kobe Bryant<16><STEAM_1:1:801237070><>" slapped "Louis<19><BOT><>" (damage "0")
L 07/12/2025 - 14:06:34: [playercommands.smx] "Kobe Bryant<16><STEAM_1:1:801237070><>" slapped "Louis<19><BOT><>" (damage "0")
L 07/12/2025 - 14:06:34: [playercommands.smx] "Kobe Bryant<16><STEAM_1:1:801237070><>" slapped "Louis<19><BOT><>" (damage "0")
L 07/12/2025 - 14:06:36: [playercommands.smx] "Kobe Bryant<16><STEAM_1:1:801237070><>" slapped "Kobe Bryant<16><STEAM_1:1:801237070><>" (damage "0")
L 07/12/2025 - 14:06:36: [playercommands.smx] "Kobe Bryant<16><STEAM_1:1:801237070><>" slapped "Kobe Bryant<16><STEAM_1:1:801237070><>" (damage "0")
L 07/12/2025 - 14:06:38: [playercommands.smx] "Kobe Bryant<16><STEAM_1:1:801237070><>" slapped "Louis<19><BOT><>" (damage "0")
L 07/12/2025 - 14:06:40: [playercommands.smx] "Kobe Bryant<16><STEAM_1:1:801237070><>" slapped "Louis<19><BOT><>" (damage "0")
L 07/12/2025 - 14:06:40: [playercommands.smx] "Kobe Bryant<16><STEAM_1:1:801237070><>" slapped "Louis<19><BOT><>" (damage "0")
L 07/12/2025 - 14:06:40: [playercommands.smx] "Kobe Bryant<16><STEAM_1:1:801237070><>" slapped "Louis<19><BOT><>" (damage "0")
L 07/12/2025 - 14:06:40: [playercommands.smx] "Kobe Bryant<16><STEAM_1:1:801237070><>" slapped "Louis<19><BOT><>" (damage "0")
L 07/12/2025 - 14:06:40: [playercommands.smx] "Kobe Bryant<16><STEAM_1:1:801237070><>" slapped "Louis<19><BOT><>" (damage "0")
L 07/12/2025 - 14:06:40: [playercommands.smx] "Kobe Bryant<16><STEAM_1:1:801237070><>" slapped "Louis<19><BOT><>" (damage "0")
L 07/12/2025 - 14:06:41: [playercommands.smx] "Kobe Bryant<16><STEAM_1:1:801237070><>" slapped "Louis<19><BOT><>" (damage "0")
L 07/12/2025 - 14:06:41: [playercommands.smx] "Kobe Bryant<16><STEAM_1:1:801237070><>" slapped "Louis<19><BOT><>" (damage "0")
L 07/12/2025 - 14:06:41: [playercommands.smx] "Kobe Bryant<16><STEAM_1:1:801237070><>" slapped "Louis<19><BOT><>" (damage "0")
L 07/12/2025 - 14:06:41: [playercommands.smx] "Kobe Bryant<16><STEAM_1:1:801237070><>" slapped "Louis<19><BOT><>" (damage "0")
L 07/12/2025 - 14:06:41: [playercommands.smx] "Kobe Bryant<16><STEAM_1:1:801237070><>" slapped "Louis<19><BOT><>" (damage "0")
L 07/12/2025 - 14:06:41: [playercommands.smx] "Kobe Bryant<16><STEAM_1:1:801237070><>" slapped "Louis<19><BOT><>" (damage "0")
L 07/12/2025 - 14:06:48: [playercommands.smx] "Kobe Bryant<16><STEAM_1:1:801237070><>" slapped "Kobe Bryant<16><STEAM_1:1:801237070><>" (damage "0")
L 07/12/2025 - 14:06:48: [playercommands.smx] "Kobe Bryant<16><STEAM_1:1:801237070><>" slapped "Kobe Bryant<16><STEAM_1:1:801237070><>" (damage "0")
L 07/12/2025 - 14:06:49: [playercommands.smx] "Kobe Bryant<16><STEAM_1:1:801237070><>" slapped "Kobe Bryant<16><STEAM_1:1:801237070><>" (damage "0")
L 07/12/2025 - 14:06:49: [playercommands.smx] "Kobe Bryant<16><STEAM_1:1:801237070><>" slapped "Kobe Bryant<16><STEAM_1:1:801237070><>" (damage "0")
L 07/12/2025 - 14:06:49: [playercommands.smx] "Kobe Bryant<16><STEAM_1:1:801237070><>" slapped "Kobe Bryant<16><STEAM_1:1:801237070><>" (damage "0")
L 07/12/2025 - 14:06:50: [playercommands.smx] "Kobe Bryant<16><STEAM_1:1:801237070><>" slapped "Kobe Bryant<16><STEAM_1:1:801237070><>" (damage "0")
L 07/12/2025 - 14:06:50: [playercommands.smx] "Kobe Bryant<16><STEAM_1:1:801237070><>" slapped "Kobe Bryant<16><STEAM_1:1:801237070><>" (damage "0")
L 07/12/2025 - 14:06:50: [playercommands.smx] "Kobe Bryant<16><STEAM_1:1:801237070><>" slapped "Kobe Bryant<16><STEAM_1:1:801237070><>" (damage "0")
L 07/12/2025 - 14:06:50: [playercommands.smx] "Kobe Bryant<16><STEAM_1:1:801237070><>" slapped "Kobe Bryant<16><STEAM_1:1:801237070><>" (damage "0")
L 07/12/2025 - 14:06:50: [playercommands.smx] "Kobe Bryant<16><STEAM_1:1:801237070><>" slapped "Kobe Bryant<16><STEAM_1:1:801237070><>" (damage "0")
L 07/12/2025 - 14:06:51: [playercommands.smx] "Kobe Bryant<16><STEAM_1:1:801237070><>" slapped "Kobe Bryant<16><STEAM_1:1:801237070><>" (damage "0")
L 07/12/2025 - 14:06:51: [playercommands.smx] "Kobe Bryant<16><STEAM_1:1:801237070><>" slapped "Kobe Bryant<16><STEAM_1:1:801237070><>" (damage "0")
L 07/12/2025 - 14:06:51: [playercommands.smx] "Kobe Bryant<16><STEAM_1:1:801237070><>" slapped "Kobe Bryant<16><STEAM_1:1:801237070><>" (damage "0")
L 07/12/2025 - 14:06:51: [playercommands.smx] "Kobe Bryant<16><STEAM_1:1:801237070><>" slapped "Kobe Bryant<16><STEAM_1:1:801237070><>" (damage "0")
L 07/12/2025 - 14:06:51: [playercommands.smx] "Kobe Bryant<16><STEAM_1:1:801237070><>" slapped "Kobe Bryant<16><STEAM_1:1:801237070><>" (damage "0")
L 07/12/2025 - 14:06:52: [playercommands.smx] "Kobe Bryant<16><STEAM_1:1:801237070><>" slapped "Kobe Bryant<16><STEAM_1:1:801237070><>" (damage "0")
L 07/12/2025 - 14:06:57: [playercommands.smx] "Kobe Bryant<16><STEAM_1:1:801237070><>" slapped "Kobe Bryant<16><STEAM_1:1:801237070><>" (damage "0")
L 07/12/2025 - 14:06:57: [playercommands.smx] "Kobe Bryant<16><STEAM_1:1:801237070><>" slapped "Kobe Bryant<16><STEAM_1:1:801237070><>" (damage "0")
L 07/12/2025 - 14:06:57: [playercommands.smx] "Kobe Bryant<16><STEAM_1:1:801237070><>" slapped "Kobe Bryant<16><STEAM_1:1:801237070><>" (damage "0")
L 07/12/2025 - 14:06:57: [playercommands.smx] "Kobe Bryant<16><STEAM_1:1:801237070><>" slapped "Kobe Bryant<16><STEAM_1:1:801237070><>" (damage "0")
L 07/12/2025 - 14:06:58: [playercommands.smx] "Kobe Bryant<16><STEAM_1:1:801237070><>" slapped "Kobe Bryant<16><STEAM_1:1:801237070><>" (damage "0")
L 07/12/2025 - 14:06:58: [playercommands.smx] "Kobe Bryant<16><STEAM_1:1:801237070><>" slapped "Kobe Bryant<16><STEAM_1:1:801237070><>" (damage "0")
L 07/12/2025 - 14:06:58: [playercommands.smx] "Kobe Bryant<16><STEAM_1:1:801237070><>" slapped "Kobe Bryant<16><STEAM_1:1:801237070><>" (damage "0")
L 07/12/2025 - 14:06:58: [playercommands.smx] "Kobe Bryant<16><STEAM_1:1:801237070><>" slapped "Kobe Bryant<16><STEAM_1:1:801237070><>" (damage "0")
L 07/12/2025 - 14:06:58: [playercommands.smx] "Kobe Bryant<16><STEAM_1:1:801237070><>" slapped "Kobe Bryant<16><STEAM_1:1:801237070><>" (damage "0")
L 07/12/2025 - 14:06:58: [playercommands.smx] "Kobe Bryant<16><STEAM_1:1:801237070><>" slapped "Kobe Bryant<16><STEAM_1:1:801237070><>" (damage "0")
L 07/12/2025 - 14:06:59: [playercommands.smx] "Kobe Bryant<16><STEAM_1:1:801237070><>" slapped "Kobe Bryant<16><STEAM_1:1:801237070><>" (damage "0")
L 07/12/2025 - 14:06:59: [playercommands.smx] "Kobe Bryant<16><STEAM_1:1:801237070><>" slapped "Kobe Bryant<16><STEAM_1:1:801237070><>" (damage "0")
L 07/12/2025 - 14:06:59: [playercommands.smx] "Kobe Bryant<16><STEAM_1:1:801237070><>" slapped "Kobe Bryant<16><STEAM_1:1:801237070><>" (damage "0")
L 07/12/2025 - 14:06:59: [playercommands.smx] "Kobe Bryant<16><STEAM_1:1:801237070><>" slapped "Kobe Bryant<16><STEAM_1:1:801237070><>" (damage "0")
L 07/12/2025 - 14:07:31: [playercommands.smx] "Kobe Bryant<16><STEAM_1:1:801237070><>" slapped "Louis<20><BOT><>" (damage "0")
L 07/12/2025 - 14:07:31: [playercommands.smx] "Kobe Bryant<16><STEAM_1:1:801237070><>" slapped "Louis<20><BOT><>" (damage "0")
L 07/12/2025 - 14:07:31: [playercommands.smx] "Kobe Bryant<16><STEAM_1:1:801237070><>" slapped "Louis<20><BOT><>" (damage "0")
L 07/12/2025 - 14:07:31: [playercommands.smx] "Kobe Bryant<16><STEAM_1:1:801237070><>" slapped "Louis<20><BOT><>" (damage "0")
L 07/12/2025 - 14:07:31: [playercommands.smx] "Kobe Bryant<16><STEAM_1:1:801237070><>" slapped "Louis<20><BOT><>" (damage "0")
L 07/12/2025 - 14:07:36: [playercommands.smx] "Kobe Bryant<16><STEAM_1:1:801237070><>" slapped "Louis<20><BOT><>" (damage "0")
L 07/12/2025 - 14:07:36: [playercommands.smx] "Kobe Bryant<16><STEAM_1:1:801237070><>" slapped "Louis<20><BOT><>" (damage "0")
L 07/12/2025 - 14:07:36: [playercommands.smx] "Kobe Bryant<16><STEAM_1:1:801237070><>" slapped "Louis<20><BOT><>" (damage "0")
L 07/12/2025 - 14:07:36: [playercommands.smx] "Kobe Bryant<16><STEAM_1:1:801237070><>" slapped "Louis<20><BOT><>" (damage "0")
L 07/12/2025 - 14:07:36: [playercommands.smx] "Kobe Bryant<16><STEAM_1:1:801237070><>" slapped "Louis<20><BOT><>" (damage "0")
L 07/12/2025 - 14:07:37: [playercommands.smx] "Kobe Bryant<16><STEAM_1:1:801237070><>" slapped "Louis<20><BOT><>" (damage "0")
L 07/12/2025 - 14:07:37: [playercommands.smx] "Kobe Bryant<16><STEAM_1:1:801237070><>" slapped "Louis<20><BOT><>" (damage "0")
L 07/12/2025 - 14:07:37: [playercommands.smx] "Kobe Bryant<16><STEAM_1:1:801237070><>" slapped "Louis<20><BOT><>" (damage "0")
L 07/12/2025 - 14:07:37: [playercommands.smx] "Kobe Bryant<16><STEAM_1:1:801237070><>" slapped "Louis<20><BOT><>" (damage "0")
L 07/12/2025 - 14:07:37: [playercommands.smx] "Kobe Bryant<16><STEAM_1:1:801237070><>" slapped "Louis<20><BOT><>" (damage "0")
L 07/12/2025 - 14:07:37: [playercommands.smx] "Kobe Bryant<16><STEAM_1:1:801237070><>" slapped "Louis<20><BOT><>" (damage "0")
L 07/12/2025 - 14:07:37: [playercommands.smx] "Kobe Bryant<16><STEAM_1:1:801237070><>" slapped "Louis<20><BOT><>" (damage "0")
L 07/12/2025 - 14:08:41: [playercommands.smx] "Kobe Bryant<16><STEAM_1:1:801237070><>" slapped "若能化作基米<6><STEAM_1:0:756384916><>" (damage "0")
L 07/12/2025 - 14:08:41: [playercommands.smx] "Kobe Bryant<16><STEAM_1:1:801237070><>" slapped "若能化作基米<6><STEAM_1:0:756384916><>" (damage "0")
L 07/12/2025 - 14:08:41: [playercommands.smx] "Kobe Bryant<16><STEAM_1:1:801237070><>" slapped "若能化作基米<6><STEAM_1:0:756384916><>" (damage "0")
L 07/12/2025 - 14:08:42: [playercommands.smx] "Kobe Bryant<16><STEAM_1:1:801237070><>" slapped "若能化作基米<6><STEAM_1:0:756384916><>" (damage "0")
L 07/12/2025 - 14:08:42: [playercommands.smx] "Kobe Bryant<16><STEAM_1:1:801237070><>" slapped "若能化作基米<6><STEAM_1:0:756384916><>" (damage "0")
L 07/12/2025 - 14:08:42: [playercommands.smx] "Kobe Bryant<16><STEAM_1:1:801237070><>" slapped "若能化作基米<6><STEAM_1:0:756384916><>" (damage "0")
L 07/12/2025 - 14:08:42: [playercommands.smx] "Kobe Bryant<16><STEAM_1:1:801237070><>" slapped "若能化作基米<6><STEAM_1:0:756384916><>" (damage "0")
L 07/12/2025 - 14:08:42: [playercommands.smx] "Kobe Bryant<16><STEAM_1:1:801237070><>" slapped "若能化作基米<6><STEAM_1:0:756384916><>" (damage "0")
L 07/12/2025 - 14:08:43: [playercommands.smx] "Kobe Bryant<16><STEAM_1:1:801237070><>" slapped "若能化作基米<6><STEAM_1:0:756384916><>" (damage "0")
L 07/12/2025 - 14:08:43: [playercommands.smx] "Kobe Bryant<16><STEAM_1:1:801237070><>" slapped "若能化作基米<6><STEAM_1:0:756384916><>" (damage "0")
L 07/12/2025 - 14:08:43: [playercommands.smx] "Kobe Bryant<16><STEAM_1:1:801237070><>" slapped "Kobe Bryant<16><STEAM_1:1:801237070><>" (damage "0")
L 07/12/2025 - 14:08:44: [playercommands.smx] "Kobe Bryant<16><STEAM_1:1:801237070><>" slapped "Kobe Bryant<16><STEAM_1:1:801237070><>" (damage "0")
L 07/12/2025 - 14:08:44: [playercommands.smx] "Kobe Bryant<16><STEAM_1:1:801237070><>" slapped "Kobe Bryant<16><STEAM_1:1:801237070><>" (damage "0")
L 07/12/2025 - 14:08:44: [playercommands.smx] "Kobe Bryant<16><STEAM_1:1:801237070><>" slapped "Kobe Bryant<16><STEAM_1:1:801237070><>" (damage "0")
L 07/12/2025 - 14:08:44: [playercommands.smx] "Kobe Bryant<16><STEAM_1:1:801237070><>" slapped "Kobe Bryant<16><STEAM_1:1:801237070><>" (damage "0")
L 07/12/2025 - 14:08:45: [playercommands.smx] "Kobe Bryant<16><STEAM_1:1:801237070><>" slapped "Kobe Bryant<16><STEAM_1:1:801237070><>" (damage "0")
L 07/12/2025 - 14:08:45: [playercommands.smx] "Kobe Bryant<16><STEAM_1:1:801237070><>" slapped "SLE.low<2><STEAM_1:0:923062785><>" (damage "0")
L 07/12/2025 - 14:08:45: [playercommands.smx] "Kobe Bryant<16><STEAM_1:1:801237070><>" slapped "SLE.low<2><STEAM_1:0:923062785><>" (damage "0")
L 07/12/2025 - 14:08:45: [playercommands.smx] "Kobe Bryant<16><STEAM_1:1:801237070><>" slapped "SLE.low<2><STEAM_1:0:923062785><>" (damage "0")
L 07/12/2025 - 14:08:45: [playercommands.smx] "Kobe Bryant<16><STEAM_1:1:801237070><>" slapped "SLE.low<2><STEAM_1:0:923062785><>" (damage "0")
L 07/12/2025 - 14:08:46: [playercommands.smx] "Kobe Bryant<16><STEAM_1:1:801237070><>" slapped "SLE.low<2><STEAM_1:0:923062785><>" (damage "0")
L 07/12/2025 - 14:08:46: [playercommands.smx] "Kobe Bryant<16><STEAM_1:1:801237070><>" slapped "SLE.low<2><STEAM_1:0:923062785><>" (damage "0")
L 07/12/2025 - 14:08:46: [playercommands.smx] "Kobe Bryant<16><STEAM_1:1:801237070><>" slapped "SLE.low<2><STEAM_1:0:923062785><>" (damage "0")
L 07/12/2025 - 14:08:46: [playercommands.smx] "Kobe Bryant<16><STEAM_1:1:801237070><>" slapped "Kobe Bryant<16><STEAM_1:1:801237070><>" (damage "0")
L 07/12/2025 - 14:08:46: [playercommands.smx] "Kobe Bryant<16><STEAM_1:1:801237070><>" slapped "Kobe Bryant<16><STEAM_1:1:801237070><>" (damage "0")
L 07/12/2025 - 14:08:47: [playercommands.smx] "Kobe Bryant<16><STEAM_1:1:801237070><>" slapped "Kobe Bryant<16><STEAM_1:1:801237070><>" (damage "0")
L 07/12/2025 - 14:08:47: [playercommands.smx] "Kobe Bryant<16><STEAM_1:1:801237070><>" slapped "Kobe Bryant<16><STEAM_1:1:801237070><>" (damage "0")
L 07/12/2025 - 14:10:02: -------- Mapchange to c8m1_apartment --------
L 07/12/2025 - 14:10:02: [basecommands.smx] "Console<0><Console><Console>" changed cvar (cvar "confogl_match_execcfg_plugins") (value "generalfixes.cfg;confogl_plugins.cfg;sharedplugins.cfg")
L 07/12/2025 - 14:10:02: [basecommands.smx] "Console<0><Console><Console>" changed cvar (cvar "l4d2_addons_eclipse") (value "0")
L 07/12/2025 - 14:10:02: [basecommands.smx] "Console<0><Console><Console>" changed cvar (cvar "sv_allow_wait_command") (value "0")
L 07/12/2025 - 14:10:02: [basecommands.smx] "Console<0><Console><Console>" changed cvar (cvar "sv_minrate") (value "100000")
L 07/12/2025 - 14:10:02: [basecommands.smx] "Console<0><Console><Console>" changed cvar (cvar "sv_maxrate") (value "100000")
L 07/12/2025 - 14:10:02: [basecommands.smx] "Console<0><Console><Console>" changed cvar (cvar "sv_minupdaterate") (value "100")
L 07/12/2025 - 14:10:02: [basecommands.smx] "Console<0><Console><Console>" changed cvar (cvar "sv_maxupdaterate") (value "100")
L 07/12/2025 - 14:10:02: [basecommands.smx] "Console<0><Console><Console>" changed cvar (cvar "sv_mincmdrate") (value "100")
L 07/12/2025 - 14:10:02: [basecommands.smx] "Console<0><Console><Console>" changed cvar (cvar "sv_maxcmdrate") (value "100")
L 07/12/2025 - 14:10:02: [basecommands.smx] "Console<0><Console><Console>" changed cvar (cvar "sv_client_min_interp_ratio") (value "-1")
L 07/12/2025 - 14:10:02: [basecommands.smx] "Console<0><Console><Console>" changed cvar (cvar "sv_client_max_interp_ratio") (value "0")
L 07/12/2025 - 14:10:02: [basecommands.smx] "Console<0><Console><Console>" changed cvar (cvar "nb_update_frequency") (value "0.014")
L 07/12/2025 - 14:10:02: [basecommands.smx] "Console<0><Console><Console>" changed cvar (cvar "net_splitpacket_maxrate") (value "50000")
L 07/12/2025 - 14:10:02: [basecommands.smx] "Console<0><Console><Console>" changed cvar (cvar "net_maxcleartime") (value "0.0001")
L 07/12/2025 - 14:10:02: [basecommands.smx] "Console<0><Console><Console>" changed cvar (cvar "fps_max") (value "0")
L 07/12/2025 - 14:10:02: [basecommands.smx] "Console<0><Console><Console>" changed cvar (cvar "tick_door_speed") (value "1.3")
L 07/12/2025 - 14:10:02: [basecommands.smx] "Console<0><Console><Console>" changed cvar (cvar "mv_maxplayers") (value "30")
L 07/12/2025 - 14:10:02: [basecommands.smx] "Console<0><Console><Console>" changed cvar (cvar "mp_autoteambalance") (value "0")
L 07/12/2025 - 14:10:02: [basecommands.smx] "Console<0><Console><Console>" changed cvar (cvar "sv_unlag_fixstuck") (value "1")
L 07/12/2025 - 14:10:02: [basecommands.smx] "Console<0><Console><Console>" changed cvar (cvar "z_brawl_chance") (value "0")
L 07/12/2025 - 14:10:02: [basecommands.smx] "Console<0><Console><Console>" changed cvar (cvar "sv_maxunlag") (value "1")
L 07/12/2025 - 14:10:02: [basecommands.smx] "Console<0><Console><Console>" changed cvar (cvar "sv_forcepreload") (value "1")
L 07/12/2025 - 14:10:02: [basecommands.smx] "Console<0><Console><Console>" changed cvar (cvar "sv_client_predict") (value "1")
L 07/12/2025 - 14:10:02: [basecommands.smx] "Console<0><Console><Console>" changed cvar (cvar "sv_client_cmdrate_difference") (value "0")
L 07/12/2025 - 14:10:02: [basecommands.smx] "Console<0><Console><Console>" changed cvar (cvar "sv_max_queries_sec_global") (value "10")
L 07/12/2025 - 14:10:02: [basecommands.smx] "Console<0><Console><Console>" changed cvar (cvar "sv_max_queries_sec") (value "3")
L 07/12/2025 - 14:10:02: [basecommands.smx] "Console<0><Console><Console>" changed cvar (cvar "sv_max_queries_window") (value "10")
L 07/12/2025 - 14:10:02: [basecommands.smx] "Console<0><Console><Console>" changed cvar (cvar "sv_player_stuck_tolerance") (value "5")
L 07/12/2025 - 14:10:02: [basecommands.smx] "Console<0><Console><Console>" changed cvar (cvar "sv_stats") (value "0")
L 07/12/2025 - 14:10:02: [basecommands.smx] "Console<0><Console><Console>" changed cvar (cvar "sv_clockcorrection_msecs") (value "25")
L 07/12/2025 - 14:10:02: [basecommands.smx] "Console<0><Console><Console>" changed cvar (cvar "survivor_max_incapacitated_count") (value "2")
L 07/12/2025 - 14:10:03: [optional/chat-processor.smx] Message formats generated for game 'left4dead2'.
L 07/12/2025 - 14:10:03: [optional/chat-processor.smx] Successfully hooked a SayText2 chat hook.
L 07/12/2025 - 14:10:04: [optional/l4d2_saferoom_item_remove.smx] Removed 2 saferoom item(s) (start: 2; end: 0).
L 07/12/2025 - 14:13:14: [optional/l4d2_saferoom_item_remove.smx] Removed 2 saferoom item(s) (start: 2; end: 0).
L 07/12/2025 - 14:14:01: -------- Mapchange to c8m1_apartment --------
L 07/12/2025 - 14:14:02: [basecommands.smx] "Console<0><Console><Console>" changed cvar (cvar "confogl_match_execcfg_plugins") (value "generalfixes.cfg;confogl_plugins.cfg;sharedplugins.cfg")
L 07/12/2025 - 14:14:02: [basecommands.smx] "Console<0><Console><Console>" changed cvar (cvar "l4d2_addons_eclipse") (value "0")
L 07/12/2025 - 14:14:02: [basecommands.smx] "Console<0><Console><Console>" changed cvar (cvar "sv_allow_wait_command") (value "0")
L 07/12/2025 - 14:14:02: [basecommands.smx] "Console<0><Console><Console>" changed cvar (cvar "sv_minrate") (value "100000")
L 07/12/2025 - 14:14:02: [basecommands.smx] "Console<0><Console><Console>" changed cvar (cvar "sv_maxrate") (value "100000")
L 07/12/2025 - 14:14:02: [basecommands.smx] "Console<0><Console><Console>" changed cvar (cvar "sv_minupdaterate") (value "100")
L 07/12/2025 - 14:14:02: [basecommands.smx] "Console<0><Console><Console>" changed cvar (cvar "sv_maxupdaterate") (value "100")
L 07/12/2025 - 14:14:02: [basecommands.smx] "Console<0><Console><Console>" changed cvar (cvar "sv_mincmdrate") (value "100")
L 07/12/2025 - 14:14:02: [basecommands.smx] "Console<0><Console><Console>" changed cvar (cvar "sv_maxcmdrate") (value "100")
L 07/12/2025 - 14:14:02: [basecommands.smx] "Console<0><Console><Console>" changed cvar (cvar "sv_client_min_interp_ratio") (value "-1")
L 07/12/2025 - 14:14:02: [basecommands.smx] "Console<0><Console><Console>" changed cvar (cvar "sv_client_max_interp_ratio") (value "0")
L 07/12/2025 - 14:14:02: [basecommands.smx] "Console<0><Console><Console>" changed cvar (cvar "nb_update_frequency") (value "0.014")
L 07/12/2025 - 14:14:02: [basecommands.smx] "Console<0><Console><Console>" changed cvar (cvar "net_splitpacket_maxrate") (value "50000")
L 07/12/2025 - 14:14:02: [basecommands.smx] "Console<0><Console><Console>" changed cvar (cvar "net_maxcleartime") (value "0.0001")
L 07/12/2025 - 14:14:02: [basecommands.smx] "Console<0><Console><Console>" changed cvar (cvar "fps_max") (value "0")
L 07/12/2025 - 14:14:02: [basecommands.smx] "Console<0><Console><Console>" changed cvar (cvar "tick_door_speed") (value "1.3")
L 07/12/2025 - 14:14:02: [basecommands.smx] "Console<0><Console><Console>" changed cvar (cvar "mv_maxplayers") (value "30")
L 07/12/2025 - 14:14:02: [basecommands.smx] "Console<0><Console><Console>" changed cvar (cvar "mp_autoteambalance") (value "0")
L 07/12/2025 - 14:14:02: [basecommands.smx] "Console<0><Console><Console>" changed cvar (cvar "sv_unlag_fixstuck") (value "1")
L 07/12/2025 - 14:14:02: [basecommands.smx] "Console<0><Console><Console>" changed cvar (cvar "z_brawl_chance") (value "0")
L 07/12/2025 - 14:14:02: [basecommands.smx] "Console<0><Console><Console>" changed cvar (cvar "sv_maxunlag") (value "1")
L 07/12/2025 - 14:14:02: [basecommands.smx] "Console<0><Console><Console>" changed cvar (cvar "sv_forcepreload") (value "1")
L 07/12/2025 - 14:14:02: [basecommands.smx] "Console<0><Console><Console>" changed cvar (cvar "sv_client_predict") (value "1")
L 07/12/2025 - 14:14:02: [basecommands.smx] "Console<0><Console><Console>" changed cvar (cvar "sv_client_cmdrate_difference") (value "0")
L 07/12/2025 - 14:14:02: [basecommands.smx] "Console<0><Console><Console>" changed cvar (cvar "sv_max_queries_sec_global") (value "10")
L 07/12/2025 - 14:14:02: [basecommands.smx] "Console<0><Console><Console>" changed cvar (cvar "sv_max_queries_sec") (value "3")
L 07/12/2025 - 14:14:02: [basecommands.smx] "Console<0><Console><Console>" changed cvar (cvar "sv_max_queries_window") (value "10")
L 07/12/2025 - 14:14:02: [basecommands.smx] "Console<0><Console><Console>" changed cvar (cvar "sv_player_stuck_tolerance") (value "5")
L 07/12/2025 - 14:14:02: [basecommands.smx] "Console<0><Console><Console>" changed cvar (cvar "sv_stats") (value "0")
L 07/12/2025 - 14:14:02: [basecommands.smx] "Console<0><Console><Console>" changed cvar (cvar "sv_clockcorrection_msecs") (value "25")
L 07/12/2025 - 14:14:02: [basecommands.smx] "Console<0><Console><Console>" changed cvar (cvar "survivor_max_incapacitated_count") (value "2")
L 07/12/2025 - 14:14:02: [optional/chat-processor.smx] Message formats generated for game 'left4dead2'.
L 07/12/2025 - 14:14:02: [optional/chat-processor.smx] Successfully hooked a SayText2 chat hook.
L 07/12/2025 - 14:14:04: [optional/l4d2_saferoom_item_remove.smx] Removed 2 saferoom item(s) (start: 2; end: 0).
L 07/12/2025 - 14:15:40: [optional/l4d2_saferoom_item_remove.smx] Removed 2 saferoom item(s) (start: 2; end: 0).
L 07/12/2025 - 14:16:51: -------- Mapchange to c8m2_subway --------
L 07/12/2025 - 14:16:52: [basecommands.smx] "Console<0><Console><Console>" changed cvar (cvar "confogl_match_execcfg_plugins") (value "generalfixes.cfg;confogl_plugins.cfg;sharedplugins.cfg")
L 07/12/2025 - 14:16:52: [basecommands.smx] "Console<0><Console><Console>" changed cvar (cvar "l4d2_addons_eclipse") (value "0")
L 07/12/2025 - 14:16:52: [basecommands.smx] "Console<0><Console><Console>" changed cvar (cvar "sv_allow_wait_command") (value "0")
L 07/12/2025 - 14:16:52: [basecommands.smx] "Console<0><Console><Console>" changed cvar (cvar "sv_minrate") (value "100000")
L 07/12/2025 - 14:16:52: [basecommands.smx] "Console<0><Console><Console>" changed cvar (cvar "sv_maxrate") (value "100000")
L 07/12/2025 - 14:16:52: [basecommands.smx] "Console<0><Console><Console>" changed cvar (cvar "sv_minupdaterate") (value "100")
L 07/12/2025 - 14:16:52: [basecommands.smx] "Console<0><Console><Console>" changed cvar (cvar "sv_maxupdaterate") (value "100")
L 07/12/2025 - 14:16:52: [basecommands.smx] "Console<0><Console><Console>" changed cvar (cvar "sv_mincmdrate") (value "100")
L 07/12/2025 - 14:16:52: [basecommands.smx] "Console<0><Console><Console>" changed cvar (cvar "sv_maxcmdrate") (value "100")
L 07/12/2025 - 14:16:52: [basecommands.smx] "Console<0><Console><Console>" changed cvar (cvar "sv_client_min_interp_ratio") (value "-1")
L 07/12/2025 - 14:16:52: [basecommands.smx] "Console<0><Console><Console>" changed cvar (cvar "sv_client_max_interp_ratio") (value "0")
L 07/12/2025 - 14:16:52: [basecommands.smx] "Console<0><Console><Console>" changed cvar (cvar "nb_update_frequency") (value "0.014")
L 07/12/2025 - 14:16:52: [basecommands.smx] "Console<0><Console><Console>" changed cvar (cvar "net_splitpacket_maxrate") (value "50000")
L 07/12/2025 - 14:16:52: [basecommands.smx] "Console<0><Console><Console>" changed cvar (cvar "net_maxcleartime") (value "0.0001")
L 07/12/2025 - 14:16:52: [basecommands.smx] "Console<0><Console><Console>" changed cvar (cvar "fps_max") (value "0")
L 07/12/2025 - 14:16:52: [basecommands.smx] "Console<0><Console><Console>" changed cvar (cvar "tick_door_speed") (value "1.3")
L 07/12/2025 - 14:16:52: [basecommands.smx] "Console<0><Console><Console>" changed cvar (cvar "mv_maxplayers") (value "30")
L 07/12/2025 - 14:16:52: [basecommands.smx] "Console<0><Console><Console>" changed cvar (cvar "mp_autoteambalance") (value "0")
L 07/12/2025 - 14:16:52: [basecommands.smx] "Console<0><Console><Console>" changed cvar (cvar "sv_unlag_fixstuck") (value "1")
L 07/12/2025 - 14:16:52: [basecommands.smx] "Console<0><Console><Console>" changed cvar (cvar "z_brawl_chance") (value "0")
L 07/12/2025 - 14:16:52: [basecommands.smx] "Console<0><Console><Console>" changed cvar (cvar "sv_maxunlag") (value "1")
L 07/12/2025 - 14:16:52: [basecommands.smx] "Console<0><Console><Console>" changed cvar (cvar "sv_forcepreload") (value "1")
L 07/12/2025 - 14:16:52: [basecommands.smx] "Console<0><Console><Console>" changed cvar (cvar "sv_client_predict") (value "1")
L 07/12/2025 - 14:16:52: [basecommands.smx] "Console<0><Console><Console>" changed cvar (cvar "sv_client_cmdrate_difference") (value "0")
L 07/12/2025 - 14:16:52: [basecommands.smx] "Console<0><Console><Console>" changed cvar (cvar "sv_max_queries_sec_global") (value "10")
L 07/12/2025 - 14:16:52: [basecommands.smx] "Console<0><Console><Console>" changed cvar (cvar "sv_max_queries_sec") (value "3")
L 07/12/2025 - 14:16:52: [basecommands.smx] "Console<0><Console><Console>" changed cvar (cvar "sv_max_queries_window") (value "10")
L 07/12/2025 - 14:16:52: [basecommands.smx] "Console<0><Console><Console>" changed cvar (cvar "sv_player_stuck_tolerance") (value "5")
L 07/12/2025 - 14:16:52: [basecommands.smx] "Console<0><Console><Console>" changed cvar (cvar "sv_stats") (value "0")
L 07/12/2025 - 14:16:52: [basecommands.smx] "Console<0><Console><Console>" changed cvar (cvar "sv_clockcorrection_msecs") (value "25")
L 07/12/2025 - 14:16:52: [basecommands.smx] "Console<0><Console><Console>" changed cvar (cvar "survivor_max_incapacitated_count") (value "2")
L 07/12/2025 - 14:16:53: [optional/chat-processor.smx] Message formats generated for game 'left4dead2'.
L 07/12/2025 - 14:16:53: [optional/chat-processor.smx] Successfully hooked a SayText2 chat hook.
L 07/12/2025 - 14:16:54: [optional/l4d2_saferoom_item_remove.smx] Removed 0 saferoom item(s) (start: 0; end: 0).
L 07/12/2025 - 14:19:24: [optional/l4d2_saferoom_item_remove.smx] Removed 0 saferoom item(s) (start: 0; end: 0).
L 07/12/2025 - 14:20:49: -------- Mapchange to c8m3_sewers --------
L 07/12/2025 - 14:20:50: [basecommands.smx] "Console<0><Console><Console>" changed cvar (cvar "confogl_match_execcfg_plugins") (value "generalfixes.cfg;confogl_plugins.cfg;sharedplugins.cfg")
L 07/12/2025 - 14:20:50: [basecommands.smx] "Console<0><Console><Console>" changed cvar (cvar "l4d2_addons_eclipse") (value "0")
L 07/12/2025 - 14:20:50: [basecommands.smx] "Console<0><Console><Console>" changed cvar (cvar "sv_allow_wait_command") (value "0")
L 07/12/2025 - 14:20:50: [basecommands.smx] "Console<0><Console><Console>" changed cvar (cvar "sv_minrate") (value "100000")
L 07/12/2025 - 14:20:50: [basecommands.smx] "Console<0><Console><Console>" changed cvar (cvar "sv_maxrate") (value "100000")
L 07/12/2025 - 14:20:50: [basecommands.smx] "Console<0><Console><Console>" changed cvar (cvar "sv_minupdaterate") (value "100")
L 07/12/2025 - 14:20:50: [basecommands.smx] "Console<0><Console><Console>" changed cvar (cvar "sv_maxupdaterate") (value "100")
L 07/12/2025 - 14:20:50: [basecommands.smx] "Console<0><Console><Console>" changed cvar (cvar "sv_mincmdrate") (value "100")
L 07/12/2025 - 14:20:50: [basecommands.smx] "Console<0><Console><Console>" changed cvar (cvar "sv_maxcmdrate") (value "100")
L 07/12/2025 - 14:20:50: [basecommands.smx] "Console<0><Console><Console>" changed cvar (cvar "sv_client_min_interp_ratio") (value "-1")
L 07/12/2025 - 14:20:50: [basecommands.smx] "Console<0><Console><Console>" changed cvar (cvar "sv_client_max_interp_ratio") (value "0")
L 07/12/2025 - 14:20:50: [basecommands.smx] "Console<0><Console><Console>" changed cvar (cvar "nb_update_frequency") (value "0.014")
L 07/12/2025 - 14:20:50: [basecommands.smx] "Console<0><Console><Console>" changed cvar (cvar "net_splitpacket_maxrate") (value "50000")
L 07/12/2025 - 14:20:50: [basecommands.smx] "Console<0><Console><Console>" changed cvar (cvar "net_maxcleartime") (value "0.0001")
L 07/12/2025 - 14:20:50: [basecommands.smx] "Console<0><Console><Console>" changed cvar (cvar "fps_max") (value "0")
L 07/12/2025 - 14:20:50: [basecommands.smx] "Console<0><Console><Console>" changed cvar (cvar "tick_door_speed") (value "1.3")
L 07/12/2025 - 14:20:50: [basecommands.smx] "Console<0><Console><Console>" changed cvar (cvar "mv_maxplayers") (value "30")
L 07/12/2025 - 14:20:50: [basecommands.smx] "Console<0><Console><Console>" changed cvar (cvar "mp_autoteambalance") (value "0")
L 07/12/2025 - 14:20:50: [basecommands.smx] "Console<0><Console><Console>" changed cvar (cvar "sv_unlag_fixstuck") (value "1")
L 07/12/2025 - 14:20:50: [basecommands.smx] "Console<0><Console><Console>" changed cvar (cvar "z_brawl_chance") (value "0")
L 07/12/2025 - 14:20:50: [basecommands.smx] "Console<0><Console><Console>" changed cvar (cvar "sv_maxunlag") (value "1")
L 07/12/2025 - 14:20:50: [basecommands.smx] "Console<0><Console><Console>" changed cvar (cvar "sv_forcepreload") (value "1")
L 07/12/2025 - 14:20:50: [basecommands.smx] "Console<0><Console><Console>" changed cvar (cvar "sv_client_predict") (value "1")
L 07/12/2025 - 14:20:50: [basecommands.smx] "Console<0><Console><Console>" changed cvar (cvar "sv_client_cmdrate_difference") (value "0")
L 07/12/2025 - 14:20:50: [basecommands.smx] "Console<0><Console><Console>" changed cvar (cvar "sv_max_queries_sec_global") (value "10")
L 07/12/2025 - 14:20:50: [basecommands.smx] "Console<0><Console><Console>" changed cvar (cvar "sv_max_queries_sec") (value "3")
L 07/12/2025 - 14:20:50: [basecommands.smx] "Console<0><Console><Console>" changed cvar (cvar "sv_max_queries_window") (value "10")
L 07/12/2025 - 14:20:50: [basecommands.smx] "Console<0><Console><Console>" changed cvar (cvar "sv_player_stuck_tolerance") (value "5")
L 07/12/2025 - 14:20:50: [basecommands.smx] "Console<0><Console><Console>" changed cvar (cvar "sv_stats") (value "0")
L 07/12/2025 - 14:20:50: [basecommands.smx] "Console<0><Console><Console>" changed cvar (cvar "sv_clockcorrection_msecs") (value "25")
L 07/12/2025 - 14:20:50: [basecommands.smx] "Console<0><Console><Console>" changed cvar (cvar "survivor_max_incapacitated_count") (value "2")
L 07/12/2025 - 14:20:51: [optional/chat-processor.smx] Message formats generated for game 'left4dead2'.
L 07/12/2025 - 14:20:51: [optional/chat-processor.smx] Successfully hooked a SayText2 chat hook.
L 07/12/2025 - 14:20:52: [optional/l4d2_saferoom_item_remove.smx] Removed 0 saferoom item(s) (start: 0; end: 0).
L 07/12/2025 - 14:22:39: [optional/l4d2_saferoom_item_remove.smx] Removed 0 saferoom item(s) (start: 0; end: 0).
L 07/12/2025 - 14:26:49: -------- Mapchange to c2m1_highway --------
L 07/12/2025 - 14:26:51: [basecommands.smx] "Console<0><Console><Console>" changed cvar (cvar "confogl_match_execcfg_plugins") (value "generalfixes.cfg;confogl_plugins.cfg;sharedplugins.cfg")
L 07/12/2025 - 14:26:51: [basecommands.smx] "Console<0><Console><Console>" changed cvar (cvar "l4d2_addons_eclipse") (value "0")
L 07/12/2025 - 14:26:51: [basecommands.smx] "Console<0><Console><Console>" changed cvar (cvar "sv_allow_wait_command") (value "0")
L 07/12/2025 - 14:26:51: [basecommands.smx] "Console<0><Console><Console>" changed cvar (cvar "sv_minrate") (value "100000")
L 07/12/2025 - 14:26:51: [basecommands.smx] "Console<0><Console><Console>" changed cvar (cvar "sv_maxrate") (value "100000")
L 07/12/2025 - 14:26:51: [basecommands.smx] "Console<0><Console><Console>" changed cvar (cvar "sv_minupdaterate") (value "100")
L 07/12/2025 - 14:26:51: [basecommands.smx] "Console<0><Console><Console>" changed cvar (cvar "sv_maxupdaterate") (value "100")
L 07/12/2025 - 14:26:51: [basecommands.smx] "Console<0><Console><Console>" changed cvar (cvar "sv_mincmdrate") (value "100")
L 07/12/2025 - 14:26:51: [basecommands.smx] "Console<0><Console><Console>" changed cvar (cvar "sv_maxcmdrate") (value "100")
L 07/12/2025 - 14:26:51: [basecommands.smx] "Console<0><Console><Console>" changed cvar (cvar "sv_client_min_interp_ratio") (value "-1")
L 07/12/2025 - 14:26:51: [basecommands.smx] "Console<0><Console><Console>" changed cvar (cvar "sv_client_max_interp_ratio") (value "0")
L 07/12/2025 - 14:26:51: [basecommands.smx] "Console<0><Console><Console>" changed cvar (cvar "nb_update_frequency") (value "0.014")
L 07/12/2025 - 14:26:51: [basecommands.smx] "Console<0><Console><Console>" changed cvar (cvar "net_splitpacket_maxrate") (value "50000")
L 07/12/2025 - 14:26:51: [basecommands.smx] "Console<0><Console><Console>" changed cvar (cvar "net_maxcleartime") (value "0.0001")
L 07/12/2025 - 14:26:51: [basecommands.smx] "Console<0><Console><Console>" changed cvar (cvar "fps_max") (value "0")
L 07/12/2025 - 14:26:51: [basecommands.smx] "Console<0><Console><Console>" changed cvar (cvar "tick_door_speed") (value "1.3")
L 07/12/2025 - 14:26:51: [basecommands.smx] "Console<0><Console><Console>" changed cvar (cvar "mv_maxplayers") (value "30")
L 07/12/2025 - 14:26:51: [basecommands.smx] "Console<0><Console><Console>" changed cvar (cvar "mp_autoteambalance") (value "0")
L 07/12/2025 - 14:26:51: [basecommands.smx] "Console<0><Console><Console>" changed cvar (cvar "sv_unlag_fixstuck") (value "1")
L 07/12/2025 - 14:26:51: [basecommands.smx] "Console<0><Console><Console>" changed cvar (cvar "z_brawl_chance") (value "0")
L 07/12/2025 - 14:26:51: [basecommands.smx] "Console<0><Console><Console>" changed cvar (cvar "sv_maxunlag") (value "1")
L 07/12/2025 - 14:26:51: [basecommands.smx] "Console<0><Console><Console>" changed cvar (cvar "sv_forcepreload") (value "1")
L 07/12/2025 - 14:26:51: [basecommands.smx] "Console<0><Console><Console>" changed cvar (cvar "sv_client_predict") (value "1")
L 07/12/2025 - 14:26:51: [basecommands.smx] "Console<0><Console><Console>" changed cvar (cvar "sv_client_cmdrate_difference") (value "0")
L 07/12/2025 - 14:26:51: [basecommands.smx] "Console<0><Console><Console>" changed cvar (cvar "sv_max_queries_sec_global") (value "10")
L 07/12/2025 - 14:26:51: [basecommands.smx] "Console<0><Console><Console>" changed cvar (cvar "sv_max_queries_sec") (value "3")
L 07/12/2025 - 14:26:51: [basecommands.smx] "Console<0><Console><Console>" changed cvar (cvar "sv_max_queries_window") (value "10")
L 07/12/2025 - 14:26:51: [basecommands.smx] "Console<0><Console><Console>" changed cvar (cvar "sv_player_stuck_tolerance") (value "5")
L 07/12/2025 - 14:26:51: [basecommands.smx] "Console<0><Console><Console>" changed cvar (cvar "sv_stats") (value "0")
L 07/12/2025 - 14:26:51: [basecommands.smx] "Console<0><Console><Console>" changed cvar (cvar "sv_clockcorrection_msecs") (value "25")
L 07/12/2025 - 14:26:51: [basecommands.smx] "Console<0><Console><Console>" changed cvar (cvar "survivor_max_incapacitated_count") (value "2")
L 07/12/2025 - 14:26:51: [optional/chat-processor.smx] Message formats generated for game 'left4dead2'.
L 07/12/2025 - 14:26:51: [optional/chat-processor.smx] Successfully hooked a SayText2 chat hook.
L 07/12/2025 - 14:26:53: [optional/l4d2_saferoom_item_remove.smx] Removed 0 saferoom item(s) (start: 0; end: 0).
L 07/12/2025 - 14:34:42: [optional/l4d2_saferoom_item_remove.smx] Removed 0 saferoom item(s) (start: 0; end: 0).
L 07/12/2025 - 14:38:21: -------- Mapchange to c2m2_fairgrounds --------
L 07/12/2025 - 14:38:22: [basecommands.smx] "Console<0><Console><Console>" changed cvar (cvar "confogl_match_execcfg_plugins") (value "generalfixes.cfg;confogl_plugins.cfg;sharedplugins.cfg")
L 07/12/2025 - 14:38:22: [basecommands.smx] "Console<0><Console><Console>" changed cvar (cvar "l4d2_addons_eclipse") (value "0")
L 07/12/2025 - 14:38:22: [basecommands.smx] "Console<0><Console><Console>" changed cvar (cvar "sv_allow_wait_command") (value "0")
L 07/12/2025 - 14:38:22: [basecommands.smx] "Console<0><Console><Console>" changed cvar (cvar "sv_minrate") (value "100000")
L 07/12/2025 - 14:38:22: [basecommands.smx] "Console<0><Console><Console>" changed cvar (cvar "sv_maxrate") (value "100000")
L 07/12/2025 - 14:38:22: [basecommands.smx] "Console<0><Console><Console>" changed cvar (cvar "sv_minupdaterate") (value "100")
L 07/12/2025 - 14:38:22: [basecommands.smx] "Console<0><Console><Console>" changed cvar (cvar "sv_maxupdaterate") (value "100")
L 07/12/2025 - 14:38:22: [basecommands.smx] "Console<0><Console><Console>" changed cvar (cvar "sv_mincmdrate") (value "100")
L 07/12/2025 - 14:38:22: [basecommands.smx] "Console<0><Console><Console>" changed cvar (cvar "sv_maxcmdrate") (value "100")
L 07/12/2025 - 14:38:22: [basecommands.smx] "Console<0><Console><Console>" changed cvar (cvar "sv_client_min_interp_ratio") (value "-1")
L 07/12/2025 - 14:38:22: [basecommands.smx] "Console<0><Console><Console>" changed cvar (cvar "sv_client_max_interp_ratio") (value "0")
L 07/12/2025 - 14:38:22: [basecommands.smx] "Console<0><Console><Console>" changed cvar (cvar "nb_update_frequency") (value "0.014")
L 07/12/2025 - 14:38:22: [basecommands.smx] "Console<0><Console><Console>" changed cvar (cvar "net_splitpacket_maxrate") (value "50000")
L 07/12/2025 - 14:38:22: [basecommands.smx] "Console<0><Console><Console>" changed cvar (cvar "net_maxcleartime") (value "0.0001")
L 07/12/2025 - 14:38:22: [basecommands.smx] "Console<0><Console><Console>" changed cvar (cvar "fps_max") (value "0")
L 07/12/2025 - 14:38:22: [basecommands.smx] "Console<0><Console><Console>" changed cvar (cvar "tick_door_speed") (value "1.3")
L 07/12/2025 - 14:38:22: [basecommands.smx] "Console<0><Console><Console>" changed cvar (cvar "mv_maxplayers") (value "30")
L 07/12/2025 - 14:38:22: [basecommands.smx] "Console<0><Console><Console>" changed cvar (cvar "mp_autoteambalance") (value "0")
L 07/12/2025 - 14:38:22: [basecommands.smx] "Console<0><Console><Console>" changed cvar (cvar "sv_unlag_fixstuck") (value "1")
L 07/12/2025 - 14:38:22: [basecommands.smx] "Console<0><Console><Console>" changed cvar (cvar "z_brawl_chance") (value "0")
L 07/12/2025 - 14:38:22: [basecommands.smx] "Console<0><Console><Console>" changed cvar (cvar "sv_maxunlag") (value "1")
L 07/12/2025 - 14:38:22: [basecommands.smx] "Console<0><Console><Console>" changed cvar (cvar "sv_forcepreload") (value "1")
L 07/12/2025 - 14:38:22: [basecommands.smx] "Console<0><Console><Console>" changed cvar (cvar "sv_client_predict") (value "1")
L 07/12/2025 - 14:38:22: [basecommands.smx] "Console<0><Console><Console>" changed cvar (cvar "sv_client_cmdrate_difference") (value "0")
L 07/12/2025 - 14:38:22: [basecommands.smx] "Console<0><Console><Console>" changed cvar (cvar "sv_max_queries_sec_global") (value "10")
L 07/12/2025 - 14:38:22: [basecommands.smx] "Console<0><Console><Console>" changed cvar (cvar "sv_max_queries_sec") (value "3")
L 07/12/2025 - 14:38:22: [basecommands.smx] "Console<0><Console><Console>" changed cvar (cvar "sv_max_queries_window") (value "10")
L 07/12/2025 - 14:38:22: [basecommands.smx] "Console<0><Console><Console>" changed cvar (cvar "sv_player_stuck_tolerance") (value "5")
L 07/12/2025 - 14:38:22: [basecommands.smx] "Console<0><Console><Console>" changed cvar (cvar "sv_stats") (value "0")
L 07/12/2025 - 14:38:22: [basecommands.smx] "Console<0><Console><Console>" changed cvar (cvar "sv_clockcorrection_msecs") (value "25")
L 07/12/2025 - 14:38:22: [basecommands.smx] "Console<0><Console><Console>" changed cvar (cvar "survivor_max_incapacitated_count") (value "2")
L 07/12/2025 - 14:38:22: [optional/chat-processor.smx] Message formats generated for game 'left4dead2'.
L 07/12/2025 - 14:38:22: [optional/chat-processor.smx] Successfully hooked a SayText2 chat hook.
L 07/12/2025 - 14:38:23: [optional/l4d2_saferoom_item_remove.smx] Removed 0 saferoom item(s) (start: 0; end: 0).
L 07/12/2025 - 14:40:57: [optional/l4d2_saferoom_item_remove.smx] Removed 0 saferoom item(s) (start: 0; end: 0).
L 07/12/2025 - 14:45:05: -------- Mapchange to c2m3_coaster --------
L 07/12/2025 - 14:45:06: [basecommands.smx] "Console<0><Console><Console>" changed cvar (cvar "confogl_match_execcfg_plugins") (value "generalfixes.cfg;confogl_plugins.cfg;sharedplugins.cfg")
L 07/12/2025 - 14:45:06: [basecommands.smx] "Console<0><Console><Console>" changed cvar (cvar "l4d2_addons_eclipse") (value "0")
L 07/12/2025 - 14:45:06: [basecommands.smx] "Console<0><Console><Console>" changed cvar (cvar "sv_allow_wait_command") (value "0")
L 07/12/2025 - 14:45:06: [basecommands.smx] "Console<0><Console><Console>" changed cvar (cvar "sv_minrate") (value "100000")
L 07/12/2025 - 14:45:06: [basecommands.smx] "Console<0><Console><Console>" changed cvar (cvar "sv_maxrate") (value "100000")
L 07/12/2025 - 14:45:06: [basecommands.smx] "Console<0><Console><Console>" changed cvar (cvar "sv_minupdaterate") (value "100")
L 07/12/2025 - 14:45:06: [basecommands.smx] "Console<0><Console><Console>" changed cvar (cvar "sv_maxupdaterate") (value "100")
L 07/12/2025 - 14:45:06: [basecommands.smx] "Console<0><Console><Console>" changed cvar (cvar "sv_mincmdrate") (value "100")
L 07/12/2025 - 14:45:06: [basecommands.smx] "Console<0><Console><Console>" changed cvar (cvar "sv_maxcmdrate") (value "100")
L 07/12/2025 - 14:45:06: [basecommands.smx] "Console<0><Console><Console>" changed cvar (cvar "sv_client_min_interp_ratio") (value "-1")
L 07/12/2025 - 14:45:06: [basecommands.smx] "Console<0><Console><Console>" changed cvar (cvar "sv_client_max_interp_ratio") (value "0")
L 07/12/2025 - 14:45:06: [basecommands.smx] "Console<0><Console><Console>" changed cvar (cvar "nb_update_frequency") (value "0.014")
L 07/12/2025 - 14:45:06: [basecommands.smx] "Console<0><Console><Console>" changed cvar (cvar "net_splitpacket_maxrate") (value "50000")
L 07/12/2025 - 14:45:06: [basecommands.smx] "Console<0><Console><Console>" changed cvar (cvar "net_maxcleartime") (value "0.0001")
L 07/12/2025 - 14:45:06: [basecommands.smx] "Console<0><Console><Console>" changed cvar (cvar "fps_max") (value "0")
L 07/12/2025 - 14:45:06: [basecommands.smx] "Console<0><Console><Console>" changed cvar (cvar "tick_door_speed") (value "1.3")
L 07/12/2025 - 14:45:06: [basecommands.smx] "Console<0><Console><Console>" changed cvar (cvar "mv_maxplayers") (value "30")
L 07/12/2025 - 14:45:06: [basecommands.smx] "Console<0><Console><Console>" changed cvar (cvar "mp_autoteambalance") (value "0")
L 07/12/2025 - 14:45:06: [basecommands.smx] "Console<0><Console><Console>" changed cvar (cvar "sv_unlag_fixstuck") (value "1")
L 07/12/2025 - 14:45:06: [basecommands.smx] "Console<0><Console><Console>" changed cvar (cvar "z_brawl_chance") (value "0")
L 07/12/2025 - 14:45:06: [basecommands.smx] "Console<0><Console><Console>" changed cvar (cvar "sv_maxunlag") (value "1")
L 07/12/2025 - 14:45:06: [basecommands.smx] "Console<0><Console><Console>" changed cvar (cvar "sv_forcepreload") (value "1")
L 07/12/2025 - 14:45:06: [basecommands.smx] "Console<0><Console><Console>" changed cvar (cvar "sv_client_predict") (value "1")
L 07/12/2025 - 14:45:06: [basecommands.smx] "Console<0><Console><Console>" changed cvar (cvar "sv_client_cmdrate_difference") (value "0")
L 07/12/2025 - 14:45:06: [basecommands.smx] "Console<0><Console><Console>" changed cvar (cvar "sv_max_queries_sec_global") (value "10")
L 07/12/2025 - 14:45:06: [basecommands.smx] "Console<0><Console><Console>" changed cvar (cvar "sv_max_queries_sec") (value "3")
L 07/12/2025 - 14:45:06: [basecommands.smx] "Console<0><Console><Console>" changed cvar (cvar "sv_max_queries_window") (value "10")
L 07/12/2025 - 14:45:06: [basecommands.smx] "Console<0><Console><Console>" changed cvar (cvar "sv_player_stuck_tolerance") (value "5")
L 07/12/2025 - 14:45:06: [basecommands.smx] "Console<0><Console><Console>" changed cvar (cvar "sv_stats") (value "0")
L 07/12/2025 - 14:45:06: [basecommands.smx] "Console<0><Console><Console>" changed cvar (cvar "sv_clockcorrection_msecs") (value "25")
L 07/12/2025 - 14:45:06: [basecommands.smx] "Console<0><Console><Console>" changed cvar (cvar "survivor_max_incapacitated_count") (value "2")
L 07/12/2025 - 14:45:07: [optional/chat-processor.smx] Message formats generated for game 'left4dead2'.
L 07/12/2025 - 14:45:07: [optional/chat-processor.smx] Successfully hooked a SayText2 chat hook.
L 07/12/2025 - 14:45:08: [optional/l4d2_saferoom_item_remove.smx] Removed 0 saferoom item(s) (start: 0; end: 0).
L 07/12/2025 - 14:50:15: [optional/l4d2_saferoom_item_remove.smx] Removed 0 saferoom item(s) (start: 0; end: 0).
L 07/12/2025 - 14:52:46: -------- Mapchange to c2m4_barns --------
L 07/12/2025 - 14:52:47: [basecommands.smx] "Console<0><Console><Console>" changed cvar (cvar "confogl_match_execcfg_plugins") (value "generalfixes.cfg;confogl_plugins.cfg;sharedplugins.cfg")
L 07/12/2025 - 14:52:47: [basecommands.smx] "Console<0><Console><Console>" changed cvar (cvar "l4d2_addons_eclipse") (value "0")
L 07/12/2025 - 14:52:47: [basecommands.smx] "Console<0><Console><Console>" changed cvar (cvar "sv_allow_wait_command") (value "0")
L 07/12/2025 - 14:52:47: [basecommands.smx] "Console<0><Console><Console>" changed cvar (cvar "sv_minrate") (value "100000")
L 07/12/2025 - 14:52:47: [basecommands.smx] "Console<0><Console><Console>" changed cvar (cvar "sv_maxrate") (value "100000")
L 07/12/2025 - 14:52:47: [basecommands.smx] "Console<0><Console><Console>" changed cvar (cvar "sv_minupdaterate") (value "100")
L 07/12/2025 - 14:52:47: [basecommands.smx] "Console<0><Console><Console>" changed cvar (cvar "sv_maxupdaterate") (value "100")
L 07/12/2025 - 14:52:47: [basecommands.smx] "Console<0><Console><Console>" changed cvar (cvar "sv_mincmdrate") (value "100")
L 07/12/2025 - 14:52:47: [basecommands.smx] "Console<0><Console><Console>" changed cvar (cvar "sv_maxcmdrate") (value "100")
L 07/12/2025 - 14:52:47: [basecommands.smx] "Console<0><Console><Console>" changed cvar (cvar "sv_client_min_interp_ratio") (value "-1")
L 07/12/2025 - 14:52:47: [basecommands.smx] "Console<0><Console><Console>" changed cvar (cvar "sv_client_max_interp_ratio") (value "0")
L 07/12/2025 - 14:52:47: [basecommands.smx] "Console<0><Console><Console>" changed cvar (cvar "nb_update_frequency") (value "0.014")
L 07/12/2025 - 14:52:47: [basecommands.smx] "Console<0><Console><Console>" changed cvar (cvar "net_splitpacket_maxrate") (value "50000")
L 07/12/2025 - 14:52:47: [basecommands.smx] "Console<0><Console><Console>" changed cvar (cvar "net_maxcleartime") (value "0.0001")
L 07/12/2025 - 14:52:47: [basecommands.smx] "Console<0><Console><Console>" changed cvar (cvar "fps_max") (value "0")
L 07/12/2025 - 14:52:47: [basecommands.smx] "Console<0><Console><Console>" changed cvar (cvar "tick_door_speed") (value "1.3")
L 07/12/2025 - 14:52:47: [basecommands.smx] "Console<0><Console><Console>" changed cvar (cvar "mv_maxplayers") (value "30")
L 07/12/2025 - 14:52:47: [basecommands.smx] "Console<0><Console><Console>" changed cvar (cvar "mp_autoteambalance") (value "0")
L 07/12/2025 - 14:52:47: [basecommands.smx] "Console<0><Console><Console>" changed cvar (cvar "sv_unlag_fixstuck") (value "1")
L 07/12/2025 - 14:52:47: [basecommands.smx] "Console<0><Console><Console>" changed cvar (cvar "z_brawl_chance") (value "0")
L 07/12/2025 - 14:52:47: [basecommands.smx] "Console<0><Console><Console>" changed cvar (cvar "sv_maxunlag") (value "1")
L 07/12/2025 - 14:52:47: [basecommands.smx] "Console<0><Console><Console>" changed cvar (cvar "sv_forcepreload") (value "1")
L 07/12/2025 - 14:52:47: [basecommands.smx] "Console<0><Console><Console>" changed cvar (cvar "sv_client_predict") (value "1")
L 07/12/2025 - 14:52:47: [basecommands.smx] "Console<0><Console><Console>" changed cvar (cvar "sv_client_cmdrate_difference") (value "0")
L 07/12/2025 - 14:52:47: [basecommands.smx] "Console<0><Console><Console>" changed cvar (cvar "sv_max_queries_sec_global") (value "10")
L 07/12/2025 - 14:52:47: [basecommands.smx] "Console<0><Console><Console>" changed cvar (cvar "sv_max_queries_sec") (value "3")
L 07/12/2025 - 14:52:47: [basecommands.smx] "Console<0><Console><Console>" changed cvar (cvar "sv_max_queries_window") (value "10")
L 07/12/2025 - 14:52:47: [basecommands.smx] "Console<0><Console><Console>" changed cvar (cvar "sv_player_stuck_tolerance") (value "5")
L 07/12/2025 - 14:52:47: [basecommands.smx] "Console<0><Console><Console>" changed cvar (cvar "sv_stats") (value "0")
L 07/12/2025 - 14:52:47: [basecommands.smx] "Console<0><Console><Console>" changed cvar (cvar "sv_clockcorrection_msecs") (value "25")
L 07/12/2025 - 14:52:47: [basecommands.smx] "Console<0><Console><Console>" changed cvar (cvar "survivor_max_incapacitated_count") (value "2")
L 07/12/2025 - 14:52:48: [optional/chat-processor.smx] Message formats generated for game 'left4dead2'.
L 07/12/2025 - 14:52:48: [optional/chat-processor.smx] Successfully hooked a SayText2 chat hook.
L 07/12/2025 - 14:52:49: [optional/l4d2_saferoom_item_remove.smx] Removed 0 saferoom item(s) (start: 0; end: 0).
L 07/12/2025 - 14:54:06: [optional/l4d2_saferoom_item_remove.smx] Removed 0 saferoom item(s) (start: 0; end: 0).
L 07/12/2025 - 14:58:06: -------- Mapchange to c2m5_concert --------
L 07/12/2025 - 14:58:07: [basecommands.smx] "Console<0><Console><Console>" changed cvar (cvar "confogl_match_execcfg_plugins") (value "generalfixes.cfg;confogl_plugins.cfg;sharedplugins.cfg")
L 07/12/2025 - 14:58:07: [basecommands.smx] "Console<0><Console><Console>" changed cvar (cvar "l4d2_addons_eclipse") (value "0")
L 07/12/2025 - 14:58:07: [basecommands.smx] "Console<0><Console><Console>" changed cvar (cvar "sv_allow_wait_command") (value "0")
L 07/12/2025 - 14:58:07: [basecommands.smx] "Console<0><Console><Console>" changed cvar (cvar "sv_minrate") (value "100000")
L 07/12/2025 - 14:58:07: [basecommands.smx] "Console<0><Console><Console>" changed cvar (cvar "sv_maxrate") (value "100000")
L 07/12/2025 - 14:58:07: [basecommands.smx] "Console<0><Console><Console>" changed cvar (cvar "sv_minupdaterate") (value "100")
L 07/12/2025 - 14:58:07: [basecommands.smx] "Console<0><Console><Console>" changed cvar (cvar "sv_maxupdaterate") (value "100")
L 07/12/2025 - 14:58:07: [basecommands.smx] "Console<0><Console><Console>" changed cvar (cvar "sv_mincmdrate") (value "100")
L 07/12/2025 - 14:58:07: [basecommands.smx] "Console<0><Console><Console>" changed cvar (cvar "sv_maxcmdrate") (value "100")
L 07/12/2025 - 14:58:07: [basecommands.smx] "Console<0><Console><Console>" changed cvar (cvar "sv_client_min_interp_ratio") (value "-1")
L 07/12/2025 - 14:58:07: [basecommands.smx] "Console<0><Console><Console>" changed cvar (cvar "sv_client_max_interp_ratio") (value "0")
L 07/12/2025 - 14:58:07: [basecommands.smx] "Console<0><Console><Console>" changed cvar (cvar "nb_update_frequency") (value "0.014")
L 07/12/2025 - 14:58:07: [basecommands.smx] "Console<0><Console><Console>" changed cvar (cvar "net_splitpacket_maxrate") (value "50000")
L 07/12/2025 - 14:58:07: [basecommands.smx] "Console<0><Console><Console>" changed cvar (cvar "net_maxcleartime") (value "0.0001")
L 07/12/2025 - 14:58:07: [basecommands.smx] "Console<0><Console><Console>" changed cvar (cvar "fps_max") (value "0")
L 07/12/2025 - 14:58:07: [basecommands.smx] "Console<0><Console><Console>" changed cvar (cvar "tick_door_speed") (value "1.3")
L 07/12/2025 - 14:58:07: [basecommands.smx] "Console<0><Console><Console>" changed cvar (cvar "mv_maxplayers") (value "30")
L 07/12/2025 - 14:58:07: [basecommands.smx] "Console<0><Console><Console>" changed cvar (cvar "mp_autoteambalance") (value "0")
L 07/12/2025 - 14:58:07: [basecommands.smx] "Console<0><Console><Console>" changed cvar (cvar "sv_unlag_fixstuck") (value "1")
L 07/12/2025 - 14:58:07: [basecommands.smx] "Console<0><Console><Console>" changed cvar (cvar "z_brawl_chance") (value "0")
L 07/12/2025 - 14:58:07: [basecommands.smx] "Console<0><Console><Console>" changed cvar (cvar "sv_maxunlag") (value "1")
L 07/12/2025 - 14:58:07: [basecommands.smx] "Console<0><Console><Console>" changed cvar (cvar "sv_forcepreload") (value "1")
L 07/12/2025 - 14:58:07: [basecommands.smx] "Console<0><Console><Console>" changed cvar (cvar "sv_client_predict") (value "1")
L 07/12/2025 - 14:58:07: [basecommands.smx] "Console<0><Console><Console>" changed cvar (cvar "sv_client_cmdrate_difference") (value "0")
L 07/12/2025 - 14:58:07: [basecommands.smx] "Console<0><Console><Console>" changed cvar (cvar "sv_max_queries_sec_global") (value "10")
L 07/12/2025 - 14:58:07: [basecommands.smx] "Console<0><Console><Console>" changed cvar (cvar "sv_max_queries_sec") (value "3")
L 07/12/2025 - 14:58:07: [basecommands.smx] "Console<0><Console><Console>" changed cvar (cvar "sv_max_queries_window") (value "10")
L 07/12/2025 - 14:58:07: [basecommands.smx] "Console<0><Console><Console>" changed cvar (cvar "sv_player_stuck_tolerance") (value "5")
L 07/12/2025 - 14:58:07: [basecommands.smx] "Console<0><Console><Console>" changed cvar (cvar "sv_stats") (value "0")
L 07/12/2025 - 14:58:07: [basecommands.smx] "Console<0><Console><Console>" changed cvar (cvar "sv_clockcorrection_msecs") (value "25")
L 07/12/2025 - 14:58:07: [basecommands.smx] "Console<0><Console><Console>" changed cvar (cvar "survivor_max_incapacitated_count") (value "2")
L 07/12/2025 - 14:58:07: [optional/chat-processor.smx] Message formats generated for game 'left4dead2'.
L 07/12/2025 - 14:58:07: [optional/chat-processor.smx] Successfully hooked a SayText2 chat hook.
L 07/12/2025 - 14:58:08: [optional/l4d2_saferoom_item_remove.smx] Removed 0 saferoom item(s) (start: 0; end: 0).
L 07/12/2025 - 14:58:40: [basecommands.smx] "Console<0><Console><Console>" changed map to "dkr_m1_motel" (input "dkr_m1_motel")
L 07/12/2025 - 14:58:48: -------- Mapchange to dkr_m1_motel --------
L 07/12/2025 - 14:58:49: [basecommands.smx] "Console<0><Console><Console>" changed cvar (cvar "confogl_match_execcfg_plugins") (value "generalfixes.cfg;confogl_plugins.cfg;sharedplugins.cfg")
L 07/12/2025 - 14:58:49: [basecommands.smx] "Console<0><Console><Console>" changed cvar (cvar "l4d2_addons_eclipse") (value "0")
L 07/12/2025 - 14:58:49: [basecommands.smx] "Console<0><Console><Console>" changed cvar (cvar "sv_allow_wait_command") (value "0")
L 07/12/2025 - 14:58:49: [basecommands.smx] "Console<0><Console><Console>" changed cvar (cvar "sv_minrate") (value "100000")
L 07/12/2025 - 14:58:49: [basecommands.smx] "Console<0><Console><Console>" changed cvar (cvar "sv_maxrate") (value "100000")
L 07/12/2025 - 14:58:49: [basecommands.smx] "Console<0><Console><Console>" changed cvar (cvar "sv_minupdaterate") (value "100")
L 07/12/2025 - 14:58:49: [basecommands.smx] "Console<0><Console><Console>" changed cvar (cvar "sv_maxupdaterate") (value "100")
L 07/12/2025 - 14:58:49: [basecommands.smx] "Console<0><Console><Console>" changed cvar (cvar "sv_mincmdrate") (value "100")
L 07/12/2025 - 14:58:49: [basecommands.smx] "Console<0><Console><Console>" changed cvar (cvar "sv_maxcmdrate") (value "100")
L 07/12/2025 - 14:58:49: [basecommands.smx] "Console<0><Console><Console>" changed cvar (cvar "sv_client_min_interp_ratio") (value "-1")
L 07/12/2025 - 14:58:49: [basecommands.smx] "Console<0><Console><Console>" changed cvar (cvar "sv_client_max_interp_ratio") (value "0")
L 07/12/2025 - 14:58:49: [basecommands.smx] "Console<0><Console><Console>" changed cvar (cvar "nb_update_frequency") (value "0.014")
L 07/12/2025 - 14:58:49: [basecommands.smx] "Console<0><Console><Console>" changed cvar (cvar "net_splitpacket_maxrate") (value "50000")
L 07/12/2025 - 14:58:49: [basecommands.smx] "Console<0><Console><Console>" changed cvar (cvar "net_maxcleartime") (value "0.0001")
L 07/12/2025 - 14:58:49: [basecommands.smx] "Console<0><Console><Console>" changed cvar (cvar "fps_max") (value "0")
L 07/12/2025 - 14:58:49: [basecommands.smx] "Console<0><Console><Console>" changed cvar (cvar "tick_door_speed") (value "1.3")
L 07/12/2025 - 14:58:49: [basecommands.smx] "Console<0><Console><Console>" changed cvar (cvar "mv_maxplayers") (value "30")
L 07/12/2025 - 14:58:49: [basecommands.smx] "Console<0><Console><Console>" changed cvar (cvar "mp_autoteambalance") (value "0")
L 07/12/2025 - 14:58:49: [basecommands.smx] "Console<0><Console><Console>" changed cvar (cvar "sv_unlag_fixstuck") (value "1")
L 07/12/2025 - 14:58:49: [basecommands.smx] "Console<0><Console><Console>" changed cvar (cvar "z_brawl_chance") (value "0")
L 07/12/2025 - 14:58:49: [basecommands.smx] "Console<0><Console><Console>" changed cvar (cvar "sv_maxunlag") (value "1")
L 07/12/2025 - 14:58:49: [basecommands.smx] "Console<0><Console><Console>" changed cvar (cvar "sv_forcepreload") (value "1")
L 07/12/2025 - 14:58:49: [basecommands.smx] "Console<0><Console><Console>" changed cvar (cvar "sv_client_predict") (value "1")
L 07/12/2025 - 14:58:49: [basecommands.smx] "Console<0><Console><Console>" changed cvar (cvar "sv_client_cmdrate_difference") (value "0")
L 07/12/2025 - 14:58:49: [basecommands.smx] "Console<0><Console><Console>" changed cvar (cvar "sv_max_queries_sec_global") (value "10")
L 07/12/2025 - 14:58:49: [basecommands.smx] "Console<0><Console><Console>" changed cvar (cvar "sv_max_queries_sec") (value "3")
L 07/12/2025 - 14:58:49: [basecommands.smx] "Console<0><Console><Console>" changed cvar (cvar "sv_max_queries_window") (value "10")
L 07/12/2025 - 14:58:49: [basecommands.smx] "Console<0><Console><Console>" changed cvar (cvar "sv_player_stuck_tolerance") (value "5")
L 07/12/2025 - 14:58:49: [basecommands.smx] "Console<0><Console><Console>" changed cvar (cvar "sv_stats") (value "0")
L 07/12/2025 - 14:58:49: [basecommands.smx] "Console<0><Console><Console>" changed cvar (cvar "sv_clockcorrection_msecs") (value "25")
L 07/12/2025 - 14:58:49: [basecommands.smx] "Console<0><Console><Console>" changed cvar (cvar "survivor_max_incapacitated_count") (value "2")
L 07/12/2025 - 14:58:50: [optional/chat-processor.smx] Message formats generated for game 'left4dead2'.
L 07/12/2025 - 14:58:50: [optional/chat-processor.smx] Successfully hooked a SayText2 chat hook.
L 07/12/2025 - 14:58:51: [optional/l4d2_saferoom_item_remove.smx] Removed 0 saferoom item(s) (start: 0; end: 0).
L 07/12/2025 - 15:13:42: SourceMod log file session started (file "/root/Steam/steamapps/common/L4D21/left4dead2/addons/sourcemod/logs/L20250712.log") (Version "1.12.0.7195")
L 07/12/2025 - 15:13:42: [fixes/firebulletsfix.smx] Found offset for Weapon_ShootPosition 286
L 07/12/2025 - 15:13:44: [basecommands.smx] "Console<0><Console><Console>" changed cvar (cvar "confogl_match_execcfg_plugins") (value "generalfixes.cfg;confogl_plugins.cfg;sharedplugins.cfg")
L 07/12/2025 - 15:13:44: [basecommands.smx] "Console<0><Console><Console>" changed cvar (cvar "l4d2_addons_eclipse") (value "0")
L 07/12/2025 - 15:13:44: [basecommands.smx] "Console<0><Console><Console>" changed cvar (cvar "sv_allow_wait_command") (value "0")
L 07/12/2025 - 15:13:44: [basecommands.smx] "Console<0><Console><Console>" changed cvar (cvar "sv_minrate") (value "100000")
L 07/12/2025 - 15:13:44: [basecommands.smx] "Console<0><Console><Console>" changed cvar (cvar "sv_maxrate") (value "100000")
L 07/12/2025 - 15:13:44: [basecommands.smx] "Console<0><Console><Console>" changed cvar (cvar "sv_minupdaterate") (value "100")
L 07/12/2025 - 15:13:44: [basecommands.smx] "Console<0><Console><Console>" changed cvar (cvar "sv_maxupdaterate") (value "100")
L 07/12/2025 - 15:13:44: [basecommands.smx] "Console<0><Console><Console>" changed cvar (cvar "sv_mincmdrate") (value "100")
L 07/12/2025 - 15:13:44: [basecommands.smx] "Console<0><Console><Console>" changed cvar (cvar "sv_maxcmdrate") (value "100")
L 07/12/2025 - 15:13:44: [basecommands.smx] "Console<0><Console><Console>" changed cvar (cvar "sv_client_min_interp_ratio") (value "-1")
L 07/12/2025 - 15:13:44: [basecommands.smx] "Console<0><Console><Console>" changed cvar (cvar "sv_client_max_interp_ratio") (value "0")
L 07/12/2025 - 15:13:44: [basecommands.smx] "Console<0><Console><Console>" changed cvar (cvar "nb_update_frequency") (value "0.014")
L 07/12/2025 - 15:13:44: [basecommands.smx] "Console<0><Console><Console>" changed cvar (cvar "net_splitpacket_maxrate") (value "50000")
L 07/12/2025 - 15:13:44: [basecommands.smx] "Console<0><Console><Console>" changed cvar (cvar "net_maxcleartime") (value "0.0001")
L 07/12/2025 - 15:13:44: [basecommands.smx] "Console<0><Console><Console>" changed cvar (cvar "fps_max") (value "0")
L 07/12/2025 - 15:13:44: [basecommands.smx] "Console<0><Console><Console>" changed cvar (cvar "tick_door_speed") (value "1.3")
L 07/12/2025 - 15:13:44: [basecommands.smx] "Console<0><Console><Console>" changed cvar (cvar "mv_maxplayers") (value "30")
L 07/12/2025 - 15:13:44: [basecommands.smx] "Console<0><Console><Console>" changed cvar (cvar "mp_autoteambalance") (value "0")
L 07/12/2025 - 15:13:44: [basecommands.smx] "Console<0><Console><Console>" changed cvar (cvar "sv_unlag_fixstuck") (value "1")
L 07/12/2025 - 15:13:44: [basecommands.smx] "Console<0><Console><Console>" changed cvar (cvar "z_brawl_chance") (value "0")
L 07/12/2025 - 15:13:44: [basecommands.smx] "Console<0><Console><Console>" changed cvar (cvar "sv_maxunlag") (value "1")
L 07/12/2025 - 15:13:44: [basecommands.smx] "Console<0><Console><Console>" changed cvar (cvar "sv_forcepreload") (value "1")
L 07/12/2025 - 15:13:44: [basecommands.smx] "Console<0><Console><Console>" changed cvar (cvar "sv_client_predict") (value "1")
L 07/12/2025 - 15:13:44: [basecommands.smx] "Console<0><Console><Console>" changed cvar (cvar "sv_client_cmdrate_difference") (value "0")
L 07/12/2025 - 15:13:44: [basecommands.smx] "Console<0><Console><Console>" changed cvar (cvar "sv_max_queries_sec_global") (value "10")
L 07/12/2025 - 15:13:44: [basecommands.smx] "Console<0><Console><Console>" changed cvar (cvar "sv_max_queries_sec") (value "3")
L 07/12/2025 - 15:13:44: [basecommands.smx] "Console<0><Console><Console>" changed cvar (cvar "sv_max_queries_window") (value "10")
L 07/12/2025 - 15:13:44: [basecommands.smx] "Console<0><Console><Console>" changed cvar (cvar "sv_player_stuck_tolerance") (value "5")
L 07/12/2025 - 15:13:44: [basecommands.smx] "Console<0><Console><Console>" changed cvar (cvar "sv_stats") (value "0")
L 07/12/2025 - 15:13:44: [basecommands.smx] "Console<0><Console><Console>" changed cvar (cvar "sv_clockcorrection_msecs") (value "25")
L 07/12/2025 - 15:13:44: [basecommands.smx] "Console<0><Console><Console>" changed cvar (cvar "survivor_max_incapacitated_count") (value "2")
L 07/12/2025 - 15:13:45: [fixes/firebulletsfix.smx] Found offset for Weapon_ShootPosition 286
L 07/12/2025 - 15:13:45: [optional/l4d2_item_hint.smx] 
==========
Warning: You should install "[L4D & L4D2] Use Priority Patch" to fix attached models blocking +USE action (item hint): https://forums.alliedmods.net/showthread.php?t=327511
==========

L 07/12/2025 - 15:13:45: [GEOIP] GeoIP2 database loaded: GeoLite2-Country (2023-12-22 14:46:10 UTC) (/root/Steam/steamapps/common/L4D21/left4dead2/addons/sourcemod/configs/geoip/GeoLite2-Country.mmdb)
L 07/12/2025 - 15:13:45: [GEOIP] GeoIP2 supported languages: de en es fr ja pt-BR ru zh-CN
L 07/12/2025 - 15:13:45: [GEOIP] Your database is older than 90 days. You should consider downloading a newer version from e.g. https://dev.maxmind.com/geoip/geolite2-free-geolocation-data
L 07/12/2025 - 15:13:46: [optional/chat-processor.smx] Message formats generated for game 'left4dead2'.
L 07/12/2025 - 15:13:46: [optional/chat-processor.smx] Successfully hooked a SayText2 chat hook.
L 07/12/2025 - 15:13:49: -------- Mapchange to c2m1_highway --------
L 07/12/2025 - 15:13:50: [basecommands.smx] "Console<0><Console><Console>" changed cvar (cvar "confogl_match_execcfg_plugins") (value "generalfixes.cfg;confogl_plugins.cfg;sharedplugins.cfg")
L 07/12/2025 - 15:13:50: [basecommands.smx] "Console<0><Console><Console>" changed cvar (cvar "l4d2_addons_eclipse") (value "0")
L 07/12/2025 - 15:13:50: [basecommands.smx] "Console<0><Console><Console>" changed cvar (cvar "sv_allow_wait_command") (value "0")
L 07/12/2025 - 15:13:50: [basecommands.smx] "Console<0><Console><Console>" changed cvar (cvar "sv_minrate") (value "100000")
L 07/12/2025 - 15:13:50: [basecommands.smx] "Console<0><Console><Console>" changed cvar (cvar "sv_maxrate") (value "100000")
L 07/12/2025 - 15:13:50: [basecommands.smx] "Console<0><Console><Console>" changed cvar (cvar "sv_minupdaterate") (value "100")
L 07/12/2025 - 15:13:50: [basecommands.smx] "Console<0><Console><Console>" changed cvar (cvar "sv_maxupdaterate") (value "100")
L 07/12/2025 - 15:13:50: [basecommands.smx] "Console<0><Console><Console>" changed cvar (cvar "sv_mincmdrate") (value "100")
L 07/12/2025 - 15:13:50: [basecommands.smx] "Console<0><Console><Console>" changed cvar (cvar "sv_maxcmdrate") (value "100")
L 07/12/2025 - 15:13:50: [basecommands.smx] "Console<0><Console><Console>" changed cvar (cvar "sv_client_min_interp_ratio") (value "-1")
L 07/12/2025 - 15:13:50: [basecommands.smx] "Console<0><Console><Console>" changed cvar (cvar "sv_client_max_interp_ratio") (value "0")
L 07/12/2025 - 15:13:50: [basecommands.smx] "Console<0><Console><Console>" changed cvar (cvar "nb_update_frequency") (value "0.014")
L 07/12/2025 - 15:13:50: [basecommands.smx] "Console<0><Console><Console>" changed cvar (cvar "net_splitpacket_maxrate") (value "50000")
L 07/12/2025 - 15:13:50: [basecommands.smx] "Console<0><Console><Console>" changed cvar (cvar "net_maxcleartime") (value "0.0001")
L 07/12/2025 - 15:13:50: [basecommands.smx] "Console<0><Console><Console>" changed cvar (cvar "fps_max") (value "0")
L 07/12/2025 - 15:13:50: [basecommands.smx] "Console<0><Console><Console>" changed cvar (cvar "tick_door_speed") (value "1.3")
L 07/12/2025 - 15:13:50: [basecommands.smx] "Console<0><Console><Console>" changed cvar (cvar "mv_maxplayers") (value "30")
L 07/12/2025 - 15:13:50: [basecommands.smx] "Console<0><Console><Console>" changed cvar (cvar "mp_autoteambalance") (value "0")
L 07/12/2025 - 15:13:50: [basecommands.smx] "Console<0><Console><Console>" changed cvar (cvar "sv_unlag_fixstuck") (value "1")
L 07/12/2025 - 15:13:50: [basecommands.smx] "Console<0><Console><Console>" changed cvar (cvar "z_brawl_chance") (value "0")
L 07/12/2025 - 15:13:50: [basecommands.smx] "Console<0><Console><Console>" changed cvar (cvar "sv_maxunlag") (value "1")
L 07/12/2025 - 15:13:50: [basecommands.smx] "Console<0><Console><Console>" changed cvar (cvar "sv_forcepreload") (value "1")
L 07/12/2025 - 15:13:50: [basecommands.smx] "Console<0><Console><Console>" changed cvar (cvar "sv_client_predict") (value "1")
L 07/12/2025 - 15:13:50: [basecommands.smx] "Console<0><Console><Console>" changed cvar (cvar "sv_client_cmdrate_difference") (value "0")
L 07/12/2025 - 15:13:50: [basecommands.smx] "Console<0><Console><Console>" changed cvar (cvar "sv_max_queries_sec_global") (value "10")
L 07/12/2025 - 15:13:50: [basecommands.smx] "Console<0><Console><Console>" changed cvar (cvar "sv_max_queries_sec") (value "3")
L 07/12/2025 - 15:13:50: [basecommands.smx] "Console<0><Console><Console>" changed cvar (cvar "sv_max_queries_window") (value "10")
L 07/12/2025 - 15:13:50: [basecommands.smx] "Console<0><Console><Console>" changed cvar (cvar "sv_player_stuck_tolerance") (value "5")
L 07/12/2025 - 15:13:50: [basecommands.smx] "Console<0><Console><Console>" changed cvar (cvar "sv_stats") (value "0")
L 07/12/2025 - 15:13:50: [basecommands.smx] "Console<0><Console><Console>" changed cvar (cvar "sv_clockcorrection_msecs") (value "25")
L 07/12/2025 - 15:13:51: [optional/chat-processor.smx] Message formats generated for game 'left4dead2'.
L 07/12/2025 - 15:13:51: [optional/chat-processor.smx] Successfully hooked a SayText2 chat hook.
L 07/12/2025 - 15:13:52: [optional/l4d2_saferoom_item_remove.smx] Removed 0 saferoom item(s) (start: 0; end: 0).
L 07/12/2025 - 15:15:18: SourceMod log file session started (file "/root/Steam/steamapps/common/L4D21/left4dead2/addons/sourcemod/logs/L20250712.log") (Version "1.12.0.7195")
L 07/12/2025 - 15:15:18: [fixes/firebulletsfix.smx] Found offset for Weapon_ShootPosition 286
L 07/12/2025 - 15:15:20: [basecommands.smx] "Console<0><Console><Console>" changed cvar (cvar "confogl_match_execcfg_plugins") (value "generalfixes.cfg;confogl_plugins.cfg;sharedplugins.cfg")
L 07/12/2025 - 15:15:20: [basecommands.smx] "Console<0><Console><Console>" changed cvar (cvar "l4d2_addons_eclipse") (value "0")
L 07/12/2025 - 15:15:20: [basecommands.smx] "Console<0><Console><Console>" changed cvar (cvar "sv_allow_wait_command") (value "0")
L 07/12/2025 - 15:15:20: [basecommands.smx] "Console<0><Console><Console>" changed cvar (cvar "sv_minrate") (value "100000")
L 07/12/2025 - 15:15:20: [basecommands.smx] "Console<0><Console><Console>" changed cvar (cvar "sv_maxrate") (value "100000")
L 07/12/2025 - 15:15:20: [basecommands.smx] "Console<0><Console><Console>" changed cvar (cvar "sv_minupdaterate") (value "100")
L 07/12/2025 - 15:15:20: [basecommands.smx] "Console<0><Console><Console>" changed cvar (cvar "sv_maxupdaterate") (value "100")
L 07/12/2025 - 15:15:20: [basecommands.smx] "Console<0><Console><Console>" changed cvar (cvar "sv_mincmdrate") (value "100")
L 07/12/2025 - 15:15:20: [basecommands.smx] "Console<0><Console><Console>" changed cvar (cvar "sv_maxcmdrate") (value "100")
L 07/12/2025 - 15:15:20: [basecommands.smx] "Console<0><Console><Console>" changed cvar (cvar "sv_client_min_interp_ratio") (value "-1")
L 07/12/2025 - 15:15:20: [basecommands.smx] "Console<0><Console><Console>" changed cvar (cvar "sv_client_max_interp_ratio") (value "0")
L 07/12/2025 - 15:15:20: [basecommands.smx] "Console<0><Console><Console>" changed cvar (cvar "nb_update_frequency") (value "0.014")
L 07/12/2025 - 15:15:20: [basecommands.smx] "Console<0><Console><Console>" changed cvar (cvar "net_splitpacket_maxrate") (value "50000")
L 07/12/2025 - 15:15:20: [basecommands.smx] "Console<0><Console><Console>" changed cvar (cvar "net_maxcleartime") (value "0.0001")
L 07/12/2025 - 15:15:20: [basecommands.smx] "Console<0><Console><Console>" changed cvar (cvar "fps_max") (value "0")
L 07/12/2025 - 15:15:20: [basecommands.smx] "Console<0><Console><Console>" changed cvar (cvar "tick_door_speed") (value "1.3")
L 07/12/2025 - 15:15:20: [basecommands.smx] "Console<0><Console><Console>" changed cvar (cvar "mv_maxplayers") (value "30")
L 07/12/2025 - 15:15:20: [basecommands.smx] "Console<0><Console><Console>" changed cvar (cvar "mp_autoteambalance") (value "0")
L 07/12/2025 - 15:15:20: [basecommands.smx] "Console<0><Console><Console>" changed cvar (cvar "sv_unlag_fixstuck") (value "1")
L 07/12/2025 - 15:15:20: [basecommands.smx] "Console<0><Console><Console>" changed cvar (cvar "z_brawl_chance") (value "0")
L 07/12/2025 - 15:15:20: [basecommands.smx] "Console<0><Console><Console>" changed cvar (cvar "sv_maxunlag") (value "1")
L 07/12/2025 - 15:15:20: [basecommands.smx] "Console<0><Console><Console>" changed cvar (cvar "sv_forcepreload") (value "1")
L 07/12/2025 - 15:15:20: [basecommands.smx] "Console<0><Console><Console>" changed cvar (cvar "sv_client_predict") (value "1")
L 07/12/2025 - 15:15:20: [basecommands.smx] "Console<0><Console><Console>" changed cvar (cvar "sv_client_cmdrate_difference") (value "0")
L 07/12/2025 - 15:15:20: [basecommands.smx] "Console<0><Console><Console>" changed cvar (cvar "sv_max_queries_sec_global") (value "10")
L 07/12/2025 - 15:15:20: [basecommands.smx] "Console<0><Console><Console>" changed cvar (cvar "sv_max_queries_sec") (value "3")
L 07/12/2025 - 15:15:20: [basecommands.smx] "Console<0><Console><Console>" changed cvar (cvar "sv_max_queries_window") (value "10")
L 07/12/2025 - 15:15:20: [basecommands.smx] "Console<0><Console><Console>" changed cvar (cvar "sv_player_stuck_tolerance") (value "5")
L 07/12/2025 - 15:15:20: [basecommands.smx] "Console<0><Console><Console>" changed cvar (cvar "sv_stats") (value "0")
L 07/12/2025 - 15:15:20: [basecommands.smx] "Console<0><Console><Console>" changed cvar (cvar "sv_clockcorrection_msecs") (value "25")
L 07/12/2025 - 15:15:20: [basecommands.smx] "Console<0><Console><Console>" changed cvar (cvar "survivor_max_incapacitated_count") (value "2")
L 07/12/2025 - 15:15:21: [fixes/firebulletsfix.smx] Found offset for Weapon_ShootPosition 286
L 07/12/2025 - 15:15:21: [optional/l4d2_item_hint.smx] 
==========
Warning: You should install "[L4D & L4D2] Use Priority Patch" to fix attached models blocking +USE action (item hint): https://forums.alliedmods.net/showthread.php?t=327511
==========

L 07/12/2025 - 15:15:21: [GEOIP] GeoIP2 database loaded: GeoLite2-Country (2023-12-22 14:46:10 UTC) (/root/Steam/steamapps/common/L4D21/left4dead2/addons/sourcemod/configs/geoip/GeoLite2-Country.mmdb)
L 07/12/2025 - 15:15:21: [GEOIP] GeoIP2 supported languages: de en es fr ja pt-BR ru zh-CN
L 07/12/2025 - 15:15:21: [GEOIP] Your database is older than 90 days. You should consider downloading a newer version from e.g. https://dev.maxmind.com/geoip/geolite2-free-geolocation-data
L 07/12/2025 - 15:15:21: [optional/chat-processor.smx] Message formats generated for game 'left4dead2'.
L 07/12/2025 - 15:15:21: [optional/chat-processor.smx] Successfully hooked a SayText2 chat hook.
L 07/12/2025 - 15:15:25: -------- Mapchange to c2m1_highway --------
L 07/12/2025 - 15:15:26: [basecommands.smx] "Console<0><Console><Console>" changed cvar (cvar "confogl_match_execcfg_plugins") (value "generalfixes.cfg;confogl_plugins.cfg;sharedplugins.cfg")
L 07/12/2025 - 15:15:26: [basecommands.smx] "Console<0><Console><Console>" changed cvar (cvar "l4d2_addons_eclipse") (value "0")
L 07/12/2025 - 15:15:26: [basecommands.smx] "Console<0><Console><Console>" changed cvar (cvar "sv_allow_wait_command") (value "0")
L 07/12/2025 - 15:15:26: [basecommands.smx] "Console<0><Console><Console>" changed cvar (cvar "sv_minrate") (value "100000")
L 07/12/2025 - 15:15:26: [basecommands.smx] "Console<0><Console><Console>" changed cvar (cvar "sv_maxrate") (value "100000")
L 07/12/2025 - 15:15:26: [basecommands.smx] "Console<0><Console><Console>" changed cvar (cvar "sv_minupdaterate") (value "100")
L 07/12/2025 - 15:15:26: [basecommands.smx] "Console<0><Console><Console>" changed cvar (cvar "sv_maxupdaterate") (value "100")
L 07/12/2025 - 15:15:26: [basecommands.smx] "Console<0><Console><Console>" changed cvar (cvar "sv_mincmdrate") (value "100")
L 07/12/2025 - 15:15:26: [basecommands.smx] "Console<0><Console><Console>" changed cvar (cvar "sv_maxcmdrate") (value "100")
L 07/12/2025 - 15:15:26: [basecommands.smx] "Console<0><Console><Console>" changed cvar (cvar "sv_client_min_interp_ratio") (value "-1")
L 07/12/2025 - 15:15:26: [basecommands.smx] "Console<0><Console><Console>" changed cvar (cvar "sv_client_max_interp_ratio") (value "0")
L 07/12/2025 - 15:15:26: [basecommands.smx] "Console<0><Console><Console>" changed cvar (cvar "nb_update_frequency") (value "0.014")
L 07/12/2025 - 15:15:26: [basecommands.smx] "Console<0><Console><Console>" changed cvar (cvar "net_splitpacket_maxrate") (value "50000")
L 07/12/2025 - 15:15:26: [basecommands.smx] "Console<0><Console><Console>" changed cvar (cvar "net_maxcleartime") (value "0.0001")
L 07/12/2025 - 15:15:26: [basecommands.smx] "Console<0><Console><Console>" changed cvar (cvar "fps_max") (value "0")
L 07/12/2025 - 15:15:26: [basecommands.smx] "Console<0><Console><Console>" changed cvar (cvar "tick_door_speed") (value "1.3")
L 07/12/2025 - 15:15:26: [basecommands.smx] "Console<0><Console><Console>" changed cvar (cvar "mv_maxplayers") (value "30")
L 07/12/2025 - 15:15:26: [basecommands.smx] "Console<0><Console><Console>" changed cvar (cvar "mp_autoteambalance") (value "0")
L 07/12/2025 - 15:15:26: [basecommands.smx] "Console<0><Console><Console>" changed cvar (cvar "sv_unlag_fixstuck") (value "1")
L 07/12/2025 - 15:15:26: [basecommands.smx] "Console<0><Console><Console>" changed cvar (cvar "z_brawl_chance") (value "0")
L 07/12/2025 - 15:15:26: [basecommands.smx] "Console<0><Console><Console>" changed cvar (cvar "sv_maxunlag") (value "1")
L 07/12/2025 - 15:15:26: [basecommands.smx] "Console<0><Console><Console>" changed cvar (cvar "sv_forcepreload") (value "1")
L 07/12/2025 - 15:15:26: [basecommands.smx] "Console<0><Console><Console>" changed cvar (cvar "sv_client_predict") (value "1")
L 07/12/2025 - 15:15:26: [basecommands.smx] "Console<0><Console><Console>" changed cvar (cvar "sv_client_cmdrate_difference") (value "0")
L 07/12/2025 - 15:15:26: [basecommands.smx] "Console<0><Console><Console>" changed cvar (cvar "sv_max_queries_sec_global") (value "10")
L 07/12/2025 - 15:15:26: [basecommands.smx] "Console<0><Console><Console>" changed cvar (cvar "sv_max_queries_sec") (value "3")
L 07/12/2025 - 15:15:26: [basecommands.smx] "Console<0><Console><Console>" changed cvar (cvar "sv_max_queries_window") (value "10")
L 07/12/2025 - 15:15:26: [basecommands.smx] "Console<0><Console><Console>" changed cvar (cvar "sv_player_stuck_tolerance") (value "5")
L 07/12/2025 - 15:15:26: [basecommands.smx] "Console<0><Console><Console>" changed cvar (cvar "sv_stats") (value "0")
L 07/12/2025 - 15:15:26: [basecommands.smx] "Console<0><Console><Console>" changed cvar (cvar "sv_clockcorrection_msecs") (value "25")
L 07/12/2025 - 15:15:26: [optional/chat-processor.smx] Message formats generated for game 'left4dead2'.
L 07/12/2025 - 15:15:26: [optional/chat-processor.smx] Successfully hooked a SayText2 chat hook.
L 07/12/2025 - 15:15:27: [optional/l4d2_saferoom_item_remove.smx] Removed 0 saferoom item(s) (start: 0; end: 0).
L 07/12/2025 - 15:41:39: SourceMod log file session started (file "/root/Steam/steamapps/common/L4D21/left4dead2/addons/sourcemod/logs/L20250712.log") (Version "1.12.0.7195")
L 07/12/2025 - 15:41:39: [fixes/firebulletsfix.smx] Found offset for Weapon_ShootPosition 286
L 07/12/2025 - 15:41:41: [basecommands.smx] "Console<0><Console><Console>" changed cvar (cvar "confogl_match_execcfg_plugins") (value "generalfixes.cfg;confogl_plugins.cfg;sharedplugins.cfg")
L 07/12/2025 - 15:41:41: [basecommands.smx] "Console<0><Console><Console>" changed cvar (cvar "l4d2_addons_eclipse") (value "0")
L 07/12/2025 - 15:41:41: [basecommands.smx] "Console<0><Console><Console>" changed cvar (cvar "sv_allow_wait_command") (value "0")
L 07/12/2025 - 15:41:41: [basecommands.smx] "Console<0><Console><Console>" changed cvar (cvar "sv_minrate") (value "100000")
L 07/12/2025 - 15:41:41: [basecommands.smx] "Console<0><Console><Console>" changed cvar (cvar "sv_maxrate") (value "100000")
L 07/12/2025 - 15:41:41: [basecommands.smx] "Console<0><Console><Console>" changed cvar (cvar "sv_minupdaterate") (value "100")
L 07/12/2025 - 15:41:41: [basecommands.smx] "Console<0><Console><Console>" changed cvar (cvar "sv_maxupdaterate") (value "100")
L 07/12/2025 - 15:41:41: [basecommands.smx] "Console<0><Console><Console>" changed cvar (cvar "sv_mincmdrate") (value "100")
L 07/12/2025 - 15:41:41: [basecommands.smx] "Console<0><Console><Console>" changed cvar (cvar "sv_maxcmdrate") (value "100")
L 07/12/2025 - 15:41:41: [basecommands.smx] "Console<0><Console><Console>" changed cvar (cvar "sv_client_min_interp_ratio") (value "-1")
L 07/12/2025 - 15:41:41: [basecommands.smx] "Console<0><Console><Console>" changed cvar (cvar "sv_client_max_interp_ratio") (value "0")
L 07/12/2025 - 15:41:41: [basecommands.smx] "Console<0><Console><Console>" changed cvar (cvar "nb_update_frequency") (value "0.014")
L 07/12/2025 - 15:41:41: [basecommands.smx] "Console<0><Console><Console>" changed cvar (cvar "net_splitpacket_maxrate") (value "50000")
L 07/12/2025 - 15:41:41: [basecommands.smx] "Console<0><Console><Console>" changed cvar (cvar "net_maxcleartime") (value "0.0001")
L 07/12/2025 - 15:41:41: [basecommands.smx] "Console<0><Console><Console>" changed cvar (cvar "fps_max") (value "0")
L 07/12/2025 - 15:41:41: [basecommands.smx] "Console<0><Console><Console>" changed cvar (cvar "tick_door_speed") (value "1.3")
L 07/12/2025 - 15:41:41: [basecommands.smx] "Console<0><Console><Console>" changed cvar (cvar "mv_maxplayers") (value "30")
L 07/12/2025 - 15:41:41: [basecommands.smx] "Console<0><Console><Console>" changed cvar (cvar "mp_autoteambalance") (value "0")
L 07/12/2025 - 15:41:41: [basecommands.smx] "Console<0><Console><Console>" changed cvar (cvar "sv_unlag_fixstuck") (value "1")
L 07/12/2025 - 15:41:41: [basecommands.smx] "Console<0><Console><Console>" changed cvar (cvar "z_brawl_chance") (value "0")
L 07/12/2025 - 15:41:41: [basecommands.smx] "Console<0><Console><Console>" changed cvar (cvar "sv_maxunlag") (value "1")
L 07/12/2025 - 15:41:41: [basecommands.smx] "Console<0><Console><Console>" changed cvar (cvar "sv_forcepreload") (value "1")
L 07/12/2025 - 15:41:41: [basecommands.smx] "Console<0><Console><Console>" changed cvar (cvar "sv_client_predict") (value "1")
L 07/12/2025 - 15:41:41: [basecommands.smx] "Console<0><Console><Console>" changed cvar (cvar "sv_client_cmdrate_difference") (value "0")
L 07/12/2025 - 15:41:41: [basecommands.smx] "Console<0><Console><Console>" changed cvar (cvar "sv_max_queries_sec_global") (value "10")
L 07/12/2025 - 15:41:41: [basecommands.smx] "Console<0><Console><Console>" changed cvar (cvar "sv_max_queries_sec") (value "3")
L 07/12/2025 - 15:41:41: [basecommands.smx] "Console<0><Console><Console>" changed cvar (cvar "sv_max_queries_window") (value "10")
L 07/12/2025 - 15:41:41: [basecommands.smx] "Console<0><Console><Console>" changed cvar (cvar "sv_player_stuck_tolerance") (value "5")
L 07/12/2025 - 15:41:41: [basecommands.smx] "Console<0><Console><Console>" changed cvar (cvar "sv_stats") (value "0")
L 07/12/2025 - 15:41:41: [basecommands.smx] "Console<0><Console><Console>" changed cvar (cvar "sv_clockcorrection_msecs") (value "25")
L 07/12/2025 - 15:41:41: [basecommands.smx] "Console<0><Console><Console>" changed cvar (cvar "survivor_max_incapacitated_count") (value "2")
L 07/12/2025 - 15:41:42: [fixes/firebulletsfix.smx] Found offset for Weapon_ShootPosition 286
L 07/12/2025 - 15:41:42: [optional/l4d2_item_hint.smx] 
==========
Warning: You should install "[L4D & L4D2] Use Priority Patch" to fix attached models blocking +USE action (item hint): https://forums.alliedmods.net/showthread.php?t=327511
==========

L 07/12/2025 - 15:41:42: [GEOIP] GeoIP2 database loaded: GeoLite2-Country (2023-12-22 14:46:10 UTC) (/root/Steam/steamapps/common/L4D21/left4dead2/addons/sourcemod/configs/geoip/GeoLite2-Country.mmdb)
L 07/12/2025 - 15:41:42: [GEOIP] GeoIP2 supported languages: de en es fr ja pt-BR ru zh-CN
L 07/12/2025 - 15:41:42: [GEOIP] Your database is older than 90 days. You should consider downloading a newer version from e.g. https://dev.maxmind.com/geoip/geolite2-free-geolocation-data
L 07/12/2025 - 15:41:43: [optional/chat-processor.smx] Message formats generated for game 'left4dead2'.
L 07/12/2025 - 15:41:43: [optional/chat-processor.smx] Successfully hooked a SayText2 chat hook.
L 07/12/2025 - 15:41:46: -------- Mapchange to c2m1_highway --------
L 07/12/2025 - 15:41:47: [basecommands.smx] "Console<0><Console><Console>" changed cvar (cvar "confogl_match_execcfg_plugins") (value "generalfixes.cfg;confogl_plugins.cfg;sharedplugins.cfg")
L 07/12/2025 - 15:41:47: [basecommands.smx] "Console<0><Console><Console>" changed cvar (cvar "l4d2_addons_eclipse") (value "0")
L 07/12/2025 - 15:41:47: [basecommands.smx] "Console<0><Console><Console>" changed cvar (cvar "sv_allow_wait_command") (value "0")
L 07/12/2025 - 15:41:47: [basecommands.smx] "Console<0><Console><Console>" changed cvar (cvar "sv_minrate") (value "100000")
L 07/12/2025 - 15:41:47: [basecommands.smx] "Console<0><Console><Console>" changed cvar (cvar "sv_maxrate") (value "100000")
L 07/12/2025 - 15:41:47: [basecommands.smx] "Console<0><Console><Console>" changed cvar (cvar "sv_minupdaterate") (value "100")
L 07/12/2025 - 15:41:47: [basecommands.smx] "Console<0><Console><Console>" changed cvar (cvar "sv_maxupdaterate") (value "100")
L 07/12/2025 - 15:41:47: [basecommands.smx] "Console<0><Console><Console>" changed cvar (cvar "sv_mincmdrate") (value "100")
L 07/12/2025 - 15:41:47: [basecommands.smx] "Console<0><Console><Console>" changed cvar (cvar "sv_maxcmdrate") (value "100")
L 07/12/2025 - 15:41:47: [basecommands.smx] "Console<0><Console><Console>" changed cvar (cvar "sv_client_min_interp_ratio") (value "-1")
L 07/12/2025 - 15:41:47: [basecommands.smx] "Console<0><Console><Console>" changed cvar (cvar "sv_client_max_interp_ratio") (value "0")
L 07/12/2025 - 15:41:47: [basecommands.smx] "Console<0><Console><Console>" changed cvar (cvar "nb_update_frequency") (value "0.014")
L 07/12/2025 - 15:41:47: [basecommands.smx] "Console<0><Console><Console>" changed cvar (cvar "net_splitpacket_maxrate") (value "50000")
L 07/12/2025 - 15:41:47: [basecommands.smx] "Console<0><Console><Console>" changed cvar (cvar "net_maxcleartime") (value "0.0001")
L 07/12/2025 - 15:41:47: [basecommands.smx] "Console<0><Console><Console>" changed cvar (cvar "fps_max") (value "0")
L 07/12/2025 - 15:41:47: [basecommands.smx] "Console<0><Console><Console>" changed cvar (cvar "tick_door_speed") (value "1.3")
L 07/12/2025 - 15:41:47: [basecommands.smx] "Console<0><Console><Console>" changed cvar (cvar "mv_maxplayers") (value "30")
L 07/12/2025 - 15:41:47: [basecommands.smx] "Console<0><Console><Console>" changed cvar (cvar "mp_autoteambalance") (value "0")
L 07/12/2025 - 15:41:47: [basecommands.smx] "Console<0><Console><Console>" changed cvar (cvar "sv_unlag_fixstuck") (value "1")
L 07/12/2025 - 15:41:47: [basecommands.smx] "Console<0><Console><Console>" changed cvar (cvar "z_brawl_chance") (value "0")
L 07/12/2025 - 15:41:47: [basecommands.smx] "Console<0><Console><Console>" changed cvar (cvar "sv_maxunlag") (value "1")
L 07/12/2025 - 15:41:47: [basecommands.smx] "Console<0><Console><Console>" changed cvar (cvar "sv_forcepreload") (value "1")
L 07/12/2025 - 15:41:47: [basecommands.smx] "Console<0><Console><Console>" changed cvar (cvar "sv_client_predict") (value "1")
L 07/12/2025 - 15:41:47: [basecommands.smx] "Console<0><Console><Console>" changed cvar (cvar "sv_client_cmdrate_difference") (value "0")
L 07/12/2025 - 15:41:47: [basecommands.smx] "Console<0><Console><Console>" changed cvar (cvar "sv_max_queries_sec_global") (value "10")
L 07/12/2025 - 15:41:47: [basecommands.smx] "Console<0><Console><Console>" changed cvar (cvar "sv_max_queries_sec") (value "3")
L 07/12/2025 - 15:41:47: [basecommands.smx] "Console<0><Console><Console>" changed cvar (cvar "sv_max_queries_window") (value "10")
L 07/12/2025 - 15:41:47: [basecommands.smx] "Console<0><Console><Console>" changed cvar (cvar "sv_player_stuck_tolerance") (value "5")
L 07/12/2025 - 15:41:47: [basecommands.smx] "Console<0><Console><Console>" changed cvar (cvar "sv_stats") (value "0")
L 07/12/2025 - 15:41:47: [basecommands.smx] "Console<0><Console><Console>" changed cvar (cvar "sv_clockcorrection_msecs") (value "25")
L 07/12/2025 - 15:41:48: [optional/chat-processor.smx] Message formats generated for game 'left4dead2'.
L 07/12/2025 - 15:41:48: [optional/chat-processor.smx] Successfully hooked a SayText2 chat hook.
L 07/12/2025 - 15:41:48: [optional/l4d2_saferoom_item_remove.smx] Removed 0 saferoom item(s) (start: 0; end: 0).
L 07/12/2025 - 18:11:57: [fixes/firebulletsfix.smx] Found offset for Weapon_ShootPosition 286
L 07/12/2025 - 18:11:57: [confoglcompmod.smx] [PasswordSystem] Set password on Kobe Bryant, password 
L 07/12/2025 - 18:11:57: [confoglcompmod.smx] [PasswordSystem] Set password on ᗜ◡ᗜ, password 
L 07/12/2025 - 18:11:57: [optional/l4d2_item_hint.smx] 
==========
Warning: You should install "[L4D & L4D2] Use Priority Patch" to fix attached models blocking +USE action (item hint): https://forums.alliedmods.net/showthread.php?t=327511
==========

L 07/12/2025 - 18:11:57: [optional/chat-processor.smx] Message formats generated for game 'left4dead2'.
L 07/12/2025 - 18:11:57: [optional/chat-processor.smx] Successfully hooked a SayText2 chat hook.
L 07/12/2025 - 18:12:01: -------- Mapchange to c2m1_highway --------
L 07/12/2025 - 18:12:02: [basecommands.smx] "Console<0><Console><Console>" changed cvar (cvar "confogl_match_execcfg_plugins") (value "generalfixes.cfg;confogl_plugins.cfg;sharedplugins.cfg")
L 07/12/2025 - 18:12:02: [basecommands.smx] "Console<0><Console><Console>" changed cvar (cvar "l4d2_addons_eclipse") (value "0")
L 07/12/2025 - 18:12:02: [basecommands.smx] "Console<0><Console><Console>" changed cvar (cvar "sv_allow_wait_command") (value "0")
L 07/12/2025 - 18:12:02: [basecommands.smx] "Console<0><Console><Console>" changed cvar (cvar "sv_minrate") (value "100000")
L 07/12/2025 - 18:12:02: [basecommands.smx] "Console<0><Console><Console>" changed cvar (cvar "sv_maxrate") (value "100000")
L 07/12/2025 - 18:12:02: [basecommands.smx] "Console<0><Console><Console>" changed cvar (cvar "sv_minupdaterate") (value "100")
L 07/12/2025 - 18:12:02: [basecommands.smx] "Console<0><Console><Console>" changed cvar (cvar "sv_maxupdaterate") (value "100")
L 07/12/2025 - 18:12:02: [basecommands.smx] "Console<0><Console><Console>" changed cvar (cvar "sv_mincmdrate") (value "100")
L 07/12/2025 - 18:12:02: [basecommands.smx] "Console<0><Console><Console>" changed cvar (cvar "sv_maxcmdrate") (value "100")
L 07/12/2025 - 18:12:02: [basecommands.smx] "Console<0><Console><Console>" changed cvar (cvar "sv_client_min_interp_ratio") (value "-1")
L 07/12/2025 - 18:12:02: [basecommands.smx] "Console<0><Console><Console>" changed cvar (cvar "sv_client_max_interp_ratio") (value "0")
L 07/12/2025 - 18:12:02: [basecommands.smx] "Console<0><Console><Console>" changed cvar (cvar "nb_update_frequency") (value "0.014")
L 07/12/2025 - 18:12:02: [basecommands.smx] "Console<0><Console><Console>" changed cvar (cvar "net_splitpacket_maxrate") (value "50000")
L 07/12/2025 - 18:12:02: [basecommands.smx] "Console<0><Console><Console>" changed cvar (cvar "net_maxcleartime") (value "0.0001")
L 07/12/2025 - 18:12:02: [basecommands.smx] "Console<0><Console><Console>" changed cvar (cvar "fps_max") (value "0")
L 07/12/2025 - 18:12:02: [basecommands.smx] "Console<0><Console><Console>" changed cvar (cvar "tick_door_speed") (value "1.3")
L 07/12/2025 - 18:12:02: [basecommands.smx] "Console<0><Console><Console>" changed cvar (cvar "mv_maxplayers") (value "30")
L 07/12/2025 - 18:12:02: [basecommands.smx] "Console<0><Console><Console>" changed cvar (cvar "mp_autoteambalance") (value "0")
L 07/12/2025 - 18:12:02: [basecommands.smx] "Console<0><Console><Console>" changed cvar (cvar "sv_unlag_fixstuck") (value "1")
L 07/12/2025 - 18:12:02: [basecommands.smx] "Console<0><Console><Console>" changed cvar (cvar "z_brawl_chance") (value "0")
L 07/12/2025 - 18:12:02: [basecommands.smx] "Console<0><Console><Console>" changed cvar (cvar "sv_maxunlag") (value "1")
L 07/12/2025 - 18:12:02: [basecommands.smx] "Console<0><Console><Console>" changed cvar (cvar "sv_forcepreload") (value "1")
L 07/12/2025 - 18:12:02: [basecommands.smx] "Console<0><Console><Console>" changed cvar (cvar "sv_client_predict") (value "1")
L 07/12/2025 - 18:12:02: [basecommands.smx] "Console<0><Console><Console>" changed cvar (cvar "sv_client_cmdrate_difference") (value "0")
L 07/12/2025 - 18:12:02: [basecommands.smx] "Console<0><Console><Console>" changed cvar (cvar "sv_max_queries_sec_global") (value "10")
L 07/12/2025 - 18:12:02: [basecommands.smx] "Console<0><Console><Console>" changed cvar (cvar "sv_max_queries_sec") (value "3")
L 07/12/2025 - 18:12:02: [basecommands.smx] "Console<0><Console><Console>" changed cvar (cvar "sv_max_queries_window") (value "10")
L 07/12/2025 - 18:12:02: [basecommands.smx] "Console<0><Console><Console>" changed cvar (cvar "sv_player_stuck_tolerance") (value "5")
L 07/12/2025 - 18:12:02: [basecommands.smx] "Console<0><Console><Console>" changed cvar (cvar "sv_stats") (value "0")
L 07/12/2025 - 18:12:02: [basecommands.smx] "Console<0><Console><Console>" changed cvar (cvar "sv_clockcorrection_msecs") (value "25")
L 07/12/2025 - 18:12:02: [optional/chat-processor.smx] Message formats generated for game 'left4dead2'.
L 07/12/2025 - 18:12:02: [optional/chat-processor.smx] Successfully hooked a SayText2 chat hook.
L 07/12/2025 - 18:12:04: [optional/l4d2_saferoom_item_remove.smx] Removed 0 saferoom item(s) (start: 0; end: 0).
L 07/12/2025 - 18:16:53: [optional/l4d2_saferoom_item_remove.smx] Removed 0 saferoom item(s) (start: 0; end: 0).
L 07/12/2025 - 18:19:10: -------- Mapchange to c2m2_fairgrounds --------
L 07/12/2025 - 18:19:11: [basecommands.smx] "Console<0><Console><Console>" changed cvar (cvar "confogl_match_execcfg_plugins") (value "generalfixes.cfg;confogl_plugins.cfg;sharedplugins.cfg")
L 07/12/2025 - 18:19:11: [basecommands.smx] "Console<0><Console><Console>" changed cvar (cvar "l4d2_addons_eclipse") (value "0")
L 07/12/2025 - 18:19:11: [basecommands.smx] "Console<0><Console><Console>" changed cvar (cvar "sv_allow_wait_command") (value "0")
L 07/12/2025 - 18:19:11: [basecommands.smx] "Console<0><Console><Console>" changed cvar (cvar "sv_minrate") (value "100000")
L 07/12/2025 - 18:19:11: [basecommands.smx] "Console<0><Console><Console>" changed cvar (cvar "sv_maxrate") (value "100000")
L 07/12/2025 - 18:19:11: [basecommands.smx] "Console<0><Console><Console>" changed cvar (cvar "sv_minupdaterate") (value "100")
L 07/12/2025 - 18:19:11: [basecommands.smx] "Console<0><Console><Console>" changed cvar (cvar "sv_maxupdaterate") (value "100")
L 07/12/2025 - 18:19:11: [basecommands.smx] "Console<0><Console><Console>" changed cvar (cvar "sv_mincmdrate") (value "100")
L 07/12/2025 - 18:19:11: [basecommands.smx] "Console<0><Console><Console>" changed cvar (cvar "sv_maxcmdrate") (value "100")
L 07/12/2025 - 18:19:11: [basecommands.smx] "Console<0><Console><Console>" changed cvar (cvar "sv_client_min_interp_ratio") (value "-1")
L 07/12/2025 - 18:19:11: [basecommands.smx] "Console<0><Console><Console>" changed cvar (cvar "sv_client_max_interp_ratio") (value "0")
L 07/12/2025 - 18:19:11: [basecommands.smx] "Console<0><Console><Console>" changed cvar (cvar "nb_update_frequency") (value "0.014")
L 07/12/2025 - 18:19:11: [basecommands.smx] "Console<0><Console><Console>" changed cvar (cvar "net_splitpacket_maxrate") (value "50000")
L 07/12/2025 - 18:19:11: [basecommands.smx] "Console<0><Console><Console>" changed cvar (cvar "net_maxcleartime") (value "0.0001")
L 07/12/2025 - 18:19:11: [basecommands.smx] "Console<0><Console><Console>" changed cvar (cvar "fps_max") (value "0")
L 07/12/2025 - 18:19:11: [basecommands.smx] "Console<0><Console><Console>" changed cvar (cvar "tick_door_speed") (value "1.3")
L 07/12/2025 - 18:19:11: [basecommands.smx] "Console<0><Console><Console>" changed cvar (cvar "mv_maxplayers") (value "30")
L 07/12/2025 - 18:19:11: [basecommands.smx] "Console<0><Console><Console>" changed cvar (cvar "mp_autoteambalance") (value "0")
L 07/12/2025 - 18:19:11: [basecommands.smx] "Console<0><Console><Console>" changed cvar (cvar "sv_unlag_fixstuck") (value "1")
L 07/12/2025 - 18:19:11: [basecommands.smx] "Console<0><Console><Console>" changed cvar (cvar "z_brawl_chance") (value "0")
L 07/12/2025 - 18:19:11: [basecommands.smx] "Console<0><Console><Console>" changed cvar (cvar "sv_maxunlag") (value "1")
L 07/12/2025 - 18:19:11: [basecommands.smx] "Console<0><Console><Console>" changed cvar (cvar "sv_forcepreload") (value "1")
L 07/12/2025 - 18:19:11: [basecommands.smx] "Console<0><Console><Console>" changed cvar (cvar "sv_client_predict") (value "1")
L 07/12/2025 - 18:19:11: [basecommands.smx] "Console<0><Console><Console>" changed cvar (cvar "sv_client_cmdrate_difference") (value "0")
L 07/12/2025 - 18:19:11: [basecommands.smx] "Console<0><Console><Console>" changed cvar (cvar "sv_max_queries_sec_global") (value "10")
L 07/12/2025 - 18:19:11: [basecommands.smx] "Console<0><Console><Console>" changed cvar (cvar "sv_max_queries_sec") (value "3")
L 07/12/2025 - 18:19:11: [basecommands.smx] "Console<0><Console><Console>" changed cvar (cvar "sv_max_queries_window") (value "10")
L 07/12/2025 - 18:19:11: [basecommands.smx] "Console<0><Console><Console>" changed cvar (cvar "sv_player_stuck_tolerance") (value "5")
L 07/12/2025 - 18:19:11: [basecommands.smx] "Console<0><Console><Console>" changed cvar (cvar "sv_stats") (value "0")
L 07/12/2025 - 18:19:11: [basecommands.smx] "Console<0><Console><Console>" changed cvar (cvar "sv_clockcorrection_msecs") (value "25")
L 07/12/2025 - 18:19:11: [optional/chat-processor.smx] Message formats generated for game 'left4dead2'.
L 07/12/2025 - 18:19:11: [optional/chat-processor.smx] Successfully hooked a SayText2 chat hook.
L 07/12/2025 - 18:19:13: [optional/l4d2_saferoom_item_remove.smx] Removed 0 saferoom item(s) (start: 0; end: 0).
L 07/12/2025 - 18:23:21: [optional/l4d2_saferoom_item_remove.smx] Removed 0 saferoom item(s) (start: 0; end: 0).
L 07/12/2025 - 18:25:02: [fixes/firebulletsfix.smx] Found offset for Weapon_ShootPosition 286
L 07/12/2025 - 18:25:02: [confoglcompmod.smx] [PasswordSystem] Set password on ᗜ◡ᗜ, password 
L 07/12/2025 - 18:25:03: [basecommands.smx] "Console<0><Console><Console>" changed cvar (cvar "survivor_max_incapacitated_count") (value "2")
L 07/12/2025 - 18:25:07: [fixes/firebulletsfix.smx] Found offset for Weapon_ShootPosition 286
L 07/12/2025 - 18:25:08: [confoglcompmod.smx] [PasswordSystem] Set password on ᗜ◡ᗜ, password 
L 07/12/2025 - 18:25:08: [optional/l4d2_item_hint.smx] 
==========
Warning: You should install "[L4D & L4D2] Use Priority Patch" to fix attached models blocking +USE action (item hint): https://forums.alliedmods.net/showthread.php?t=327511
==========

L 07/12/2025 - 18:25:08: [optional/chat-processor.smx] Message formats generated for game 'left4dead2'.
L 07/12/2025 - 18:25:08: [optional/chat-processor.smx] Successfully hooked a SayText2 chat hook.
L 07/12/2025 - 18:25:12: -------- Mapchange to c2m2_fairgrounds --------
L 07/12/2025 - 18:25:13: [basecommands.smx] "Console<0><Console><Console>" changed cvar (cvar "confogl_match_execcfg_plugins") (value "generalfixes.cfg;confogl_plugins.cfg;sharedplugins.cfg")
L 07/12/2025 - 18:25:13: [basecommands.smx] "Console<0><Console><Console>" changed cvar (cvar "l4d2_addons_eclipse") (value "0")
L 07/12/2025 - 18:25:13: [basecommands.smx] "Console<0><Console><Console>" changed cvar (cvar "sv_allow_wait_command") (value "0")
L 07/12/2025 - 18:25:13: [basecommands.smx] "Console<0><Console><Console>" changed cvar (cvar "sv_minrate") (value "100000")
L 07/12/2025 - 18:25:13: [basecommands.smx] "Console<0><Console><Console>" changed cvar (cvar "sv_maxrate") (value "100000")
L 07/12/2025 - 18:25:13: [basecommands.smx] "Console<0><Console><Console>" changed cvar (cvar "sv_minupdaterate") (value "100")
L 07/12/2025 - 18:25:13: [basecommands.smx] "Console<0><Console><Console>" changed cvar (cvar "sv_maxupdaterate") (value "100")
L 07/12/2025 - 18:25:13: [basecommands.smx] "Console<0><Console><Console>" changed cvar (cvar "sv_mincmdrate") (value "100")
L 07/12/2025 - 18:25:13: [basecommands.smx] "Console<0><Console><Console>" changed cvar (cvar "sv_maxcmdrate") (value "100")
L 07/12/2025 - 18:25:13: [basecommands.smx] "Console<0><Console><Console>" changed cvar (cvar "sv_client_min_interp_ratio") (value "-1")
L 07/12/2025 - 18:25:13: [basecommands.smx] "Console<0><Console><Console>" changed cvar (cvar "sv_client_max_interp_ratio") (value "0")
L 07/12/2025 - 18:25:13: [basecommands.smx] "Console<0><Console><Console>" changed cvar (cvar "nb_update_frequency") (value "0.014")
L 07/12/2025 - 18:25:13: [basecommands.smx] "Console<0><Console><Console>" changed cvar (cvar "net_splitpacket_maxrate") (value "50000")
L 07/12/2025 - 18:25:13: [basecommands.smx] "Console<0><Console><Console>" changed cvar (cvar "net_maxcleartime") (value "0.0001")
L 07/12/2025 - 18:25:13: [basecommands.smx] "Console<0><Console><Console>" changed cvar (cvar "fps_max") (value "0")
L 07/12/2025 - 18:25:13: [basecommands.smx] "Console<0><Console><Console>" changed cvar (cvar "tick_door_speed") (value "1.3")
L 07/12/2025 - 18:25:13: [basecommands.smx] "Console<0><Console><Console>" changed cvar (cvar "mv_maxplayers") (value "30")
L 07/12/2025 - 18:25:13: [basecommands.smx] "Console<0><Console><Console>" changed cvar (cvar "mp_autoteambalance") (value "0")
L 07/12/2025 - 18:25:13: [basecommands.smx] "Console<0><Console><Console>" changed cvar (cvar "sv_unlag_fixstuck") (value "1")
L 07/12/2025 - 18:25:13: [basecommands.smx] "Console<0><Console><Console>" changed cvar (cvar "z_brawl_chance") (value "0")
L 07/12/2025 - 18:25:13: [basecommands.smx] "Console<0><Console><Console>" changed cvar (cvar "sv_maxunlag") (value "1")
L 07/12/2025 - 18:25:13: [basecommands.smx] "Console<0><Console><Console>" changed cvar (cvar "sv_forcepreload") (value "1")
L 07/12/2025 - 18:25:13: [basecommands.smx] "Console<0><Console><Console>" changed cvar (cvar "sv_client_predict") (value "1")
L 07/12/2025 - 18:25:13: [basecommands.smx] "Console<0><Console><Console>" changed cvar (cvar "sv_client_cmdrate_difference") (value "0")
L 07/12/2025 - 18:25:13: [basecommands.smx] "Console<0><Console><Console>" changed cvar (cvar "sv_max_queries_sec_global") (value "10")
L 07/12/2025 - 18:25:13: [basecommands.smx] "Console<0><Console><Console>" changed cvar (cvar "sv_max_queries_sec") (value "3")
L 07/12/2025 - 18:25:13: [basecommands.smx] "Console<0><Console><Console>" changed cvar (cvar "sv_max_queries_window") (value "10")
L 07/12/2025 - 18:25:13: [basecommands.smx] "Console<0><Console><Console>" changed cvar (cvar "sv_player_stuck_tolerance") (value "5")
L 07/12/2025 - 18:25:13: [basecommands.smx] "Console<0><Console><Console>" changed cvar (cvar "sv_stats") (value "0")
L 07/12/2025 - 18:25:13: [basecommands.smx] "Console<0><Console><Console>" changed cvar (cvar "sv_clockcorrection_msecs") (value "25")
L 07/12/2025 - 18:25:14: [optional/chat-processor.smx] Message formats generated for game 'left4dead2'.
L 07/12/2025 - 18:25:14: [optional/chat-processor.smx] Successfully hooked a SayText2 chat hook.
L 07/12/2025 - 18:25:15: [optional/l4d2_saferoom_item_remove.smx] Removed 0 saferoom item(s) (start: 0; end: 0).
L 07/12/2025 - 18:25:39: [basecommands.smx] "Console<0><Console><Console>" changed map to "l4d2_diescraper1_apartment_361" (input "l4d2_diescraper1_apartment_361")
L 07/12/2025 - 18:25:47: -------- Mapchange to l4d2_diescraper1_apartment_361 --------
L 07/12/2025 - 18:25:48: [basecommands.smx] "Console<0><Console><Console>" changed cvar (cvar "confogl_match_execcfg_plugins") (value "generalfixes.cfg;confogl_plugins.cfg;sharedplugins.cfg")
L 07/12/2025 - 18:25:48: [basecommands.smx] "Console<0><Console><Console>" changed cvar (cvar "l4d2_addons_eclipse") (value "0")
L 07/12/2025 - 18:25:48: [basecommands.smx] "Console<0><Console><Console>" changed cvar (cvar "sv_allow_wait_command") (value "0")
L 07/12/2025 - 18:25:48: [basecommands.smx] "Console<0><Console><Console>" changed cvar (cvar "sv_minrate") (value "100000")
L 07/12/2025 - 18:25:48: [basecommands.smx] "Console<0><Console><Console>" changed cvar (cvar "sv_maxrate") (value "100000")
L 07/12/2025 - 18:25:48: [basecommands.smx] "Console<0><Console><Console>" changed cvar (cvar "sv_minupdaterate") (value "100")
L 07/12/2025 - 18:25:48: [basecommands.smx] "Console<0><Console><Console>" changed cvar (cvar "sv_maxupdaterate") (value "100")
L 07/12/2025 - 18:25:48: [basecommands.smx] "Console<0><Console><Console>" changed cvar (cvar "sv_mincmdrate") (value "100")
L 07/12/2025 - 18:25:48: [basecommands.smx] "Console<0><Console><Console>" changed cvar (cvar "sv_maxcmdrate") (value "100")
L 07/12/2025 - 18:25:48: [basecommands.smx] "Console<0><Console><Console>" changed cvar (cvar "sv_client_min_interp_ratio") (value "-1")
L 07/12/2025 - 18:25:48: [basecommands.smx] "Console<0><Console><Console>" changed cvar (cvar "sv_client_max_interp_ratio") (value "0")
L 07/12/2025 - 18:25:48: [basecommands.smx] "Console<0><Console><Console>" changed cvar (cvar "nb_update_frequency") (value "0.014")
L 07/12/2025 - 18:25:48: [basecommands.smx] "Console<0><Console><Console>" changed cvar (cvar "net_splitpacket_maxrate") (value "50000")
L 07/12/2025 - 18:25:48: [basecommands.smx] "Console<0><Console><Console>" changed cvar (cvar "net_maxcleartime") (value "0.0001")
L 07/12/2025 - 18:25:48: [basecommands.smx] "Console<0><Console><Console>" changed cvar (cvar "fps_max") (value "0")
L 07/12/2025 - 18:25:48: [basecommands.smx] "Console<0><Console><Console>" changed cvar (cvar "tick_door_speed") (value "1.3")
L 07/12/2025 - 18:25:48: [basecommands.smx] "Console<0><Console><Console>" changed cvar (cvar "mv_maxplayers") (value "30")
L 07/12/2025 - 18:25:48: [basecommands.smx] "Console<0><Console><Console>" changed cvar (cvar "mp_autoteambalance") (value "0")
L 07/12/2025 - 18:25:48: [basecommands.smx] "Console<0><Console><Console>" changed cvar (cvar "sv_unlag_fixstuck") (value "1")
L 07/12/2025 - 18:25:48: [basecommands.smx] "Console<0><Console><Console>" changed cvar (cvar "z_brawl_chance") (value "0")
L 07/12/2025 - 18:25:48: [basecommands.smx] "Console<0><Console><Console>" changed cvar (cvar "sv_maxunlag") (value "1")
L 07/12/2025 - 18:25:48: [basecommands.smx] "Console<0><Console><Console>" changed cvar (cvar "sv_forcepreload") (value "1")
L 07/12/2025 - 18:25:48: [basecommands.smx] "Console<0><Console><Console>" changed cvar (cvar "sv_client_predict") (value "1")
L 07/12/2025 - 18:25:48: [basecommands.smx] "Console<0><Console><Console>" changed cvar (cvar "sv_client_cmdrate_difference") (value "0")
L 07/12/2025 - 18:25:48: [basecommands.smx] "Console<0><Console><Console>" changed cvar (cvar "sv_max_queries_sec_global") (value "10")
L 07/12/2025 - 18:25:48: [basecommands.smx] "Console<0><Console><Console>" changed cvar (cvar "sv_max_queries_sec") (value "3")
L 07/12/2025 - 18:25:48: [basecommands.smx] "Console<0><Console><Console>" changed cvar (cvar "sv_max_queries_window") (value "10")
L 07/12/2025 - 18:25:48: [basecommands.smx] "Console<0><Console><Console>" changed cvar (cvar "sv_player_stuck_tolerance") (value "5")
L 07/12/2025 - 18:25:48: [basecommands.smx] "Console<0><Console><Console>" changed cvar (cvar "sv_stats") (value "0")
L 07/12/2025 - 18:25:48: [basecommands.smx] "Console<0><Console><Console>" changed cvar (cvar "sv_clockcorrection_msecs") (value "25")
L 07/12/2025 - 18:25:49: [optional/chat-processor.smx] Message formats generated for game 'left4dead2'.
L 07/12/2025 - 18:25:49: [optional/chat-processor.smx] Successfully hooked a SayText2 chat hook.
L 07/12/2025 - 18:25:50: [optional/l4d2_saferoom_item_remove.smx] Removed 3 saferoom item(s) (start: 2; end: 1).
L 07/12/2025 - 18:26:07: SourceMod log file session started (file "/root/Steam/steamapps/common/L4D21/left4dead2/addons/sourcemod/logs/L20250712.log") (Version "1.12.0.7195")
L 07/12/2025 - 18:26:07: [fixes/firebulletsfix.smx] Found offset for Weapon_ShootPosition 286
L 07/12/2025 - 18:26:10: [basecommands.smx] "Console<0><Console><Console>" changed cvar (cvar "confogl_match_execcfg_plugins") (value "generalfixes.cfg;confogl_plugins.cfg;sharedplugins.cfg")
L 07/12/2025 - 18:26:10: [basecommands.smx] "Console<0><Console><Console>" changed cvar (cvar "l4d2_addons_eclipse") (value "0")
L 07/12/2025 - 18:26:10: [basecommands.smx] "Console<0><Console><Console>" changed cvar (cvar "sv_allow_wait_command") (value "0")
L 07/12/2025 - 18:26:10: [basecommands.smx] "Console<0><Console><Console>" changed cvar (cvar "sv_minrate") (value "100000")
L 07/12/2025 - 18:26:10: [basecommands.smx] "Console<0><Console><Console>" changed cvar (cvar "sv_maxrate") (value "100000")
L 07/12/2025 - 18:26:10: [basecommands.smx] "Console<0><Console><Console>" changed cvar (cvar "sv_minupdaterate") (value "100")
L 07/12/2025 - 18:26:10: [basecommands.smx] "Console<0><Console><Console>" changed cvar (cvar "sv_maxupdaterate") (value "100")
L 07/12/2025 - 18:26:10: [basecommands.smx] "Console<0><Console><Console>" changed cvar (cvar "sv_mincmdrate") (value "100")
L 07/12/2025 - 18:26:10: [basecommands.smx] "Console<0><Console><Console>" changed cvar (cvar "sv_maxcmdrate") (value "100")
L 07/12/2025 - 18:26:10: [basecommands.smx] "Console<0><Console><Console>" changed cvar (cvar "sv_client_min_interp_ratio") (value "-1")
L 07/12/2025 - 18:26:10: [basecommands.smx] "Console<0><Console><Console>" changed cvar (cvar "sv_client_max_interp_ratio") (value "0")
L 07/12/2025 - 18:26:10: [basecommands.smx] "Console<0><Console><Console>" changed cvar (cvar "nb_update_frequency") (value "0.014")
L 07/12/2025 - 18:26:10: [basecommands.smx] "Console<0><Console><Console>" changed cvar (cvar "net_splitpacket_maxrate") (value "50000")
L 07/12/2025 - 18:26:10: [basecommands.smx] "Console<0><Console><Console>" changed cvar (cvar "net_maxcleartime") (value "0.0001")
L 07/12/2025 - 18:26:10: [basecommands.smx] "Console<0><Console><Console>" changed cvar (cvar "fps_max") (value "0")
L 07/12/2025 - 18:26:10: [basecommands.smx] "Console<0><Console><Console>" changed cvar (cvar "tick_door_speed") (value "1.3")
L 07/12/2025 - 18:26:10: [basecommands.smx] "Console<0><Console><Console>" changed cvar (cvar "mv_maxplayers") (value "30")
L 07/12/2025 - 18:26:10: [basecommands.smx] "Console<0><Console><Console>" changed cvar (cvar "mp_autoteambalance") (value "0")
L 07/12/2025 - 18:26:10: [basecommands.smx] "Console<0><Console><Console>" changed cvar (cvar "sv_unlag_fixstuck") (value "1")
L 07/12/2025 - 18:26:10: [basecommands.smx] "Console<0><Console><Console>" changed cvar (cvar "z_brawl_chance") (value "0")
L 07/12/2025 - 18:26:10: [basecommands.smx] "Console<0><Console><Console>" changed cvar (cvar "sv_maxunlag") (value "1")
L 07/12/2025 - 18:26:10: [basecommands.smx] "Console<0><Console><Console>" changed cvar (cvar "sv_forcepreload") (value "1")
L 07/12/2025 - 18:26:10: [basecommands.smx] "Console<0><Console><Console>" changed cvar (cvar "sv_client_predict") (value "1")
L 07/12/2025 - 18:26:10: [basecommands.smx] "Console<0><Console><Console>" changed cvar (cvar "sv_client_cmdrate_difference") (value "0")
L 07/12/2025 - 18:26:10: [basecommands.smx] "Console<0><Console><Console>" changed cvar (cvar "sv_max_queries_sec_global") (value "10")
L 07/12/2025 - 18:26:10: [basecommands.smx] "Console<0><Console><Console>" changed cvar (cvar "sv_max_queries_sec") (value "3")
L 07/12/2025 - 18:26:10: [basecommands.smx] "Console<0><Console><Console>" changed cvar (cvar "sv_max_queries_window") (value "10")
L 07/12/2025 - 18:26:10: [basecommands.smx] "Console<0><Console><Console>" changed cvar (cvar "sv_player_stuck_tolerance") (value "5")
L 07/12/2025 - 18:26:10: [basecommands.smx] "Console<0><Console><Console>" changed cvar (cvar "sv_stats") (value "0")
L 07/12/2025 - 18:26:10: [basecommands.smx] "Console<0><Console><Console>" changed cvar (cvar "sv_clockcorrection_msecs") (value "25")
L 07/12/2025 - 18:26:10: [basecommands.smx] "Console<0><Console><Console>" changed cvar (cvar "survivor_max_incapacitated_count") (value "2")
L 07/12/2025 - 18:26:10: [fixes/firebulletsfix.smx] Found offset for Weapon_ShootPosition 286
L 07/12/2025 - 18:26:10: [optional/l4d2_item_hint.smx] 
==========
Warning: You should install "[L4D & L4D2] Use Priority Patch" to fix attached models blocking +USE action (item hint): https://forums.alliedmods.net/showthread.php?t=327511
==========

L 07/12/2025 - 18:26:10: [GEOIP] GeoIP2 database loaded: GeoLite2-Country (2023-12-22 14:46:10 UTC) (/root/Steam/steamapps/common/L4D21/left4dead2/addons/sourcemod/configs/geoip/GeoLite2-Country.mmdb)
L 07/12/2025 - 18:26:10: [GEOIP] GeoIP2 supported languages: de en es fr ja pt-BR ru zh-CN
L 07/12/2025 - 18:26:10: [GEOIP] Your database is older than 90 days. You should consider downloading a newer version from e.g. https://dev.maxmind.com/geoip/geolite2-free-geolocation-data
L 07/12/2025 - 18:26:11: [optional/chat-processor.smx] Message formats generated for game 'left4dead2'.
L 07/12/2025 - 18:26:11: [optional/chat-processor.smx] Successfully hooked a SayText2 chat hook.
L 07/12/2025 - 18:26:14: -------- Mapchange to c2m1_highway --------
L 07/12/2025 - 18:26:16: [basecommands.smx] "Console<0><Console><Console>" changed cvar (cvar "confogl_match_execcfg_plugins") (value "generalfixes.cfg;confogl_plugins.cfg;sharedplugins.cfg")
L 07/12/2025 - 18:26:16: [basecommands.smx] "Console<0><Console><Console>" changed cvar (cvar "l4d2_addons_eclipse") (value "0")
L 07/12/2025 - 18:26:16: [basecommands.smx] "Console<0><Console><Console>" changed cvar (cvar "sv_allow_wait_command") (value "0")
L 07/12/2025 - 18:26:16: [basecommands.smx] "Console<0><Console><Console>" changed cvar (cvar "sv_minrate") (value "100000")
L 07/12/2025 - 18:26:16: [basecommands.smx] "Console<0><Console><Console>" changed cvar (cvar "sv_maxrate") (value "100000")
L 07/12/2025 - 18:26:16: [basecommands.smx] "Console<0><Console><Console>" changed cvar (cvar "sv_minupdaterate") (value "100")
L 07/12/2025 - 18:26:16: [basecommands.smx] "Console<0><Console><Console>" changed cvar (cvar "sv_maxupdaterate") (value "100")
L 07/12/2025 - 18:26:16: [basecommands.smx] "Console<0><Console><Console>" changed cvar (cvar "sv_mincmdrate") (value "100")
L 07/12/2025 - 18:26:16: [basecommands.smx] "Console<0><Console><Console>" changed cvar (cvar "sv_maxcmdrate") (value "100")
L 07/12/2025 - 18:26:16: [basecommands.smx] "Console<0><Console><Console>" changed cvar (cvar "sv_client_min_interp_ratio") (value "-1")
L 07/12/2025 - 18:26:16: [basecommands.smx] "Console<0><Console><Console>" changed cvar (cvar "sv_client_max_interp_ratio") (value "0")
L 07/12/2025 - 18:26:16: [basecommands.smx] "Console<0><Console><Console>" changed cvar (cvar "nb_update_frequency") (value "0.014")
L 07/12/2025 - 18:26:16: [basecommands.smx] "Console<0><Console><Console>" changed cvar (cvar "net_splitpacket_maxrate") (value "50000")
L 07/12/2025 - 18:26:16: [basecommands.smx] "Console<0><Console><Console>" changed cvar (cvar "net_maxcleartime") (value "0.0001")
L 07/12/2025 - 18:26:16: [basecommands.smx] "Console<0><Console><Console>" changed cvar (cvar "fps_max") (value "0")
L 07/12/2025 - 18:26:16: [basecommands.smx] "Console<0><Console><Console>" changed cvar (cvar "tick_door_speed") (value "1.3")
L 07/12/2025 - 18:26:16: [basecommands.smx] "Console<0><Console><Console>" changed cvar (cvar "mv_maxplayers") (value "30")
L 07/12/2025 - 18:26:16: [basecommands.smx] "Console<0><Console><Console>" changed cvar (cvar "mp_autoteambalance") (value "0")
L 07/12/2025 - 18:26:16: [basecommands.smx] "Console<0><Console><Console>" changed cvar (cvar "sv_unlag_fixstuck") (value "1")
L 07/12/2025 - 18:26:16: [basecommands.smx] "Console<0><Console><Console>" changed cvar (cvar "z_brawl_chance") (value "0")
L 07/12/2025 - 18:26:16: [basecommands.smx] "Console<0><Console><Console>" changed cvar (cvar "sv_maxunlag") (value "1")
L 07/12/2025 - 18:26:16: [basecommands.smx] "Console<0><Console><Console>" changed cvar (cvar "sv_forcepreload") (value "1")
L 07/12/2025 - 18:26:16: [basecommands.smx] "Console<0><Console><Console>" changed cvar (cvar "sv_client_predict") (value "1")
L 07/12/2025 - 18:26:16: [basecommands.smx] "Console<0><Console><Console>" changed cvar (cvar "sv_client_cmdrate_difference") (value "0")
L 07/12/2025 - 18:26:16: [basecommands.smx] "Console<0><Console><Console>" changed cvar (cvar "sv_max_queries_sec_global") (value "10")
L 07/12/2025 - 18:26:16: [basecommands.smx] "Console<0><Console><Console>" changed cvar (cvar "sv_max_queries_sec") (value "3")
L 07/12/2025 - 18:26:16: [basecommands.smx] "Console<0><Console><Console>" changed cvar (cvar "sv_max_queries_window") (value "10")
L 07/12/2025 - 18:26:16: [basecommands.smx] "Console<0><Console><Console>" changed cvar (cvar "sv_player_stuck_tolerance") (value "5")
L 07/12/2025 - 18:26:16: [basecommands.smx] "Console<0><Console><Console>" changed cvar (cvar "sv_stats") (value "0")
L 07/12/2025 - 18:26:16: [basecommands.smx] "Console<0><Console><Console>" changed cvar (cvar "sv_clockcorrection_msecs") (value "25")
L 07/12/2025 - 18:26:16: [optional/chat-processor.smx] Message formats generated for game 'left4dead2'.
L 07/12/2025 - 18:26:16: [optional/chat-processor.smx] Successfully hooked a SayText2 chat hook.
L 07/12/2025 - 18:26:17: [optional/l4d2_saferoom_item_remove.smx] Removed 0 saferoom item(s) (start: 0; end: 0).
L 07/12/2025 - 18:38:09: SourceMod log file session started (file "/root/Steam/steamapps/common/L4D21/left4dead2/addons/sourcemod/logs/L20250712.log") (Version "1.12.0.7195")
L 07/12/2025 - 18:38:09: [fixes/firebulletsfix.smx] Found offset for Weapon_ShootPosition 286
L 07/12/2025 - 18:38:12: [basecommands.smx] "Console<0><Console><Console>" changed cvar (cvar "confogl_match_execcfg_plugins") (value "generalfixes.cfg;confogl_plugins.cfg;sharedplugins.cfg")
L 07/12/2025 - 18:38:12: [basecommands.smx] "Console<0><Console><Console>" changed cvar (cvar "l4d2_addons_eclipse") (value "0")
L 07/12/2025 - 18:38:12: [basecommands.smx] "Console<0><Console><Console>" changed cvar (cvar "sv_allow_wait_command") (value "0")
L 07/12/2025 - 18:38:12: [basecommands.smx] "Console<0><Console><Console>" changed cvar (cvar "sv_minrate") (value "100000")
L 07/12/2025 - 18:38:12: [basecommands.smx] "Console<0><Console><Console>" changed cvar (cvar "sv_maxrate") (value "100000")
L 07/12/2025 - 18:38:12: [basecommands.smx] "Console<0><Console><Console>" changed cvar (cvar "sv_minupdaterate") (value "100")
L 07/12/2025 - 18:38:12: [basecommands.smx] "Console<0><Console><Console>" changed cvar (cvar "sv_maxupdaterate") (value "100")
L 07/12/2025 - 18:38:12: [basecommands.smx] "Console<0><Console><Console>" changed cvar (cvar "sv_mincmdrate") (value "100")
L 07/12/2025 - 18:38:12: [basecommands.smx] "Console<0><Console><Console>" changed cvar (cvar "sv_maxcmdrate") (value "100")
L 07/12/2025 - 18:38:12: [basecommands.smx] "Console<0><Console><Console>" changed cvar (cvar "sv_client_min_interp_ratio") (value "-1")
L 07/12/2025 - 18:38:12: [basecommands.smx] "Console<0><Console><Console>" changed cvar (cvar "sv_client_max_interp_ratio") (value "0")
L 07/12/2025 - 18:38:12: [basecommands.smx] "Console<0><Console><Console>" changed cvar (cvar "nb_update_frequency") (value "0.014")
L 07/12/2025 - 18:38:12: [basecommands.smx] "Console<0><Console><Console>" changed cvar (cvar "net_splitpacket_maxrate") (value "50000")
L 07/12/2025 - 18:38:12: [basecommands.smx] "Console<0><Console><Console>" changed cvar (cvar "net_maxcleartime") (value "0.0001")
L 07/12/2025 - 18:38:12: [basecommands.smx] "Console<0><Console><Console>" changed cvar (cvar "fps_max") (value "0")
L 07/12/2025 - 18:38:12: [basecommands.smx] "Console<0><Console><Console>" changed cvar (cvar "tick_door_speed") (value "1.3")
L 07/12/2025 - 18:38:12: [basecommands.smx] "Console<0><Console><Console>" changed cvar (cvar "mv_maxplayers") (value "30")
L 07/12/2025 - 18:38:12: [basecommands.smx] "Console<0><Console><Console>" changed cvar (cvar "mp_autoteambalance") (value "0")
L 07/12/2025 - 18:38:12: [basecommands.smx] "Console<0><Console><Console>" changed cvar (cvar "sv_unlag_fixstuck") (value "1")
L 07/12/2025 - 18:38:12: [basecommands.smx] "Console<0><Console><Console>" changed cvar (cvar "z_brawl_chance") (value "0")
L 07/12/2025 - 18:38:12: [basecommands.smx] "Console<0><Console><Console>" changed cvar (cvar "sv_maxunlag") (value "1")
L 07/12/2025 - 18:38:12: [basecommands.smx] "Console<0><Console><Console>" changed cvar (cvar "sv_forcepreload") (value "1")
L 07/12/2025 - 18:38:12: [basecommands.smx] "Console<0><Console><Console>" changed cvar (cvar "sv_client_predict") (value "1")
L 07/12/2025 - 18:38:12: [basecommands.smx] "Console<0><Console><Console>" changed cvar (cvar "sv_client_cmdrate_difference") (value "0")
L 07/12/2025 - 18:38:12: [basecommands.smx] "Console<0><Console><Console>" changed cvar (cvar "sv_max_queries_sec_global") (value "10")
L 07/12/2025 - 18:38:12: [basecommands.smx] "Console<0><Console><Console>" changed cvar (cvar "sv_max_queries_sec") (value "3")
L 07/12/2025 - 18:38:12: [basecommands.smx] "Console<0><Console><Console>" changed cvar (cvar "sv_max_queries_window") (value "10")
L 07/12/2025 - 18:38:12: [basecommands.smx] "Console<0><Console><Console>" changed cvar (cvar "sv_player_stuck_tolerance") (value "5")
L 07/12/2025 - 18:38:12: [basecommands.smx] "Console<0><Console><Console>" changed cvar (cvar "sv_stats") (value "0")
L 07/12/2025 - 18:38:12: [basecommands.smx] "Console<0><Console><Console>" changed cvar (cvar "sv_clockcorrection_msecs") (value "25")
L 07/12/2025 - 18:38:12: [basecommands.smx] "Console<0><Console><Console>" changed cvar (cvar "survivor_max_incapacitated_count") (value "2")
L 07/12/2025 - 18:38:12: [fixes/firebulletsfix.smx] Found offset for Weapon_ShootPosition 286
L 07/12/2025 - 18:38:12: [optional/l4d2_item_hint.smx] 
==========
Warning: You should install "[L4D & L4D2] Use Priority Patch" to fix attached models blocking +USE action (item hint): https://forums.alliedmods.net/showthread.php?t=327511
==========

L 07/12/2025 - 18:38:12: [GEOIP] GeoIP2 database loaded: GeoLite2-Country (2023-12-22 14:46:10 UTC) (/root/Steam/steamapps/common/L4D21/left4dead2/addons/sourcemod/configs/geoip/GeoLite2-Country.mmdb)
L 07/12/2025 - 18:38:12: [GEOIP] GeoIP2 supported languages: de en es fr ja pt-BR ru zh-CN
L 07/12/2025 - 18:38:12: [GEOIP] Your database is older than 90 days. You should consider downloading a newer version from e.g. https://dev.maxmind.com/geoip/geolite2-free-geolocation-data
L 07/12/2025 - 18:38:13: [optional/chat-processor.smx] Message formats generated for game 'left4dead2'.
L 07/12/2025 - 18:38:13: [optional/chat-processor.smx] Successfully hooked a SayText2 chat hook.
L 07/12/2025 - 18:38:16: -------- Mapchange to c2m1_highway --------
L 07/12/2025 - 18:38:18: [basecommands.smx] "Console<0><Console><Console>" changed cvar (cvar "confogl_match_execcfg_plugins") (value "generalfixes.cfg;confogl_plugins.cfg;sharedplugins.cfg")
L 07/12/2025 - 18:38:18: [basecommands.smx] "Console<0><Console><Console>" changed cvar (cvar "l4d2_addons_eclipse") (value "0")
L 07/12/2025 - 18:38:18: [basecommands.smx] "Console<0><Console><Console>" changed cvar (cvar "sv_allow_wait_command") (value "0")
L 07/12/2025 - 18:38:18: [basecommands.smx] "Console<0><Console><Console>" changed cvar (cvar "sv_minrate") (value "100000")
L 07/12/2025 - 18:38:18: [basecommands.smx] "Console<0><Console><Console>" changed cvar (cvar "sv_maxrate") (value "100000")
L 07/12/2025 - 18:38:18: [basecommands.smx] "Console<0><Console><Console>" changed cvar (cvar "sv_minupdaterate") (value "100")
L 07/12/2025 - 18:38:18: [basecommands.smx] "Console<0><Console><Console>" changed cvar (cvar "sv_maxupdaterate") (value "100")
L 07/12/2025 - 18:38:18: [basecommands.smx] "Console<0><Console><Console>" changed cvar (cvar "sv_mincmdrate") (value "100")
L 07/12/2025 - 18:38:18: [basecommands.smx] "Console<0><Console><Console>" changed cvar (cvar "sv_maxcmdrate") (value "100")
L 07/12/2025 - 18:38:18: [basecommands.smx] "Console<0><Console><Console>" changed cvar (cvar "sv_client_min_interp_ratio") (value "-1")
L 07/12/2025 - 18:38:18: [basecommands.smx] "Console<0><Console><Console>" changed cvar (cvar "sv_client_max_interp_ratio") (value "0")
L 07/12/2025 - 18:38:18: [basecommands.smx] "Console<0><Console><Console>" changed cvar (cvar "nb_update_frequency") (value "0.014")
L 07/12/2025 - 18:38:18: [basecommands.smx] "Console<0><Console><Console>" changed cvar (cvar "net_splitpacket_maxrate") (value "50000")
L 07/12/2025 - 18:38:18: [basecommands.smx] "Console<0><Console><Console>" changed cvar (cvar "net_maxcleartime") (value "0.0001")
L 07/12/2025 - 18:38:18: [basecommands.smx] "Console<0><Console><Console>" changed cvar (cvar "fps_max") (value "0")
L 07/12/2025 - 18:38:18: [basecommands.smx] "Console<0><Console><Console>" changed cvar (cvar "tick_door_speed") (value "1.3")
L 07/12/2025 - 18:38:18: [basecommands.smx] "Console<0><Console><Console>" changed cvar (cvar "mv_maxplayers") (value "30")
L 07/12/2025 - 18:38:18: [basecommands.smx] "Console<0><Console><Console>" changed cvar (cvar "mp_autoteambalance") (value "0")
L 07/12/2025 - 18:38:18: [basecommands.smx] "Console<0><Console><Console>" changed cvar (cvar "sv_unlag_fixstuck") (value "1")
L 07/12/2025 - 18:38:18: [basecommands.smx] "Console<0><Console><Console>" changed cvar (cvar "z_brawl_chance") (value "0")
L 07/12/2025 - 18:38:18: [basecommands.smx] "Console<0><Console><Console>" changed cvar (cvar "sv_maxunlag") (value "1")
L 07/12/2025 - 18:38:18: [basecommands.smx] "Console<0><Console><Console>" changed cvar (cvar "sv_forcepreload") (value "1")
L 07/12/2025 - 18:38:18: [basecommands.smx] "Console<0><Console><Console>" changed cvar (cvar "sv_client_predict") (value "1")
L 07/12/2025 - 18:38:18: [basecommands.smx] "Console<0><Console><Console>" changed cvar (cvar "sv_client_cmdrate_difference") (value "0")
L 07/12/2025 - 18:38:18: [basecommands.smx] "Console<0><Console><Console>" changed cvar (cvar "sv_max_queries_sec_global") (value "10")
L 07/12/2025 - 18:38:18: [basecommands.smx] "Console<0><Console><Console>" changed cvar (cvar "sv_max_queries_sec") (value "3")
L 07/12/2025 - 18:38:18: [basecommands.smx] "Console<0><Console><Console>" changed cvar (cvar "sv_max_queries_window") (value "10")
L 07/12/2025 - 18:38:18: [basecommands.smx] "Console<0><Console><Console>" changed cvar (cvar "sv_player_stuck_tolerance") (value "5")
L 07/12/2025 - 18:38:18: [basecommands.smx] "Console<0><Console><Console>" changed cvar (cvar "sv_stats") (value "0")
L 07/12/2025 - 18:38:18: [basecommands.smx] "Console<0><Console><Console>" changed cvar (cvar "sv_clockcorrection_msecs") (value "25")
L 07/12/2025 - 18:38:18: [optional/chat-processor.smx] Message formats generated for game 'left4dead2'.
L 07/12/2025 - 18:38:18: [optional/chat-processor.smx] Successfully hooked a SayText2 chat hook.
L 07/12/2025 - 18:38:19: [optional/l4d2_saferoom_item_remove.smx] Removed 0 saferoom item(s) (start: 0; end: 0).
L 07/12/2025 - 18:38:30: [confoglcompmod.smx] [ClientSettings] Kicking ᗜ◡ᗜ<2><STEAM_1:1:590841514><> for bad sv_consistency value (0.000000). Min: 1 1.000000 Max: 1 1.000000
L 07/12/2025 - 18:38:45: SourceMod log file session started (file "/root/Steam/steamapps/common/L4D21/left4dead2/addons/sourcemod/logs/L20250712.log") (Version "1.12.0.7195")
L 07/12/2025 - 18:38:45: [fixes/firebulletsfix.smx] Found offset for Weapon_ShootPosition 286
L 07/12/2025 - 18:38:47: [basecommands.smx] "Console<0><Console><Console>" changed cvar (cvar "confogl_match_execcfg_plugins") (value "generalfixes.cfg;confogl_plugins.cfg;sharedplugins.cfg")
L 07/12/2025 - 18:38:47: [basecommands.smx] "Console<0><Console><Console>" changed cvar (cvar "l4d2_addons_eclipse") (value "0")
L 07/12/2025 - 18:38:47: [basecommands.smx] "Console<0><Console><Console>" changed cvar (cvar "sv_allow_wait_command") (value "0")
L 07/12/2025 - 18:38:47: [basecommands.smx] "Console<0><Console><Console>" changed cvar (cvar "sv_minrate") (value "100000")
L 07/12/2025 - 18:38:47: [basecommands.smx] "Console<0><Console><Console>" changed cvar (cvar "sv_maxrate") (value "100000")
L 07/12/2025 - 18:38:47: [basecommands.smx] "Console<0><Console><Console>" changed cvar (cvar "sv_minupdaterate") (value "100")
L 07/12/2025 - 18:38:47: [basecommands.smx] "Console<0><Console><Console>" changed cvar (cvar "sv_maxupdaterate") (value "100")
L 07/12/2025 - 18:38:47: [basecommands.smx] "Console<0><Console><Console>" changed cvar (cvar "sv_mincmdrate") (value "100")
L 07/12/2025 - 18:38:47: [basecommands.smx] "Console<0><Console><Console>" changed cvar (cvar "sv_maxcmdrate") (value "100")
L 07/12/2025 - 18:38:47: [basecommands.smx] "Console<0><Console><Console>" changed cvar (cvar "sv_client_min_interp_ratio") (value "-1")
L 07/12/2025 - 18:38:47: [basecommands.smx] "Console<0><Console><Console>" changed cvar (cvar "sv_client_max_interp_ratio") (value "0")
L 07/12/2025 - 18:38:47: [basecommands.smx] "Console<0><Console><Console>" changed cvar (cvar "nb_update_frequency") (value "0.014")
L 07/12/2025 - 18:38:47: [basecommands.smx] "Console<0><Console><Console>" changed cvar (cvar "net_splitpacket_maxrate") (value "50000")
L 07/12/2025 - 18:38:47: [basecommands.smx] "Console<0><Console><Console>" changed cvar (cvar "net_maxcleartime") (value "0.0001")
L 07/12/2025 - 18:38:47: [basecommands.smx] "Console<0><Console><Console>" changed cvar (cvar "fps_max") (value "0")
L 07/12/2025 - 18:38:47: [basecommands.smx] "Console<0><Console><Console>" changed cvar (cvar "tick_door_speed") (value "1.3")
L 07/12/2025 - 18:38:47: [basecommands.smx] "Console<0><Console><Console>" changed cvar (cvar "mv_maxplayers") (value "30")
L 07/12/2025 - 18:38:47: [basecommands.smx] "Console<0><Console><Console>" changed cvar (cvar "mp_autoteambalance") (value "0")
L 07/12/2025 - 18:38:47: [basecommands.smx] "Console<0><Console><Console>" changed cvar (cvar "sv_unlag_fixstuck") (value "1")
L 07/12/2025 - 18:38:47: [basecommands.smx] "Console<0><Console><Console>" changed cvar (cvar "z_brawl_chance") (value "0")
L 07/12/2025 - 18:38:47: [basecommands.smx] "Console<0><Console><Console>" changed cvar (cvar "sv_maxunlag") (value "1")
L 07/12/2025 - 18:38:47: [basecommands.smx] "Console<0><Console><Console>" changed cvar (cvar "sv_forcepreload") (value "1")
L 07/12/2025 - 18:38:47: [basecommands.smx] "Console<0><Console><Console>" changed cvar (cvar "sv_client_predict") (value "1")
L 07/12/2025 - 18:38:47: [basecommands.smx] "Console<0><Console><Console>" changed cvar (cvar "sv_client_cmdrate_difference") (value "0")
L 07/12/2025 - 18:38:47: [basecommands.smx] "Console<0><Console><Console>" changed cvar (cvar "sv_max_queries_sec_global") (value "10")
L 07/12/2025 - 18:38:47: [basecommands.smx] "Console<0><Console><Console>" changed cvar (cvar "sv_max_queries_sec") (value "3")
L 07/12/2025 - 18:38:47: [basecommands.smx] "Console<0><Console><Console>" changed cvar (cvar "sv_max_queries_window") (value "10")
L 07/12/2025 - 18:38:47: [basecommands.smx] "Console<0><Console><Console>" changed cvar (cvar "sv_player_stuck_tolerance") (value "5")
L 07/12/2025 - 18:38:47: [basecommands.smx] "Console<0><Console><Console>" changed cvar (cvar "sv_stats") (value "0")
L 07/12/2025 - 18:38:47: [basecommands.smx] "Console<0><Console><Console>" changed cvar (cvar "sv_clockcorrection_msecs") (value "25")
L 07/12/2025 - 18:38:47: [basecommands.smx] "Console<0><Console><Console>" changed cvar (cvar "survivor_max_incapacitated_count") (value "2")
L 07/12/2025 - 18:38:48: [fixes/firebulletsfix.smx] Found offset for Weapon_ShootPosition 286
L 07/12/2025 - 18:38:48: [optional/l4d2_item_hint.smx] 
==========
Warning: You should install "[L4D & L4D2] Use Priority Patch" to fix attached models blocking +USE action (item hint): https://forums.alliedmods.net/showthread.php?t=327511
==========

L 07/12/2025 - 18:38:48: [GEOIP] GeoIP2 database loaded: GeoLite2-Country (2023-12-22 14:46:10 UTC) (/root/Steam/steamapps/common/L4D21/left4dead2/addons/sourcemod/configs/geoip/GeoLite2-Country.mmdb)
L 07/12/2025 - 18:38:48: [GEOIP] GeoIP2 supported languages: de en es fr ja pt-BR ru zh-CN
L 07/12/2025 - 18:38:48: [GEOIP] Your database is older than 90 days. You should consider downloading a newer version from e.g. https://dev.maxmind.com/geoip/geolite2-free-geolocation-data
L 07/12/2025 - 18:38:49: [optional/chat-processor.smx] Message formats generated for game 'left4dead2'.
L 07/12/2025 - 18:38:49: [optional/chat-processor.smx] Successfully hooked a SayText2 chat hook.
L 07/12/2025 - 18:38:52: -------- Mapchange to c2m1_highway --------
L 07/12/2025 - 18:38:54: [basecommands.smx] "Console<0><Console><Console>" changed cvar (cvar "confogl_match_execcfg_plugins") (value "generalfixes.cfg;confogl_plugins.cfg;sharedplugins.cfg")
L 07/12/2025 - 18:38:54: [basecommands.smx] "Console<0><Console><Console>" changed cvar (cvar "l4d2_addons_eclipse") (value "0")
L 07/12/2025 - 18:38:54: [basecommands.smx] "Console<0><Console><Console>" changed cvar (cvar "sv_allow_wait_command") (value "0")
L 07/12/2025 - 18:38:54: [basecommands.smx] "Console<0><Console><Console>" changed cvar (cvar "sv_minrate") (value "100000")
L 07/12/2025 - 18:38:54: [basecommands.smx] "Console<0><Console><Console>" changed cvar (cvar "sv_maxrate") (value "100000")
L 07/12/2025 - 18:38:54: [basecommands.smx] "Console<0><Console><Console>" changed cvar (cvar "sv_minupdaterate") (value "100")
L 07/12/2025 - 18:38:54: [basecommands.smx] "Console<0><Console><Console>" changed cvar (cvar "sv_maxupdaterate") (value "100")
L 07/12/2025 - 18:38:54: [basecommands.smx] "Console<0><Console><Console>" changed cvar (cvar "sv_mincmdrate") (value "100")
L 07/12/2025 - 18:38:54: [basecommands.smx] "Console<0><Console><Console>" changed cvar (cvar "sv_maxcmdrate") (value "100")
L 07/12/2025 - 18:38:54: [basecommands.smx] "Console<0><Console><Console>" changed cvar (cvar "sv_client_min_interp_ratio") (value "-1")
L 07/12/2025 - 18:38:54: [basecommands.smx] "Console<0><Console><Console>" changed cvar (cvar "sv_client_max_interp_ratio") (value "0")
L 07/12/2025 - 18:38:54: [basecommands.smx] "Console<0><Console><Console>" changed cvar (cvar "nb_update_frequency") (value "0.014")
L 07/12/2025 - 18:38:54: [basecommands.smx] "Console<0><Console><Console>" changed cvar (cvar "net_splitpacket_maxrate") (value "50000")
L 07/12/2025 - 18:38:54: [basecommands.smx] "Console<0><Console><Console>" changed cvar (cvar "net_maxcleartime") (value "0.0001")
L 07/12/2025 - 18:38:54: [basecommands.smx] "Console<0><Console><Console>" changed cvar (cvar "fps_max") (value "0")
L 07/12/2025 - 18:38:54: [basecommands.smx] "Console<0><Console><Console>" changed cvar (cvar "tick_door_speed") (value "1.3")
L 07/12/2025 - 18:38:54: [basecommands.smx] "Console<0><Console><Console>" changed cvar (cvar "mv_maxplayers") (value "30")
L 07/12/2025 - 18:38:54: [basecommands.smx] "Console<0><Console><Console>" changed cvar (cvar "mp_autoteambalance") (value "0")
L 07/12/2025 - 18:38:54: [basecommands.smx] "Console<0><Console><Console>" changed cvar (cvar "sv_unlag_fixstuck") (value "1")
L 07/12/2025 - 18:38:54: [basecommands.smx] "Console<0><Console><Console>" changed cvar (cvar "z_brawl_chance") (value "0")
L 07/12/2025 - 18:38:54: [basecommands.smx] "Console<0><Console><Console>" changed cvar (cvar "sv_maxunlag") (value "1")
L 07/12/2025 - 18:38:54: [basecommands.smx] "Console<0><Console><Console>" changed cvar (cvar "sv_forcepreload") (value "1")
L 07/12/2025 - 18:38:54: [basecommands.smx] "Console<0><Console><Console>" changed cvar (cvar "sv_client_predict") (value "1")
L 07/12/2025 - 18:38:54: [basecommands.smx] "Console<0><Console><Console>" changed cvar (cvar "sv_client_cmdrate_difference") (value "0")
L 07/12/2025 - 18:38:54: [basecommands.smx] "Console<0><Console><Console>" changed cvar (cvar "sv_max_queries_sec_global") (value "10")
L 07/12/2025 - 18:38:54: [basecommands.smx] "Console<0><Console><Console>" changed cvar (cvar "sv_max_queries_sec") (value "3")
L 07/12/2025 - 18:38:54: [basecommands.smx] "Console<0><Console><Console>" changed cvar (cvar "sv_max_queries_window") (value "10")
L 07/12/2025 - 18:38:54: [basecommands.smx] "Console<0><Console><Console>" changed cvar (cvar "sv_player_stuck_tolerance") (value "5")
L 07/12/2025 - 18:38:54: [basecommands.smx] "Console<0><Console><Console>" changed cvar (cvar "sv_stats") (value "0")
L 07/12/2025 - 18:38:54: [basecommands.smx] "Console<0><Console><Console>" changed cvar (cvar "sv_clockcorrection_msecs") (value "25")
L 07/12/2025 - 18:38:54: [optional/chat-processor.smx] Message formats generated for game 'left4dead2'.
L 07/12/2025 - 18:38:54: [optional/chat-processor.smx] Successfully hooked a SayText2 chat hook.
L 07/12/2025 - 18:38:55: [optional/l4d2_saferoom_item_remove.smx] Removed 0 saferoom item(s) (start: 0; end: 0).
L 07/12/2025 - 18:39:06: [confoglcompmod.smx] [ClientSettings] Kicking ᗜ◡ᗜ<2><STEAM_ID_PENDING><> for bad sv_consistency value (0.000000). Min: 1 1.000000 Max: 1 1.000000
L 07/12/2025 - 18:39:22: SourceMod log file session started (file "/root/Steam/steamapps/common/L4D21/left4dead2/addons/sourcemod/logs/L20250712.log") (Version "1.12.0.7195")
L 07/12/2025 - 18:39:22: [fixes/firebulletsfix.smx] Found offset for Weapon_ShootPosition 286
L 07/12/2025 - 18:39:24: [basecommands.smx] "Console<0><Console><Console>" changed cvar (cvar "confogl_match_execcfg_plugins") (value "generalfixes.cfg;confogl_plugins.cfg;sharedplugins.cfg")
L 07/12/2025 - 18:39:24: [basecommands.smx] "Console<0><Console><Console>" changed cvar (cvar "l4d2_addons_eclipse") (value "0")
L 07/12/2025 - 18:39:24: [basecommands.smx] "Console<0><Console><Console>" changed cvar (cvar "sv_allow_wait_command") (value "0")
L 07/12/2025 - 18:39:24: [basecommands.smx] "Console<0><Console><Console>" changed cvar (cvar "sv_minrate") (value "100000")
L 07/12/2025 - 18:39:24: [basecommands.smx] "Console<0><Console><Console>" changed cvar (cvar "sv_maxrate") (value "100000")
L 07/12/2025 - 18:39:24: [basecommands.smx] "Console<0><Console><Console>" changed cvar (cvar "sv_minupdaterate") (value "100")
L 07/12/2025 - 18:39:24: [basecommands.smx] "Console<0><Console><Console>" changed cvar (cvar "sv_maxupdaterate") (value "100")
L 07/12/2025 - 18:39:24: [basecommands.smx] "Console<0><Console><Console>" changed cvar (cvar "sv_mincmdrate") (value "100")
L 07/12/2025 - 18:39:24: [basecommands.smx] "Console<0><Console><Console>" changed cvar (cvar "sv_maxcmdrate") (value "100")
L 07/12/2025 - 18:39:24: [basecommands.smx] "Console<0><Console><Console>" changed cvar (cvar "sv_client_min_interp_ratio") (value "-1")
L 07/12/2025 - 18:39:24: [basecommands.smx] "Console<0><Console><Console>" changed cvar (cvar "sv_client_max_interp_ratio") (value "0")
L 07/12/2025 - 18:39:24: [basecommands.smx] "Console<0><Console><Console>" changed cvar (cvar "nb_update_frequency") (value "0.014")
L 07/12/2025 - 18:39:24: [basecommands.smx] "Console<0><Console><Console>" changed cvar (cvar "net_splitpacket_maxrate") (value "50000")
L 07/12/2025 - 18:39:24: [basecommands.smx] "Console<0><Console><Console>" changed cvar (cvar "net_maxcleartime") (value "0.0001")
L 07/12/2025 - 18:39:24: [basecommands.smx] "Console<0><Console><Console>" changed cvar (cvar "fps_max") (value "0")
L 07/12/2025 - 18:39:24: [basecommands.smx] "Console<0><Console><Console>" changed cvar (cvar "tick_door_speed") (value "1.3")
L 07/12/2025 - 18:39:24: [basecommands.smx] "Console<0><Console><Console>" changed cvar (cvar "mv_maxplayers") (value "30")
L 07/12/2025 - 18:39:24: [basecommands.smx] "Console<0><Console><Console>" changed cvar (cvar "mp_autoteambalance") (value "0")
L 07/12/2025 - 18:39:24: [basecommands.smx] "Console<0><Console><Console>" changed cvar (cvar "sv_unlag_fixstuck") (value "1")
L 07/12/2025 - 18:39:24: [basecommands.smx] "Console<0><Console><Console>" changed cvar (cvar "z_brawl_chance") (value "0")
L 07/12/2025 - 18:39:24: [basecommands.smx] "Console<0><Console><Console>" changed cvar (cvar "sv_maxunlag") (value "1")
L 07/12/2025 - 18:39:24: [basecommands.smx] "Console<0><Console><Console>" changed cvar (cvar "sv_forcepreload") (value "1")
L 07/12/2025 - 18:39:24: [basecommands.smx] "Console<0><Console><Console>" changed cvar (cvar "sv_client_predict") (value "1")
L 07/12/2025 - 18:39:24: [basecommands.smx] "Console<0><Console><Console>" changed cvar (cvar "sv_client_cmdrate_difference") (value "0")
L 07/12/2025 - 18:39:24: [basecommands.smx] "Console<0><Console><Console>" changed cvar (cvar "sv_max_queries_sec_global") (value "10")
L 07/12/2025 - 18:39:24: [basecommands.smx] "Console<0><Console><Console>" changed cvar (cvar "sv_max_queries_sec") (value "3")
L 07/12/2025 - 18:39:24: [basecommands.smx] "Console<0><Console><Console>" changed cvar (cvar "sv_max_queries_window") (value "10")
L 07/12/2025 - 18:39:24: [basecommands.smx] "Console<0><Console><Console>" changed cvar (cvar "sv_player_stuck_tolerance") (value "5")
L 07/12/2025 - 18:39:24: [basecommands.smx] "Console<0><Console><Console>" changed cvar (cvar "sv_stats") (value "0")
L 07/12/2025 - 18:39:24: [basecommands.smx] "Console<0><Console><Console>" changed cvar (cvar "sv_clockcorrection_msecs") (value "25")
L 07/12/2025 - 18:39:24: [basecommands.smx] "Console<0><Console><Console>" changed cvar (cvar "survivor_max_incapacitated_count") (value "2")
L 07/12/2025 - 18:39:25: [fixes/firebulletsfix.smx] Found offset for Weapon_ShootPosition 286
L 07/12/2025 - 18:39:25: [optional/l4d2_item_hint.smx] 
==========
Warning: You should install "[L4D & L4D2] Use Priority Patch" to fix attached models blocking +USE action (item hint): https://forums.alliedmods.net/showthread.php?t=327511
==========

L 07/12/2025 - 18:39:25: [GEOIP] GeoIP2 database loaded: GeoLite2-Country (2023-12-22 14:46:10 UTC) (/root/Steam/steamapps/common/L4D21/left4dead2/addons/sourcemod/configs/geoip/GeoLite2-Country.mmdb)
L 07/12/2025 - 18:39:25: [GEOIP] GeoIP2 supported languages: de en es fr ja pt-BR ru zh-CN
L 07/12/2025 - 18:39:25: [GEOIP] Your database is older than 90 days. You should consider downloading a newer version from e.g. https://dev.maxmind.com/geoip/geolite2-free-geolocation-data
L 07/12/2025 - 18:39:25: [optional/chat-processor.smx] Message formats generated for game 'left4dead2'.
L 07/12/2025 - 18:39:25: [optional/chat-processor.smx] Successfully hooked a SayText2 chat hook.
L 07/12/2025 - 18:39:29: -------- Mapchange to c2m1_highway --------
L 07/12/2025 - 18:39:30: [basecommands.smx] "Console<0><Console><Console>" changed cvar (cvar "confogl_match_execcfg_plugins") (value "generalfixes.cfg;confogl_plugins.cfg;sharedplugins.cfg")
L 07/12/2025 - 18:39:30: [basecommands.smx] "Console<0><Console><Console>" changed cvar (cvar "l4d2_addons_eclipse") (value "0")
L 07/12/2025 - 18:39:30: [basecommands.smx] "Console<0><Console><Console>" changed cvar (cvar "sv_allow_wait_command") (value "0")
L 07/12/2025 - 18:39:30: [basecommands.smx] "Console<0><Console><Console>" changed cvar (cvar "sv_minrate") (value "100000")
L 07/12/2025 - 18:39:30: [basecommands.smx] "Console<0><Console><Console>" changed cvar (cvar "sv_maxrate") (value "100000")
L 07/12/2025 - 18:39:30: [basecommands.smx] "Console<0><Console><Console>" changed cvar (cvar "sv_minupdaterate") (value "100")
L 07/12/2025 - 18:39:30: [basecommands.smx] "Console<0><Console><Console>" changed cvar (cvar "sv_maxupdaterate") (value "100")
L 07/12/2025 - 18:39:30: [basecommands.smx] "Console<0><Console><Console>" changed cvar (cvar "sv_mincmdrate") (value "100")
L 07/12/2025 - 18:39:30: [basecommands.smx] "Console<0><Console><Console>" changed cvar (cvar "sv_maxcmdrate") (value "100")
L 07/12/2025 - 18:39:30: [basecommands.smx] "Console<0><Console><Console>" changed cvar (cvar "sv_client_min_interp_ratio") (value "-1")
L 07/12/2025 - 18:39:30: [basecommands.smx] "Console<0><Console><Console>" changed cvar (cvar "sv_client_max_interp_ratio") (value "0")
L 07/12/2025 - 18:39:30: [basecommands.smx] "Console<0><Console><Console>" changed cvar (cvar "nb_update_frequency") (value "0.014")
L 07/12/2025 - 18:39:30: [basecommands.smx] "Console<0><Console><Console>" changed cvar (cvar "net_splitpacket_maxrate") (value "50000")
L 07/12/2025 - 18:39:30: [basecommands.smx] "Console<0><Console><Console>" changed cvar (cvar "net_maxcleartime") (value "0.0001")
L 07/12/2025 - 18:39:30: [basecommands.smx] "Console<0><Console><Console>" changed cvar (cvar "fps_max") (value "0")
L 07/12/2025 - 18:39:30: [basecommands.smx] "Console<0><Console><Console>" changed cvar (cvar "tick_door_speed") (value "1.3")
L 07/12/2025 - 18:39:30: [basecommands.smx] "Console<0><Console><Console>" changed cvar (cvar "mv_maxplayers") (value "30")
L 07/12/2025 - 18:39:30: [basecommands.smx] "Console<0><Console><Console>" changed cvar (cvar "mp_autoteambalance") (value "0")
L 07/12/2025 - 18:39:30: [basecommands.smx] "Console<0><Console><Console>" changed cvar (cvar "sv_unlag_fixstuck") (value "1")
L 07/12/2025 - 18:39:30: [basecommands.smx] "Console<0><Console><Console>" changed cvar (cvar "z_brawl_chance") (value "0")
L 07/12/2025 - 18:39:30: [basecommands.smx] "Console<0><Console><Console>" changed cvar (cvar "sv_maxunlag") (value "1")
L 07/12/2025 - 18:39:30: [basecommands.smx] "Console<0><Console><Console>" changed cvar (cvar "sv_forcepreload") (value "1")
L 07/12/2025 - 18:39:30: [basecommands.smx] "Console<0><Console><Console>" changed cvar (cvar "sv_client_predict") (value "1")
L 07/12/2025 - 18:39:30: [basecommands.smx] "Console<0><Console><Console>" changed cvar (cvar "sv_client_cmdrate_difference") (value "0")
L 07/12/2025 - 18:39:30: [basecommands.smx] "Console<0><Console><Console>" changed cvar (cvar "sv_max_queries_sec_global") (value "10")
L 07/12/2025 - 18:39:30: [basecommands.smx] "Console<0><Console><Console>" changed cvar (cvar "sv_max_queries_sec") (value "3")
L 07/12/2025 - 18:39:30: [basecommands.smx] "Console<0><Console><Console>" changed cvar (cvar "sv_max_queries_window") (value "10")
L 07/12/2025 - 18:39:30: [basecommands.smx] "Console<0><Console><Console>" changed cvar (cvar "sv_player_stuck_tolerance") (value "5")
L 07/12/2025 - 18:39:30: [basecommands.smx] "Console<0><Console><Console>" changed cvar (cvar "sv_stats") (value "0")
L 07/12/2025 - 18:39:30: [basecommands.smx] "Console<0><Console><Console>" changed cvar (cvar "sv_clockcorrection_msecs") (value "25")
L 07/12/2025 - 18:39:30: [optional/chat-processor.smx] Message formats generated for game 'left4dead2'.
L 07/12/2025 - 18:39:30: [optional/chat-processor.smx] Successfully hooked a SayText2 chat hook.
L 07/12/2025 - 18:39:31: [optional/l4d2_saferoom_item_remove.smx] Removed 0 saferoom item(s) (start: 0; end: 0).
L 07/12/2025 - 18:40:01: SourceMod log file session started (file "/root/Steam/steamapps/common/L4D21/left4dead2/addons/sourcemod/logs/L20250712.log") (Version "1.12.0.7195")
L 07/12/2025 - 18:40:01: [fixes/firebulletsfix.smx] Found offset for Weapon_ShootPosition 286
L 07/12/2025 - 18:40:03: [basecommands.smx] "Console<0><Console><Console>" changed cvar (cvar "confogl_match_execcfg_plugins") (value "generalfixes.cfg;confogl_plugins.cfg;sharedplugins.cfg")
L 07/12/2025 - 18:40:03: [basecommands.smx] "Console<0><Console><Console>" changed cvar (cvar "l4d2_addons_eclipse") (value "0")
L 07/12/2025 - 18:40:03: [basecommands.smx] "Console<0><Console><Console>" changed cvar (cvar "sv_allow_wait_command") (value "0")
L 07/12/2025 - 18:40:03: [basecommands.smx] "Console<0><Console><Console>" changed cvar (cvar "sv_minrate") (value "100000")
L 07/12/2025 - 18:40:03: [basecommands.smx] "Console<0><Console><Console>" changed cvar (cvar "sv_maxrate") (value "100000")
L 07/12/2025 - 18:40:03: [basecommands.smx] "Console<0><Console><Console>" changed cvar (cvar "sv_minupdaterate") (value "100")
L 07/12/2025 - 18:40:03: [basecommands.smx] "Console<0><Console><Console>" changed cvar (cvar "sv_maxupdaterate") (value "100")
L 07/12/2025 - 18:40:03: [basecommands.smx] "Console<0><Console><Console>" changed cvar (cvar "sv_mincmdrate") (value "100")
L 07/12/2025 - 18:40:03: [basecommands.smx] "Console<0><Console><Console>" changed cvar (cvar "sv_maxcmdrate") (value "100")
L 07/12/2025 - 18:40:03: [basecommands.smx] "Console<0><Console><Console>" changed cvar (cvar "sv_client_min_interp_ratio") (value "-1")
L 07/12/2025 - 18:40:03: [basecommands.smx] "Console<0><Console><Console>" changed cvar (cvar "sv_client_max_interp_ratio") (value "0")
L 07/12/2025 - 18:40:03: [basecommands.smx] "Console<0><Console><Console>" changed cvar (cvar "nb_update_frequency") (value "0.014")
L 07/12/2025 - 18:40:03: [basecommands.smx] "Console<0><Console><Console>" changed cvar (cvar "net_splitpacket_maxrate") (value "50000")
L 07/12/2025 - 18:40:03: [basecommands.smx] "Console<0><Console><Console>" changed cvar (cvar "net_maxcleartime") (value "0.0001")
L 07/12/2025 - 18:40:03: [basecommands.smx] "Console<0><Console><Console>" changed cvar (cvar "fps_max") (value "0")
L 07/12/2025 - 18:40:03: [basecommands.smx] "Console<0><Console><Console>" changed cvar (cvar "tick_door_speed") (value "1.3")
L 07/12/2025 - 18:40:03: [basecommands.smx] "Console<0><Console><Console>" changed cvar (cvar "mv_maxplayers") (value "30")
L 07/12/2025 - 18:40:03: [basecommands.smx] "Console<0><Console><Console>" changed cvar (cvar "mp_autoteambalance") (value "0")
L 07/12/2025 - 18:40:03: [basecommands.smx] "Console<0><Console><Console>" changed cvar (cvar "sv_unlag_fixstuck") (value "1")
L 07/12/2025 - 18:40:03: [basecommands.smx] "Console<0><Console><Console>" changed cvar (cvar "z_brawl_chance") (value "0")
L 07/12/2025 - 18:40:03: [basecommands.smx] "Console<0><Console><Console>" changed cvar (cvar "sv_maxunlag") (value "1")
L 07/12/2025 - 18:40:03: [basecommands.smx] "Console<0><Console><Console>" changed cvar (cvar "sv_forcepreload") (value "1")
L 07/12/2025 - 18:40:03: [basecommands.smx] "Console<0><Console><Console>" changed cvar (cvar "sv_client_predict") (value "1")
L 07/12/2025 - 18:40:03: [basecommands.smx] "Console<0><Console><Console>" changed cvar (cvar "sv_client_cmdrate_difference") (value "0")
L 07/12/2025 - 18:40:03: [basecommands.smx] "Console<0><Console><Console>" changed cvar (cvar "sv_max_queries_sec_global") (value "10")
L 07/12/2025 - 18:40:03: [basecommands.smx] "Console<0><Console><Console>" changed cvar (cvar "sv_max_queries_sec") (value "3")
L 07/12/2025 - 18:40:03: [basecommands.smx] "Console<0><Console><Console>" changed cvar (cvar "sv_max_queries_window") (value "10")
L 07/12/2025 - 18:40:03: [basecommands.smx] "Console<0><Console><Console>" changed cvar (cvar "sv_player_stuck_tolerance") (value "5")
L 07/12/2025 - 18:40:03: [basecommands.smx] "Console<0><Console><Console>" changed cvar (cvar "sv_stats") (value "0")
L 07/12/2025 - 18:40:03: [basecommands.smx] "Console<0><Console><Console>" changed cvar (cvar "sv_clockcorrection_msecs") (value "25")
L 07/12/2025 - 18:40:03: [basecommands.smx] "Console<0><Console><Console>" changed cvar (cvar "survivor_max_incapacitated_count") (value "2")
L 07/12/2025 - 18:40:04: [fixes/firebulletsfix.smx] Found offset for Weapon_ShootPosition 286
L 07/12/2025 - 18:40:04: [optional/l4d2_item_hint.smx] 
==========
Warning: You should install "[L4D & L4D2] Use Priority Patch" to fix attached models blocking +USE action (item hint): https://forums.alliedmods.net/showthread.php?t=327511
==========

L 07/12/2025 - 18:40:04: [GEOIP] GeoIP2 database loaded: GeoLite2-Country (2023-12-22 14:46:10 UTC) (/root/Steam/steamapps/common/L4D21/left4dead2/addons/sourcemod/configs/geoip/GeoLite2-Country.mmdb)
L 07/12/2025 - 18:40:04: [GEOIP] GeoIP2 supported languages: de en es fr ja pt-BR ru zh-CN
L 07/12/2025 - 18:40:04: [GEOIP] Your database is older than 90 days. You should consider downloading a newer version from e.g. https://dev.maxmind.com/geoip/geolite2-free-geolocation-data
L 07/12/2025 - 18:40:05: [optional/chat-processor.smx] Message formats generated for game 'left4dead2'.
L 07/12/2025 - 18:40:05: [optional/chat-processor.smx] Successfully hooked a SayText2 chat hook.
L 07/12/2025 - 18:40:08: -------- Mapchange to c2m1_highway --------
L 07/12/2025 - 18:40:09: [basecommands.smx] "Console<0><Console><Console>" changed cvar (cvar "confogl_match_execcfg_plugins") (value "generalfixes.cfg;confogl_plugins.cfg;sharedplugins.cfg")
L 07/12/2025 - 18:40:09: [basecommands.smx] "Console<0><Console><Console>" changed cvar (cvar "l4d2_addons_eclipse") (value "0")
L 07/12/2025 - 18:40:09: [basecommands.smx] "Console<0><Console><Console>" changed cvar (cvar "sv_allow_wait_command") (value "0")
L 07/12/2025 - 18:40:09: [basecommands.smx] "Console<0><Console><Console>" changed cvar (cvar "sv_minrate") (value "100000")
L 07/12/2025 - 18:40:09: [basecommands.smx] "Console<0><Console><Console>" changed cvar (cvar "sv_maxrate") (value "100000")
L 07/12/2025 - 18:40:09: [basecommands.smx] "Console<0><Console><Console>" changed cvar (cvar "sv_minupdaterate") (value "100")
L 07/12/2025 - 18:40:09: [basecommands.smx] "Console<0><Console><Console>" changed cvar (cvar "sv_maxupdaterate") (value "100")
L 07/12/2025 - 18:40:09: [basecommands.smx] "Console<0><Console><Console>" changed cvar (cvar "sv_mincmdrate") (value "100")
L 07/12/2025 - 18:40:09: [basecommands.smx] "Console<0><Console><Console>" changed cvar (cvar "sv_maxcmdrate") (value "100")
L 07/12/2025 - 18:40:09: [basecommands.smx] "Console<0><Console><Console>" changed cvar (cvar "sv_client_min_interp_ratio") (value "-1")
L 07/12/2025 - 18:40:09: [basecommands.smx] "Console<0><Console><Console>" changed cvar (cvar "sv_client_max_interp_ratio") (value "0")
L 07/12/2025 - 18:40:09: [basecommands.smx] "Console<0><Console><Console>" changed cvar (cvar "nb_update_frequency") (value "0.014")
L 07/12/2025 - 18:40:09: [basecommands.smx] "Console<0><Console><Console>" changed cvar (cvar "net_splitpacket_maxrate") (value "50000")
L 07/12/2025 - 18:40:09: [basecommands.smx] "Console<0><Console><Console>" changed cvar (cvar "net_maxcleartime") (value "0.0001")
L 07/12/2025 - 18:40:09: [basecommands.smx] "Console<0><Console><Console>" changed cvar (cvar "fps_max") (value "0")
L 07/12/2025 - 18:40:09: [basecommands.smx] "Console<0><Console><Console>" changed cvar (cvar "tick_door_speed") (value "1.3")
L 07/12/2025 - 18:40:09: [basecommands.smx] "Console<0><Console><Console>" changed cvar (cvar "mv_maxplayers") (value "30")
L 07/12/2025 - 18:40:09: [basecommands.smx] "Console<0><Console><Console>" changed cvar (cvar "mp_autoteambalance") (value "0")
L 07/12/2025 - 18:40:09: [basecommands.smx] "Console<0><Console><Console>" changed cvar (cvar "sv_unlag_fixstuck") (value "1")
L 07/12/2025 - 18:40:09: [basecommands.smx] "Console<0><Console><Console>" changed cvar (cvar "z_brawl_chance") (value "0")
L 07/12/2025 - 18:40:09: [basecommands.smx] "Console<0><Console><Console>" changed cvar (cvar "sv_maxunlag") (value "1")
L 07/12/2025 - 18:40:09: [basecommands.smx] "Console<0><Console><Console>" changed cvar (cvar "sv_forcepreload") (value "1")
L 07/12/2025 - 18:40:09: [basecommands.smx] "Console<0><Console><Console>" changed cvar (cvar "sv_client_predict") (value "1")
L 07/12/2025 - 18:40:09: [basecommands.smx] "Console<0><Console><Console>" changed cvar (cvar "sv_client_cmdrate_difference") (value "0")
L 07/12/2025 - 18:40:09: [basecommands.smx] "Console<0><Console><Console>" changed cvar (cvar "sv_max_queries_sec_global") (value "10")
L 07/12/2025 - 18:40:09: [basecommands.smx] "Console<0><Console><Console>" changed cvar (cvar "sv_max_queries_sec") (value "3")
L 07/12/2025 - 18:40:09: [basecommands.smx] "Console<0><Console><Console>" changed cvar (cvar "sv_max_queries_window") (value "10")
L 07/12/2025 - 18:40:09: [basecommands.smx] "Console<0><Console><Console>" changed cvar (cvar "sv_player_stuck_tolerance") (value "5")
L 07/12/2025 - 18:40:09: [basecommands.smx] "Console<0><Console><Console>" changed cvar (cvar "sv_stats") (value "0")
L 07/12/2025 - 18:40:09: [basecommands.smx] "Console<0><Console><Console>" changed cvar (cvar "sv_clockcorrection_msecs") (value "25")
L 07/12/2025 - 18:40:10: [optional/chat-processor.smx] Message formats generated for game 'left4dead2'.
L 07/12/2025 - 18:40:10: [optional/chat-processor.smx] Successfully hooked a SayText2 chat hook.
L 07/12/2025 - 18:40:11: [optional/l4d2_saferoom_item_remove.smx] Removed 0 saferoom item(s) (start: 0; end: 0).
L 07/12/2025 - 18:44:38: [basecommands.smx] "Console<0><Console><Console>" changed map to "dprm1_milltown_a" (input "dprm1_milltown_a")
L 07/12/2025 - 18:44:45: -------- Mapchange to dprm1_milltown_a --------
L 07/12/2025 - 18:44:47: [basecommands.smx] "Console<0><Console><Console>" changed cvar (cvar "confogl_match_execcfg_plugins") (value "generalfixes.cfg;confogl_plugins.cfg;sharedplugins.cfg")
L 07/12/2025 - 18:44:47: [basecommands.smx] "Console<0><Console><Console>" changed cvar (cvar "l4d2_addons_eclipse") (value "0")
L 07/12/2025 - 18:44:47: [basecommands.smx] "Console<0><Console><Console>" changed cvar (cvar "sv_allow_wait_command") (value "0")
L 07/12/2025 - 18:44:47: [basecommands.smx] "Console<0><Console><Console>" changed cvar (cvar "sv_minrate") (value "100000")
L 07/12/2025 - 18:44:47: [basecommands.smx] "Console<0><Console><Console>" changed cvar (cvar "sv_maxrate") (value "100000")
L 07/12/2025 - 18:44:47: [basecommands.smx] "Console<0><Console><Console>" changed cvar (cvar "sv_minupdaterate") (value "100")
L 07/12/2025 - 18:44:47: [basecommands.smx] "Console<0><Console><Console>" changed cvar (cvar "sv_maxupdaterate") (value "100")
L 07/12/2025 - 18:44:47: [basecommands.smx] "Console<0><Console><Console>" changed cvar (cvar "sv_mincmdrate") (value "100")
L 07/12/2025 - 18:44:47: [basecommands.smx] "Console<0><Console><Console>" changed cvar (cvar "sv_maxcmdrate") (value "100")
L 07/12/2025 - 18:44:47: [basecommands.smx] "Console<0><Console><Console>" changed cvar (cvar "sv_client_min_interp_ratio") (value "-1")
L 07/12/2025 - 18:44:47: [basecommands.smx] "Console<0><Console><Console>" changed cvar (cvar "sv_client_max_interp_ratio") (value "0")
L 07/12/2025 - 18:44:47: [basecommands.smx] "Console<0><Console><Console>" changed cvar (cvar "nb_update_frequency") (value "0.014")
L 07/12/2025 - 18:44:47: [basecommands.smx] "Console<0><Console><Console>" changed cvar (cvar "net_splitpacket_maxrate") (value "50000")
L 07/12/2025 - 18:44:47: [basecommands.smx] "Console<0><Console><Console>" changed cvar (cvar "net_maxcleartime") (value "0.0001")
L 07/12/2025 - 18:44:47: [basecommands.smx] "Console<0><Console><Console>" changed cvar (cvar "fps_max") (value "0")
L 07/12/2025 - 18:44:47: [basecommands.smx] "Console<0><Console><Console>" changed cvar (cvar "tick_door_speed") (value "1.3")
L 07/12/2025 - 18:44:47: [basecommands.smx] "Console<0><Console><Console>" changed cvar (cvar "mv_maxplayers") (value "30")
L 07/12/2025 - 18:44:47: [basecommands.smx] "Console<0><Console><Console>" changed cvar (cvar "mp_autoteambalance") (value "0")
L 07/12/2025 - 18:44:47: [basecommands.smx] "Console<0><Console><Console>" changed cvar (cvar "sv_unlag_fixstuck") (value "1")
L 07/12/2025 - 18:44:47: [basecommands.smx] "Console<0><Console><Console>" changed cvar (cvar "z_brawl_chance") (value "0")
L 07/12/2025 - 18:44:47: [basecommands.smx] "Console<0><Console><Console>" changed cvar (cvar "sv_maxunlag") (value "1")
L 07/12/2025 - 18:44:47: [basecommands.smx] "Console<0><Console><Console>" changed cvar (cvar "sv_forcepreload") (value "1")
L 07/12/2025 - 18:44:47: [basecommands.smx] "Console<0><Console><Console>" changed cvar (cvar "sv_client_predict") (value "1")
L 07/12/2025 - 18:44:47: [basecommands.smx] "Console<0><Console><Console>" changed cvar (cvar "sv_client_cmdrate_difference") (value "0")
L 07/12/2025 - 18:44:47: [basecommands.smx] "Console<0><Console><Console>" changed cvar (cvar "sv_max_queries_sec_global") (value "10")
L 07/12/2025 - 18:44:47: [basecommands.smx] "Console<0><Console><Console>" changed cvar (cvar "sv_max_queries_sec") (value "3")
L 07/12/2025 - 18:44:47: [basecommands.smx] "Console<0><Console><Console>" changed cvar (cvar "sv_max_queries_window") (value "10")
L 07/12/2025 - 18:44:47: [basecommands.smx] "Console<0><Console><Console>" changed cvar (cvar "sv_player_stuck_tolerance") (value "5")
L 07/12/2025 - 18:44:47: [basecommands.smx] "Console<0><Console><Console>" changed cvar (cvar "sv_stats") (value "0")
L 07/12/2025 - 18:44:47: [basecommands.smx] "Console<0><Console><Console>" changed cvar (cvar "sv_clockcorrection_msecs") (value "25")
L 07/12/2025 - 18:44:47: [optional/chat-processor.smx] Message formats generated for game 'left4dead2'.
L 07/12/2025 - 18:44:47: [optional/chat-processor.smx] Successfully hooked a SayText2 chat hook.
L 07/12/2025 - 18:44:48: [optional/l4d2_saferoom_item_remove.smx] Removed 0 saferoom item(s) (start: 0; end: 0).
L 07/12/2025 - 18:45:17: [basecommands.smx] "Console<0><Console><Console>" changed map to "dkr_m1_motel" (input "dkr_m1_motel")
L 07/12/2025 - 18:45:24: -------- Mapchange to dkr_m1_motel --------
L 07/12/2025 - 18:45:25: [basecommands.smx] "Console<0><Console><Console>" changed cvar (cvar "confogl_match_execcfg_plugins") (value "generalfixes.cfg;confogl_plugins.cfg;sharedplugins.cfg")
L 07/12/2025 - 18:45:25: [basecommands.smx] "Console<0><Console><Console>" changed cvar (cvar "l4d2_addons_eclipse") (value "0")
L 07/12/2025 - 18:45:25: [basecommands.smx] "Console<0><Console><Console>" changed cvar (cvar "sv_allow_wait_command") (value "0")
L 07/12/2025 - 18:45:25: [basecommands.smx] "Console<0><Console><Console>" changed cvar (cvar "sv_minrate") (value "100000")
L 07/12/2025 - 18:45:25: [basecommands.smx] "Console<0><Console><Console>" changed cvar (cvar "sv_maxrate") (value "100000")
L 07/12/2025 - 18:45:25: [basecommands.smx] "Console<0><Console><Console>" changed cvar (cvar "sv_minupdaterate") (value "100")
L 07/12/2025 - 18:45:25: [basecommands.smx] "Console<0><Console><Console>" changed cvar (cvar "sv_maxupdaterate") (value "100")
L 07/12/2025 - 18:45:25: [basecommands.smx] "Console<0><Console><Console>" changed cvar (cvar "sv_mincmdrate") (value "100")
L 07/12/2025 - 18:45:25: [basecommands.smx] "Console<0><Console><Console>" changed cvar (cvar "sv_maxcmdrate") (value "100")
L 07/12/2025 - 18:45:25: [basecommands.smx] "Console<0><Console><Console>" changed cvar (cvar "sv_client_min_interp_ratio") (value "-1")
L 07/12/2025 - 18:45:25: [basecommands.smx] "Console<0><Console><Console>" changed cvar (cvar "sv_client_max_interp_ratio") (value "0")
L 07/12/2025 - 18:45:25: [basecommands.smx] "Console<0><Console><Console>" changed cvar (cvar "nb_update_frequency") (value "0.014")
L 07/12/2025 - 18:45:25: [basecommands.smx] "Console<0><Console><Console>" changed cvar (cvar "net_splitpacket_maxrate") (value "50000")
L 07/12/2025 - 18:45:25: [basecommands.smx] "Console<0><Console><Console>" changed cvar (cvar "net_maxcleartime") (value "0.0001")
L 07/12/2025 - 18:45:25: [basecommands.smx] "Console<0><Console><Console>" changed cvar (cvar "fps_max") (value "0")
L 07/12/2025 - 18:45:25: [basecommands.smx] "Console<0><Console><Console>" changed cvar (cvar "tick_door_speed") (value "1.3")
L 07/12/2025 - 18:45:25: [basecommands.smx] "Console<0><Console><Console>" changed cvar (cvar "mv_maxplayers") (value "30")
L 07/12/2025 - 18:45:25: [basecommands.smx] "Console<0><Console><Console>" changed cvar (cvar "mp_autoteambalance") (value "0")
L 07/12/2025 - 18:45:25: [basecommands.smx] "Console<0><Console><Console>" changed cvar (cvar "sv_unlag_fixstuck") (value "1")
L 07/12/2025 - 18:45:25: [basecommands.smx] "Console<0><Console><Console>" changed cvar (cvar "z_brawl_chance") (value "0")
L 07/12/2025 - 18:45:25: [basecommands.smx] "Console<0><Console><Console>" changed cvar (cvar "sv_maxunlag") (value "1")
L 07/12/2025 - 18:45:25: [basecommands.smx] "Console<0><Console><Console>" changed cvar (cvar "sv_forcepreload") (value "1")
L 07/12/2025 - 18:45:25: [basecommands.smx] "Console<0><Console><Console>" changed cvar (cvar "sv_client_predict") (value "1")
L 07/12/2025 - 18:45:25: [basecommands.smx] "Console<0><Console><Console>" changed cvar (cvar "sv_client_cmdrate_difference") (value "0")
L 07/12/2025 - 18:45:25: [basecommands.smx] "Console<0><Console><Console>" changed cvar (cvar "sv_max_queries_sec_global") (value "10")
L 07/12/2025 - 18:45:25: [basecommands.smx] "Console<0><Console><Console>" changed cvar (cvar "sv_max_queries_sec") (value "3")
L 07/12/2025 - 18:45:25: [basecommands.smx] "Console<0><Console><Console>" changed cvar (cvar "sv_max_queries_window") (value "10")
L 07/12/2025 - 18:45:25: [basecommands.smx] "Console<0><Console><Console>" changed cvar (cvar "sv_player_stuck_tolerance") (value "5")
L 07/12/2025 - 18:45:25: [basecommands.smx] "Console<0><Console><Console>" changed cvar (cvar "sv_stats") (value "0")
L 07/12/2025 - 18:45:25: [basecommands.smx] "Console<0><Console><Console>" changed cvar (cvar "sv_clockcorrection_msecs") (value "25")
L 07/12/2025 - 18:45:26: [optional/chat-processor.smx] Message formats generated for game 'left4dead2'.
L 07/12/2025 - 18:45:26: [optional/chat-processor.smx] Successfully hooked a SayText2 chat hook.
L 07/12/2025 - 18:45:27: [optional/l4d2_saferoom_item_remove.smx] Removed 0 saferoom item(s) (start: 0; end: 0).
L 07/12/2025 - 18:45:56: [basecommands.smx] "Console<0><Console><Console>" changed map to "l4d2_diescraper1_apartment_361" (input "l4d2_diescraper1_apartment_361")
L 07/12/2025 - 18:46:01: -------- Mapchange to l4d2_diescraper1_apartment_361 --------
L 07/12/2025 - 18:46:02: [basecommands.smx] "Console<0><Console><Console>" changed cvar (cvar "confogl_match_execcfg_plugins") (value "generalfixes.cfg;confogl_plugins.cfg;sharedplugins.cfg")
L 07/12/2025 - 18:46:02: [basecommands.smx] "Console<0><Console><Console>" changed cvar (cvar "l4d2_addons_eclipse") (value "0")
L 07/12/2025 - 18:46:02: [basecommands.smx] "Console<0><Console><Console>" changed cvar (cvar "sv_allow_wait_command") (value "0")
L 07/12/2025 - 18:46:02: [basecommands.smx] "Console<0><Console><Console>" changed cvar (cvar "sv_minrate") (value "100000")
L 07/12/2025 - 18:46:02: [basecommands.smx] "Console<0><Console><Console>" changed cvar (cvar "sv_maxrate") (value "100000")
L 07/12/2025 - 18:46:02: [basecommands.smx] "Console<0><Console><Console>" changed cvar (cvar "sv_minupdaterate") (value "100")
L 07/12/2025 - 18:46:02: [basecommands.smx] "Console<0><Console><Console>" changed cvar (cvar "sv_maxupdaterate") (value "100")
L 07/12/2025 - 18:46:02: [basecommands.smx] "Console<0><Console><Console>" changed cvar (cvar "sv_mincmdrate") (value "100")
L 07/12/2025 - 18:46:02: [basecommands.smx] "Console<0><Console><Console>" changed cvar (cvar "sv_maxcmdrate") (value "100")
L 07/12/2025 - 18:46:02: [basecommands.smx] "Console<0><Console><Console>" changed cvar (cvar "sv_client_min_interp_ratio") (value "-1")
L 07/12/2025 - 18:46:02: [basecommands.smx] "Console<0><Console><Console>" changed cvar (cvar "sv_client_max_interp_ratio") (value "0")
L 07/12/2025 - 18:46:02: [basecommands.smx] "Console<0><Console><Console>" changed cvar (cvar "nb_update_frequency") (value "0.014")
L 07/12/2025 - 18:46:02: [basecommands.smx] "Console<0><Console><Console>" changed cvar (cvar "net_splitpacket_maxrate") (value "50000")
L 07/12/2025 - 18:46:02: [basecommands.smx] "Console<0><Console><Console>" changed cvar (cvar "net_maxcleartime") (value "0.0001")
L 07/12/2025 - 18:46:02: [basecommands.smx] "Console<0><Console><Console>" changed cvar (cvar "fps_max") (value "0")
L 07/12/2025 - 18:46:02: [basecommands.smx] "Console<0><Console><Console>" changed cvar (cvar "tick_door_speed") (value "1.3")
L 07/12/2025 - 18:46:02: [basecommands.smx] "Console<0><Console><Console>" changed cvar (cvar "mv_maxplayers") (value "30")
L 07/12/2025 - 18:46:02: [basecommands.smx] "Console<0><Console><Console>" changed cvar (cvar "mp_autoteambalance") (value "0")
L 07/12/2025 - 18:46:02: [basecommands.smx] "Console<0><Console><Console>" changed cvar (cvar "sv_unlag_fixstuck") (value "1")
L 07/12/2025 - 18:46:02: [basecommands.smx] "Console<0><Console><Console>" changed cvar (cvar "z_brawl_chance") (value "0")
L 07/12/2025 - 18:46:02: [basecommands.smx] "Console<0><Console><Console>" changed cvar (cvar "sv_maxunlag") (value "1")
L 07/12/2025 - 18:46:02: [basecommands.smx] "Console<0><Console><Console>" changed cvar (cvar "sv_forcepreload") (value "1")
L 07/12/2025 - 18:46:02: [basecommands.smx] "Console<0><Console><Console>" changed cvar (cvar "sv_client_predict") (value "1")
L 07/12/2025 - 18:46:02: [basecommands.smx] "Console<0><Console><Console>" changed cvar (cvar "sv_client_cmdrate_difference") (value "0")
L 07/12/2025 - 18:46:02: [basecommands.smx] "Console<0><Console><Console>" changed cvar (cvar "sv_max_queries_sec_global") (value "10")
L 07/12/2025 - 18:46:02: [basecommands.smx] "Console<0><Console><Console>" changed cvar (cvar "sv_max_queries_sec") (value "3")
L 07/12/2025 - 18:46:02: [basecommands.smx] "Console<0><Console><Console>" changed cvar (cvar "sv_max_queries_window") (value "10")
L 07/12/2025 - 18:46:02: [basecommands.smx] "Console<0><Console><Console>" changed cvar (cvar "sv_player_stuck_tolerance") (value "5")
L 07/12/2025 - 18:46:02: [basecommands.smx] "Console<0><Console><Console>" changed cvar (cvar "sv_stats") (value "0")
L 07/12/2025 - 18:46:02: [basecommands.smx] "Console<0><Console><Console>" changed cvar (cvar "sv_clockcorrection_msecs") (value "25")
L 07/12/2025 - 18:46:02: [optional/chat-processor.smx] Message formats generated for game 'left4dead2'.
L 07/12/2025 - 18:46:02: [optional/chat-processor.smx] Successfully hooked a SayText2 chat hook.
L 07/12/2025 - 18:46:03: [optional/l4d2_saferoom_item_remove.smx] Removed 3 saferoom item(s) (start: 2; end: 1).
L 07/12/2025 - 18:46:22: SourceMod log file session started (file "/root/Steam/steamapps/common/L4D21/left4dead2/addons/sourcemod/logs/L20250712.log") (Version "1.12.0.7195")
L 07/12/2025 - 18:46:22: [fixes/firebulletsfix.smx] Found offset for Weapon_ShootPosition 286
L 07/12/2025 - 18:46:25: [basecommands.smx] "Console<0><Console><Console>" changed cvar (cvar "confogl_match_execcfg_plugins") (value "generalfixes.cfg;confogl_plugins.cfg;sharedplugins.cfg")
L 07/12/2025 - 18:46:25: [basecommands.smx] "Console<0><Console><Console>" changed cvar (cvar "l4d2_addons_eclipse") (value "0")
L 07/12/2025 - 18:46:25: [basecommands.smx] "Console<0><Console><Console>" changed cvar (cvar "sv_allow_wait_command") (value "0")
L 07/12/2025 - 18:46:25: [basecommands.smx] "Console<0><Console><Console>" changed cvar (cvar "sv_minrate") (value "100000")
L 07/12/2025 - 18:46:25: [basecommands.smx] "Console<0><Console><Console>" changed cvar (cvar "sv_maxrate") (value "100000")
L 07/12/2025 - 18:46:25: [basecommands.smx] "Console<0><Console><Console>" changed cvar (cvar "sv_minupdaterate") (value "100")
L 07/12/2025 - 18:46:25: [basecommands.smx] "Console<0><Console><Console>" changed cvar (cvar "sv_maxupdaterate") (value "100")
L 07/12/2025 - 18:46:25: [basecommands.smx] "Console<0><Console><Console>" changed cvar (cvar "sv_mincmdrate") (value "100")
L 07/12/2025 - 18:46:25: [basecommands.smx] "Console<0><Console><Console>" changed cvar (cvar "sv_maxcmdrate") (value "100")
L 07/12/2025 - 18:46:25: [basecommands.smx] "Console<0><Console><Console>" changed cvar (cvar "sv_client_min_interp_ratio") (value "-1")
L 07/12/2025 - 18:46:25: [basecommands.smx] "Console<0><Console><Console>" changed cvar (cvar "sv_client_max_interp_ratio") (value "0")
L 07/12/2025 - 18:46:25: [basecommands.smx] "Console<0><Console><Console>" changed cvar (cvar "nb_update_frequency") (value "0.014")
L 07/12/2025 - 18:46:25: [basecommands.smx] "Console<0><Console><Console>" changed cvar (cvar "net_splitpacket_maxrate") (value "50000")
L 07/12/2025 - 18:46:25: [basecommands.smx] "Console<0><Console><Console>" changed cvar (cvar "net_maxcleartime") (value "0.0001")
L 07/12/2025 - 18:46:25: [basecommands.smx] "Console<0><Console><Console>" changed cvar (cvar "fps_max") (value "0")
L 07/12/2025 - 18:46:25: [basecommands.smx] "Console<0><Console><Console>" changed cvar (cvar "tick_door_speed") (value "1.3")
L 07/12/2025 - 18:46:25: [basecommands.smx] "Console<0><Console><Console>" changed cvar (cvar "mv_maxplayers") (value "30")
L 07/12/2025 - 18:46:25: [basecommands.smx] "Console<0><Console><Console>" changed cvar (cvar "mp_autoteambalance") (value "0")
L 07/12/2025 - 18:46:25: [basecommands.smx] "Console<0><Console><Console>" changed cvar (cvar "sv_unlag_fixstuck") (value "1")
L 07/12/2025 - 18:46:25: [basecommands.smx] "Console<0><Console><Console>" changed cvar (cvar "z_brawl_chance") (value "0")
L 07/12/2025 - 18:46:25: [basecommands.smx] "Console<0><Console><Console>" changed cvar (cvar "sv_maxunlag") (value "1")
L 07/12/2025 - 18:46:25: [basecommands.smx] "Console<0><Console><Console>" changed cvar (cvar "sv_forcepreload") (value "1")
L 07/12/2025 - 18:46:25: [basecommands.smx] "Console<0><Console><Console>" changed cvar (cvar "sv_client_predict") (value "1")
L 07/12/2025 - 18:46:25: [basecommands.smx] "Console<0><Console><Console>" changed cvar (cvar "sv_client_cmdrate_difference") (value "0")
L 07/12/2025 - 18:46:25: [basecommands.smx] "Console<0><Console><Console>" changed cvar (cvar "sv_max_queries_sec_global") (value "10")
L 07/12/2025 - 18:46:25: [basecommands.smx] "Console<0><Console><Console>" changed cvar (cvar "sv_max_queries_sec") (value "3")
L 07/12/2025 - 18:46:25: [basecommands.smx] "Console<0><Console><Console>" changed cvar (cvar "sv_max_queries_window") (value "10")
L 07/12/2025 - 18:46:25: [basecommands.smx] "Console<0><Console><Console>" changed cvar (cvar "sv_player_stuck_tolerance") (value "5")
L 07/12/2025 - 18:46:25: [basecommands.smx] "Console<0><Console><Console>" changed cvar (cvar "sv_stats") (value "0")
L 07/12/2025 - 18:46:25: [basecommands.smx] "Console<0><Console><Console>" changed cvar (cvar "sv_clockcorrection_msecs") (value "25")
L 07/12/2025 - 18:46:25: [basecommands.smx] "Console<0><Console><Console>" changed cvar (cvar "survivor_max_incapacitated_count") (value "2")
L 07/12/2025 - 18:46:25: [fixes/firebulletsfix.smx] Found offset for Weapon_ShootPosition 286
L 07/12/2025 - 18:46:25: [optional/l4d2_item_hint.smx] 
==========
Warning: You should install "[L4D & L4D2] Use Priority Patch" to fix attached models blocking +USE action (item hint): https://forums.alliedmods.net/showthread.php?t=327511
==========

L 07/12/2025 - 18:46:25: [GEOIP] GeoIP2 database loaded: GeoLite2-Country (2023-12-22 14:46:10 UTC) (/root/Steam/steamapps/common/L4D21/left4dead2/addons/sourcemod/configs/geoip/GeoLite2-Country.mmdb)
L 07/12/2025 - 18:46:25: [GEOIP] GeoIP2 supported languages: de en es fr ja pt-BR ru zh-CN
L 07/12/2025 - 18:46:25: [GEOIP] Your database is older than 90 days. You should consider downloading a newer version from e.g. https://dev.maxmind.com/geoip/geolite2-free-geolocation-data
L 07/12/2025 - 18:46:26: [optional/chat-processor.smx] Message formats generated for game 'left4dead2'.
L 07/12/2025 - 18:46:26: [optional/chat-processor.smx] Successfully hooked a SayText2 chat hook.
L 07/12/2025 - 18:46:29: -------- Mapchange to c2m1_highway --------
L 07/12/2025 - 18:46:30: [basecommands.smx] "Console<0><Console><Console>" changed cvar (cvar "confogl_match_execcfg_plugins") (value "generalfixes.cfg;confogl_plugins.cfg;sharedplugins.cfg")
L 07/12/2025 - 18:46:30: [basecommands.smx] "Console<0><Console><Console>" changed cvar (cvar "l4d2_addons_eclipse") (value "0")
L 07/12/2025 - 18:46:30: [basecommands.smx] "Console<0><Console><Console>" changed cvar (cvar "sv_allow_wait_command") (value "0")
L 07/12/2025 - 18:46:30: [basecommands.smx] "Console<0><Console><Console>" changed cvar (cvar "sv_minrate") (value "100000")
L 07/12/2025 - 18:46:30: [basecommands.smx] "Console<0><Console><Console>" changed cvar (cvar "sv_maxrate") (value "100000")
L 07/12/2025 - 18:46:30: [basecommands.smx] "Console<0><Console><Console>" changed cvar (cvar "sv_minupdaterate") (value "100")
L 07/12/2025 - 18:46:30: [basecommands.smx] "Console<0><Console><Console>" changed cvar (cvar "sv_maxupdaterate") (value "100")
L 07/12/2025 - 18:46:30: [basecommands.smx] "Console<0><Console><Console>" changed cvar (cvar "sv_mincmdrate") (value "100")
L 07/12/2025 - 18:46:30: [basecommands.smx] "Console<0><Console><Console>" changed cvar (cvar "sv_maxcmdrate") (value "100")
L 07/12/2025 - 18:46:30: [basecommands.smx] "Console<0><Console><Console>" changed cvar (cvar "sv_client_min_interp_ratio") (value "-1")
L 07/12/2025 - 18:46:30: [basecommands.smx] "Console<0><Console><Console>" changed cvar (cvar "sv_client_max_interp_ratio") (value "0")
L 07/12/2025 - 18:46:30: [basecommands.smx] "Console<0><Console><Console>" changed cvar (cvar "nb_update_frequency") (value "0.014")
L 07/12/2025 - 18:46:30: [basecommands.smx] "Console<0><Console><Console>" changed cvar (cvar "net_splitpacket_maxrate") (value "50000")
L 07/12/2025 - 18:46:30: [basecommands.smx] "Console<0><Console><Console>" changed cvar (cvar "net_maxcleartime") (value "0.0001")
L 07/12/2025 - 18:46:30: [basecommands.smx] "Console<0><Console><Console>" changed cvar (cvar "fps_max") (value "0")
L 07/12/2025 - 18:46:30: [basecommands.smx] "Console<0><Console><Console>" changed cvar (cvar "tick_door_speed") (value "1.3")
L 07/12/2025 - 18:46:30: [basecommands.smx] "Console<0><Console><Console>" changed cvar (cvar "mv_maxplayers") (value "30")
L 07/12/2025 - 18:46:30: [basecommands.smx] "Console<0><Console><Console>" changed cvar (cvar "mp_autoteambalance") (value "0")
L 07/12/2025 - 18:46:30: [basecommands.smx] "Console<0><Console><Console>" changed cvar (cvar "sv_unlag_fixstuck") (value "1")
L 07/12/2025 - 18:46:30: [basecommands.smx] "Console<0><Console><Console>" changed cvar (cvar "z_brawl_chance") (value "0")
L 07/12/2025 - 18:46:30: [basecommands.smx] "Console<0><Console><Console>" changed cvar (cvar "sv_maxunlag") (value "1")
L 07/12/2025 - 18:46:30: [basecommands.smx] "Console<0><Console><Console>" changed cvar (cvar "sv_forcepreload") (value "1")
L 07/12/2025 - 18:46:30: [basecommands.smx] "Console<0><Console><Console>" changed cvar (cvar "sv_client_predict") (value "1")
L 07/12/2025 - 18:46:30: [basecommands.smx] "Console<0><Console><Console>" changed cvar (cvar "sv_client_cmdrate_difference") (value "0")
L 07/12/2025 - 18:46:30: [basecommands.smx] "Console<0><Console><Console>" changed cvar (cvar "sv_max_queries_sec_global") (value "10")
L 07/12/2025 - 18:46:30: [basecommands.smx] "Console<0><Console><Console>" changed cvar (cvar "sv_max_queries_sec") (value "3")
L 07/12/2025 - 18:46:30: [basecommands.smx] "Console<0><Console><Console>" changed cvar (cvar "sv_max_queries_window") (value "10")
L 07/12/2025 - 18:46:30: [basecommands.smx] "Console<0><Console><Console>" changed cvar (cvar "sv_player_stuck_tolerance") (value "5")
L 07/12/2025 - 18:46:30: [basecommands.smx] "Console<0><Console><Console>" changed cvar (cvar "sv_stats") (value "0")
L 07/12/2025 - 18:46:30: [basecommands.smx] "Console<0><Console><Console>" changed cvar (cvar "sv_clockcorrection_msecs") (value "25")
L 07/12/2025 - 18:46:31: [optional/chat-processor.smx] Message formats generated for game 'left4dead2'.
L 07/12/2025 - 18:46:31: [optional/chat-processor.smx] Successfully hooked a SayText2 chat hook.
L 07/12/2025 - 18:46:32: [optional/l4d2_saferoom_item_remove.smx] Removed 0 saferoom item(s) (start: 0; end: 0).
L 07/12/2025 - 18:50:52: [basecommands.smx] "Console<0><Console><Console>" changed map to "dkr_m1_motel" (input "dkr_m1_motel")
L 07/12/2025 - 18:50:57: -------- Mapchange to dkr_m1_motel --------
L 07/12/2025 - 18:50:59: [basecommands.smx] "Console<0><Console><Console>" changed cvar (cvar "confogl_match_execcfg_plugins") (value "generalfixes.cfg;confogl_plugins.cfg;sharedplugins.cfg")
L 07/12/2025 - 18:50:59: [basecommands.smx] "Console<0><Console><Console>" changed cvar (cvar "l4d2_addons_eclipse") (value "0")
L 07/12/2025 - 18:50:59: [basecommands.smx] "Console<0><Console><Console>" changed cvar (cvar "sv_allow_wait_command") (value "0")
L 07/12/2025 - 18:50:59: [basecommands.smx] "Console<0><Console><Console>" changed cvar (cvar "sv_minrate") (value "100000")
L 07/12/2025 - 18:50:59: [basecommands.smx] "Console<0><Console><Console>" changed cvar (cvar "sv_maxrate") (value "100000")
L 07/12/2025 - 18:50:59: [basecommands.smx] "Console<0><Console><Console>" changed cvar (cvar "sv_minupdaterate") (value "100")
L 07/12/2025 - 18:50:59: [basecommands.smx] "Console<0><Console><Console>" changed cvar (cvar "sv_maxupdaterate") (value "100")
L 07/12/2025 - 18:50:59: [basecommands.smx] "Console<0><Console><Console>" changed cvar (cvar "sv_mincmdrate") (value "100")
L 07/12/2025 - 18:50:59: [basecommands.smx] "Console<0><Console><Console>" changed cvar (cvar "sv_maxcmdrate") (value "100")
L 07/12/2025 - 18:50:59: [basecommands.smx] "Console<0><Console><Console>" changed cvar (cvar "sv_client_min_interp_ratio") (value "-1")
L 07/12/2025 - 18:50:59: [basecommands.smx] "Console<0><Console><Console>" changed cvar (cvar "sv_client_max_interp_ratio") (value "0")
L 07/12/2025 - 18:50:59: [basecommands.smx] "Console<0><Console><Console>" changed cvar (cvar "nb_update_frequency") (value "0.014")
L 07/12/2025 - 18:50:59: [basecommands.smx] "Console<0><Console><Console>" changed cvar (cvar "net_splitpacket_maxrate") (value "50000")
L 07/12/2025 - 18:50:59: [basecommands.smx] "Console<0><Console><Console>" changed cvar (cvar "net_maxcleartime") (value "0.0001")
L 07/12/2025 - 18:50:59: [basecommands.smx] "Console<0><Console><Console>" changed cvar (cvar "fps_max") (value "0")
L 07/12/2025 - 18:50:59: [basecommands.smx] "Console<0><Console><Console>" changed cvar (cvar "tick_door_speed") (value "1.3")
L 07/12/2025 - 18:50:59: [basecommands.smx] "Console<0><Console><Console>" changed cvar (cvar "mv_maxplayers") (value "30")
L 07/12/2025 - 18:50:59: [basecommands.smx] "Console<0><Console><Console>" changed cvar (cvar "mp_autoteambalance") (value "0")
L 07/12/2025 - 18:50:59: [basecommands.smx] "Console<0><Console><Console>" changed cvar (cvar "sv_unlag_fixstuck") (value "1")
L 07/12/2025 - 18:50:59: [basecommands.smx] "Console<0><Console><Console>" changed cvar (cvar "z_brawl_chance") (value "0")
L 07/12/2025 - 18:50:59: [basecommands.smx] "Console<0><Console><Console>" changed cvar (cvar "sv_maxunlag") (value "1")
L 07/12/2025 - 18:50:59: [basecommands.smx] "Console<0><Console><Console>" changed cvar (cvar "sv_forcepreload") (value "1")
L 07/12/2025 - 18:50:59: [basecommands.smx] "Console<0><Console><Console>" changed cvar (cvar "sv_client_predict") (value "1")
L 07/12/2025 - 18:50:59: [basecommands.smx] "Console<0><Console><Console>" changed cvar (cvar "sv_client_cmdrate_difference") (value "0")
L 07/12/2025 - 18:50:59: [basecommands.smx] "Console<0><Console><Console>" changed cvar (cvar "sv_max_queries_sec_global") (value "10")
L 07/12/2025 - 18:50:59: [basecommands.smx] "Console<0><Console><Console>" changed cvar (cvar "sv_max_queries_sec") (value "3")
L 07/12/2025 - 18:50:59: [basecommands.smx] "Console<0><Console><Console>" changed cvar (cvar "sv_max_queries_window") (value "10")
L 07/12/2025 - 18:50:59: [basecommands.smx] "Console<0><Console><Console>" changed cvar (cvar "sv_player_stuck_tolerance") (value "5")
L 07/12/2025 - 18:50:59: [basecommands.smx] "Console<0><Console><Console>" changed cvar (cvar "sv_stats") (value "0")
L 07/12/2025 - 18:50:59: [basecommands.smx] "Console<0><Console><Console>" changed cvar (cvar "sv_clockcorrection_msecs") (value "25")
L 07/12/2025 - 18:50:59: [optional/chat-processor.smx] Message formats generated for game 'left4dead2'.
L 07/12/2025 - 18:50:59: [optional/chat-processor.smx] Successfully hooked a SayText2 chat hook.
L 07/12/2025 - 18:51:00: [optional/l4d2_saferoom_item_remove.smx] Removed 0 saferoom item(s) (start: 0; end: 0).
L 07/12/2025 - 18:51:20: [basecommands.smx] "Console<0><Console><Console>" changed map to "cwm1_intro" (input "cwm1_intro")
L 07/12/2025 - 18:51:29: -------- Mapchange to cwm1_intro --------
L 07/12/2025 - 18:51:30: [basecommands.smx] "Console<0><Console><Console>" changed cvar (cvar "confogl_match_execcfg_plugins") (value "generalfixes.cfg;confogl_plugins.cfg;sharedplugins.cfg")
L 07/12/2025 - 18:51:30: [basecommands.smx] "Console<0><Console><Console>" changed cvar (cvar "l4d2_addons_eclipse") (value "0")
L 07/12/2025 - 18:51:30: [basecommands.smx] "Console<0><Console><Console>" changed cvar (cvar "sv_allow_wait_command") (value "0")
L 07/12/2025 - 18:51:30: [basecommands.smx] "Console<0><Console><Console>" changed cvar (cvar "sv_minrate") (value "100000")
L 07/12/2025 - 18:51:30: [basecommands.smx] "Console<0><Console><Console>" changed cvar (cvar "sv_maxrate") (value "100000")
L 07/12/2025 - 18:51:30: [basecommands.smx] "Console<0><Console><Console>" changed cvar (cvar "sv_minupdaterate") (value "100")
L 07/12/2025 - 18:51:30: [basecommands.smx] "Console<0><Console><Console>" changed cvar (cvar "sv_maxupdaterate") (value "100")
L 07/12/2025 - 18:51:30: [basecommands.smx] "Console<0><Console><Console>" changed cvar (cvar "sv_mincmdrate") (value "100")
L 07/12/2025 - 18:51:30: [basecommands.smx] "Console<0><Console><Console>" changed cvar (cvar "sv_maxcmdrate") (value "100")
L 07/12/2025 - 18:51:30: [basecommands.smx] "Console<0><Console><Console>" changed cvar (cvar "sv_client_min_interp_ratio") (value "-1")
L 07/12/2025 - 18:51:30: [basecommands.smx] "Console<0><Console><Console>" changed cvar (cvar "sv_client_max_interp_ratio") (value "0")
L 07/12/2025 - 18:51:30: [basecommands.smx] "Console<0><Console><Console>" changed cvar (cvar "nb_update_frequency") (value "0.014")
L 07/12/2025 - 18:51:30: [basecommands.smx] "Console<0><Console><Console>" changed cvar (cvar "net_splitpacket_maxrate") (value "50000")
L 07/12/2025 - 18:51:30: [basecommands.smx] "Console<0><Console><Console>" changed cvar (cvar "net_maxcleartime") (value "0.0001")
L 07/12/2025 - 18:51:30: [basecommands.smx] "Console<0><Console><Console>" changed cvar (cvar "fps_max") (value "0")
L 07/12/2025 - 18:51:30: [basecommands.smx] "Console<0><Console><Console>" changed cvar (cvar "tick_door_speed") (value "1.3")
L 07/12/2025 - 18:51:30: [basecommands.smx] "Console<0><Console><Console>" changed cvar (cvar "mv_maxplayers") (value "30")
L 07/12/2025 - 18:51:30: [basecommands.smx] "Console<0><Console><Console>" changed cvar (cvar "mp_autoteambalance") (value "0")
L 07/12/2025 - 18:51:30: [basecommands.smx] "Console<0><Console><Console>" changed cvar (cvar "sv_unlag_fixstuck") (value "1")
L 07/12/2025 - 18:51:30: [basecommands.smx] "Console<0><Console><Console>" changed cvar (cvar "z_brawl_chance") (value "0")
L 07/12/2025 - 18:51:30: [basecommands.smx] "Console<0><Console><Console>" changed cvar (cvar "sv_maxunlag") (value "1")
L 07/12/2025 - 18:51:30: [basecommands.smx] "Console<0><Console><Console>" changed cvar (cvar "sv_forcepreload") (value "1")
L 07/12/2025 - 18:51:30: [basecommands.smx] "Console<0><Console><Console>" changed cvar (cvar "sv_client_predict") (value "1")
L 07/12/2025 - 18:51:30: [basecommands.smx] "Console<0><Console><Console>" changed cvar (cvar "sv_client_cmdrate_difference") (value "0")
L 07/12/2025 - 18:51:30: [basecommands.smx] "Console<0><Console><Console>" changed cvar (cvar "sv_max_queries_sec_global") (value "10")
L 07/12/2025 - 18:51:30: [basecommands.smx] "Console<0><Console><Console>" changed cvar (cvar "sv_max_queries_sec") (value "3")
L 07/12/2025 - 18:51:30: [basecommands.smx] "Console<0><Console><Console>" changed cvar (cvar "sv_max_queries_window") (value "10")
L 07/12/2025 - 18:51:30: [basecommands.smx] "Console<0><Console><Console>" changed cvar (cvar "sv_player_stuck_tolerance") (value "5")
L 07/12/2025 - 18:51:30: [basecommands.smx] "Console<0><Console><Console>" changed cvar (cvar "sv_stats") (value "0")
L 07/12/2025 - 18:51:30: [basecommands.smx] "Console<0><Console><Console>" changed cvar (cvar "sv_clockcorrection_msecs") (value "25")
L 07/12/2025 - 18:51:30: [optional/chat-processor.smx] Message formats generated for game 'left4dead2'.
L 07/12/2025 - 18:51:30: [optional/chat-processor.smx] Successfully hooked a SayText2 chat hook.
L 07/12/2025 - 18:51:32: [optional/l4d2_saferoom_item_remove.smx] Removed 0 saferoom item(s) (start: 0; end: 0).
L 07/12/2025 - 18:51:53: SourceMod log file session started (file "/root/Steam/steamapps/common/L4D21/left4dead2/addons/sourcemod/logs/L20250712.log") (Version "1.12.0.7195")
L 07/12/2025 - 18:51:53: [fixes/firebulletsfix.smx] Found offset for Weapon_ShootPosition 286
L 07/12/2025 - 18:51:55: [basecommands.smx] "Console<0><Console><Console>" changed cvar (cvar "confogl_match_execcfg_plugins") (value "generalfixes.cfg;confogl_plugins.cfg;sharedplugins.cfg")
L 07/12/2025 - 18:51:55: [basecommands.smx] "Console<0><Console><Console>" changed cvar (cvar "l4d2_addons_eclipse") (value "0")
L 07/12/2025 - 18:51:55: [basecommands.smx] "Console<0><Console><Console>" changed cvar (cvar "sv_allow_wait_command") (value "0")
L 07/12/2025 - 18:51:55: [basecommands.smx] "Console<0><Console><Console>" changed cvar (cvar "sv_minrate") (value "100000")
L 07/12/2025 - 18:51:55: [basecommands.smx] "Console<0><Console><Console>" changed cvar (cvar "sv_maxrate") (value "100000")
L 07/12/2025 - 18:51:55: [basecommands.smx] "Console<0><Console><Console>" changed cvar (cvar "sv_minupdaterate") (value "100")
L 07/12/2025 - 18:51:55: [basecommands.smx] "Console<0><Console><Console>" changed cvar (cvar "sv_maxupdaterate") (value "100")
L 07/12/2025 - 18:51:55: [basecommands.smx] "Console<0><Console><Console>" changed cvar (cvar "sv_mincmdrate") (value "100")
L 07/12/2025 - 18:51:55: [basecommands.smx] "Console<0><Console><Console>" changed cvar (cvar "sv_maxcmdrate") (value "100")
L 07/12/2025 - 18:51:55: [basecommands.smx] "Console<0><Console><Console>" changed cvar (cvar "sv_client_min_interp_ratio") (value "-1")
L 07/12/2025 - 18:51:55: [basecommands.smx] "Console<0><Console><Console>" changed cvar (cvar "sv_client_max_interp_ratio") (value "0")
L 07/12/2025 - 18:51:55: [basecommands.smx] "Console<0><Console><Console>" changed cvar (cvar "nb_update_frequency") (value "0.014")
L 07/12/2025 - 18:51:55: [basecommands.smx] "Console<0><Console><Console>" changed cvar (cvar "net_splitpacket_maxrate") (value "50000")
L 07/12/2025 - 18:51:55: [basecommands.smx] "Console<0><Console><Console>" changed cvar (cvar "net_maxcleartime") (value "0.0001")
L 07/12/2025 - 18:51:55: [basecommands.smx] "Console<0><Console><Console>" changed cvar (cvar "fps_max") (value "0")
L 07/12/2025 - 18:51:55: [basecommands.smx] "Console<0><Console><Console>" changed cvar (cvar "tick_door_speed") (value "1.3")
L 07/12/2025 - 18:51:55: [basecommands.smx] "Console<0><Console><Console>" changed cvar (cvar "mv_maxplayers") (value "30")
L 07/12/2025 - 18:51:55: [basecommands.smx] "Console<0><Console><Console>" changed cvar (cvar "mp_autoteambalance") (value "0")
L 07/12/2025 - 18:51:55: [basecommands.smx] "Console<0><Console><Console>" changed cvar (cvar "sv_unlag_fixstuck") (value "1")
L 07/12/2025 - 18:51:55: [basecommands.smx] "Console<0><Console><Console>" changed cvar (cvar "z_brawl_chance") (value "0")
L 07/12/2025 - 18:51:55: [basecommands.smx] "Console<0><Console><Console>" changed cvar (cvar "sv_maxunlag") (value "1")
L 07/12/2025 - 18:51:55: [basecommands.smx] "Console<0><Console><Console>" changed cvar (cvar "sv_forcepreload") (value "1")
L 07/12/2025 - 18:51:55: [basecommands.smx] "Console<0><Console><Console>" changed cvar (cvar "sv_client_predict") (value "1")
L 07/12/2025 - 18:51:55: [basecommands.smx] "Console<0><Console><Console>" changed cvar (cvar "sv_client_cmdrate_difference") (value "0")
L 07/12/2025 - 18:51:55: [basecommands.smx] "Console<0><Console><Console>" changed cvar (cvar "sv_max_queries_sec_global") (value "10")
L 07/12/2025 - 18:51:55: [basecommands.smx] "Console<0><Console><Console>" changed cvar (cvar "sv_max_queries_sec") (value "3")
L 07/12/2025 - 18:51:55: [basecommands.smx] "Console<0><Console><Console>" changed cvar (cvar "sv_max_queries_window") (value "10")
L 07/12/2025 - 18:51:55: [basecommands.smx] "Console<0><Console><Console>" changed cvar (cvar "sv_player_stuck_tolerance") (value "5")
L 07/12/2025 - 18:51:55: [basecommands.smx] "Console<0><Console><Console>" changed cvar (cvar "sv_stats") (value "0")
L 07/12/2025 - 18:51:55: [basecommands.smx] "Console<0><Console><Console>" changed cvar (cvar "sv_clockcorrection_msecs") (value "25")
L 07/12/2025 - 18:51:55: [basecommands.smx] "Console<0><Console><Console>" changed cvar (cvar "survivor_max_incapacitated_count") (value "2")
L 07/12/2025 - 18:51:56: [fixes/firebulletsfix.smx] Found offset for Weapon_ShootPosition 286
L 07/12/2025 - 18:51:56: [optional/l4d2_item_hint.smx] 
==========
Warning: You should install "[L4D & L4D2] Use Priority Patch" to fix attached models blocking +USE action (item hint): https://forums.alliedmods.net/showthread.php?t=327511
==========

L 07/12/2025 - 18:51:56: [GEOIP] GeoIP2 database loaded: GeoLite2-Country (2023-12-22 14:46:10 UTC) (/root/Steam/steamapps/common/L4D21/left4dead2/addons/sourcemod/configs/geoip/GeoLite2-Country.mmdb)
L 07/12/2025 - 18:51:56: [GEOIP] GeoIP2 supported languages: de en es fr ja pt-BR ru zh-CN
L 07/12/2025 - 18:51:56: [GEOIP] Your database is older than 90 days. You should consider downloading a newer version from e.g. https://dev.maxmind.com/geoip/geolite2-free-geolocation-data
L 07/12/2025 - 18:51:56: [optional/chat-processor.smx] Message formats generated for game 'left4dead2'.
L 07/12/2025 - 18:51:56: [optional/chat-processor.smx] Successfully hooked a SayText2 chat hook.
L 07/12/2025 - 18:52:00: -------- Mapchange to c2m1_highway --------
L 07/12/2025 - 18:52:01: [basecommands.smx] "Console<0><Console><Console>" changed cvar (cvar "confogl_match_execcfg_plugins") (value "generalfixes.cfg;confogl_plugins.cfg;sharedplugins.cfg")
L 07/12/2025 - 18:52:01: [basecommands.smx] "Console<0><Console><Console>" changed cvar (cvar "l4d2_addons_eclipse") (value "0")
L 07/12/2025 - 18:52:01: [basecommands.smx] "Console<0><Console><Console>" changed cvar (cvar "sv_allow_wait_command") (value "0")
L 07/12/2025 - 18:52:01: [basecommands.smx] "Console<0><Console><Console>" changed cvar (cvar "sv_minrate") (value "100000")
L 07/12/2025 - 18:52:01: [basecommands.smx] "Console<0><Console><Console>" changed cvar (cvar "sv_maxrate") (value "100000")
L 07/12/2025 - 18:52:01: [basecommands.smx] "Console<0><Console><Console>" changed cvar (cvar "sv_minupdaterate") (value "100")
L 07/12/2025 - 18:52:01: [basecommands.smx] "Console<0><Console><Console>" changed cvar (cvar "sv_maxupdaterate") (value "100")
L 07/12/2025 - 18:52:01: [basecommands.smx] "Console<0><Console><Console>" changed cvar (cvar "sv_mincmdrate") (value "100")
L 07/12/2025 - 18:52:01: [basecommands.smx] "Console<0><Console><Console>" changed cvar (cvar "sv_maxcmdrate") (value "100")
L 07/12/2025 - 18:52:01: [basecommands.smx] "Console<0><Console><Console>" changed cvar (cvar "sv_client_min_interp_ratio") (value "-1")
L 07/12/2025 - 18:52:01: [basecommands.smx] "Console<0><Console><Console>" changed cvar (cvar "sv_client_max_interp_ratio") (value "0")
L 07/12/2025 - 18:52:01: [basecommands.smx] "Console<0><Console><Console>" changed cvar (cvar "nb_update_frequency") (value "0.014")
L 07/12/2025 - 18:52:01: [basecommands.smx] "Console<0><Console><Console>" changed cvar (cvar "net_splitpacket_maxrate") (value "50000")
L 07/12/2025 - 18:52:01: [basecommands.smx] "Console<0><Console><Console>" changed cvar (cvar "net_maxcleartime") (value "0.0001")
L 07/12/2025 - 18:52:01: [basecommands.smx] "Console<0><Console><Console>" changed cvar (cvar "fps_max") (value "0")
L 07/12/2025 - 18:52:01: [basecommands.smx] "Console<0><Console><Console>" changed cvar (cvar "tick_door_speed") (value "1.3")
L 07/12/2025 - 18:52:01: [basecommands.smx] "Console<0><Console><Console>" changed cvar (cvar "mv_maxplayers") (value "30")
L 07/12/2025 - 18:52:01: [basecommands.smx] "Console<0><Console><Console>" changed cvar (cvar "mp_autoteambalance") (value "0")
L 07/12/2025 - 18:52:01: [basecommands.smx] "Console<0><Console><Console>" changed cvar (cvar "sv_unlag_fixstuck") (value "1")
L 07/12/2025 - 18:52:01: [basecommands.smx] "Console<0><Console><Console>" changed cvar (cvar "z_brawl_chance") (value "0")
L 07/12/2025 - 18:52:01: [basecommands.smx] "Console<0><Console><Console>" changed cvar (cvar "sv_maxunlag") (value "1")
L 07/12/2025 - 18:52:01: [basecommands.smx] "Console<0><Console><Console>" changed cvar (cvar "sv_forcepreload") (value "1")
L 07/12/2025 - 18:52:01: [basecommands.smx] "Console<0><Console><Console>" changed cvar (cvar "sv_client_predict") (value "1")
L 07/12/2025 - 18:52:01: [basecommands.smx] "Console<0><Console><Console>" changed cvar (cvar "sv_client_cmdrate_difference") (value "0")
L 07/12/2025 - 18:52:01: [basecommands.smx] "Console<0><Console><Console>" changed cvar (cvar "sv_max_queries_sec_global") (value "10")
L 07/12/2025 - 18:52:01: [basecommands.smx] "Console<0><Console><Console>" changed cvar (cvar "sv_max_queries_sec") (value "3")
L 07/12/2025 - 18:52:01: [basecommands.smx] "Console<0><Console><Console>" changed cvar (cvar "sv_max_queries_window") (value "10")
L 07/12/2025 - 18:52:01: [basecommands.smx] "Console<0><Console><Console>" changed cvar (cvar "sv_player_stuck_tolerance") (value "5")
L 07/12/2025 - 18:52:01: [basecommands.smx] "Console<0><Console><Console>" changed cvar (cvar "sv_stats") (value "0")
L 07/12/2025 - 18:52:01: [basecommands.smx] "Console<0><Console><Console>" changed cvar (cvar "sv_clockcorrection_msecs") (value "25")
L 07/12/2025 - 18:52:02: [optional/chat-processor.smx] Message formats generated for game 'left4dead2'.
L 07/12/2025 - 18:52:02: [optional/chat-processor.smx] Successfully hooked a SayText2 chat hook.
L 07/12/2025 - 18:52:03: [optional/l4d2_saferoom_item_remove.smx] Removed 0 saferoom item(s) (start: 0; end: 0).
L 07/12/2025 - 18:52:14: [confoglcompmod.smx] [ClientSettings] Kicking ᗜ◡ᗜ<2><STEAM_1:1:590841514><> for bad sv_consistency value (0.000000). Min: 1 1.000000 Max: 1 1.000000
L 07/12/2025 - 18:52:29: SourceMod log file session started (file "/root/Steam/steamapps/common/L4D21/left4dead2/addons/sourcemod/logs/L20250712.log") (Version "1.12.0.7195")
L 07/12/2025 - 18:52:29: [fixes/firebulletsfix.smx] Found offset for Weapon_ShootPosition 286
L 07/12/2025 - 18:52:31: [basecommands.smx] "Console<0><Console><Console>" changed cvar (cvar "confogl_match_execcfg_plugins") (value "generalfixes.cfg;confogl_plugins.cfg;sharedplugins.cfg")
L 07/12/2025 - 18:52:31: [basecommands.smx] "Console<0><Console><Console>" changed cvar (cvar "l4d2_addons_eclipse") (value "0")
L 07/12/2025 - 18:52:31: [basecommands.smx] "Console<0><Console><Console>" changed cvar (cvar "sv_allow_wait_command") (value "0")
L 07/12/2025 - 18:52:31: [basecommands.smx] "Console<0><Console><Console>" changed cvar (cvar "sv_minrate") (value "100000")
L 07/12/2025 - 18:52:31: [basecommands.smx] "Console<0><Console><Console>" changed cvar (cvar "sv_maxrate") (value "100000")
L 07/12/2025 - 18:52:31: [basecommands.smx] "Console<0><Console><Console>" changed cvar (cvar "sv_minupdaterate") (value "100")
L 07/12/2025 - 18:52:31: [basecommands.smx] "Console<0><Console><Console>" changed cvar (cvar "sv_maxupdaterate") (value "100")
L 07/12/2025 - 18:52:31: [basecommands.smx] "Console<0><Console><Console>" changed cvar (cvar "sv_mincmdrate") (value "100")
L 07/12/2025 - 18:52:31: [basecommands.smx] "Console<0><Console><Console>" changed cvar (cvar "sv_maxcmdrate") (value "100")
L 07/12/2025 - 18:52:31: [basecommands.smx] "Console<0><Console><Console>" changed cvar (cvar "sv_client_min_interp_ratio") (value "-1")
L 07/12/2025 - 18:52:31: [basecommands.smx] "Console<0><Console><Console>" changed cvar (cvar "sv_client_max_interp_ratio") (value "0")
L 07/12/2025 - 18:52:31: [basecommands.smx] "Console<0><Console><Console>" changed cvar (cvar "nb_update_frequency") (value "0.014")
L 07/12/2025 - 18:52:31: [basecommands.smx] "Console<0><Console><Console>" changed cvar (cvar "net_splitpacket_maxrate") (value "50000")
L 07/12/2025 - 18:52:31: [basecommands.smx] "Console<0><Console><Console>" changed cvar (cvar "net_maxcleartime") (value "0.0001")
L 07/12/2025 - 18:52:31: [basecommands.smx] "Console<0><Console><Console>" changed cvar (cvar "fps_max") (value "0")
L 07/12/2025 - 18:52:31: [basecommands.smx] "Console<0><Console><Console>" changed cvar (cvar "tick_door_speed") (value "1.3")
L 07/12/2025 - 18:52:31: [basecommands.smx] "Console<0><Console><Console>" changed cvar (cvar "mv_maxplayers") (value "30")
L 07/12/2025 - 18:52:31: [basecommands.smx] "Console<0><Console><Console>" changed cvar (cvar "mp_autoteambalance") (value "0")
L 07/12/2025 - 18:52:31: [basecommands.smx] "Console<0><Console><Console>" changed cvar (cvar "sv_unlag_fixstuck") (value "1")
L 07/12/2025 - 18:52:31: [basecommands.smx] "Console<0><Console><Console>" changed cvar (cvar "z_brawl_chance") (value "0")
L 07/12/2025 - 18:52:31: [basecommands.smx] "Console<0><Console><Console>" changed cvar (cvar "sv_maxunlag") (value "1")
L 07/12/2025 - 18:52:31: [basecommands.smx] "Console<0><Console><Console>" changed cvar (cvar "sv_forcepreload") (value "1")
L 07/12/2025 - 18:52:31: [basecommands.smx] "Console<0><Console><Console>" changed cvar (cvar "sv_client_predict") (value "1")
L 07/12/2025 - 18:52:31: [basecommands.smx] "Console<0><Console><Console>" changed cvar (cvar "sv_client_cmdrate_difference") (value "0")
L 07/12/2025 - 18:52:31: [basecommands.smx] "Console<0><Console><Console>" changed cvar (cvar "sv_max_queries_sec_global") (value "10")
L 07/12/2025 - 18:52:31: [basecommands.smx] "Console<0><Console><Console>" changed cvar (cvar "sv_max_queries_sec") (value "3")
L 07/12/2025 - 18:52:31: [basecommands.smx] "Console<0><Console><Console>" changed cvar (cvar "sv_max_queries_window") (value "10")
L 07/12/2025 - 18:52:31: [basecommands.smx] "Console<0><Console><Console>" changed cvar (cvar "sv_player_stuck_tolerance") (value "5")
L 07/12/2025 - 18:52:31: [basecommands.smx] "Console<0><Console><Console>" changed cvar (cvar "sv_stats") (value "0")
L 07/12/2025 - 18:52:31: [basecommands.smx] "Console<0><Console><Console>" changed cvar (cvar "sv_clockcorrection_msecs") (value "25")
L 07/12/2025 - 18:52:31: [basecommands.smx] "Console<0><Console><Console>" changed cvar (cvar "survivor_max_incapacitated_count") (value "2")
L 07/12/2025 - 18:52:32: [fixes/firebulletsfix.smx] Found offset for Weapon_ShootPosition 286
L 07/12/2025 - 18:52:32: [optional/l4d2_item_hint.smx] 
==========
Warning: You should install "[L4D & L4D2] Use Priority Patch" to fix attached models blocking +USE action (item hint): https://forums.alliedmods.net/showthread.php?t=327511
==========

L 07/12/2025 - 18:52:32: [GEOIP] GeoIP2 database loaded: GeoLite2-Country (2023-12-22 14:46:10 UTC) (/root/Steam/steamapps/common/L4D21/left4dead2/addons/sourcemod/configs/geoip/GeoLite2-Country.mmdb)
L 07/12/2025 - 18:52:32: [GEOIP] GeoIP2 supported languages: de en es fr ja pt-BR ru zh-CN
L 07/12/2025 - 18:52:32: [GEOIP] Your database is older than 90 days. You should consider downloading a newer version from e.g. https://dev.maxmind.com/geoip/geolite2-free-geolocation-data
L 07/12/2025 - 18:52:32: [optional/chat-processor.smx] Message formats generated for game 'left4dead2'.
L 07/12/2025 - 18:52:32: [optional/chat-processor.smx] Successfully hooked a SayText2 chat hook.
L 07/12/2025 - 18:52:36: -------- Mapchange to c2m1_highway --------
L 07/12/2025 - 18:52:37: [basecommands.smx] "Console<0><Console><Console>" changed cvar (cvar "confogl_match_execcfg_plugins") (value "generalfixes.cfg;confogl_plugins.cfg;sharedplugins.cfg")
L 07/12/2025 - 18:52:37: [basecommands.smx] "Console<0><Console><Console>" changed cvar (cvar "l4d2_addons_eclipse") (value "0")
L 07/12/2025 - 18:52:37: [basecommands.smx] "Console<0><Console><Console>" changed cvar (cvar "sv_allow_wait_command") (value "0")
L 07/12/2025 - 18:52:37: [basecommands.smx] "Console<0><Console><Console>" changed cvar (cvar "sv_minrate") (value "100000")
L 07/12/2025 - 18:52:37: [basecommands.smx] "Console<0><Console><Console>" changed cvar (cvar "sv_maxrate") (value "100000")
L 07/12/2025 - 18:52:37: [basecommands.smx] "Console<0><Console><Console>" changed cvar (cvar "sv_minupdaterate") (value "100")
L 07/12/2025 - 18:52:37: [basecommands.smx] "Console<0><Console><Console>" changed cvar (cvar "sv_maxupdaterate") (value "100")
L 07/12/2025 - 18:52:37: [basecommands.smx] "Console<0><Console><Console>" changed cvar (cvar "sv_mincmdrate") (value "100")
L 07/12/2025 - 18:52:37: [basecommands.smx] "Console<0><Console><Console>" changed cvar (cvar "sv_maxcmdrate") (value "100")
L 07/12/2025 - 18:52:37: [basecommands.smx] "Console<0><Console><Console>" changed cvar (cvar "sv_client_min_interp_ratio") (value "-1")
L 07/12/2025 - 18:52:37: [basecommands.smx] "Console<0><Console><Console>" changed cvar (cvar "sv_client_max_interp_ratio") (value "0")
L 07/12/2025 - 18:52:37: [basecommands.smx] "Console<0><Console><Console>" changed cvar (cvar "nb_update_frequency") (value "0.014")
L 07/12/2025 - 18:52:37: [basecommands.smx] "Console<0><Console><Console>" changed cvar (cvar "net_splitpacket_maxrate") (value "50000")
L 07/12/2025 - 18:52:37: [basecommands.smx] "Console<0><Console><Console>" changed cvar (cvar "net_maxcleartime") (value "0.0001")
L 07/12/2025 - 18:52:37: [basecommands.smx] "Console<0><Console><Console>" changed cvar (cvar "fps_max") (value "0")
L 07/12/2025 - 18:52:37: [basecommands.smx] "Console<0><Console><Console>" changed cvar (cvar "tick_door_speed") (value "1.3")
L 07/12/2025 - 18:52:37: [basecommands.smx] "Console<0><Console><Console>" changed cvar (cvar "mv_maxplayers") (value "30")
L 07/12/2025 - 18:52:37: [basecommands.smx] "Console<0><Console><Console>" changed cvar (cvar "mp_autoteambalance") (value "0")
L 07/12/2025 - 18:52:37: [basecommands.smx] "Console<0><Console><Console>" changed cvar (cvar "sv_unlag_fixstuck") (value "1")
L 07/12/2025 - 18:52:37: [basecommands.smx] "Console<0><Console><Console>" changed cvar (cvar "z_brawl_chance") (value "0")
L 07/12/2025 - 18:52:37: [basecommands.smx] "Console<0><Console><Console>" changed cvar (cvar "sv_maxunlag") (value "1")
L 07/12/2025 - 18:52:37: [basecommands.smx] "Console<0><Console><Console>" changed cvar (cvar "sv_forcepreload") (value "1")
L 07/12/2025 - 18:52:37: [basecommands.smx] "Console<0><Console><Console>" changed cvar (cvar "sv_client_predict") (value "1")
L 07/12/2025 - 18:52:37: [basecommands.smx] "Console<0><Console><Console>" changed cvar (cvar "sv_client_cmdrate_difference") (value "0")
L 07/12/2025 - 18:52:37: [basecommands.smx] "Console<0><Console><Console>" changed cvar (cvar "sv_max_queries_sec_global") (value "10")
L 07/12/2025 - 18:52:37: [basecommands.smx] "Console<0><Console><Console>" changed cvar (cvar "sv_max_queries_sec") (value "3")
L 07/12/2025 - 18:52:37: [basecommands.smx] "Console<0><Console><Console>" changed cvar (cvar "sv_max_queries_window") (value "10")
L 07/12/2025 - 18:52:37: [basecommands.smx] "Console<0><Console><Console>" changed cvar (cvar "sv_player_stuck_tolerance") (value "5")
L 07/12/2025 - 18:52:37: [basecommands.smx] "Console<0><Console><Console>" changed cvar (cvar "sv_stats") (value "0")
L 07/12/2025 - 18:52:37: [basecommands.smx] "Console<0><Console><Console>" changed cvar (cvar "sv_clockcorrection_msecs") (value "25")
L 07/12/2025 - 18:52:37: [optional/chat-processor.smx] Message formats generated for game 'left4dead2'.
L 07/12/2025 - 18:52:37: [optional/chat-processor.smx] Successfully hooked a SayText2 chat hook.
L 07/12/2025 - 18:52:38: [optional/l4d2_saferoom_item_remove.smx] Removed 0 saferoom item(s) (start: 0; end: 0).
L 07/12/2025 - 18:54:09: [confoglcompmod.smx] [ClientSettings] Kicking ᗜ◡ᗜ<2><STEAM_1:1:590841514><> for bad sv_consistency value (0.000000). Min: 1 1.000000 Max: 1 1.000000
L 07/12/2025 - 18:54:25: SourceMod log file session started (file "/root/Steam/steamapps/common/L4D21/left4dead2/addons/sourcemod/logs/L20250712.log") (Version "1.12.0.7195")
L 07/12/2025 - 18:54:25: [fixes/firebulletsfix.smx] Found offset for Weapon_ShootPosition 286
L 07/12/2025 - 18:54:27: [basecommands.smx] "Console<0><Console><Console>" changed cvar (cvar "confogl_match_execcfg_plugins") (value "generalfixes.cfg;confogl_plugins.cfg;sharedplugins.cfg")
L 07/12/2025 - 18:54:27: [basecommands.smx] "Console<0><Console><Console>" changed cvar (cvar "l4d2_addons_eclipse") (value "0")
L 07/12/2025 - 18:54:27: [basecommands.smx] "Console<0><Console><Console>" changed cvar (cvar "sv_allow_wait_command") (value "0")
L 07/12/2025 - 18:54:27: [basecommands.smx] "Console<0><Console><Console>" changed cvar (cvar "sv_minrate") (value "100000")
L 07/12/2025 - 18:54:27: [basecommands.smx] "Console<0><Console><Console>" changed cvar (cvar "sv_maxrate") (value "100000")
L 07/12/2025 - 18:54:27: [basecommands.smx] "Console<0><Console><Console>" changed cvar (cvar "sv_minupdaterate") (value "100")
L 07/12/2025 - 18:54:27: [basecommands.smx] "Console<0><Console><Console>" changed cvar (cvar "sv_maxupdaterate") (value "100")
L 07/12/2025 - 18:54:27: [basecommands.smx] "Console<0><Console><Console>" changed cvar (cvar "sv_mincmdrate") (value "100")
L 07/12/2025 - 18:54:27: [basecommands.smx] "Console<0><Console><Console>" changed cvar (cvar "sv_maxcmdrate") (value "100")
L 07/12/2025 - 18:54:27: [basecommands.smx] "Console<0><Console><Console>" changed cvar (cvar "sv_client_min_interp_ratio") (value "-1")
L 07/12/2025 - 18:54:27: [basecommands.smx] "Console<0><Console><Console>" changed cvar (cvar "sv_client_max_interp_ratio") (value "0")
L 07/12/2025 - 18:54:27: [basecommands.smx] "Console<0><Console><Console>" changed cvar (cvar "nb_update_frequency") (value "0.014")
L 07/12/2025 - 18:54:27: [basecommands.smx] "Console<0><Console><Console>" changed cvar (cvar "net_splitpacket_maxrate") (value "50000")
L 07/12/2025 - 18:54:27: [basecommands.smx] "Console<0><Console><Console>" changed cvar (cvar "net_maxcleartime") (value "0.0001")
L 07/12/2025 - 18:54:27: [basecommands.smx] "Console<0><Console><Console>" changed cvar (cvar "fps_max") (value "0")
L 07/12/2025 - 18:54:27: [basecommands.smx] "Console<0><Console><Console>" changed cvar (cvar "tick_door_speed") (value "1.3")
L 07/12/2025 - 18:54:27: [basecommands.smx] "Console<0><Console><Console>" changed cvar (cvar "mv_maxplayers") (value "30")
L 07/12/2025 - 18:54:27: [basecommands.smx] "Console<0><Console><Console>" changed cvar (cvar "mp_autoteambalance") (value "0")
L 07/12/2025 - 18:54:27: [basecommands.smx] "Console<0><Console><Console>" changed cvar (cvar "sv_unlag_fixstuck") (value "1")
L 07/12/2025 - 18:54:27: [basecommands.smx] "Console<0><Console><Console>" changed cvar (cvar "z_brawl_chance") (value "0")
L 07/12/2025 - 18:54:27: [basecommands.smx] "Console<0><Console><Console>" changed cvar (cvar "sv_maxunlag") (value "1")
L 07/12/2025 - 18:54:27: [basecommands.smx] "Console<0><Console><Console>" changed cvar (cvar "sv_forcepreload") (value "1")
L 07/12/2025 - 18:54:27: [basecommands.smx] "Console<0><Console><Console>" changed cvar (cvar "sv_client_predict") (value "1")
L 07/12/2025 - 18:54:27: [basecommands.smx] "Console<0><Console><Console>" changed cvar (cvar "sv_client_cmdrate_difference") (value "0")
L 07/12/2025 - 18:54:27: [basecommands.smx] "Console<0><Console><Console>" changed cvar (cvar "sv_max_queries_sec_global") (value "10")
L 07/12/2025 - 18:54:27: [basecommands.smx] "Console<0><Console><Console>" changed cvar (cvar "sv_max_queries_sec") (value "3")
L 07/12/2025 - 18:54:27: [basecommands.smx] "Console<0><Console><Console>" changed cvar (cvar "sv_max_queries_window") (value "10")
L 07/12/2025 - 18:54:27: [basecommands.smx] "Console<0><Console><Console>" changed cvar (cvar "sv_player_stuck_tolerance") (value "5")
L 07/12/2025 - 18:54:27: [basecommands.smx] "Console<0><Console><Console>" changed cvar (cvar "sv_stats") (value "0")
L 07/12/2025 - 18:54:27: [basecommands.smx] "Console<0><Console><Console>" changed cvar (cvar "sv_clockcorrection_msecs") (value "25")
L 07/12/2025 - 18:54:27: [basecommands.smx] "Console<0><Console><Console>" changed cvar (cvar "survivor_max_incapacitated_count") (value "2")
L 07/12/2025 - 18:54:27: [fixes/firebulletsfix.smx] Found offset for Weapon_ShootPosition 286
L 07/12/2025 - 18:54:28: [optional/l4d2_item_hint.smx] 
==========
Warning: You should install "[L4D & L4D2] Use Priority Patch" to fix attached models blocking +USE action (item hint): https://forums.alliedmods.net/showthread.php?t=327511
==========

L 07/12/2025 - 18:54:28: [GEOIP] GeoIP2 database loaded: GeoLite2-Country (2023-12-22 14:46:10 UTC) (/root/Steam/steamapps/common/L4D21/left4dead2/addons/sourcemod/configs/geoip/GeoLite2-Country.mmdb)
L 07/12/2025 - 18:54:28: [GEOIP] GeoIP2 supported languages: de en es fr ja pt-BR ru zh-CN
L 07/12/2025 - 18:54:28: [GEOIP] Your database is older than 90 days. You should consider downloading a newer version from e.g. https://dev.maxmind.com/geoip/geolite2-free-geolocation-data
L 07/12/2025 - 18:54:28: [optional/chat-processor.smx] Message formats generated for game 'left4dead2'.
L 07/12/2025 - 18:54:28: [optional/chat-processor.smx] Successfully hooked a SayText2 chat hook.
L 07/12/2025 - 18:54:31: -------- Mapchange to c2m1_highway --------
L 07/12/2025 - 18:54:33: [basecommands.smx] "Console<0><Console><Console>" changed cvar (cvar "confogl_match_execcfg_plugins") (value "generalfixes.cfg;confogl_plugins.cfg;sharedplugins.cfg")
L 07/12/2025 - 18:54:33: [basecommands.smx] "Console<0><Console><Console>" changed cvar (cvar "l4d2_addons_eclipse") (value "0")
L 07/12/2025 - 18:54:33: [basecommands.smx] "Console<0><Console><Console>" changed cvar (cvar "sv_allow_wait_command") (value "0")
L 07/12/2025 - 18:54:33: [basecommands.smx] "Console<0><Console><Console>" changed cvar (cvar "sv_minrate") (value "100000")
L 07/12/2025 - 18:54:33: [basecommands.smx] "Console<0><Console><Console>" changed cvar (cvar "sv_maxrate") (value "100000")
L 07/12/2025 - 18:54:33: [basecommands.smx] "Console<0><Console><Console>" changed cvar (cvar "sv_minupdaterate") (value "100")
L 07/12/2025 - 18:54:33: [basecommands.smx] "Console<0><Console><Console>" changed cvar (cvar "sv_maxupdaterate") (value "100")
L 07/12/2025 - 18:54:33: [basecommands.smx] "Console<0><Console><Console>" changed cvar (cvar "sv_mincmdrate") (value "100")
L 07/12/2025 - 18:54:33: [basecommands.smx] "Console<0><Console><Console>" changed cvar (cvar "sv_maxcmdrate") (value "100")
L 07/12/2025 - 18:54:33: [basecommands.smx] "Console<0><Console><Console>" changed cvar (cvar "sv_client_min_interp_ratio") (value "-1")
L 07/12/2025 - 18:54:33: [basecommands.smx] "Console<0><Console><Console>" changed cvar (cvar "sv_client_max_interp_ratio") (value "0")
L 07/12/2025 - 18:54:33: [basecommands.smx] "Console<0><Console><Console>" changed cvar (cvar "nb_update_frequency") (value "0.014")
L 07/12/2025 - 18:54:33: [basecommands.smx] "Console<0><Console><Console>" changed cvar (cvar "net_splitpacket_maxrate") (value "50000")
L 07/12/2025 - 18:54:33: [basecommands.smx] "Console<0><Console><Console>" changed cvar (cvar "net_maxcleartime") (value "0.0001")
L 07/12/2025 - 18:54:33: [basecommands.smx] "Console<0><Console><Console>" changed cvar (cvar "fps_max") (value "0")
L 07/12/2025 - 18:54:33: [basecommands.smx] "Console<0><Console><Console>" changed cvar (cvar "tick_door_speed") (value "1.3")
L 07/12/2025 - 18:54:33: [basecommands.smx] "Console<0><Console><Console>" changed cvar (cvar "mv_maxplayers") (value "30")
L 07/12/2025 - 18:54:33: [basecommands.smx] "Console<0><Console><Console>" changed cvar (cvar "mp_autoteambalance") (value "0")
L 07/12/2025 - 18:54:33: [basecommands.smx] "Console<0><Console><Console>" changed cvar (cvar "sv_unlag_fixstuck") (value "1")
L 07/12/2025 - 18:54:33: [basecommands.smx] "Console<0><Console><Console>" changed cvar (cvar "z_brawl_chance") (value "0")
L 07/12/2025 - 18:54:33: [basecommands.smx] "Console<0><Console><Console>" changed cvar (cvar "sv_maxunlag") (value "1")
L 07/12/2025 - 18:54:33: [basecommands.smx] "Console<0><Console><Console>" changed cvar (cvar "sv_forcepreload") (value "1")
L 07/12/2025 - 18:54:33: [basecommands.smx] "Console<0><Console><Console>" changed cvar (cvar "sv_client_predict") (value "1")
L 07/12/2025 - 18:54:33: [basecommands.smx] "Console<0><Console><Console>" changed cvar (cvar "sv_client_cmdrate_difference") (value "0")
L 07/12/2025 - 18:54:33: [basecommands.smx] "Console<0><Console><Console>" changed cvar (cvar "sv_max_queries_sec_global") (value "10")
L 07/12/2025 - 18:54:33: [basecommands.smx] "Console<0><Console><Console>" changed cvar (cvar "sv_max_queries_sec") (value "3")
L 07/12/2025 - 18:54:33: [basecommands.smx] "Console<0><Console><Console>" changed cvar (cvar "sv_max_queries_window") (value "10")
L 07/12/2025 - 18:54:33: [basecommands.smx] "Console<0><Console><Console>" changed cvar (cvar "sv_player_stuck_tolerance") (value "5")
L 07/12/2025 - 18:54:33: [basecommands.smx] "Console<0><Console><Console>" changed cvar (cvar "sv_stats") (value "0")
L 07/12/2025 - 18:54:33: [basecommands.smx] "Console<0><Console><Console>" changed cvar (cvar "sv_clockcorrection_msecs") (value "25")
L 07/12/2025 - 18:54:33: [optional/chat-processor.smx] Message formats generated for game 'left4dead2'.
L 07/12/2025 - 18:54:33: [optional/chat-processor.smx] Successfully hooked a SayText2 chat hook.
L 07/12/2025 - 18:54:34: [optional/l4d2_saferoom_item_remove.smx] Removed 0 saferoom item(s) (start: 0; end: 0).
L 07/12/2025 - 18:58:45: [confoglcompmod.smx] [ClientSettings] Kicking ᗜ◡ᗜ<2><STEAM_1:1:590841514><> for bad sv_consistency value (0.000000). Min: 1 1.000000 Max: 1 1.000000
L 07/12/2025 - 18:59:00: SourceMod log file session started (file "/root/Steam/steamapps/common/L4D21/left4dead2/addons/sourcemod/logs/L20250712.log") (Version "1.12.0.7195")
L 07/12/2025 - 18:59:00: [fixes/firebulletsfix.smx] Found offset for Weapon_ShootPosition 286
L 07/12/2025 - 18:59:02: [basecommands.smx] "Console<0><Console><Console>" changed cvar (cvar "confogl_match_execcfg_plugins") (value "generalfixes.cfg;confogl_plugins.cfg;sharedplugins.cfg")
L 07/12/2025 - 18:59:02: [basecommands.smx] "Console<0><Console><Console>" changed cvar (cvar "l4d2_addons_eclipse") (value "0")
L 07/12/2025 - 18:59:02: [basecommands.smx] "Console<0><Console><Console>" changed cvar (cvar "sv_allow_wait_command") (value "0")
L 07/12/2025 - 18:59:02: [basecommands.smx] "Console<0><Console><Console>" changed cvar (cvar "sv_minrate") (value "100000")
L 07/12/2025 - 18:59:02: [basecommands.smx] "Console<0><Console><Console>" changed cvar (cvar "sv_maxrate") (value "100000")
L 07/12/2025 - 18:59:02: [basecommands.smx] "Console<0><Console><Console>" changed cvar (cvar "sv_minupdaterate") (value "100")
L 07/12/2025 - 18:59:02: [basecommands.smx] "Console<0><Console><Console>" changed cvar (cvar "sv_maxupdaterate") (value "100")
L 07/12/2025 - 18:59:02: [basecommands.smx] "Console<0><Console><Console>" changed cvar (cvar "sv_mincmdrate") (value "100")
L 07/12/2025 - 18:59:02: [basecommands.smx] "Console<0><Console><Console>" changed cvar (cvar "sv_maxcmdrate") (value "100")
L 07/12/2025 - 18:59:02: [basecommands.smx] "Console<0><Console><Console>" changed cvar (cvar "sv_client_min_interp_ratio") (value "-1")
L 07/12/2025 - 18:59:02: [basecommands.smx] "Console<0><Console><Console>" changed cvar (cvar "sv_client_max_interp_ratio") (value "0")
L 07/12/2025 - 18:59:02: [basecommands.smx] "Console<0><Console><Console>" changed cvar (cvar "nb_update_frequency") (value "0.014")
L 07/12/2025 - 18:59:02: [basecommands.smx] "Console<0><Console><Console>" changed cvar (cvar "net_splitpacket_maxrate") (value "50000")
L 07/12/2025 - 18:59:02: [basecommands.smx] "Console<0><Console><Console>" changed cvar (cvar "net_maxcleartime") (value "0.0001")
L 07/12/2025 - 18:59:02: [basecommands.smx] "Console<0><Console><Console>" changed cvar (cvar "fps_max") (value "0")
L 07/12/2025 - 18:59:02: [basecommands.smx] "Console<0><Console><Console>" changed cvar (cvar "tick_door_speed") (value "1.3")
L 07/12/2025 - 18:59:02: [basecommands.smx] "Console<0><Console><Console>" changed cvar (cvar "mv_maxplayers") (value "30")
L 07/12/2025 - 18:59:02: [basecommands.smx] "Console<0><Console><Console>" changed cvar (cvar "mp_autoteambalance") (value "0")
L 07/12/2025 - 18:59:02: [basecommands.smx] "Console<0><Console><Console>" changed cvar (cvar "sv_unlag_fixstuck") (value "1")
L 07/12/2025 - 18:59:02: [basecommands.smx] "Console<0><Console><Console>" changed cvar (cvar "z_brawl_chance") (value "0")
L 07/12/2025 - 18:59:02: [basecommands.smx] "Console<0><Console><Console>" changed cvar (cvar "sv_maxunlag") (value "1")
L 07/12/2025 - 18:59:02: [basecommands.smx] "Console<0><Console><Console>" changed cvar (cvar "sv_forcepreload") (value "1")
L 07/12/2025 - 18:59:02: [basecommands.smx] "Console<0><Console><Console>" changed cvar (cvar "sv_client_predict") (value "1")
L 07/12/2025 - 18:59:02: [basecommands.smx] "Console<0><Console><Console>" changed cvar (cvar "sv_client_cmdrate_difference") (value "0")
L 07/12/2025 - 18:59:02: [basecommands.smx] "Console<0><Console><Console>" changed cvar (cvar "sv_max_queries_sec_global") (value "10")
L 07/12/2025 - 18:59:02: [basecommands.smx] "Console<0><Console><Console>" changed cvar (cvar "sv_max_queries_sec") (value "3")
L 07/12/2025 - 18:59:02: [basecommands.smx] "Console<0><Console><Console>" changed cvar (cvar "sv_max_queries_window") (value "10")
L 07/12/2025 - 18:59:02: [basecommands.smx] "Console<0><Console><Console>" changed cvar (cvar "sv_player_stuck_tolerance") (value "5")
L 07/12/2025 - 18:59:02: [basecommands.smx] "Console<0><Console><Console>" changed cvar (cvar "sv_stats") (value "0")
L 07/12/2025 - 18:59:02: [basecommands.smx] "Console<0><Console><Console>" changed cvar (cvar "sv_clockcorrection_msecs") (value "25")
L 07/12/2025 - 18:59:02: [basecommands.smx] "Console<0><Console><Console>" changed cvar (cvar "survivor_max_incapacitated_count") (value "2")
L 07/12/2025 - 18:59:03: Log file closed.
L 07/12/2025 - 19:00:12: SourceMod log file session started (file "/root/Steam/steamapps/common/L4D21/left4dead2/addons/sourcemod/logs/L20250712.log") (Version "1.12.0.7195")
L 07/12/2025 - 19:00:12: [fixes/firebulletsfix.smx] Found offset for Weapon_ShootPosition 286
L 07/12/2025 - 19:00:15: [basecommands.smx] "Console<0><Console><Console>" changed cvar (cvar "confogl_match_execcfg_plugins") (value "generalfixes.cfg;confogl_plugins.cfg;sharedplugins.cfg")
L 07/12/2025 - 19:00:15: [basecommands.smx] "Console<0><Console><Console>" changed cvar (cvar "l4d2_addons_eclipse") (value "0")
L 07/12/2025 - 19:00:15: [basecommands.smx] "Console<0><Console><Console>" changed cvar (cvar "sv_allow_wait_command") (value "0")
L 07/12/2025 - 19:00:15: [basecommands.smx] "Console<0><Console><Console>" changed cvar (cvar "sv_minrate") (value "100000")
L 07/12/2025 - 19:00:15: [basecommands.smx] "Console<0><Console><Console>" changed cvar (cvar "sv_maxrate") (value "100000")
L 07/12/2025 - 19:00:15: [basecommands.smx] "Console<0><Console><Console>" changed cvar (cvar "sv_minupdaterate") (value "100")
L 07/12/2025 - 19:00:15: [basecommands.smx] "Console<0><Console><Console>" changed cvar (cvar "sv_maxupdaterate") (value "100")
L 07/12/2025 - 19:00:15: [basecommands.smx] "Console<0><Console><Console>" changed cvar (cvar "sv_mincmdrate") (value "100")
L 07/12/2025 - 19:00:15: [basecommands.smx] "Console<0><Console><Console>" changed cvar (cvar "sv_maxcmdrate") (value "100")
L 07/12/2025 - 19:00:15: [basecommands.smx] "Console<0><Console><Console>" changed cvar (cvar "sv_client_min_interp_ratio") (value "-1")
L 07/12/2025 - 19:00:15: [basecommands.smx] "Console<0><Console><Console>" changed cvar (cvar "sv_client_max_interp_ratio") (value "0")
L 07/12/2025 - 19:00:15: [basecommands.smx] "Console<0><Console><Console>" changed cvar (cvar "nb_update_frequency") (value "0.014")
L 07/12/2025 - 19:00:15: [basecommands.smx] "Console<0><Console><Console>" changed cvar (cvar "net_splitpacket_maxrate") (value "50000")
L 07/12/2025 - 19:00:15: [basecommands.smx] "Console<0><Console><Console>" changed cvar (cvar "net_maxcleartime") (value "0.0001")
L 07/12/2025 - 19:00:15: [basecommands.smx] "Console<0><Console><Console>" changed cvar (cvar "fps_max") (value "0")
L 07/12/2025 - 19:00:15: [basecommands.smx] "Console<0><Console><Console>" changed cvar (cvar "tick_door_speed") (value "1.3")
L 07/12/2025 - 19:00:15: [basecommands.smx] "Console<0><Console><Console>" changed cvar (cvar "mv_maxplayers") (value "30")
L 07/12/2025 - 19:00:15: [basecommands.smx] "Console<0><Console><Console>" changed cvar (cvar "mp_autoteambalance") (value "0")
L 07/12/2025 - 19:00:15: [basecommands.smx] "Console<0><Console><Console>" changed cvar (cvar "sv_unlag_fixstuck") (value "1")
L 07/12/2025 - 19:00:15: [basecommands.smx] "Console<0><Console><Console>" changed cvar (cvar "z_brawl_chance") (value "0")
L 07/12/2025 - 19:00:15: [basecommands.smx] "Console<0><Console><Console>" changed cvar (cvar "sv_maxunlag") (value "1")
L 07/12/2025 - 19:00:15: [basecommands.smx] "Console<0><Console><Console>" changed cvar (cvar "sv_forcepreload") (value "1")
L 07/12/2025 - 19:00:15: [basecommands.smx] "Console<0><Console><Console>" changed cvar (cvar "sv_client_predict") (value "1")
L 07/12/2025 - 19:00:15: [basecommands.smx] "Console<0><Console><Console>" changed cvar (cvar "sv_client_cmdrate_difference") (value "0")
L 07/12/2025 - 19:00:15: [basecommands.smx] "Console<0><Console><Console>" changed cvar (cvar "sv_max_queries_sec_global") (value "10")
L 07/12/2025 - 19:00:15: [basecommands.smx] "Console<0><Console><Console>" changed cvar (cvar "sv_max_queries_sec") (value "3")
L 07/12/2025 - 19:00:15: [basecommands.smx] "Console<0><Console><Console>" changed cvar (cvar "sv_max_queries_window") (value "10")
L 07/12/2025 - 19:00:15: [basecommands.smx] "Console<0><Console><Console>" changed cvar (cvar "sv_player_stuck_tolerance") (value "5")
L 07/12/2025 - 19:00:15: [basecommands.smx] "Console<0><Console><Console>" changed cvar (cvar "sv_stats") (value "0")
L 07/12/2025 - 19:00:15: [basecommands.smx] "Console<0><Console><Console>" changed cvar (cvar "sv_clockcorrection_msecs") (value "25")
L 07/12/2025 - 19:00:15: [basecommands.smx] "Console<0><Console><Console>" changed cvar (cvar "survivor_max_incapacitated_count") (value "2")
L 07/12/2025 - 19:00:15: [fixes/firebulletsfix.smx] Found offset for Weapon_ShootPosition 286
L 07/12/2025 - 19:00:15: [optional/l4d2_item_hint.smx] 
==========
Warning: You should install "[L4D & L4D2] Use Priority Patch" to fix attached models blocking +USE action (item hint): https://forums.alliedmods.net/showthread.php?t=327511
==========

L 07/12/2025 - 19:00:15: [GEOIP] GeoIP2 database loaded: GeoLite2-Country (2023-12-22 14:46:10 UTC) (/root/Steam/steamapps/common/L4D21/left4dead2/addons/sourcemod/configs/geoip/GeoLite2-Country.mmdb)
L 07/12/2025 - 19:00:15: [GEOIP] GeoIP2 supported languages: de en es fr ja pt-BR ru zh-CN
L 07/12/2025 - 19:00:15: [GEOIP] Your database is older than 90 days. You should consider downloading a newer version from e.g. https://dev.maxmind.com/geoip/geolite2-free-geolocation-data
L 07/12/2025 - 19:00:16: [optional/chat-processor.smx] Message formats generated for game 'left4dead2'.
L 07/12/2025 - 19:00:16: [optional/chat-processor.smx] Successfully hooked a SayText2 chat hook.
L 07/12/2025 - 19:00:19: -------- Mapchange to c2m1_highway --------
L 07/12/2025 - 19:00:21: [basecommands.smx] "Console<0><Console><Console>" changed cvar (cvar "confogl_match_execcfg_plugins") (value "generalfixes.cfg;confogl_plugins.cfg;sharedplugins.cfg")
L 07/12/2025 - 19:00:21: [basecommands.smx] "Console<0><Console><Console>" changed cvar (cvar "l4d2_addons_eclipse") (value "0")
L 07/12/2025 - 19:00:21: [basecommands.smx] "Console<0><Console><Console>" changed cvar (cvar "sv_allow_wait_command") (value "0")
L 07/12/2025 - 19:00:21: [basecommands.smx] "Console<0><Console><Console>" changed cvar (cvar "sv_minrate") (value "100000")
L 07/12/2025 - 19:00:21: [basecommands.smx] "Console<0><Console><Console>" changed cvar (cvar "sv_maxrate") (value "100000")
L 07/12/2025 - 19:00:21: [basecommands.smx] "Console<0><Console><Console>" changed cvar (cvar "sv_minupdaterate") (value "100")
L 07/12/2025 - 19:00:21: [basecommands.smx] "Console<0><Console><Console>" changed cvar (cvar "sv_maxupdaterate") (value "100")
L 07/12/2025 - 19:00:21: [basecommands.smx] "Console<0><Console><Console>" changed cvar (cvar "sv_mincmdrate") (value "100")
L 07/12/2025 - 19:00:21: [basecommands.smx] "Console<0><Console><Console>" changed cvar (cvar "sv_maxcmdrate") (value "100")
L 07/12/2025 - 19:00:21: [basecommands.smx] "Console<0><Console><Console>" changed cvar (cvar "sv_client_min_interp_ratio") (value "-1")
L 07/12/2025 - 19:00:21: [basecommands.smx] "Console<0><Console><Console>" changed cvar (cvar "sv_client_max_interp_ratio") (value "0")
L 07/12/2025 - 19:00:21: [basecommands.smx] "Console<0><Console><Console>" changed cvar (cvar "nb_update_frequency") (value "0.014")
L 07/12/2025 - 19:00:21: [basecommands.smx] "Console<0><Console><Console>" changed cvar (cvar "net_splitpacket_maxrate") (value "50000")
L 07/12/2025 - 19:00:21: [basecommands.smx] "Console<0><Console><Console>" changed cvar (cvar "net_maxcleartime") (value "0.0001")
L 07/12/2025 - 19:00:21: [basecommands.smx] "Console<0><Console><Console>" changed cvar (cvar "fps_max") (value "0")
L 07/12/2025 - 19:00:21: [basecommands.smx] "Console<0><Console><Console>" changed cvar (cvar "tick_door_speed") (value "1.3")
L 07/12/2025 - 19:00:21: [basecommands.smx] "Console<0><Console><Console>" changed cvar (cvar "mv_maxplayers") (value "30")
L 07/12/2025 - 19:00:21: [basecommands.smx] "Console<0><Console><Console>" changed cvar (cvar "mp_autoteambalance") (value "0")
L 07/12/2025 - 19:00:21: [basecommands.smx] "Console<0><Console><Console>" changed cvar (cvar "sv_unlag_fixstuck") (value "1")
L 07/12/2025 - 19:00:21: [basecommands.smx] "Console<0><Console><Console>" changed cvar (cvar "z_brawl_chance") (value "0")
L 07/12/2025 - 19:00:21: [basecommands.smx] "Console<0><Console><Console>" changed cvar (cvar "sv_maxunlag") (value "1")
L 07/12/2025 - 19:00:21: [basecommands.smx] "Console<0><Console><Console>" changed cvar (cvar "sv_forcepreload") (value "1")
L 07/12/2025 - 19:00:21: [basecommands.smx] "Console<0><Console><Console>" changed cvar (cvar "sv_client_predict") (value "1")
L 07/12/2025 - 19:00:21: [basecommands.smx] "Console<0><Console><Console>" changed cvar (cvar "sv_client_cmdrate_difference") (value "0")
L 07/12/2025 - 19:00:21: [basecommands.smx] "Console<0><Console><Console>" changed cvar (cvar "sv_max_queries_sec_global") (value "10")
L 07/12/2025 - 19:00:21: [basecommands.smx] "Console<0><Console><Console>" changed cvar (cvar "sv_max_queries_sec") (value "3")
L 07/12/2025 - 19:00:21: [basecommands.smx] "Console<0><Console><Console>" changed cvar (cvar "sv_max_queries_window") (value "10")
L 07/12/2025 - 19:00:21: [basecommands.smx] "Console<0><Console><Console>" changed cvar (cvar "sv_player_stuck_tolerance") (value "5")
L 07/12/2025 - 19:00:21: [basecommands.smx] "Console<0><Console><Console>" changed cvar (cvar "sv_stats") (value "0")
L 07/12/2025 - 19:00:21: [basecommands.smx] "Console<0><Console><Console>" changed cvar (cvar "sv_clockcorrection_msecs") (value "25")
L 07/12/2025 - 19:00:21: [optional/chat-processor.smx] Message formats generated for game 'left4dead2'.
L 07/12/2025 - 19:00:21: [optional/chat-processor.smx] Successfully hooked a SayText2 chat hook.
L 07/12/2025 - 19:00:22: [optional/l4d2_saferoom_item_remove.smx] Removed 0 saferoom item(s) (start: 0; end: 0).
L 07/12/2025 - 19:00:33: [confoglcompmod.smx] [ClientSettings] Kicking ᗜ◡ᗜ<2><STEAM_1:1:590841514><> for bad sv_consistency value (0.000000). Min: 1 1.000000 Max: 1 1.000000
L 07/12/2025 - 19:00:48: SourceMod log file session started (file "/root/Steam/steamapps/common/L4D21/left4dead2/addons/sourcemod/logs/L20250712.log") (Version "1.12.0.7195")
L 07/12/2025 - 19:00:48: [fixes/firebulletsfix.smx] Found offset for Weapon_ShootPosition 286
L 07/12/2025 - 19:00:50: [basecommands.smx] "Console<0><Console><Console>" changed cvar (cvar "confogl_match_execcfg_plugins") (value "generalfixes.cfg;confogl_plugins.cfg;sharedplugins.cfg")
L 07/12/2025 - 19:00:50: [basecommands.smx] "Console<0><Console><Console>" changed cvar (cvar "l4d2_addons_eclipse") (value "0")
L 07/12/2025 - 19:00:50: [basecommands.smx] "Console<0><Console><Console>" changed cvar (cvar "sv_allow_wait_command") (value "0")
L 07/12/2025 - 19:00:50: [basecommands.smx] "Console<0><Console><Console>" changed cvar (cvar "sv_minrate") (value "100000")
L 07/12/2025 - 19:00:50: [basecommands.smx] "Console<0><Console><Console>" changed cvar (cvar "sv_maxrate") (value "100000")
L 07/12/2025 - 19:00:50: [basecommands.smx] "Console<0><Console><Console>" changed cvar (cvar "sv_minupdaterate") (value "100")
L 07/12/2025 - 19:00:50: [basecommands.smx] "Console<0><Console><Console>" changed cvar (cvar "sv_maxupdaterate") (value "100")
L 07/12/2025 - 19:00:50: [basecommands.smx] "Console<0><Console><Console>" changed cvar (cvar "sv_mincmdrate") (value "100")
L 07/12/2025 - 19:00:50: [basecommands.smx] "Console<0><Console><Console>" changed cvar (cvar "sv_maxcmdrate") (value "100")
L 07/12/2025 - 19:00:50: [basecommands.smx] "Console<0><Console><Console>" changed cvar (cvar "sv_client_min_interp_ratio") (value "-1")
L 07/12/2025 - 19:00:50: [basecommands.smx] "Console<0><Console><Console>" changed cvar (cvar "sv_client_max_interp_ratio") (value "0")
L 07/12/2025 - 19:00:50: [basecommands.smx] "Console<0><Console><Console>" changed cvar (cvar "nb_update_frequency") (value "0.014")
L 07/12/2025 - 19:00:50: [basecommands.smx] "Console<0><Console><Console>" changed cvar (cvar "net_splitpacket_maxrate") (value "50000")
L 07/12/2025 - 19:00:50: [basecommands.smx] "Console<0><Console><Console>" changed cvar (cvar "net_maxcleartime") (value "0.0001")
L 07/12/2025 - 19:00:50: [basecommands.smx] "Console<0><Console><Console>" changed cvar (cvar "fps_max") (value "0")
L 07/12/2025 - 19:00:50: [basecommands.smx] "Console<0><Console><Console>" changed cvar (cvar "tick_door_speed") (value "1.3")
L 07/12/2025 - 19:00:50: [basecommands.smx] "Console<0><Console><Console>" changed cvar (cvar "mv_maxplayers") (value "30")
L 07/12/2025 - 19:00:50: [basecommands.smx] "Console<0><Console><Console>" changed cvar (cvar "mp_autoteambalance") (value "0")
L 07/12/2025 - 19:00:50: [basecommands.smx] "Console<0><Console><Console>" changed cvar (cvar "sv_unlag_fixstuck") (value "1")
L 07/12/2025 - 19:00:50: [basecommands.smx] "Console<0><Console><Console>" changed cvar (cvar "z_brawl_chance") (value "0")
L 07/12/2025 - 19:00:50: [basecommands.smx] "Console<0><Console><Console>" changed cvar (cvar "sv_maxunlag") (value "1")
L 07/12/2025 - 19:00:50: [basecommands.smx] "Console<0><Console><Console>" changed cvar (cvar "sv_forcepreload") (value "1")
L 07/12/2025 - 19:00:50: [basecommands.smx] "Console<0><Console><Console>" changed cvar (cvar "sv_client_predict") (value "1")
L 07/12/2025 - 19:00:50: [basecommands.smx] "Console<0><Console><Console>" changed cvar (cvar "sv_client_cmdrate_difference") (value "0")
L 07/12/2025 - 19:00:50: [basecommands.smx] "Console<0><Console><Console>" changed cvar (cvar "sv_max_queries_sec_global") (value "10")
L 07/12/2025 - 19:00:50: [basecommands.smx] "Console<0><Console><Console>" changed cvar (cvar "sv_max_queries_sec") (value "3")
L 07/12/2025 - 19:00:50: [basecommands.smx] "Console<0><Console><Console>" changed cvar (cvar "sv_max_queries_window") (value "10")
L 07/12/2025 - 19:00:50: [basecommands.smx] "Console<0><Console><Console>" changed cvar (cvar "sv_player_stuck_tolerance") (value "5")
L 07/12/2025 - 19:00:50: [basecommands.smx] "Console<0><Console><Console>" changed cvar (cvar "sv_stats") (value "0")
L 07/12/2025 - 19:00:50: [basecommands.smx] "Console<0><Console><Console>" changed cvar (cvar "sv_clockcorrection_msecs") (value "25")
L 07/12/2025 - 19:00:50: [basecommands.smx] "Console<0><Console><Console>" changed cvar (cvar "survivor_max_incapacitated_count") (value "2")
L 07/12/2025 - 19:00:51: [fixes/firebulletsfix.smx] Found offset for Weapon_ShootPosition 286
L 07/12/2025 - 19:00:51: [optional/l4d2_item_hint.smx] 
==========
Warning: You should install "[L4D & L4D2] Use Priority Patch" to fix attached models blocking +USE action (item hint): https://forums.alliedmods.net/showthread.php?t=327511
==========

L 07/12/2025 - 19:00:51: [GEOIP] GeoIP2 database loaded: GeoLite2-Country (2023-12-22 14:46:10 UTC) (/root/Steam/steamapps/common/L4D21/left4dead2/addons/sourcemod/configs/geoip/GeoLite2-Country.mmdb)
L 07/12/2025 - 19:00:51: [GEOIP] GeoIP2 supported languages: de en es fr ja pt-BR ru zh-CN
L 07/12/2025 - 19:00:51: [GEOIP] Your database is older than 90 days. You should consider downloading a newer version from e.g. https://dev.maxmind.com/geoip/geolite2-free-geolocation-data
L 07/12/2025 - 19:00:51: [optional/chat-processor.smx] Message formats generated for game 'left4dead2'.
L 07/12/2025 - 19:00:51: [optional/chat-processor.smx] Successfully hooked a SayText2 chat hook.
L 07/12/2025 - 19:00:55: -------- Mapchange to c2m1_highway --------
L 07/12/2025 - 19:00:56: [basecommands.smx] "Console<0><Console><Console>" changed cvar (cvar "confogl_match_execcfg_plugins") (value "generalfixes.cfg;confogl_plugins.cfg;sharedplugins.cfg")
L 07/12/2025 - 19:00:56: [basecommands.smx] "Console<0><Console><Console>" changed cvar (cvar "l4d2_addons_eclipse") (value "0")
L 07/12/2025 - 19:00:56: [basecommands.smx] "Console<0><Console><Console>" changed cvar (cvar "sv_allow_wait_command") (value "0")
L 07/12/2025 - 19:00:56: [basecommands.smx] "Console<0><Console><Console>" changed cvar (cvar "sv_minrate") (value "100000")
L 07/12/2025 - 19:00:56: [basecommands.smx] "Console<0><Console><Console>" changed cvar (cvar "sv_maxrate") (value "100000")
L 07/12/2025 - 19:00:56: [basecommands.smx] "Console<0><Console><Console>" changed cvar (cvar "sv_minupdaterate") (value "100")
L 07/12/2025 - 19:00:56: [basecommands.smx] "Console<0><Console><Console>" changed cvar (cvar "sv_maxupdaterate") (value "100")
L 07/12/2025 - 19:00:56: [basecommands.smx] "Console<0><Console><Console>" changed cvar (cvar "sv_mincmdrate") (value "100")
L 07/12/2025 - 19:00:56: [basecommands.smx] "Console<0><Console><Console>" changed cvar (cvar "sv_maxcmdrate") (value "100")
L 07/12/2025 - 19:00:56: [basecommands.smx] "Console<0><Console><Console>" changed cvar (cvar "sv_client_min_interp_ratio") (value "-1")
L 07/12/2025 - 19:00:56: [basecommands.smx] "Console<0><Console><Console>" changed cvar (cvar "sv_client_max_interp_ratio") (value "0")
L 07/12/2025 - 19:00:56: [basecommands.smx] "Console<0><Console><Console>" changed cvar (cvar "nb_update_frequency") (value "0.014")
L 07/12/2025 - 19:00:56: [basecommands.smx] "Console<0><Console><Console>" changed cvar (cvar "net_splitpacket_maxrate") (value "50000")
L 07/12/2025 - 19:00:56: [basecommands.smx] "Console<0><Console><Console>" changed cvar (cvar "net_maxcleartime") (value "0.0001")
L 07/12/2025 - 19:00:56: [basecommands.smx] "Console<0><Console><Console>" changed cvar (cvar "fps_max") (value "0")
L 07/12/2025 - 19:00:56: [basecommands.smx] "Console<0><Console><Console>" changed cvar (cvar "tick_door_speed") (value "1.3")
L 07/12/2025 - 19:00:56: [basecommands.smx] "Console<0><Console><Console>" changed cvar (cvar "mv_maxplayers") (value "30")
L 07/12/2025 - 19:00:56: [basecommands.smx] "Console<0><Console><Console>" changed cvar (cvar "mp_autoteambalance") (value "0")
L 07/12/2025 - 19:00:56: [basecommands.smx] "Console<0><Console><Console>" changed cvar (cvar "sv_unlag_fixstuck") (value "1")
L 07/12/2025 - 19:00:56: [basecommands.smx] "Console<0><Console><Console>" changed cvar (cvar "z_brawl_chance") (value "0")
L 07/12/2025 - 19:00:56: [basecommands.smx] "Console<0><Console><Console>" changed cvar (cvar "sv_maxunlag") (value "1")
L 07/12/2025 - 19:00:56: [basecommands.smx] "Console<0><Console><Console>" changed cvar (cvar "sv_forcepreload") (value "1")
L 07/12/2025 - 19:00:56: [basecommands.smx] "Console<0><Console><Console>" changed cvar (cvar "sv_client_predict") (value "1")
L 07/12/2025 - 19:00:56: [basecommands.smx] "Console<0><Console><Console>" changed cvar (cvar "sv_client_cmdrate_difference") (value "0")
L 07/12/2025 - 19:00:56: [basecommands.smx] "Console<0><Console><Console>" changed cvar (cvar "sv_max_queries_sec_global") (value "10")
L 07/12/2025 - 19:00:56: [basecommands.smx] "Console<0><Console><Console>" changed cvar (cvar "sv_max_queries_sec") (value "3")
L 07/12/2025 - 19:00:56: [basecommands.smx] "Console<0><Console><Console>" changed cvar (cvar "sv_max_queries_window") (value "10")
L 07/12/2025 - 19:00:56: [basecommands.smx] "Console<0><Console><Console>" changed cvar (cvar "sv_player_stuck_tolerance") (value "5")
L 07/12/2025 - 19:00:56: [basecommands.smx] "Console<0><Console><Console>" changed cvar (cvar "sv_stats") (value "0")
L 07/12/2025 - 19:00:56: [basecommands.smx] "Console<0><Console><Console>" changed cvar (cvar "sv_clockcorrection_msecs") (value "25")
L 07/12/2025 - 19:00:56: [optional/chat-processor.smx] Message formats generated for game 'left4dead2'.
L 07/12/2025 - 19:00:56: [optional/chat-processor.smx] Successfully hooked a SayText2 chat hook.
L 07/12/2025 - 19:00:57: [optional/l4d2_saferoom_item_remove.smx] Removed 0 saferoom item(s) (start: 0; end: 0).
L 07/12/2025 - 19:09:03: [confoglcompmod.smx] [ClientSettings] Kicking ᗜ◡ᗜ<2><STEAM_1:1:590841514><> for bad sv_consistency value (0.000000). Min: 1 1.000000 Max: 1 1.000000
L 07/12/2025 - 19:09:19: SourceMod log file session started (file "/root/Steam/steamapps/common/L4D21/left4dead2/addons/sourcemod/logs/L20250712.log") (Version "1.12.0.7195")
L 07/12/2025 - 19:09:19: [fixes/firebulletsfix.smx] Found offset for Weapon_ShootPosition 286
L 07/12/2025 - 19:09:21: [basecommands.smx] "Console<0><Console><Console>" changed cvar (cvar "confogl_match_execcfg_plugins") (value "generalfixes.cfg;confogl_plugins.cfg;sharedplugins.cfg")
L 07/12/2025 - 19:09:21: [basecommands.smx] "Console<0><Console><Console>" changed cvar (cvar "l4d2_addons_eclipse") (value "0")
L 07/12/2025 - 19:09:21: [basecommands.smx] "Console<0><Console><Console>" changed cvar (cvar "sv_allow_wait_command") (value "0")
L 07/12/2025 - 19:09:21: [basecommands.smx] "Console<0><Console><Console>" changed cvar (cvar "sv_minrate") (value "100000")
L 07/12/2025 - 19:09:21: [basecommands.smx] "Console<0><Console><Console>" changed cvar (cvar "sv_maxrate") (value "100000")
L 07/12/2025 - 19:09:21: [basecommands.smx] "Console<0><Console><Console>" changed cvar (cvar "sv_minupdaterate") (value "100")
L 07/12/2025 - 19:09:21: [basecommands.smx] "Console<0><Console><Console>" changed cvar (cvar "sv_maxupdaterate") (value "100")
L 07/12/2025 - 19:09:21: [basecommands.smx] "Console<0><Console><Console>" changed cvar (cvar "sv_mincmdrate") (value "100")
L 07/12/2025 - 19:09:21: [basecommands.smx] "Console<0><Console><Console>" changed cvar (cvar "sv_maxcmdrate") (value "100")
L 07/12/2025 - 19:09:21: [basecommands.smx] "Console<0><Console><Console>" changed cvar (cvar "sv_client_min_interp_ratio") (value "-1")
L 07/12/2025 - 19:09:21: [basecommands.smx] "Console<0><Console><Console>" changed cvar (cvar "sv_client_max_interp_ratio") (value "0")
L 07/12/2025 - 19:09:21: [basecommands.smx] "Console<0><Console><Console>" changed cvar (cvar "nb_update_frequency") (value "0.014")
L 07/12/2025 - 19:09:21: [basecommands.smx] "Console<0><Console><Console>" changed cvar (cvar "net_splitpacket_maxrate") (value "50000")
L 07/12/2025 - 19:09:21: [basecommands.smx] "Console<0><Console><Console>" changed cvar (cvar "net_maxcleartime") (value "0.0001")
L 07/12/2025 - 19:09:21: [basecommands.smx] "Console<0><Console><Console>" changed cvar (cvar "fps_max") (value "0")
L 07/12/2025 - 19:09:21: [basecommands.smx] "Console<0><Console><Console>" changed cvar (cvar "tick_door_speed") (value "1.3")
L 07/12/2025 - 19:09:21: [basecommands.smx] "Console<0><Console><Console>" changed cvar (cvar "mv_maxplayers") (value "30")
L 07/12/2025 - 19:09:21: [basecommands.smx] "Console<0><Console><Console>" changed cvar (cvar "mp_autoteambalance") (value "0")
L 07/12/2025 - 19:09:21: [basecommands.smx] "Console<0><Console><Console>" changed cvar (cvar "sv_unlag_fixstuck") (value "1")
L 07/12/2025 - 19:09:21: [basecommands.smx] "Console<0><Console><Console>" changed cvar (cvar "z_brawl_chance") (value "0")
L 07/12/2025 - 19:09:21: [basecommands.smx] "Console<0><Console><Console>" changed cvar (cvar "sv_maxunlag") (value "1")
L 07/12/2025 - 19:09:21: [basecommands.smx] "Console<0><Console><Console>" changed cvar (cvar "sv_forcepreload") (value "1")
L 07/12/2025 - 19:09:21: [basecommands.smx] "Console<0><Console><Console>" changed cvar (cvar "sv_client_predict") (value "1")
L 07/12/2025 - 19:09:21: [basecommands.smx] "Console<0><Console><Console>" changed cvar (cvar "sv_client_cmdrate_difference") (value "0")
L 07/12/2025 - 19:09:21: [basecommands.smx] "Console<0><Console><Console>" changed cvar (cvar "sv_max_queries_sec_global") (value "10")
L 07/12/2025 - 19:09:21: [basecommands.smx] "Console<0><Console><Console>" changed cvar (cvar "sv_max_queries_sec") (value "3")
L 07/12/2025 - 19:09:21: [basecommands.smx] "Console<0><Console><Console>" changed cvar (cvar "sv_max_queries_window") (value "10")
L 07/12/2025 - 19:09:21: [basecommands.smx] "Console<0><Console><Console>" changed cvar (cvar "sv_player_stuck_tolerance") (value "5")
L 07/12/2025 - 19:09:21: [basecommands.smx] "Console<0><Console><Console>" changed cvar (cvar "sv_stats") (value "0")
L 07/12/2025 - 19:09:21: [basecommands.smx] "Console<0><Console><Console>" changed cvar (cvar "sv_clockcorrection_msecs") (value "25")
L 07/12/2025 - 19:09:21: [basecommands.smx] "Console<0><Console><Console>" changed cvar (cvar "survivor_max_incapacitated_count") (value "2")
L 07/12/2025 - 19:09:21: [fixes/firebulletsfix.smx] Found offset for Weapon_ShootPosition 286
L 07/12/2025 - 19:09:22: [optional/l4d2_item_hint.smx] 
==========
Warning: You should install "[L4D & L4D2] Use Priority Patch" to fix attached models blocking +USE action (item hint): https://forums.alliedmods.net/showthread.php?t=327511
==========

L 07/12/2025 - 19:09:22: [GEOIP] GeoIP2 database loaded: GeoLite2-Country (2023-12-22 14:46:10 UTC) (/root/Steam/steamapps/common/L4D21/left4dead2/addons/sourcemod/configs/geoip/GeoLite2-Country.mmdb)
L 07/12/2025 - 19:09:22: [GEOIP] GeoIP2 supported languages: de en es fr ja pt-BR ru zh-CN
L 07/12/2025 - 19:09:22: [GEOIP] Your database is older than 90 days. You should consider downloading a newer version from e.g. https://dev.maxmind.com/geoip/geolite2-free-geolocation-data
L 07/12/2025 - 19:09:22: [optional/chat-processor.smx] Message formats generated for game 'left4dead2'.
L 07/12/2025 - 19:09:22: [optional/chat-processor.smx] Successfully hooked a SayText2 chat hook.
L 07/12/2025 - 19:09:25: -------- Mapchange to c2m1_highway --------
L 07/12/2025 - 19:09:27: [basecommands.smx] "Console<0><Console><Console>" changed cvar (cvar "confogl_match_execcfg_plugins") (value "generalfixes.cfg;confogl_plugins.cfg;sharedplugins.cfg")
L 07/12/2025 - 19:09:27: [basecommands.smx] "Console<0><Console><Console>" changed cvar (cvar "l4d2_addons_eclipse") (value "0")
L 07/12/2025 - 19:09:27: [basecommands.smx] "Console<0><Console><Console>" changed cvar (cvar "sv_allow_wait_command") (value "0")
L 07/12/2025 - 19:09:27: [basecommands.smx] "Console<0><Console><Console>" changed cvar (cvar "sv_minrate") (value "100000")
L 07/12/2025 - 19:09:27: [basecommands.smx] "Console<0><Console><Console>" changed cvar (cvar "sv_maxrate") (value "100000")
L 07/12/2025 - 19:09:27: [basecommands.smx] "Console<0><Console><Console>" changed cvar (cvar "sv_minupdaterate") (value "100")
L 07/12/2025 - 19:09:27: [basecommands.smx] "Console<0><Console><Console>" changed cvar (cvar "sv_maxupdaterate") (value "100")
L 07/12/2025 - 19:09:27: [basecommands.smx] "Console<0><Console><Console>" changed cvar (cvar "sv_mincmdrate") (value "100")
L 07/12/2025 - 19:09:27: [basecommands.smx] "Console<0><Console><Console>" changed cvar (cvar "sv_maxcmdrate") (value "100")
L 07/12/2025 - 19:09:27: [basecommands.smx] "Console<0><Console><Console>" changed cvar (cvar "sv_client_min_interp_ratio") (value "-1")
L 07/12/2025 - 19:09:27: [basecommands.smx] "Console<0><Console><Console>" changed cvar (cvar "sv_client_max_interp_ratio") (value "0")
L 07/12/2025 - 19:09:27: [basecommands.smx] "Console<0><Console><Console>" changed cvar (cvar "nb_update_frequency") (value "0.014")
L 07/12/2025 - 19:09:27: [basecommands.smx] "Console<0><Console><Console>" changed cvar (cvar "net_splitpacket_maxrate") (value "50000")
L 07/12/2025 - 19:09:27: [basecommands.smx] "Console<0><Console><Console>" changed cvar (cvar "net_maxcleartime") (value "0.0001")
L 07/12/2025 - 19:09:27: [basecommands.smx] "Console<0><Console><Console>" changed cvar (cvar "fps_max") (value "0")
L 07/12/2025 - 19:09:27: [basecommands.smx] "Console<0><Console><Console>" changed cvar (cvar "tick_door_speed") (value "1.3")
L 07/12/2025 - 19:09:27: [basecommands.smx] "Console<0><Console><Console>" changed cvar (cvar "mv_maxplayers") (value "30")
L 07/12/2025 - 19:09:27: [basecommands.smx] "Console<0><Console><Console>" changed cvar (cvar "mp_autoteambalance") (value "0")
L 07/12/2025 - 19:09:27: [basecommands.smx] "Console<0><Console><Console>" changed cvar (cvar "sv_unlag_fixstuck") (value "1")
L 07/12/2025 - 19:09:27: [basecommands.smx] "Console<0><Console><Console>" changed cvar (cvar "z_brawl_chance") (value "0")
L 07/12/2025 - 19:09:27: [basecommands.smx] "Console<0><Console><Console>" changed cvar (cvar "sv_maxunlag") (value "1")
L 07/12/2025 - 19:09:27: [basecommands.smx] "Console<0><Console><Console>" changed cvar (cvar "sv_forcepreload") (value "1")
L 07/12/2025 - 19:09:27: [basecommands.smx] "Console<0><Console><Console>" changed cvar (cvar "sv_client_predict") (value "1")
L 07/12/2025 - 19:09:27: [basecommands.smx] "Console<0><Console><Console>" changed cvar (cvar "sv_client_cmdrate_difference") (value "0")
L 07/12/2025 - 19:09:27: [basecommands.smx] "Console<0><Console><Console>" changed cvar (cvar "sv_max_queries_sec_global") (value "10")
L 07/12/2025 - 19:09:27: [basecommands.smx] "Console<0><Console><Console>" changed cvar (cvar "sv_max_queries_sec") (value "3")
L 07/12/2025 - 19:09:27: [basecommands.smx] "Console<0><Console><Console>" changed cvar (cvar "sv_max_queries_window") (value "10")
L 07/12/2025 - 19:09:27: [basecommands.smx] "Console<0><Console><Console>" changed cvar (cvar "sv_player_stuck_tolerance") (value "5")
L 07/12/2025 - 19:09:27: [basecommands.smx] "Console<0><Console><Console>" changed cvar (cvar "sv_stats") (value "0")
L 07/12/2025 - 19:09:27: [basecommands.smx] "Console<0><Console><Console>" changed cvar (cvar "sv_clockcorrection_msecs") (value "25")
L 07/12/2025 - 19:09:27: [optional/chat-processor.smx] Message formats generated for game 'left4dead2'.
L 07/12/2025 - 19:09:27: [optional/chat-processor.smx] Successfully hooked a SayText2 chat hook.
L 07/12/2025 - 19:09:28: [optional/l4d2_saferoom_item_remove.smx] Removed 0 saferoom item(s) (start: 0; end: 0).
L 07/12/2025 - 19:18:01: [basecommands.smx] "ᗜ◡ᗜ<2><STEAM_1:1:590841514><>" changed map to "c7m2_barge"
L 07/12/2025 - 19:18:05: -------- Mapchange to c7m2_barge --------
L 07/12/2025 - 19:18:07: [basecommands.smx] "Console<0><Console><Console>" changed cvar (cvar "confogl_match_execcfg_plugins") (value "generalfixes.cfg;confogl_plugins.cfg;sharedplugins.cfg")
L 07/12/2025 - 19:18:07: [basecommands.smx] "Console<0><Console><Console>" changed cvar (cvar "l4d2_addons_eclipse") (value "0")
L 07/12/2025 - 19:18:07: [basecommands.smx] "Console<0><Console><Console>" changed cvar (cvar "sv_allow_wait_command") (value "0")
L 07/12/2025 - 19:18:07: [basecommands.smx] "Console<0><Console><Console>" changed cvar (cvar "sv_minrate") (value "100000")
L 07/12/2025 - 19:18:07: [basecommands.smx] "Console<0><Console><Console>" changed cvar (cvar "sv_maxrate") (value "100000")
L 07/12/2025 - 19:18:07: [basecommands.smx] "Console<0><Console><Console>" changed cvar (cvar "sv_minupdaterate") (value "100")
L 07/12/2025 - 19:18:07: [basecommands.smx] "Console<0><Console><Console>" changed cvar (cvar "sv_maxupdaterate") (value "100")
L 07/12/2025 - 19:18:07: [basecommands.smx] "Console<0><Console><Console>" changed cvar (cvar "sv_mincmdrate") (value "100")
L 07/12/2025 - 19:18:07: [basecommands.smx] "Console<0><Console><Console>" changed cvar (cvar "sv_maxcmdrate") (value "100")
L 07/12/2025 - 19:18:07: [basecommands.smx] "Console<0><Console><Console>" changed cvar (cvar "sv_client_min_interp_ratio") (value "-1")
L 07/12/2025 - 19:18:07: [basecommands.smx] "Console<0><Console><Console>" changed cvar (cvar "sv_client_max_interp_ratio") (value "0")
L 07/12/2025 - 19:18:07: [basecommands.smx] "Console<0><Console><Console>" changed cvar (cvar "nb_update_frequency") (value "0.014")
L 07/12/2025 - 19:18:07: [basecommands.smx] "Console<0><Console><Console>" changed cvar (cvar "net_splitpacket_maxrate") (value "50000")
L 07/12/2025 - 19:18:07: [basecommands.smx] "Console<0><Console><Console>" changed cvar (cvar "net_maxcleartime") (value "0.0001")
L 07/12/2025 - 19:18:07: [basecommands.smx] "Console<0><Console><Console>" changed cvar (cvar "fps_max") (value "0")
L 07/12/2025 - 19:18:07: [basecommands.smx] "Console<0><Console><Console>" changed cvar (cvar "tick_door_speed") (value "1.3")
L 07/12/2025 - 19:18:07: [basecommands.smx] "Console<0><Console><Console>" changed cvar (cvar "mv_maxplayers") (value "30")
L 07/12/2025 - 19:18:07: [basecommands.smx] "Console<0><Console><Console>" changed cvar (cvar "mp_autoteambalance") (value "0")
L 07/12/2025 - 19:18:07: [basecommands.smx] "Console<0><Console><Console>" changed cvar (cvar "sv_unlag_fixstuck") (value "1")
L 07/12/2025 - 19:18:07: [basecommands.smx] "Console<0><Console><Console>" changed cvar (cvar "z_brawl_chance") (value "0")
L 07/12/2025 - 19:18:07: [basecommands.smx] "Console<0><Console><Console>" changed cvar (cvar "sv_maxunlag") (value "1")
L 07/12/2025 - 19:18:07: [basecommands.smx] "Console<0><Console><Console>" changed cvar (cvar "sv_forcepreload") (value "1")
L 07/12/2025 - 19:18:07: [basecommands.smx] "Console<0><Console><Console>" changed cvar (cvar "sv_client_predict") (value "1")
L 07/12/2025 - 19:18:07: [basecommands.smx] "Console<0><Console><Console>" changed cvar (cvar "sv_client_cmdrate_difference") (value "0")
L 07/12/2025 - 19:18:07: [basecommands.smx] "Console<0><Console><Console>" changed cvar (cvar "sv_max_queries_sec_global") (value "10")
L 07/12/2025 - 19:18:07: [basecommands.smx] "Console<0><Console><Console>" changed cvar (cvar "sv_max_queries_sec") (value "3")
L 07/12/2025 - 19:18:07: [basecommands.smx] "Console<0><Console><Console>" changed cvar (cvar "sv_max_queries_window") (value "10")
L 07/12/2025 - 19:18:07: [basecommands.smx] "Console<0><Console><Console>" changed cvar (cvar "sv_player_stuck_tolerance") (value "5")
L 07/12/2025 - 19:18:07: [basecommands.smx] "Console<0><Console><Console>" changed cvar (cvar "sv_stats") (value "0")
L 07/12/2025 - 19:18:07: [basecommands.smx] "Console<0><Console><Console>" changed cvar (cvar "sv_clockcorrection_msecs") (value "25")
L 07/12/2025 - 19:18:08: [optional/chat-processor.smx] Message formats generated for game 'left4dead2'.
L 07/12/2025 - 19:18:08: [optional/chat-processor.smx] Successfully hooked a SayText2 chat hook.
L 07/12/2025 - 19:18:09: [optional/l4d2_saferoom_item_remove.smx] Removed 0 saferoom item(s) (start: 0; end: 0).
L 07/12/2025 - 19:18:48: SourceMod log file session started (file "/root/Steam/steamapps/common/L4D21/left4dead2/addons/sourcemod/logs/L20250712.log") (Version "1.12.0.7195")
L 07/12/2025 - 19:18:48: [fixes/firebulletsfix.smx] Found offset for Weapon_ShootPosition 286
L 07/12/2025 - 19:18:50: [basecommands.smx] "Console<0><Console><Console>" changed cvar (cvar "confogl_match_execcfg_plugins") (value "generalfixes.cfg;confogl_plugins.cfg;sharedplugins.cfg")
L 07/12/2025 - 19:18:50: [basecommands.smx] "Console<0><Console><Console>" changed cvar (cvar "l4d2_addons_eclipse") (value "0")
L 07/12/2025 - 19:18:50: [basecommands.smx] "Console<0><Console><Console>" changed cvar (cvar "sv_allow_wait_command") (value "0")
L 07/12/2025 - 19:18:50: [basecommands.smx] "Console<0><Console><Console>" changed cvar (cvar "sv_minrate") (value "100000")
L 07/12/2025 - 19:18:50: [basecommands.smx] "Console<0><Console><Console>" changed cvar (cvar "sv_maxrate") (value "100000")
L 07/12/2025 - 19:18:50: [basecommands.smx] "Console<0><Console><Console>" changed cvar (cvar "sv_minupdaterate") (value "100")
L 07/12/2025 - 19:18:50: [basecommands.smx] "Console<0><Console><Console>" changed cvar (cvar "sv_maxupdaterate") (value "100")
L 07/12/2025 - 19:18:50: [basecommands.smx] "Console<0><Console><Console>" changed cvar (cvar "sv_mincmdrate") (value "100")
L 07/12/2025 - 19:18:50: [basecommands.smx] "Console<0><Console><Console>" changed cvar (cvar "sv_maxcmdrate") (value "100")
L 07/12/2025 - 19:18:50: [basecommands.smx] "Console<0><Console><Console>" changed cvar (cvar "sv_client_min_interp_ratio") (value "-1")
L 07/12/2025 - 19:18:50: [basecommands.smx] "Console<0><Console><Console>" changed cvar (cvar "sv_client_max_interp_ratio") (value "0")
L 07/12/2025 - 19:18:50: [basecommands.smx] "Console<0><Console><Console>" changed cvar (cvar "nb_update_frequency") (value "0.014")
L 07/12/2025 - 19:18:50: [basecommands.smx] "Console<0><Console><Console>" changed cvar (cvar "net_splitpacket_maxrate") (value "50000")
L 07/12/2025 - 19:18:50: [basecommands.smx] "Console<0><Console><Console>" changed cvar (cvar "net_maxcleartime") (value "0.0001")
L 07/12/2025 - 19:18:50: [basecommands.smx] "Console<0><Console><Console>" changed cvar (cvar "fps_max") (value "0")
L 07/12/2025 - 19:18:50: [basecommands.smx] "Console<0><Console><Console>" changed cvar (cvar "tick_door_speed") (value "1.3")
L 07/12/2025 - 19:18:50: [basecommands.smx] "Console<0><Console><Console>" changed cvar (cvar "mv_maxplayers") (value "30")
L 07/12/2025 - 19:18:50: [basecommands.smx] "Console<0><Console><Console>" changed cvar (cvar "mp_autoteambalance") (value "0")
L 07/12/2025 - 19:18:50: [basecommands.smx] "Console<0><Console><Console>" changed cvar (cvar "sv_unlag_fixstuck") (value "1")
L 07/12/2025 - 19:18:50: [basecommands.smx] "Console<0><Console><Console>" changed cvar (cvar "z_brawl_chance") (value "0")
L 07/12/2025 - 19:18:50: [basecommands.smx] "Console<0><Console><Console>" changed cvar (cvar "sv_maxunlag") (value "1")
L 07/12/2025 - 19:18:50: [basecommands.smx] "Console<0><Console><Console>" changed cvar (cvar "sv_forcepreload") (value "1")
L 07/12/2025 - 19:18:50: [basecommands.smx] "Console<0><Console><Console>" changed cvar (cvar "sv_client_predict") (value "1")
L 07/12/2025 - 19:18:50: [basecommands.smx] "Console<0><Console><Console>" changed cvar (cvar "sv_client_cmdrate_difference") (value "0")
L 07/12/2025 - 19:18:50: [basecommands.smx] "Console<0><Console><Console>" changed cvar (cvar "sv_max_queries_sec_global") (value "10")
L 07/12/2025 - 19:18:50: [basecommands.smx] "Console<0><Console><Console>" changed cvar (cvar "sv_max_queries_sec") (value "3")
L 07/12/2025 - 19:18:50: [basecommands.smx] "Console<0><Console><Console>" changed cvar (cvar "sv_max_queries_window") (value "10")
L 07/12/2025 - 19:18:50: [basecommands.smx] "Console<0><Console><Console>" changed cvar (cvar "sv_player_stuck_tolerance") (value "5")
L 07/12/2025 - 19:18:50: [basecommands.smx] "Console<0><Console><Console>" changed cvar (cvar "sv_stats") (value "0")
L 07/12/2025 - 19:18:50: [basecommands.smx] "Console<0><Console><Console>" changed cvar (cvar "sv_clockcorrection_msecs") (value "25")
L 07/12/2025 - 19:18:50: [basecommands.smx] "Console<0><Console><Console>" changed cvar (cvar "survivor_max_incapacitated_count") (value "2")
L 07/12/2025 - 19:18:51: [fixes/firebulletsfix.smx] Found offset for Weapon_ShootPosition 286
L 07/12/2025 - 19:18:51: [optional/l4d2_item_hint.smx] 
==========
Warning: You should install "[L4D & L4D2] Use Priority Patch" to fix attached models blocking +USE action (item hint): https://forums.alliedmods.net/showthread.php?t=327511
==========

L 07/12/2025 - 19:18:51: [GEOIP] GeoIP2 database loaded: GeoLite2-Country (2023-12-22 14:46:10 UTC) (/root/Steam/steamapps/common/L4D21/left4dead2/addons/sourcemod/configs/geoip/GeoLite2-Country.mmdb)
L 07/12/2025 - 19:18:51: [GEOIP] GeoIP2 supported languages: de en es fr ja pt-BR ru zh-CN
L 07/12/2025 - 19:18:51: [GEOIP] Your database is older than 90 days. You should consider downloading a newer version from e.g. https://dev.maxmind.com/geoip/geolite2-free-geolocation-data
L 07/12/2025 - 19:18:52: [optional/chat-processor.smx] Message formats generated for game 'left4dead2'.
L 07/12/2025 - 19:18:52: [optional/chat-processor.smx] Successfully hooked a SayText2 chat hook.
L 07/12/2025 - 19:18:55: -------- Mapchange to c2m1_highway --------
L 07/12/2025 - 19:18:56: [basecommands.smx] "Console<0><Console><Console>" changed cvar (cvar "confogl_match_execcfg_plugins") (value "generalfixes.cfg;confogl_plugins.cfg;sharedplugins.cfg")
L 07/12/2025 - 19:18:56: [basecommands.smx] "Console<0><Console><Console>" changed cvar (cvar "l4d2_addons_eclipse") (value "0")
L 07/12/2025 - 19:18:56: [basecommands.smx] "Console<0><Console><Console>" changed cvar (cvar "sv_allow_wait_command") (value "0")
L 07/12/2025 - 19:18:56: [basecommands.smx] "Console<0><Console><Console>" changed cvar (cvar "sv_minrate") (value "100000")
L 07/12/2025 - 19:18:56: [basecommands.smx] "Console<0><Console><Console>" changed cvar (cvar "sv_maxrate") (value "100000")
L 07/12/2025 - 19:18:56: [basecommands.smx] "Console<0><Console><Console>" changed cvar (cvar "sv_minupdaterate") (value "100")
L 07/12/2025 - 19:18:56: [basecommands.smx] "Console<0><Console><Console>" changed cvar (cvar "sv_maxupdaterate") (value "100")
L 07/12/2025 - 19:18:56: [basecommands.smx] "Console<0><Console><Console>" changed cvar (cvar "sv_mincmdrate") (value "100")
L 07/12/2025 - 19:18:56: [basecommands.smx] "Console<0><Console><Console>" changed cvar (cvar "sv_maxcmdrate") (value "100")
L 07/12/2025 - 19:18:56: [basecommands.smx] "Console<0><Console><Console>" changed cvar (cvar "sv_client_min_interp_ratio") (value "-1")
L 07/12/2025 - 19:18:56: [basecommands.smx] "Console<0><Console><Console>" changed cvar (cvar "sv_client_max_interp_ratio") (value "0")
L 07/12/2025 - 19:18:56: [basecommands.smx] "Console<0><Console><Console>" changed cvar (cvar "nb_update_frequency") (value "0.014")
L 07/12/2025 - 19:18:56: [basecommands.smx] "Console<0><Console><Console>" changed cvar (cvar "net_splitpacket_maxrate") (value "50000")
L 07/12/2025 - 19:18:56: [basecommands.smx] "Console<0><Console><Console>" changed cvar (cvar "net_maxcleartime") (value "0.0001")
L 07/12/2025 - 19:18:56: [basecommands.smx] "Console<0><Console><Console>" changed cvar (cvar "fps_max") (value "0")
L 07/12/2025 - 19:18:56: [basecommands.smx] "Console<0><Console><Console>" changed cvar (cvar "tick_door_speed") (value "1.3")
L 07/12/2025 - 19:18:56: [basecommands.smx] "Console<0><Console><Console>" changed cvar (cvar "mv_maxplayers") (value "30")
L 07/12/2025 - 19:18:56: [basecommands.smx] "Console<0><Console><Console>" changed cvar (cvar "mp_autoteambalance") (value "0")
L 07/12/2025 - 19:18:56: [basecommands.smx] "Console<0><Console><Console>" changed cvar (cvar "sv_unlag_fixstuck") (value "1")
L 07/12/2025 - 19:18:56: [basecommands.smx] "Console<0><Console><Console>" changed cvar (cvar "z_brawl_chance") (value "0")
L 07/12/2025 - 19:18:56: [basecommands.smx] "Console<0><Console><Console>" changed cvar (cvar "sv_maxunlag") (value "1")
L 07/12/2025 - 19:18:56: [basecommands.smx] "Console<0><Console><Console>" changed cvar (cvar "sv_forcepreload") (value "1")
L 07/12/2025 - 19:18:56: [basecommands.smx] "Console<0><Console><Console>" changed cvar (cvar "sv_client_predict") (value "1")
L 07/12/2025 - 19:18:56: [basecommands.smx] "Console<0><Console><Console>" changed cvar (cvar "sv_client_cmdrate_difference") (value "0")
L 07/12/2025 - 19:18:56: [basecommands.smx] "Console<0><Console><Console>" changed cvar (cvar "sv_max_queries_sec_global") (value "10")
L 07/12/2025 - 19:18:56: [basecommands.smx] "Console<0><Console><Console>" changed cvar (cvar "sv_max_queries_sec") (value "3")
L 07/12/2025 - 19:18:56: [basecommands.smx] "Console<0><Console><Console>" changed cvar (cvar "sv_max_queries_window") (value "10")
L 07/12/2025 - 19:18:56: [basecommands.smx] "Console<0><Console><Console>" changed cvar (cvar "sv_player_stuck_tolerance") (value "5")
L 07/12/2025 - 19:18:56: [basecommands.smx] "Console<0><Console><Console>" changed cvar (cvar "sv_stats") (value "0")
L 07/12/2025 - 19:18:56: [basecommands.smx] "Console<0><Console><Console>" changed cvar (cvar "sv_clockcorrection_msecs") (value "25")
L 07/12/2025 - 19:18:57: [optional/chat-processor.smx] Message formats generated for game 'left4dead2'.
L 07/12/2025 - 19:18:57: [optional/chat-processor.smx] Successfully hooked a SayText2 chat hook.
L 07/12/2025 - 19:18:57: [optional/l4d2_saferoom_item_remove.smx] Removed 0 saferoom item(s) (start: 0; end: 0).
L 07/12/2025 - 19:23:41: SourceMod log file session started (file "/root/Steam/steamapps/common/L4D21/left4dead2/addons/sourcemod/logs/L20250712.log") (Version "1.12.0.7195")
L 07/12/2025 - 19:23:41: [fixes/firebulletsfix.smx] Found offset for Weapon_ShootPosition 286
L 07/12/2025 - 19:23:43: [basecommands.smx] "Console<0><Console><Console>" changed cvar (cvar "confogl_match_execcfg_plugins") (value "generalfixes.cfg;confogl_plugins.cfg;sharedplugins.cfg")
L 07/12/2025 - 19:23:43: [basecommands.smx] "Console<0><Console><Console>" changed cvar (cvar "l4d2_addons_eclipse") (value "0")
L 07/12/2025 - 19:23:43: [basecommands.smx] "Console<0><Console><Console>" changed cvar (cvar "sv_allow_wait_command") (value "0")
L 07/12/2025 - 19:23:43: [basecommands.smx] "Console<0><Console><Console>" changed cvar (cvar "sv_minrate") (value "100000")
L 07/12/2025 - 19:23:43: [basecommands.smx] "Console<0><Console><Console>" changed cvar (cvar "sv_maxrate") (value "100000")
L 07/12/2025 - 19:23:43: [basecommands.smx] "Console<0><Console><Console>" changed cvar (cvar "sv_minupdaterate") (value "100")
L 07/12/2025 - 19:23:43: [basecommands.smx] "Console<0><Console><Console>" changed cvar (cvar "sv_maxupdaterate") (value "100")
L 07/12/2025 - 19:23:43: [basecommands.smx] "Console<0><Console><Console>" changed cvar (cvar "sv_mincmdrate") (value "100")
L 07/12/2025 - 19:23:43: [basecommands.smx] "Console<0><Console><Console>" changed cvar (cvar "sv_maxcmdrate") (value "100")
L 07/12/2025 - 19:23:43: [basecommands.smx] "Console<0><Console><Console>" changed cvar (cvar "sv_client_min_interp_ratio") (value "-1")
L 07/12/2025 - 19:23:43: [basecommands.smx] "Console<0><Console><Console>" changed cvar (cvar "sv_client_max_interp_ratio") (value "0")
L 07/12/2025 - 19:23:43: [basecommands.smx] "Console<0><Console><Console>" changed cvar (cvar "nb_update_frequency") (value "0.014")
L 07/12/2025 - 19:23:43: [basecommands.smx] "Console<0><Console><Console>" changed cvar (cvar "net_splitpacket_maxrate") (value "50000")
L 07/12/2025 - 19:23:43: [basecommands.smx] "Console<0><Console><Console>" changed cvar (cvar "net_maxcleartime") (value "0.0001")
L 07/12/2025 - 19:23:43: [basecommands.smx] "Console<0><Console><Console>" changed cvar (cvar "fps_max") (value "0")
L 07/12/2025 - 19:23:43: [basecommands.smx] "Console<0><Console><Console>" changed cvar (cvar "tick_door_speed") (value "1.3")
L 07/12/2025 - 19:23:43: [basecommands.smx] "Console<0><Console><Console>" changed cvar (cvar "mv_maxplayers") (value "30")
L 07/12/2025 - 19:23:43: [basecommands.smx] "Console<0><Console><Console>" changed cvar (cvar "mp_autoteambalance") (value "0")
L 07/12/2025 - 19:23:43: [basecommands.smx] "Console<0><Console><Console>" changed cvar (cvar "sv_unlag_fixstuck") (value "1")
L 07/12/2025 - 19:23:43: [basecommands.smx] "Console<0><Console><Console>" changed cvar (cvar "z_brawl_chance") (value "0")
L 07/12/2025 - 19:23:43: [basecommands.smx] "Console<0><Console><Console>" changed cvar (cvar "sv_maxunlag") (value "1")
L 07/12/2025 - 19:23:43: [basecommands.smx] "Console<0><Console><Console>" changed cvar (cvar "sv_forcepreload") (value "1")
L 07/12/2025 - 19:23:43: [basecommands.smx] "Console<0><Console><Console>" changed cvar (cvar "sv_client_predict") (value "1")
L 07/12/2025 - 19:23:43: [basecommands.smx] "Console<0><Console><Console>" changed cvar (cvar "sv_client_cmdrate_difference") (value "0")
L 07/12/2025 - 19:23:43: [basecommands.smx] "Console<0><Console><Console>" changed cvar (cvar "sv_max_queries_sec_global") (value "10")
L 07/12/2025 - 19:23:43: [basecommands.smx] "Console<0><Console><Console>" changed cvar (cvar "sv_max_queries_sec") (value "3")
L 07/12/2025 - 19:23:43: [basecommands.smx] "Console<0><Console><Console>" changed cvar (cvar "sv_max_queries_window") (value "10")
L 07/12/2025 - 19:23:43: [basecommands.smx] "Console<0><Console><Console>" changed cvar (cvar "sv_player_stuck_tolerance") (value "5")
L 07/12/2025 - 19:23:43: [basecommands.smx] "Console<0><Console><Console>" changed cvar (cvar "sv_stats") (value "0")
L 07/12/2025 - 19:23:43: [basecommands.smx] "Console<0><Console><Console>" changed cvar (cvar "sv_clockcorrection_msecs") (value "25")
L 07/12/2025 - 19:23:43: [basecommands.smx] "Console<0><Console><Console>" changed cvar (cvar "survivor_max_incapacitated_count") (value "2")
L 07/12/2025 - 19:23:43: [fixes/firebulletsfix.smx] Found offset for Weapon_ShootPosition 286
L 07/12/2025 - 19:23:43: [optional/l4d2_item_hint.smx] 
==========
Warning: You should install "[L4D & L4D2] Use Priority Patch" to fix attached models blocking +USE action (item hint): https://forums.alliedmods.net/showthread.php?t=327511
==========

L 07/12/2025 - 19:23:44: [GEOIP] GeoIP2 database loaded: GeoLite2-Country (2023-12-22 14:46:10 UTC) (/root/Steam/steamapps/common/L4D21/left4dead2/addons/sourcemod/configs/geoip/GeoLite2-Country.mmdb)
L 07/12/2025 - 19:23:44: [GEOIP] GeoIP2 supported languages: de en es fr ja pt-BR ru zh-CN
L 07/12/2025 - 19:23:44: [GEOIP] Your database is older than 90 days. You should consider downloading a newer version from e.g. https://dev.maxmind.com/geoip/geolite2-free-geolocation-data
L 07/12/2025 - 19:23:44: [optional/chat-processor.smx] Message formats generated for game 'left4dead2'.
L 07/12/2025 - 19:23:44: [optional/chat-processor.smx] Successfully hooked a SayText2 chat hook.
L 07/12/2025 - 19:23:47: -------- Mapchange to c2m1_highway --------
L 07/12/2025 - 19:23:49: [basecommands.smx] "Console<0><Console><Console>" changed cvar (cvar "confogl_match_execcfg_plugins") (value "generalfixes.cfg;confogl_plugins.cfg;sharedplugins.cfg")
L 07/12/2025 - 19:23:49: [basecommands.smx] "Console<0><Console><Console>" changed cvar (cvar "l4d2_addons_eclipse") (value "0")
L 07/12/2025 - 19:23:49: [basecommands.smx] "Console<0><Console><Console>" changed cvar (cvar "sv_allow_wait_command") (value "0")
L 07/12/2025 - 19:23:49: [basecommands.smx] "Console<0><Console><Console>" changed cvar (cvar "sv_minrate") (value "100000")
L 07/12/2025 - 19:23:49: [basecommands.smx] "Console<0><Console><Console>" changed cvar (cvar "sv_maxrate") (value "100000")
L 07/12/2025 - 19:23:49: [basecommands.smx] "Console<0><Console><Console>" changed cvar (cvar "sv_minupdaterate") (value "100")
L 07/12/2025 - 19:23:49: [basecommands.smx] "Console<0><Console><Console>" changed cvar (cvar "sv_maxupdaterate") (value "100")
L 07/12/2025 - 19:23:49: [basecommands.smx] "Console<0><Console><Console>" changed cvar (cvar "sv_mincmdrate") (value "100")
L 07/12/2025 - 19:23:49: [basecommands.smx] "Console<0><Console><Console>" changed cvar (cvar "sv_maxcmdrate") (value "100")
L 07/12/2025 - 19:23:49: [basecommands.smx] "Console<0><Console><Console>" changed cvar (cvar "sv_client_min_interp_ratio") (value "-1")
L 07/12/2025 - 19:23:49: [basecommands.smx] "Console<0><Console><Console>" changed cvar (cvar "sv_client_max_interp_ratio") (value "0")
L 07/12/2025 - 19:23:49: [basecommands.smx] "Console<0><Console><Console>" changed cvar (cvar "nb_update_frequency") (value "0.014")
L 07/12/2025 - 19:23:49: [basecommands.smx] "Console<0><Console><Console>" changed cvar (cvar "net_splitpacket_maxrate") (value "50000")
L 07/12/2025 - 19:23:49: [basecommands.smx] "Console<0><Console><Console>" changed cvar (cvar "net_maxcleartime") (value "0.0001")
L 07/12/2025 - 19:23:49: [basecommands.smx] "Console<0><Console><Console>" changed cvar (cvar "fps_max") (value "0")
L 07/12/2025 - 19:23:49: [basecommands.smx] "Console<0><Console><Console>" changed cvar (cvar "tick_door_speed") (value "1.3")
L 07/12/2025 - 19:23:49: [basecommands.smx] "Console<0><Console><Console>" changed cvar (cvar "mv_maxplayers") (value "30")
L 07/12/2025 - 19:23:49: [basecommands.smx] "Console<0><Console><Console>" changed cvar (cvar "mp_autoteambalance") (value "0")
L 07/12/2025 - 19:23:49: [basecommands.smx] "Console<0><Console><Console>" changed cvar (cvar "sv_unlag_fixstuck") (value "1")
L 07/12/2025 - 19:23:49: [basecommands.smx] "Console<0><Console><Console>" changed cvar (cvar "z_brawl_chance") (value "0")
L 07/12/2025 - 19:23:49: [basecommands.smx] "Console<0><Console><Console>" changed cvar (cvar "sv_maxunlag") (value "1")
L 07/12/2025 - 19:23:49: [basecommands.smx] "Console<0><Console><Console>" changed cvar (cvar "sv_forcepreload") (value "1")
L 07/12/2025 - 19:23:49: [basecommands.smx] "Console<0><Console><Console>" changed cvar (cvar "sv_client_predict") (value "1")
L 07/12/2025 - 19:23:49: [basecommands.smx] "Console<0><Console><Console>" changed cvar (cvar "sv_client_cmdrate_difference") (value "0")
L 07/12/2025 - 19:23:49: [basecommands.smx] "Console<0><Console><Console>" changed cvar (cvar "sv_max_queries_sec_global") (value "10")
L 07/12/2025 - 19:23:49: [basecommands.smx] "Console<0><Console><Console>" changed cvar (cvar "sv_max_queries_sec") (value "3")
L 07/12/2025 - 19:23:49: [basecommands.smx] "Console<0><Console><Console>" changed cvar (cvar "sv_max_queries_window") (value "10")
L 07/12/2025 - 19:23:49: [basecommands.smx] "Console<0><Console><Console>" changed cvar (cvar "sv_player_stuck_tolerance") (value "5")
L 07/12/2025 - 19:23:49: [basecommands.smx] "Console<0><Console><Console>" changed cvar (cvar "sv_stats") (value "0")
L 07/12/2025 - 19:23:49: [basecommands.smx] "Console<0><Console><Console>" changed cvar (cvar "sv_clockcorrection_msecs") (value "25")
L 07/12/2025 - 19:23:49: [optional/chat-processor.smx] Message formats generated for game 'left4dead2'.
L 07/12/2025 - 19:23:49: [optional/chat-processor.smx] Successfully hooked a SayText2 chat hook.
L 07/12/2025 - 19:23:50: [optional/l4d2_saferoom_item_remove.smx] Removed 0 saferoom item(s) (start: 0; end: 0).
L 07/12/2025 - 19:24:36: [basecommands.smx] "Console<0><Console><Console>" changed map to "l4d2_city17_01" (input "l4d2_city17_01")
L 07/12/2025 - 19:24:45: -------- Mapchange to l4d2_city17_01 --------
L 07/12/2025 - 19:24:46: [basecommands.smx] "Console<0><Console><Console>" changed cvar (cvar "confogl_match_execcfg_plugins") (value "generalfixes.cfg;confogl_plugins.cfg;sharedplugins.cfg")
L 07/12/2025 - 19:24:46: [basecommands.smx] "Console<0><Console><Console>" changed cvar (cvar "l4d2_addons_eclipse") (value "0")
L 07/12/2025 - 19:24:46: [basecommands.smx] "Console<0><Console><Console>" changed cvar (cvar "sv_allow_wait_command") (value "0")
L 07/12/2025 - 19:24:46: [basecommands.smx] "Console<0><Console><Console>" changed cvar (cvar "sv_minrate") (value "100000")
L 07/12/2025 - 19:24:46: [basecommands.smx] "Console<0><Console><Console>" changed cvar (cvar "sv_maxrate") (value "100000")
L 07/12/2025 - 19:24:46: [basecommands.smx] "Console<0><Console><Console>" changed cvar (cvar "sv_minupdaterate") (value "100")
L 07/12/2025 - 19:24:46: [basecommands.smx] "Console<0><Console><Console>" changed cvar (cvar "sv_maxupdaterate") (value "100")
L 07/12/2025 - 19:24:46: [basecommands.smx] "Console<0><Console><Console>" changed cvar (cvar "sv_mincmdrate") (value "100")
L 07/12/2025 - 19:24:46: [basecommands.smx] "Console<0><Console><Console>" changed cvar (cvar "sv_maxcmdrate") (value "100")
L 07/12/2025 - 19:24:46: [basecommands.smx] "Console<0><Console><Console>" changed cvar (cvar "sv_client_min_interp_ratio") (value "-1")
L 07/12/2025 - 19:24:46: [basecommands.smx] "Console<0><Console><Console>" changed cvar (cvar "sv_client_max_interp_ratio") (value "0")
L 07/12/2025 - 19:24:46: [basecommands.smx] "Console<0><Console><Console>" changed cvar (cvar "nb_update_frequency") (value "0.014")
L 07/12/2025 - 19:24:46: [basecommands.smx] "Console<0><Console><Console>" changed cvar (cvar "net_splitpacket_maxrate") (value "50000")
L 07/12/2025 - 19:24:46: [basecommands.smx] "Console<0><Console><Console>" changed cvar (cvar "net_maxcleartime") (value "0.0001")
L 07/12/2025 - 19:24:46: [basecommands.smx] "Console<0><Console><Console>" changed cvar (cvar "fps_max") (value "0")
L 07/12/2025 - 19:24:46: [basecommands.smx] "Console<0><Console><Console>" changed cvar (cvar "tick_door_speed") (value "1.3")
L 07/12/2025 - 19:24:46: [basecommands.smx] "Console<0><Console><Console>" changed cvar (cvar "mv_maxplayers") (value "30")
L 07/12/2025 - 19:24:46: [basecommands.smx] "Console<0><Console><Console>" changed cvar (cvar "mp_autoteambalance") (value "0")
L 07/12/2025 - 19:24:46: [basecommands.smx] "Console<0><Console><Console>" changed cvar (cvar "sv_unlag_fixstuck") (value "1")
L 07/12/2025 - 19:24:46: [basecommands.smx] "Console<0><Console><Console>" changed cvar (cvar "z_brawl_chance") (value "0")
L 07/12/2025 - 19:24:46: [basecommands.smx] "Console<0><Console><Console>" changed cvar (cvar "sv_maxunlag") (value "1")
L 07/12/2025 - 19:24:46: [basecommands.smx] "Console<0><Console><Console>" changed cvar (cvar "sv_forcepreload") (value "1")
L 07/12/2025 - 19:24:46: [basecommands.smx] "Console<0><Console><Console>" changed cvar (cvar "sv_client_predict") (value "1")
L 07/12/2025 - 19:24:46: [basecommands.smx] "Console<0><Console><Console>" changed cvar (cvar "sv_client_cmdrate_difference") (value "0")
L 07/12/2025 - 19:24:46: [basecommands.smx] "Console<0><Console><Console>" changed cvar (cvar "sv_max_queries_sec_global") (value "10")
L 07/12/2025 - 19:24:46: [basecommands.smx] "Console<0><Console><Console>" changed cvar (cvar "sv_max_queries_sec") (value "3")
L 07/12/2025 - 19:24:46: [basecommands.smx] "Console<0><Console><Console>" changed cvar (cvar "sv_max_queries_window") (value "10")
L 07/12/2025 - 19:24:46: [basecommands.smx] "Console<0><Console><Console>" changed cvar (cvar "sv_player_stuck_tolerance") (value "5")
L 07/12/2025 - 19:24:46: [basecommands.smx] "Console<0><Console><Console>" changed cvar (cvar "sv_stats") (value "0")
L 07/12/2025 - 19:24:46: [basecommands.smx] "Console<0><Console><Console>" changed cvar (cvar "sv_clockcorrection_msecs") (value "25")
L 07/12/2025 - 19:24:47: [optional/chat-processor.smx] Message formats generated for game 'left4dead2'.
L 07/12/2025 - 19:24:47: [optional/chat-processor.smx] Successfully hooked a SayText2 chat hook.
L 07/12/2025 - 19:24:48: [optional/l4d2_saferoom_item_remove.smx] Removed 3 saferoom item(s) (start: 2; end: 1).
L 07/12/2025 - 19:25:10: [basecommands.smx] "Console<0><Console><Console>" changed map to "dprm1_milltown_a" (input "dprm1_milltown_a")
L 07/12/2025 - 19:25:17: -------- Mapchange to dprm1_milltown_a --------
L 07/12/2025 - 19:25:19: [basecommands.smx] "Console<0><Console><Console>" changed cvar (cvar "confogl_match_execcfg_plugins") (value "generalfixes.cfg;confogl_plugins.cfg;sharedplugins.cfg")
L 07/12/2025 - 19:25:19: [basecommands.smx] "Console<0><Console><Console>" changed cvar (cvar "l4d2_addons_eclipse") (value "0")
L 07/12/2025 - 19:25:19: [basecommands.smx] "Console<0><Console><Console>" changed cvar (cvar "sv_allow_wait_command") (value "0")
L 07/12/2025 - 19:25:19: [basecommands.smx] "Console<0><Console><Console>" changed cvar (cvar "sv_minrate") (value "100000")
L 07/12/2025 - 19:25:19: [basecommands.smx] "Console<0><Console><Console>" changed cvar (cvar "sv_maxrate") (value "100000")
L 07/12/2025 - 19:25:19: [basecommands.smx] "Console<0><Console><Console>" changed cvar (cvar "sv_minupdaterate") (value "100")
L 07/12/2025 - 19:25:19: [basecommands.smx] "Console<0><Console><Console>" changed cvar (cvar "sv_maxupdaterate") (value "100")
L 07/12/2025 - 19:25:19: [basecommands.smx] "Console<0><Console><Console>" changed cvar (cvar "sv_mincmdrate") (value "100")
L 07/12/2025 - 19:25:19: [basecommands.smx] "Console<0><Console><Console>" changed cvar (cvar "sv_maxcmdrate") (value "100")
L 07/12/2025 - 19:25:19: [basecommands.smx] "Console<0><Console><Console>" changed cvar (cvar "sv_client_min_interp_ratio") (value "-1")
L 07/12/2025 - 19:25:19: [basecommands.smx] "Console<0><Console><Console>" changed cvar (cvar "sv_client_max_interp_ratio") (value "0")
L 07/12/2025 - 19:25:19: [basecommands.smx] "Console<0><Console><Console>" changed cvar (cvar "nb_update_frequency") (value "0.014")
L 07/12/2025 - 19:25:19: [basecommands.smx] "Console<0><Console><Console>" changed cvar (cvar "net_splitpacket_maxrate") (value "50000")
L 07/12/2025 - 19:25:19: [basecommands.smx] "Console<0><Console><Console>" changed cvar (cvar "net_maxcleartime") (value "0.0001")
L 07/12/2025 - 19:25:19: [basecommands.smx] "Console<0><Console><Console>" changed cvar (cvar "fps_max") (value "0")
L 07/12/2025 - 19:25:19: [basecommands.smx] "Console<0><Console><Console>" changed cvar (cvar "tick_door_speed") (value "1.3")
L 07/12/2025 - 19:25:19: [basecommands.smx] "Console<0><Console><Console>" changed cvar (cvar "mv_maxplayers") (value "30")
L 07/12/2025 - 19:25:19: [basecommands.smx] "Console<0><Console><Console>" changed cvar (cvar "mp_autoteambalance") (value "0")
L 07/12/2025 - 19:25:19: [basecommands.smx] "Console<0><Console><Console>" changed cvar (cvar "sv_unlag_fixstuck") (value "1")
L 07/12/2025 - 19:25:19: [basecommands.smx] "Console<0><Console><Console>" changed cvar (cvar "z_brawl_chance") (value "0")
L 07/12/2025 - 19:25:19: [basecommands.smx] "Console<0><Console><Console>" changed cvar (cvar "sv_maxunlag") (value "1")
L 07/12/2025 - 19:25:19: [basecommands.smx] "Console<0><Console><Console>" changed cvar (cvar "sv_forcepreload") (value "1")
L 07/12/2025 - 19:25:19: [basecommands.smx] "Console<0><Console><Console>" changed cvar (cvar "sv_client_predict") (value "1")
L 07/12/2025 - 19:25:19: [basecommands.smx] "Console<0><Console><Console>" changed cvar (cvar "sv_client_cmdrate_difference") (value "0")
L 07/12/2025 - 19:25:19: [basecommands.smx] "Console<0><Console><Console>" changed cvar (cvar "sv_max_queries_sec_global") (value "10")
L 07/12/2025 - 19:25:19: [basecommands.smx] "Console<0><Console><Console>" changed cvar (cvar "sv_max_queries_sec") (value "3")
L 07/12/2025 - 19:25:19: [basecommands.smx] "Console<0><Console><Console>" changed cvar (cvar "sv_max_queries_window") (value "10")
L 07/12/2025 - 19:25:19: [basecommands.smx] "Console<0><Console><Console>" changed cvar (cvar "sv_player_stuck_tolerance") (value "5")
L 07/12/2025 - 19:25:19: [basecommands.smx] "Console<0><Console><Console>" changed cvar (cvar "sv_stats") (value "0")
L 07/12/2025 - 19:25:19: [basecommands.smx] "Console<0><Console><Console>" changed cvar (cvar "sv_clockcorrection_msecs") (value "25")
L 07/12/2025 - 19:25:19: [optional/chat-processor.smx] Message formats generated for game 'left4dead2'.
L 07/12/2025 - 19:25:19: [optional/chat-processor.smx] Successfully hooked a SayText2 chat hook.
L 07/12/2025 - 19:25:20: [optional/l4d2_saferoom_item_remove.smx] Removed 0 saferoom item(s) (start: 0; end: 0).
L 07/12/2025 - 19:26:37: SourceMod log file session started (file "/root/Steam/steamapps/common/L4D21/left4dead2/addons/sourcemod/logs/L20250712.log") (Version "1.12.0.7195")
L 07/12/2025 - 19:26:37: [fixes/firebulletsfix.smx] Found offset for Weapon_ShootPosition 286
L 07/12/2025 - 19:26:39: [basecommands.smx] "Console<0><Console><Console>" changed cvar (cvar "confogl_match_execcfg_plugins") (value "generalfixes.cfg;confogl_plugins.cfg;sharedplugins.cfg")
L 07/12/2025 - 19:26:39: [basecommands.smx] "Console<0><Console><Console>" changed cvar (cvar "l4d2_addons_eclipse") (value "0")
L 07/12/2025 - 19:26:39: [basecommands.smx] "Console<0><Console><Console>" changed cvar (cvar "sv_allow_wait_command") (value "0")
L 07/12/2025 - 19:26:39: [basecommands.smx] "Console<0><Console><Console>" changed cvar (cvar "sv_minrate") (value "100000")
L 07/12/2025 - 19:26:39: [basecommands.smx] "Console<0><Console><Console>" changed cvar (cvar "sv_maxrate") (value "100000")
L 07/12/2025 - 19:26:39: [basecommands.smx] "Console<0><Console><Console>" changed cvar (cvar "sv_minupdaterate") (value "100")
L 07/12/2025 - 19:26:39: [basecommands.smx] "Console<0><Console><Console>" changed cvar (cvar "sv_maxupdaterate") (value "100")
L 07/12/2025 - 19:26:39: [basecommands.smx] "Console<0><Console><Console>" changed cvar (cvar "sv_mincmdrate") (value "100")
L 07/12/2025 - 19:26:39: [basecommands.smx] "Console<0><Console><Console>" changed cvar (cvar "sv_maxcmdrate") (value "100")
L 07/12/2025 - 19:26:39: [basecommands.smx] "Console<0><Console><Console>" changed cvar (cvar "sv_client_min_interp_ratio") (value "-1")
L 07/12/2025 - 19:26:39: [basecommands.smx] "Console<0><Console><Console>" changed cvar (cvar "sv_client_max_interp_ratio") (value "0")
L 07/12/2025 - 19:26:39: [basecommands.smx] "Console<0><Console><Console>" changed cvar (cvar "nb_update_frequency") (value "0.014")
L 07/12/2025 - 19:26:39: [basecommands.smx] "Console<0><Console><Console>" changed cvar (cvar "net_splitpacket_maxrate") (value "50000")
L 07/12/2025 - 19:26:39: [basecommands.smx] "Console<0><Console><Console>" changed cvar (cvar "net_maxcleartime") (value "0.0001")
L 07/12/2025 - 19:26:39: [basecommands.smx] "Console<0><Console><Console>" changed cvar (cvar "fps_max") (value "0")
L 07/12/2025 - 19:26:39: [basecommands.smx] "Console<0><Console><Console>" changed cvar (cvar "tick_door_speed") (value "1.3")
L 07/12/2025 - 19:26:39: [basecommands.smx] "Console<0><Console><Console>" changed cvar (cvar "mv_maxplayers") (value "30")
L 07/12/2025 - 19:26:39: [basecommands.smx] "Console<0><Console><Console>" changed cvar (cvar "mp_autoteambalance") (value "0")
L 07/12/2025 - 19:26:39: [basecommands.smx] "Console<0><Console><Console>" changed cvar (cvar "sv_unlag_fixstuck") (value "1")
L 07/12/2025 - 19:26:39: [basecommands.smx] "Console<0><Console><Console>" changed cvar (cvar "z_brawl_chance") (value "0")
L 07/12/2025 - 19:26:39: [basecommands.smx] "Console<0><Console><Console>" changed cvar (cvar "sv_maxunlag") (value "1")
L 07/12/2025 - 19:26:39: [basecommands.smx] "Console<0><Console><Console>" changed cvar (cvar "sv_forcepreload") (value "1")
L 07/12/2025 - 19:26:39: [basecommands.smx] "Console<0><Console><Console>" changed cvar (cvar "sv_client_predict") (value "1")
L 07/12/2025 - 19:26:39: [basecommands.smx] "Console<0><Console><Console>" changed cvar (cvar "sv_client_cmdrate_difference") (value "0")
L 07/12/2025 - 19:26:39: [basecommands.smx] "Console<0><Console><Console>" changed cvar (cvar "sv_max_queries_sec_global") (value "10")
L 07/12/2025 - 19:26:39: [basecommands.smx] "Console<0><Console><Console>" changed cvar (cvar "sv_max_queries_sec") (value "3")
L 07/12/2025 - 19:26:39: [basecommands.smx] "Console<0><Console><Console>" changed cvar (cvar "sv_max_queries_window") (value "10")
L 07/12/2025 - 19:26:39: [basecommands.smx] "Console<0><Console><Console>" changed cvar (cvar "sv_player_stuck_tolerance") (value "5")
L 07/12/2025 - 19:26:39: [basecommands.smx] "Console<0><Console><Console>" changed cvar (cvar "sv_stats") (value "0")
L 07/12/2025 - 19:26:39: [basecommands.smx] "Console<0><Console><Console>" changed cvar (cvar "sv_clockcorrection_msecs") (value "25")
L 07/12/2025 - 19:26:39: [basecommands.smx] "Console<0><Console><Console>" changed cvar (cvar "survivor_max_incapacitated_count") (value "2")
L 07/12/2025 - 19:26:40: [fixes/firebulletsfix.smx] Found offset for Weapon_ShootPosition 286
L 07/12/2025 - 19:26:40: [optional/l4d2_item_hint.smx] 
==========
Warning: You should install "[L4D & L4D2] Use Priority Patch" to fix attached models blocking +USE action (item hint): https://forums.alliedmods.net/showthread.php?t=327511
==========

L 07/12/2025 - 19:26:40: [GEOIP] GeoIP2 database loaded: GeoLite2-Country (2023-12-22 14:46:10 UTC) (/root/Steam/steamapps/common/L4D21/left4dead2/addons/sourcemod/configs/geoip/GeoLite2-Country.mmdb)
L 07/12/2025 - 19:26:40: [GEOIP] GeoIP2 supported languages: de en es fr ja pt-BR ru zh-CN
L 07/12/2025 - 19:26:40: [GEOIP] Your database is older than 90 days. You should consider downloading a newer version from e.g. https://dev.maxmind.com/geoip/geolite2-free-geolocation-data
L 07/12/2025 - 19:26:41: [optional/chat-processor.smx] Message formats generated for game 'left4dead2'.
L 07/12/2025 - 19:26:41: [optional/chat-processor.smx] Successfully hooked a SayText2 chat hook.
L 07/12/2025 - 19:26:44: -------- Mapchange to c2m1_highway --------
L 07/12/2025 - 19:26:45: [basecommands.smx] "Console<0><Console><Console>" changed cvar (cvar "confogl_match_execcfg_plugins") (value "generalfixes.cfg;confogl_plugins.cfg;sharedplugins.cfg")
L 07/12/2025 - 19:26:45: [basecommands.smx] "Console<0><Console><Console>" changed cvar (cvar "l4d2_addons_eclipse") (value "0")
L 07/12/2025 - 19:26:45: [basecommands.smx] "Console<0><Console><Console>" changed cvar (cvar "sv_allow_wait_command") (value "0")
L 07/12/2025 - 19:26:45: [basecommands.smx] "Console<0><Console><Console>" changed cvar (cvar "sv_minrate") (value "100000")
L 07/12/2025 - 19:26:45: [basecommands.smx] "Console<0><Console><Console>" changed cvar (cvar "sv_maxrate") (value "100000")
L 07/12/2025 - 19:26:45: [basecommands.smx] "Console<0><Console><Console>" changed cvar (cvar "sv_minupdaterate") (value "100")
L 07/12/2025 - 19:26:45: [basecommands.smx] "Console<0><Console><Console>" changed cvar (cvar "sv_maxupdaterate") (value "100")
L 07/12/2025 - 19:26:45: [basecommands.smx] "Console<0><Console><Console>" changed cvar (cvar "sv_mincmdrate") (value "100")
L 07/12/2025 - 19:26:45: [basecommands.smx] "Console<0><Console><Console>" changed cvar (cvar "sv_maxcmdrate") (value "100")
L 07/12/2025 - 19:26:45: [basecommands.smx] "Console<0><Console><Console>" changed cvar (cvar "sv_client_min_interp_ratio") (value "-1")
L 07/12/2025 - 19:26:45: [basecommands.smx] "Console<0><Console><Console>" changed cvar (cvar "sv_client_max_interp_ratio") (value "0")
L 07/12/2025 - 19:26:45: [basecommands.smx] "Console<0><Console><Console>" changed cvar (cvar "nb_update_frequency") (value "0.014")
L 07/12/2025 - 19:26:45: [basecommands.smx] "Console<0><Console><Console>" changed cvar (cvar "net_splitpacket_maxrate") (value "50000")
L 07/12/2025 - 19:26:45: [basecommands.smx] "Console<0><Console><Console>" changed cvar (cvar "net_maxcleartime") (value "0.0001")
L 07/12/2025 - 19:26:45: [basecommands.smx] "Console<0><Console><Console>" changed cvar (cvar "fps_max") (value "0")
L 07/12/2025 - 19:26:45: [basecommands.smx] "Console<0><Console><Console>" changed cvar (cvar "tick_door_speed") (value "1.3")
L 07/12/2025 - 19:26:45: [basecommands.smx] "Console<0><Console><Console>" changed cvar (cvar "mv_maxplayers") (value "30")
L 07/12/2025 - 19:26:45: [basecommands.smx] "Console<0><Console><Console>" changed cvar (cvar "mp_autoteambalance") (value "0")
L 07/12/2025 - 19:26:45: [basecommands.smx] "Console<0><Console><Console>" changed cvar (cvar "sv_unlag_fixstuck") (value "1")
L 07/12/2025 - 19:26:45: [basecommands.smx] "Console<0><Console><Console>" changed cvar (cvar "z_brawl_chance") (value "0")
L 07/12/2025 - 19:26:45: [basecommands.smx] "Console<0><Console><Console>" changed cvar (cvar "sv_maxunlag") (value "1")
L 07/12/2025 - 19:26:45: [basecommands.smx] "Console<0><Console><Console>" changed cvar (cvar "sv_forcepreload") (value "1")
L 07/12/2025 - 19:26:45: [basecommands.smx] "Console<0><Console><Console>" changed cvar (cvar "sv_client_predict") (value "1")
L 07/12/2025 - 19:26:45: [basecommands.smx] "Console<0><Console><Console>" changed cvar (cvar "sv_client_cmdrate_difference") (value "0")
L 07/12/2025 - 19:26:45: [basecommands.smx] "Console<0><Console><Console>" changed cvar (cvar "sv_max_queries_sec_global") (value "10")
L 07/12/2025 - 19:26:45: [basecommands.smx] "Console<0><Console><Console>" changed cvar (cvar "sv_max_queries_sec") (value "3")
L 07/12/2025 - 19:26:45: [basecommands.smx] "Console<0><Console><Console>" changed cvar (cvar "sv_max_queries_window") (value "10")
L 07/12/2025 - 19:26:45: [basecommands.smx] "Console<0><Console><Console>" changed cvar (cvar "sv_player_stuck_tolerance") (value "5")
L 07/12/2025 - 19:26:45: [basecommands.smx] "Console<0><Console><Console>" changed cvar (cvar "sv_stats") (value "0")
L 07/12/2025 - 19:26:45: [basecommands.smx] "Console<0><Console><Console>" changed cvar (cvar "sv_clockcorrection_msecs") (value "25")
L 07/12/2025 - 19:26:46: [optional/chat-processor.smx] Message formats generated for game 'left4dead2'.
L 07/12/2025 - 19:26:46: [optional/chat-processor.smx] Successfully hooked a SayText2 chat hook.
L 07/12/2025 - 19:26:46: [optional/l4d2_saferoom_item_remove.smx] Removed 0 saferoom item(s) (start: 0; end: 0).
L 07/12/2025 - 19:50:54: [fixes/firebulletsfix.smx] Found offset for Weapon_ShootPosition 286
L 07/12/2025 - 19:50:54: [confoglcompmod.smx] [PasswordSystem] Set password on ᗜ◡ᗜ, password 
L 07/12/2025 - 19:50:54: [confoglcompmod.smx] [PasswordSystem] Set password on 思, password 
L 07/12/2025 - 19:50:55: [basecommands.smx] "Console<0><Console><Console>" changed cvar (cvar "survivor_max_incapacitated_count") (value "2")
L 07/12/2025 - 19:50:57: [fixes/firebulletsfix.smx] Found offset for Weapon_ShootPosition 286
L 07/12/2025 - 19:50:58: [confoglcompmod.smx] [PasswordSystem] Set password on ᗜ◡ᗜ, password 
L 07/12/2025 - 19:50:58: [confoglcompmod.smx] [PasswordSystem] Set password on 思, password 
L 07/12/2025 - 19:50:58: [optional/l4d2_item_hint.smx] 
==========
Warning: You should install "[L4D & L4D2] Use Priority Patch" to fix attached models blocking +USE action (item hint): https://forums.alliedmods.net/showthread.php?t=327511
==========

L 07/12/2025 - 19:50:58: [optional/chat-processor.smx] Message formats generated for game 'left4dead2'.
L 07/12/2025 - 19:50:58: [optional/chat-processor.smx] Successfully hooked a SayText2 chat hook.
L 07/12/2025 - 19:51:02: -------- Mapchange to c2m1_highway --------
L 07/12/2025 - 19:51:03: [basecommands.smx] "Console<0><Console><Console>" changed cvar (cvar "confogl_match_execcfg_plugins") (value "generalfixes.cfg;confogl_plugins.cfg;sharedplugins.cfg")
L 07/12/2025 - 19:51:03: [basecommands.smx] "Console<0><Console><Console>" changed cvar (cvar "l4d2_addons_eclipse") (value "0")
L 07/12/2025 - 19:51:03: [basecommands.smx] "Console<0><Console><Console>" changed cvar (cvar "sv_allow_wait_command") (value "0")
L 07/12/2025 - 19:51:03: [basecommands.smx] "Console<0><Console><Console>" changed cvar (cvar "sv_minrate") (value "100000")
L 07/12/2025 - 19:51:03: [basecommands.smx] "Console<0><Console><Console>" changed cvar (cvar "sv_maxrate") (value "100000")
L 07/12/2025 - 19:51:03: [basecommands.smx] "Console<0><Console><Console>" changed cvar (cvar "sv_minupdaterate") (value "100")
L 07/12/2025 - 19:51:03: [basecommands.smx] "Console<0><Console><Console>" changed cvar (cvar "sv_maxupdaterate") (value "100")
L 07/12/2025 - 19:51:03: [basecommands.smx] "Console<0><Console><Console>" changed cvar (cvar "sv_mincmdrate") (value "100")
L 07/12/2025 - 19:51:03: [basecommands.smx] "Console<0><Console><Console>" changed cvar (cvar "sv_maxcmdrate") (value "100")
L 07/12/2025 - 19:51:03: [basecommands.smx] "Console<0><Console><Console>" changed cvar (cvar "sv_client_min_interp_ratio") (value "-1")
L 07/12/2025 - 19:51:03: [basecommands.smx] "Console<0><Console><Console>" changed cvar (cvar "sv_client_max_interp_ratio") (value "0")
L 07/12/2025 - 19:51:03: [basecommands.smx] "Console<0><Console><Console>" changed cvar (cvar "nb_update_frequency") (value "0.014")
L 07/12/2025 - 19:51:03: [basecommands.smx] "Console<0><Console><Console>" changed cvar (cvar "net_splitpacket_maxrate") (value "50000")
L 07/12/2025 - 19:51:03: [basecommands.smx] "Console<0><Console><Console>" changed cvar (cvar "net_maxcleartime") (value "0.0001")
L 07/12/2025 - 19:51:03: [basecommands.smx] "Console<0><Console><Console>" changed cvar (cvar "fps_max") (value "0")
L 07/12/2025 - 19:51:03: [basecommands.smx] "Console<0><Console><Console>" changed cvar (cvar "tick_door_speed") (value "1.3")
L 07/12/2025 - 19:51:03: [basecommands.smx] "Console<0><Console><Console>" changed cvar (cvar "mv_maxplayers") (value "30")
L 07/12/2025 - 19:51:03: [basecommands.smx] "Console<0><Console><Console>" changed cvar (cvar "mp_autoteambalance") (value "0")
L 07/12/2025 - 19:51:03: [basecommands.smx] "Console<0><Console><Console>" changed cvar (cvar "sv_unlag_fixstuck") (value "1")
L 07/12/2025 - 19:51:03: [basecommands.smx] "Console<0><Console><Console>" changed cvar (cvar "z_brawl_chance") (value "0")
L 07/12/2025 - 19:51:03: [basecommands.smx] "Console<0><Console><Console>" changed cvar (cvar "sv_maxunlag") (value "1")
L 07/12/2025 - 19:51:03: [basecommands.smx] "Console<0><Console><Console>" changed cvar (cvar "sv_forcepreload") (value "1")
L 07/12/2025 - 19:51:03: [basecommands.smx] "Console<0><Console><Console>" changed cvar (cvar "sv_client_predict") (value "1")
L 07/12/2025 - 19:51:03: [basecommands.smx] "Console<0><Console><Console>" changed cvar (cvar "sv_client_cmdrate_difference") (value "0")
L 07/12/2025 - 19:51:03: [basecommands.smx] "Console<0><Console><Console>" changed cvar (cvar "sv_max_queries_sec_global") (value "10")
L 07/12/2025 - 19:51:03: [basecommands.smx] "Console<0><Console><Console>" changed cvar (cvar "sv_max_queries_sec") (value "3")
L 07/12/2025 - 19:51:03: [basecommands.smx] "Console<0><Console><Console>" changed cvar (cvar "sv_max_queries_window") (value "10")
L 07/12/2025 - 19:51:03: [basecommands.smx] "Console<0><Console><Console>" changed cvar (cvar "sv_player_stuck_tolerance") (value "5")
L 07/12/2025 - 19:51:03: [basecommands.smx] "Console<0><Console><Console>" changed cvar (cvar "sv_stats") (value "0")
L 07/12/2025 - 19:51:03: [basecommands.smx] "Console<0><Console><Console>" changed cvar (cvar "sv_clockcorrection_msecs") (value "25")
L 07/12/2025 - 19:51:03: [optional/chat-processor.smx] Message formats generated for game 'left4dead2'.
L 07/12/2025 - 19:51:03: [optional/chat-processor.smx] Successfully hooked a SayText2 chat hook.
L 07/12/2025 - 19:51:04: [optional/l4d2_saferoom_item_remove.smx] Removed 0 saferoom item(s) (start: 0; end: 0).
L 07/12/2025 - 19:56:49: -------- Mapchange to c5m1_waterfront --------
L 07/12/2025 - 19:56:50: [basecommands.smx] "Console<0><Console><Console>" changed cvar (cvar "confogl_match_execcfg_plugins") (value "generalfixes.cfg;confogl_plugins.cfg;sharedplugins.cfg")
L 07/12/2025 - 19:56:50: [basecommands.smx] "Console<0><Console><Console>" changed cvar (cvar "l4d2_addons_eclipse") (value "0")
L 07/12/2025 - 19:56:50: [basecommands.smx] "Console<0><Console><Console>" changed cvar (cvar "sv_allow_wait_command") (value "0")
L 07/12/2025 - 19:56:50: [basecommands.smx] "Console<0><Console><Console>" changed cvar (cvar "sv_minrate") (value "100000")
L 07/12/2025 - 19:56:50: [basecommands.smx] "Console<0><Console><Console>" changed cvar (cvar "sv_maxrate") (value "100000")
L 07/12/2025 - 19:56:50: [basecommands.smx] "Console<0><Console><Console>" changed cvar (cvar "sv_minupdaterate") (value "100")
L 07/12/2025 - 19:56:50: [basecommands.smx] "Console<0><Console><Console>" changed cvar (cvar "sv_maxupdaterate") (value "100")
L 07/12/2025 - 19:56:50: [basecommands.smx] "Console<0><Console><Console>" changed cvar (cvar "sv_mincmdrate") (value "100")
L 07/12/2025 - 19:56:50: [basecommands.smx] "Console<0><Console><Console>" changed cvar (cvar "sv_maxcmdrate") (value "100")
L 07/12/2025 - 19:56:50: [basecommands.smx] "Console<0><Console><Console>" changed cvar (cvar "sv_client_min_interp_ratio") (value "-1")
L 07/12/2025 - 19:56:50: [basecommands.smx] "Console<0><Console><Console>" changed cvar (cvar "sv_client_max_interp_ratio") (value "0")
L 07/12/2025 - 19:56:50: [basecommands.smx] "Console<0><Console><Console>" changed cvar (cvar "nb_update_frequency") (value "0.014")
L 07/12/2025 - 19:56:50: [basecommands.smx] "Console<0><Console><Console>" changed cvar (cvar "net_splitpacket_maxrate") (value "50000")
L 07/12/2025 - 19:56:50: [basecommands.smx] "Console<0><Console><Console>" changed cvar (cvar "net_maxcleartime") (value "0.0001")
L 07/12/2025 - 19:56:50: [basecommands.smx] "Console<0><Console><Console>" changed cvar (cvar "fps_max") (value "0")
L 07/12/2025 - 19:56:50: [basecommands.smx] "Console<0><Console><Console>" changed cvar (cvar "tick_door_speed") (value "1.3")
L 07/12/2025 - 19:56:50: [basecommands.smx] "Console<0><Console><Console>" changed cvar (cvar "mv_maxplayers") (value "30")
L 07/12/2025 - 19:56:50: [basecommands.smx] "Console<0><Console><Console>" changed cvar (cvar "mp_autoteambalance") (value "0")
L 07/12/2025 - 19:56:50: [basecommands.smx] "Console<0><Console><Console>" changed cvar (cvar "sv_unlag_fixstuck") (value "1")
L 07/12/2025 - 19:56:50: [basecommands.smx] "Console<0><Console><Console>" changed cvar (cvar "z_brawl_chance") (value "0")
L 07/12/2025 - 19:56:50: [basecommands.smx] "Console<0><Console><Console>" changed cvar (cvar "sv_maxunlag") (value "1")
L 07/12/2025 - 19:56:50: [basecommands.smx] "Console<0><Console><Console>" changed cvar (cvar "sv_forcepreload") (value "1")
L 07/12/2025 - 19:56:50: [basecommands.smx] "Console<0><Console><Console>" changed cvar (cvar "sv_client_predict") (value "1")
L 07/12/2025 - 19:56:50: [basecommands.smx] "Console<0><Console><Console>" changed cvar (cvar "sv_client_cmdrate_difference") (value "0")
L 07/12/2025 - 19:56:50: [basecommands.smx] "Console<0><Console><Console>" changed cvar (cvar "sv_max_queries_sec_global") (value "10")
L 07/12/2025 - 19:56:50: [basecommands.smx] "Console<0><Console><Console>" changed cvar (cvar "sv_max_queries_sec") (value "3")
L 07/12/2025 - 19:56:50: [basecommands.smx] "Console<0><Console><Console>" changed cvar (cvar "sv_max_queries_window") (value "10")
L 07/12/2025 - 19:56:50: [basecommands.smx] "Console<0><Console><Console>" changed cvar (cvar "sv_player_stuck_tolerance") (value "5")
L 07/12/2025 - 19:56:50: [basecommands.smx] "Console<0><Console><Console>" changed cvar (cvar "sv_stats") (value "0")
L 07/12/2025 - 19:56:50: [basecommands.smx] "Console<0><Console><Console>" changed cvar (cvar "sv_clockcorrection_msecs") (value "25")
L 07/12/2025 - 19:56:50: [optional/chat-processor.smx] Message formats generated for game 'left4dead2'.
L 07/12/2025 - 19:56:50: [optional/chat-processor.smx] Successfully hooked a SayText2 chat hook.
L 07/12/2025 - 19:56:51: [optional/l4d2_saferoom_item_remove.smx] Removed 3 saferoom item(s) (start: 1; end: 2).
L 07/12/2025 - 19:59:41: [basebans.smx] "思<3><STEAM_1:0:923062785><>" banned "ᗜ◡ᗜ<2><STEAM_1:1:590841514><>" (minutes "10") (reason "Abusive")
L 07/12/2025 - 20:09:26: [playercommands.smx] "Kobe Bryant<28><STEAM_1:1:801237070><>" slapped "Yy<17><STEAM_1:0:631481250><>" (damage "0")
L 07/12/2025 - 20:09:26: [playercommands.smx] "Kobe Bryant<28><STEAM_1:1:801237070><>" slapped "Yy<17><STEAM_1:0:631481250><>" (damage "0")
L 07/12/2025 - 20:09:27: [playercommands.smx] "Kobe Bryant<28><STEAM_1:1:801237070><>" slapped "Yy<17><STEAM_1:0:631481250><>" (damage "0")
L 07/12/2025 - 20:09:27: [playercommands.smx] "Kobe Bryant<28><STEAM_1:1:801237070><>" slapped "Yy<17><STEAM_1:0:631481250><>" (damage "0")
L 07/12/2025 - 20:09:27: [playercommands.smx] "Kobe Bryant<28><STEAM_1:1:801237070><>" slapped "Yy<17><STEAM_1:0:631481250><>" (damage "0")
L 07/12/2025 - 20:09:27: [playercommands.smx] "Kobe Bryant<28><STEAM_1:1:801237070><>" slapped "Yy<17><STEAM_1:0:631481250><>" (damage "0")
L 07/12/2025 - 20:09:27: [playercommands.smx] "Kobe Bryant<28><STEAM_1:1:801237070><>" slapped "Yy<17><STEAM_1:0:631481250><>" (damage "0")
L 07/12/2025 - 20:09:27: [playercommands.smx] "Kobe Bryant<28><STEAM_1:1:801237070><>" slapped "Yy<17><STEAM_1:0:631481250><>" (damage "0")
L 07/12/2025 - 20:09:28: [playercommands.smx] "Kobe Bryant<28><STEAM_1:1:801237070><>" slapped "Yy<17><STEAM_1:0:631481250><>" (damage "0")
L 07/12/2025 - 20:09:28: [playercommands.smx] "Kobe Bryant<28><STEAM_1:1:801237070><>" slapped "Yy<17><STEAM_1:0:631481250><>" (damage "0")
L 07/12/2025 - 20:09:28: [playercommands.smx] "Kobe Bryant<28><STEAM_1:1:801237070><>" slapped "Yy<17><STEAM_1:0:631481250><>" (damage "0")
L 07/12/2025 - 20:09:28: [playercommands.smx] "Kobe Bryant<28><STEAM_1:1:801237070><>" slapped "Yy<17><STEAM_1:0:631481250><>" (damage "0")
L 07/12/2025 - 20:09:28: [playercommands.smx] "Kobe Bryant<28><STEAM_1:1:801237070><>" slapped "Yy<17><STEAM_1:0:631481250><>" (damage "0")
L 07/12/2025 - 20:09:28: [playercommands.smx] "Kobe Bryant<28><STEAM_1:1:801237070><>" slapped "Yy<17><STEAM_1:0:631481250><>" (damage "0")
L 07/12/2025 - 20:09:29: [playercommands.smx] "Kobe Bryant<28><STEAM_1:1:801237070><>" slapped "Yy<17><STEAM_1:0:631481250><>" (damage "0")
L 07/12/2025 - 20:09:29: [playercommands.smx] "Kobe Bryant<28><STEAM_1:1:801237070><>" slapped "Yy<17><STEAM_1:0:631481250><>" (damage "0")
L 07/12/2025 - 20:09:29: [playercommands.smx] "Kobe Bryant<28><STEAM_1:1:801237070><>" slapped "Yy<17><STEAM_1:0:631481250><>" (damage "0")
L 07/12/2025 - 20:09:29: [playercommands.smx] "Kobe Bryant<28><STEAM_1:1:801237070><>" slapped "Yy<17><STEAM_1:0:631481250><>" (damage "0")
L 07/12/2025 - 20:09:29: [playercommands.smx] "Kobe Bryant<28><STEAM_1:1:801237070><>" slapped "Yy<17><STEAM_1:0:631481250><>" (damage "0")
L 07/12/2025 - 20:09:29: [playercommands.smx] "Kobe Bryant<28><STEAM_1:1:801237070><>" slapped "Yy<17><STEAM_1:0:631481250><>" (damage "0")
L 07/12/2025 - 20:09:33: [playercommands.smx] "(S)Kobe Bryant<28><STEAM_1:1:801237070><>" slapped "思<3><STEAM_1:0:923062785><>" (damage "0")
L 07/12/2025 - 20:09:33: [playercommands.smx] "(S)Kobe Bryant<28><STEAM_1:1:801237070><>" slapped "Rochelle<33><BOT><>" (damage "0")
L 07/12/2025 - 20:09:34: [playercommands.smx] "(S)Kobe Bryant<28><STEAM_1:1:801237070><>" slapped "Rochelle<33><BOT><>" (damage "0")
L 07/12/2025 - 20:09:34: [playercommands.smx] "(S)Kobe Bryant<28><STEAM_1:1:801237070><>" slapped "Rochelle<33><BOT><>" (damage "0")
L 07/12/2025 - 20:09:34: [playercommands.smx] "(S)Kobe Bryant<28><STEAM_1:1:801237070><>" slapped "Rochelle<33><BOT><>" (damage "0")
L 07/12/2025 - 20:09:36: [playercommands.smx] "(S)Kobe Bryant<28><STEAM_1:1:801237070><>" slapped "思<3><STEAM_1:0:923062785><>" (damage "0")
L 07/12/2025 - 20:09:41: [playercommands.smx] "(S)Kobe Bryant<28><STEAM_1:1:801237070><>" slapped "Yy<17><STEAM_1:0:631481250><>" (damage "0")
L 07/12/2025 - 20:09:41: [playercommands.smx] "(S)Kobe Bryant<28><STEAM_1:1:801237070><>" slapped "Yy<17><STEAM_1:0:631481250><>" (damage "0")
L 07/12/2025 - 20:09:41: [playercommands.smx] "(S)Kobe Bryant<28><STEAM_1:1:801237070><>" slapped "Yy<17><STEAM_1:0:631481250><>" (damage "0")
L 07/12/2025 - 20:09:41: [playercommands.smx] "(S)Kobe Bryant<28><STEAM_1:1:801237070><>" slapped "Yy<17><STEAM_1:0:631481250><>" (damage "0")
L 07/12/2025 - 20:09:42: [playercommands.smx] "(S)Kobe Bryant<28><STEAM_1:1:801237070><>" slapped "Yy<17><STEAM_1:0:631481250><>" (damage "0")
L 07/12/2025 - 20:09:42: [playercommands.smx] "(S)Kobe Bryant<28><STEAM_1:1:801237070><>" slapped "Yy<17><STEAM_1:0:631481250><>" (damage "0")
L 07/12/2025 - 20:09:42: [playercommands.smx] "(S)Kobe Bryant<28><STEAM_1:1:801237070><>" slapped "Yy<17><STEAM_1:0:631481250><>" (damage "0")
L 07/12/2025 - 20:09:42: [playercommands.smx] "(S)Kobe Bryant<28><STEAM_1:1:801237070><>" slapped "Yy<17><STEAM_1:0:631481250><>" (damage "0")
L 07/12/2025 - 20:09:43: [playercommands.smx] "(S)Kobe Bryant<28><STEAM_1:1:801237070><>" slapped "Yy<17><STEAM_1:0:631481250><>" (damage "0")
L 07/12/2025 - 20:09:43: [playercommands.smx] "(S)Kobe Bryant<28><STEAM_1:1:801237070><>" slapped "Yy<17><STEAM_1:0:631481250><>" (damage "0")
L 07/12/2025 - 20:09:43: [playercommands.smx] "(S)Kobe Bryant<28><STEAM_1:1:801237070><>" slapped "Yy<17><STEAM_1:0:631481250><>" (damage "0")
L 07/12/2025 - 20:09:43: [playercommands.smx] "(S)Kobe Bryant<28><STEAM_1:1:801237070><>" slapped "Yy<17><STEAM_1:0:631481250><>" (damage "0")
L 07/12/2025 - 20:09:43: [playercommands.smx] "(S)Kobe Bryant<28><STEAM_1:1:801237070><>" slapped "Yy<17><STEAM_1:0:631481250><>" (damage "0")
L 07/12/2025 - 20:09:43: [playercommands.smx] "(S)Kobe Bryant<28><STEAM_1:1:801237070><>" slapped "Yy<17><STEAM_1:0:631481250><>" (damage "0")
L 07/12/2025 - 20:09:44: [playercommands.smx] "(S)Kobe Bryant<28><STEAM_1:1:801237070><>" slapped "Yy<17><STEAM_1:0:631481250><>" (damage "0")
L 07/12/2025 - 20:09:44: [playercommands.smx] "(S)Kobe Bryant<28><STEAM_1:1:801237070><>" slapped "Yy<17><STEAM_1:0:631481250><>" (damage "0")
L 07/12/2025 - 20:09:44: [playercommands.smx] "(S)Kobe Bryant<28><STEAM_1:1:801237070><>" slapped "Yy<17><STEAM_1:0:631481250><>" (damage "0")
L 07/12/2025 - 20:09:44: [playercommands.smx] "(S)Kobe Bryant<28><STEAM_1:1:801237070><>" slapped "Yy<17><STEAM_1:0:631481250><>" (damage "0")
L 07/12/2025 - 20:09:45: [playercommands.smx] "(S)Kobe Bryant<28><STEAM_1:1:801237070><>" slapped "Rochelle<33><BOT><>" (damage "0")
L 07/12/2025 - 20:09:45: [playercommands.smx] "(S)Kobe Bryant<28><STEAM_1:1:801237070><>" slapped "Rochelle<33><BOT><>" (damage "0")
L 07/12/2025 - 20:09:45: [playercommands.smx] "(S)Kobe Bryant<28><STEAM_1:1:801237070><>" slapped "Rochelle<33><BOT><>" (damage "0")
L 07/12/2025 - 20:09:45: [playercommands.smx] "(S)Kobe Bryant<28><STEAM_1:1:801237070><>" slapped "Rochelle<33><BOT><>" (damage "0")
L 07/12/2025 - 20:09:45: [playercommands.smx] "(S)Kobe Bryant<28><STEAM_1:1:801237070><>" slapped "Rochelle<33><BOT><>" (damage "0")
L 07/12/2025 - 20:09:45: [playercommands.smx] "(S)Kobe Bryant<28><STEAM_1:1:801237070><>" slapped "Rochelle<33><BOT><>" (damage "0")
L 07/12/2025 - 20:09:47: [playercommands.smx] "(S)Kobe Bryant<28><STEAM_1:1:801237070><>" slapped "Rochelle<33><BOT><>" (damage "0")
L 07/12/2025 - 20:09:47: [playercommands.smx] "(S)Kobe Bryant<28><STEAM_1:1:801237070><>" slapped "Rochelle<33><BOT><>" (damage "0")
L 07/12/2025 - 20:09:47: [playercommands.smx] "(S)Kobe Bryant<28><STEAM_1:1:801237070><>" slapped "Rochelle<33><BOT><>" (damage "0")
L 07/12/2025 - 20:09:47: [playercommands.smx] "(S)Kobe Bryant<28><STEAM_1:1:801237070><>" slapped "Rochelle<33><BOT><>" (damage "0")
L 07/12/2025 - 20:09:48: [playercommands.smx] "(S)Kobe Bryant<28><STEAM_1:1:801237070><>" slapped "Rochelle<33><BOT><>" (damage "0")
L 07/12/2025 - 20:09:48: [playercommands.smx] "(S)Kobe Bryant<28><STEAM_1:1:801237070><>" slapped "Rochelle<33><BOT><>" (damage "0")
L 07/12/2025 - 20:09:48: [playercommands.smx] "(S)Kobe Bryant<28><STEAM_1:1:801237070><>" slapped "Rochelle<33><BOT><>" (damage "0")
L 07/12/2025 - 20:09:48: [playercommands.smx] "(S)Kobe Bryant<28><STEAM_1:1:801237070><>" slapped "Rochelle<33><BOT><>" (damage "0")
L 07/12/2025 - 20:09:48: [playercommands.smx] "(S)Kobe Bryant<28><STEAM_1:1:801237070><>" slapped "Rochelle<33><BOT><>" (damage "0")
L 07/12/2025 - 20:09:52: [playercommands.smx] "Kobe Bryant<28><STEAM_1:1:801237070><>" slapped "思<3><STEAM_1:0:923062785><>" (damage "0")
L 07/12/2025 - 20:09:52: [playercommands.smx] "Kobe Bryant<28><STEAM_1:1:801237070><>" slapped "思<3><STEAM_1:0:923062785><>" (damage "0")
L 07/12/2025 - 20:09:52: [playercommands.smx] "Kobe Bryant<28><STEAM_1:1:801237070><>" slapped "思<3><STEAM_1:0:923062785><>" (damage "0")
L 07/12/2025 - 20:09:52: [playercommands.smx] "Kobe Bryant<28><STEAM_1:1:801237070><>" slapped "思<3><STEAM_1:0:923062785><>" (damage "0")
L 07/12/2025 - 20:09:52: [playercommands.smx] "Kobe Bryant<28><STEAM_1:1:801237070><>" slapped "Kobe Bryant<28><STEAM_1:1:801237070><>" (damage "0")
L 07/12/2025 - 20:09:53: [playercommands.smx] "Kobe Bryant<28><STEAM_1:1:801237070><>" slapped "Kobe Bryant<28><STEAM_1:1:801237070><>" (damage "0")
L 07/12/2025 - 20:09:53: [playercommands.smx] "Kobe Bryant<28><STEAM_1:1:801237070><>" slapped "Kobe Bryant<28><STEAM_1:1:801237070><>" (damage "0")
L 07/12/2025 - 20:09:57: [playercommands.smx] "Kobe Bryant<28><STEAM_1:1:801237070><>" slapped "Kobe Bryant<28><STEAM_1:1:801237070><>" (damage "0")
L 07/12/2025 - 20:09:57: [playercommands.smx] "Kobe Bryant<28><STEAM_1:1:801237070><>" slapped "Kobe Bryant<28><STEAM_1:1:801237070><>" (damage "0")
L 07/12/2025 - 20:09:57: [playercommands.smx] "Kobe Bryant<28><STEAM_1:1:801237070><>" slapped "Kobe Bryant<28><STEAM_1:1:801237070><>" (damage "0")
L 07/12/2025 - 20:09:57: [playercommands.smx] "Kobe Bryant<28><STEAM_1:1:801237070><>" slapped "Kobe Bryant<28><STEAM_1:1:801237070><>" (damage "0")
L 07/12/2025 - 20:09:58: [playercommands.smx] "Kobe Bryant<28><STEAM_1:1:801237070><>" slapped "Kobe Bryant<28><STEAM_1:1:801237070><>" (damage "0")
L 07/12/2025 - 20:09:58: [playercommands.smx] "Kobe Bryant<28><STEAM_1:1:801237070><>" slapped "Kobe Bryant<28><STEAM_1:1:801237070><>" (damage "0")
L 07/12/2025 - 20:09:58: [playercommands.smx] "Kobe Bryant<28><STEAM_1:1:801237070><>" slapped "Kobe Bryant<28><STEAM_1:1:801237070><>" (damage "0")
L 07/12/2025 - 20:09:58: [playercommands.smx] "Kobe Bryant<28><STEAM_1:1:801237070><>" slapped "Kobe Bryant<28><STEAM_1:1:801237070><>" (damage "0")
L 07/12/2025 - 20:09:58: [playercommands.smx] "Kobe Bryant<28><STEAM_1:1:801237070><>" slapped "Kobe Bryant<28><STEAM_1:1:801237070><>" (damage "0")
L 07/12/2025 - 20:09:58: [playercommands.smx] "Kobe Bryant<28><STEAM_1:1:801237070><>" slapped "Kobe Bryant<28><STEAM_1:1:801237070><>" (damage "0")
L 07/12/2025 - 20:09:59: [playercommands.smx] "Kobe Bryant<28><STEAM_1:1:801237070><>" slapped "Kobe Bryant<28><STEAM_1:1:801237070><>" (damage "0")
L 07/12/2025 - 20:09:59: [playercommands.smx] "Kobe Bryant<28><STEAM_1:1:801237070><>" slapped "Kobe Bryant<28><STEAM_1:1:801237070><>" (damage "0")
L 07/12/2025 - 20:09:59: [playercommands.smx] "Kobe Bryant<28><STEAM_1:1:801237070><>" slapped "Kobe Bryant<28><STEAM_1:1:801237070><>" (damage "0")
L 07/12/2025 - 20:09:59: [playercommands.smx] "Kobe Bryant<28><STEAM_1:1:801237070><>" slapped "Kobe Bryant<28><STEAM_1:1:801237070><>" (damage "0")
L 07/12/2025 - 20:09:59: [playercommands.smx] "Kobe Bryant<28><STEAM_1:1:801237070><>" slapped "Kobe Bryant<28><STEAM_1:1:801237070><>" (damage "0")
L 07/12/2025 - 20:10:03: [playercommands.smx] "Kobe Bryant<28><STEAM_1:1:801237070><>" slapped "Kobe Bryant<28><STEAM_1:1:801237070><>" (damage "0")
L 07/12/2025 - 20:10:05: [playercommands.smx] "Kobe Bryant<28><STEAM_1:1:801237070><>" slapped "Kobe Bryant<28><STEAM_1:1:801237070><>" (damage "0")
L 07/12/2025 - 20:10:23: [playercommands.smx] "Kobe Bryant<28><STEAM_1:1:801237070><>" slapped "Kobe Bryant<28><STEAM_1:1:801237070><>" (damage "0")
L 07/12/2025 - 20:10:24: [playercommands.smx] "Kobe Bryant<28><STEAM_1:1:801237070><>" slapped "Kobe Bryant<28><STEAM_1:1:801237070><>" (damage "0")
L 07/12/2025 - 20:10:24: [playercommands.smx] "Kobe Bryant<28><STEAM_1:1:801237070><>" slapped "Kobe Bryant<28><STEAM_1:1:801237070><>" (damage "0")
L 07/12/2025 - 20:10:24: [playercommands.smx] "Kobe Bryant<28><STEAM_1:1:801237070><>" slapped "Kobe Bryant<28><STEAM_1:1:801237070><>" (damage "0")
L 07/12/2025 - 20:10:29: [playercommands.smx] "Kobe Bryant<28><STEAM_1:1:801237070><>" slapped "Kobe Bryant<28><STEAM_1:1:801237070><>" (damage "0")
L 07/12/2025 - 20:10:31: [playercommands.smx] "Kobe Bryant<28><STEAM_1:1:801237070><>" slapped "Kobe Bryant<28><STEAM_1:1:801237070><>" (damage "0")
L 07/12/2025 - 20:10:33: [playercommands.smx] "Kobe Bryant<28><STEAM_1:1:801237070><>" slapped "Kobe Bryant<28><STEAM_1:1:801237070><>" (damage "0")
L 07/12/2025 - 20:10:33: [playercommands.smx] "Kobe Bryant<28><STEAM_1:1:801237070><>" slapped "Kobe Bryant<28><STEAM_1:1:801237070><>" (damage "0")
L 07/12/2025 - 20:10:34: [playercommands.smx] "Kobe Bryant<28><STEAM_1:1:801237070><>" slapped "Kobe Bryant<28><STEAM_1:1:801237070><>" (damage "0")
L 07/12/2025 - 20:10:34: [playercommands.smx] "Kobe Bryant<28><STEAM_1:1:801237070><>" slapped "Kobe Bryant<28><STEAM_1:1:801237070><>" (damage "0")
L 07/12/2025 - 20:10:34: [playercommands.smx] "Kobe Bryant<28><STEAM_1:1:801237070><>" slapped "Kobe Bryant<28><STEAM_1:1:801237070><>" (damage "0")
L 07/12/2025 - 20:10:35: [playercommands.smx] "Kobe Bryant<28><STEAM_1:1:801237070><>" slapped "Kobe Bryant<28><STEAM_1:1:801237070><>" (damage "0")
L 07/12/2025 - 20:10:35: [playercommands.smx] "Kobe Bryant<28><STEAM_1:1:801237070><>" slapped "Kobe Bryant<28><STEAM_1:1:801237070><>" (damage "0")
L 07/12/2025 - 20:10:35: [playercommands.smx] "Kobe Bryant<28><STEAM_1:1:801237070><>" slapped "Kobe Bryant<28><STEAM_1:1:801237070><>" (damage "0")
L 07/12/2025 - 20:10:36: [playercommands.smx] "Kobe Bryant<28><STEAM_1:1:801237070><>" slapped "Kobe Bryant<28><STEAM_1:1:801237070><>" (damage "0")
L 07/12/2025 - 20:10:36: [playercommands.smx] "Kobe Bryant<28><STEAM_1:1:801237070><>" slapped "Kobe Bryant<28><STEAM_1:1:801237070><>" (damage "0")
L 07/12/2025 - 20:10:36: [playercommands.smx] "Kobe Bryant<28><STEAM_1:1:801237070><>" slapped "Kobe Bryant<28><STEAM_1:1:801237070><>" (damage "0")
L 07/12/2025 - 20:10:36: [playercommands.smx] "Kobe Bryant<28><STEAM_1:1:801237070><>" slapped "Kobe Bryant<28><STEAM_1:1:801237070><>" (damage "0")
L 07/12/2025 - 20:10:36: [playercommands.smx] "Kobe Bryant<28><STEAM_1:1:801237070><>" slapped "Kobe Bryant<28><STEAM_1:1:801237070><>" (damage "0")
L 07/12/2025 - 20:10:36: [playercommands.smx] "Kobe Bryant<28><STEAM_1:1:801237070><>" slapped "Kobe Bryant<28><STEAM_1:1:801237070><>" (damage "0")
L 07/12/2025 - 20:10:37: [playercommands.smx] "Kobe Bryant<28><STEAM_1:1:801237070><>" slapped "Kobe Bryant<28><STEAM_1:1:801237070><>" (damage "0")
L 07/12/2025 - 20:10:37: [playercommands.smx] "Kobe Bryant<28><STEAM_1:1:801237070><>" slapped "Kobe Bryant<28><STEAM_1:1:801237070><>" (damage "0")
L 07/12/2025 - 20:10:37: [playercommands.smx] "Kobe Bryant<28><STEAM_1:1:801237070><>" slapped "Kobe Bryant<28><STEAM_1:1:801237070><>" (damage "0")
L 07/12/2025 - 20:10:40: [playercommands.smx] "Kobe Bryant<28><STEAM_1:1:801237070><>" slapped "Kobe Bryant<28><STEAM_1:1:801237070><>" (damage "0")
L 07/12/2025 - 20:10:41: [playercommands.smx] "Kobe Bryant<28><STEAM_1:1:801237070><>" slapped "Kobe Bryant<28><STEAM_1:1:801237070><>" (damage "0")
L 07/12/2025 - 20:10:42: [playercommands.smx] "Kobe Bryant<28><STEAM_1:1:801237070><>" slapped "Kobe Bryant<28><STEAM_1:1:801237070><>" (damage "0")
L 07/12/2025 - 20:10:42: [playercommands.smx] "Kobe Bryant<28><STEAM_1:1:801237070><>" slapped "Kobe Bryant<28><STEAM_1:1:801237070><>" (damage "0")
L 07/12/2025 - 20:10:43: [playercommands.smx] "Kobe Bryant<28><STEAM_1:1:801237070><>" slapped "Kobe Bryant<28><STEAM_1:1:801237070><>" (damage "0")
L 07/12/2025 - 20:10:43: [playercommands.smx] "Kobe Bryant<28><STEAM_1:1:801237070><>" slapped "Kobe Bryant<28><STEAM_1:1:801237070><>" (damage "0")
L 07/12/2025 - 20:10:47: [playercommands.smx] "Kobe Bryant<28><STEAM_1:1:801237070><>" slapped "Kobe Bryant<28><STEAM_1:1:801237070><>" (damage "0")
L 07/12/2025 - 20:10:47: [playercommands.smx] "Kobe Bryant<28><STEAM_1:1:801237070><>" slapped "Kobe Bryant<28><STEAM_1:1:801237070><>" (damage "0")
L 07/12/2025 - 20:10:47: [playercommands.smx] "Kobe Bryant<28><STEAM_1:1:801237070><>" slapped "Kobe Bryant<28><STEAM_1:1:801237070><>" (damage "0")
L 07/12/2025 - 20:10:47: [playercommands.smx] "Kobe Bryant<28><STEAM_1:1:801237070><>" slapped "Kobe Bryant<28><STEAM_1:1:801237070><>" (damage "0")
L 07/12/2025 - 20:10:48: [playercommands.smx] "Kobe Bryant<28><STEAM_1:1:801237070><>" slapped "Kobe Bryant<28><STEAM_1:1:801237070><>" (damage "0")
L 07/12/2025 - 20:10:48: [playercommands.smx] "Kobe Bryant<28><STEAM_1:1:801237070><>" slapped "Kobe Bryant<28><STEAM_1:1:801237070><>" (damage "0")
L 07/12/2025 - 20:10:48: [playercommands.smx] "Kobe Bryant<28><STEAM_1:1:801237070><>" slapped "Kobe Bryant<28><STEAM_1:1:801237070><>" (damage "0")
L 07/12/2025 - 20:10:48: [playercommands.smx] "Kobe Bryant<28><STEAM_1:1:801237070><>" slapped "Kobe Bryant<28><STEAM_1:1:801237070><>" (damage "0")
L 07/12/2025 - 20:10:48: [playercommands.smx] "Kobe Bryant<28><STEAM_1:1:801237070><>" slapped "Kobe Bryant<28><STEAM_1:1:801237070><>" (damage "0")
L 07/12/2025 - 20:10:48: [playercommands.smx] "Kobe Bryant<28><STEAM_1:1:801237070><>" slapped "Kobe Bryant<28><STEAM_1:1:801237070><>" (damage "0")
L 07/12/2025 - 20:10:49: [playercommands.smx] "Kobe Bryant<28><STEAM_1:1:801237070><>" slapped "Kobe Bryant<28><STEAM_1:1:801237070><>" (damage "0")
L 07/12/2025 - 20:10:55: [playercommands.smx] "Kobe Bryant<28><STEAM_1:1:801237070><>" slapped "Coach<26><BOT><>" (damage "0")
L 07/12/2025 - 20:10:56: [playercommands.smx] "Kobe Bryant<28><STEAM_1:1:801237070><>" slapped "Coach<26><BOT><>" (damage "0")
L 07/12/2025 - 20:10:56: [playercommands.smx] "Kobe Bryant<28><STEAM_1:1:801237070><>" slapped "Coach<26><BOT><>" (damage "0")
L 07/12/2025 - 20:10:56: [playercommands.smx] "Kobe Bryant<28><STEAM_1:1:801237070><>" slapped "Coach<26><BOT><>" (damage "0")
L 07/12/2025 - 20:10:56: [playercommands.smx] "Kobe Bryant<28><STEAM_1:1:801237070><>" slapped "Coach<26><BOT><>" (damage "0")
L 07/12/2025 - 20:10:56: [playercommands.smx] "Kobe Bryant<28><STEAM_1:1:801237070><>" slapped "Coach<26><BOT><>" (damage "0")
L 07/12/2025 - 20:10:57: [playercommands.smx] "Kobe Bryant<28><STEAM_1:1:801237070><>" slapped "Coach<26><BOT><>" (damage "0")
L 07/12/2025 - 20:10:58: [playercommands.smx] "Kobe Bryant<28><STEAM_1:1:801237070><>" slapped "Coach<26><BOT><>" (damage "0")
L 07/12/2025 - 20:10:58: [playercommands.smx] "Kobe Bryant<28><STEAM_1:1:801237070><>" slapped "Coach<26><BOT><>" (damage "0")
L 07/12/2025 - 20:10:58: [playercommands.smx] "Kobe Bryant<28><STEAM_1:1:801237070><>" slapped "Coach<26><BOT><>" (damage "0")
L 07/12/2025 - 20:10:58: [playercommands.smx] "Kobe Bryant<28><STEAM_1:1:801237070><>" slapped "Coach<26><BOT><>" (damage "0")
L 07/12/2025 - 20:10:58: [playercommands.smx] "Kobe Bryant<28><STEAM_1:1:801237070><>" slapped "Coach<26><BOT><>" (damage "0")
L 07/12/2025 - 20:10:59: [playercommands.smx] "Kobe Bryant<28><STEAM_1:1:801237070><>" slapped "Coach<26><BOT><>" (damage "0")
L 07/12/2025 - 20:10:59: [playercommands.smx] "Kobe Bryant<28><STEAM_1:1:801237070><>" slapped "Coach<26><BOT><>" (damage "0")
L 07/12/2025 - 20:10:59: [playercommands.smx] "Kobe Bryant<28><STEAM_1:1:801237070><>" slapped "Coach<26><BOT><>" (damage "0")
L 07/12/2025 - 20:10:59: [playercommands.smx] "Kobe Bryant<28><STEAM_1:1:801237070><>" slapped "Coach<26><BOT><>" (damage "0")
L 07/12/2025 - 20:11:02: [playercommands.smx] "Kobe Bryant<28><STEAM_1:1:801237070><>" slapped "Kobe Bryant<28><STEAM_1:1:801237070><>" (damage "0")
L 07/12/2025 - 20:11:02: [playercommands.smx] "Kobe Bryant<28><STEAM_1:1:801237070><>" slapped "Coach<26><BOT><>" (damage "0")
L 07/12/2025 - 20:11:02: [playercommands.smx] "Kobe Bryant<28><STEAM_1:1:801237070><>" slapped "Kobe Bryant<28><STEAM_1:1:801237070><>" (damage "0")
L 07/12/2025 - 20:11:02: [playercommands.smx] "Kobe Bryant<28><STEAM_1:1:801237070><>" slapped "Coach<26><BOT><>" (damage "0")
L 07/12/2025 - 20:11:02: [playercommands.smx] "Kobe Bryant<28><STEAM_1:1:801237070><>" slapped "Kobe Bryant<28><STEAM_1:1:801237070><>" (damage "0")
L 07/12/2025 - 20:11:02: [playercommands.smx] "Kobe Bryant<28><STEAM_1:1:801237070><>" slapped "Coach<26><BOT><>" (damage "0")
L 07/12/2025 - 20:11:02: [playercommands.smx] "Kobe Bryant<28><STEAM_1:1:801237070><>" slapped "Kobe Bryant<28><STEAM_1:1:801237070><>" (damage "0")
L 07/12/2025 - 20:11:02: [playercommands.smx] "Kobe Bryant<28><STEAM_1:1:801237070><>" slapped "Coach<26><BOT><>" (damage "0")
L 07/12/2025 - 20:11:03: [playercommands.smx] "Kobe Bryant<28><STEAM_1:1:801237070><>" slapped "Kobe Bryant<28><STEAM_1:1:801237070><>" (damage "0")
L 07/12/2025 - 20:11:03: [playercommands.smx] "Kobe Bryant<28><STEAM_1:1:801237070><>" slapped "Coach<26><BOT><>" (damage "0")
L 07/12/2025 - 20:11:03: [playercommands.smx] "Kobe Bryant<28><STEAM_1:1:801237070><>" slapped "Kobe Bryant<28><STEAM_1:1:801237070><>" (damage "0")
L 07/12/2025 - 20:11:03: [playercommands.smx] "Kobe Bryant<28><STEAM_1:1:801237070><>" slapped "Coach<26><BOT><>" (damage "0")
L 07/12/2025 - 20:11:03: [playercommands.smx] "Kobe Bryant<28><STEAM_1:1:801237070><>" slapped "Kobe Bryant<28><STEAM_1:1:801237070><>" (damage "0")
L 07/12/2025 - 20:11:03: [playercommands.smx] "Kobe Bryant<28><STEAM_1:1:801237070><>" slapped "Coach<26><BOT><>" (damage "0")
L 07/12/2025 - 20:11:03: [playercommands.smx] "Kobe Bryant<28><STEAM_1:1:801237070><>" slapped "Kobe Bryant<28><STEAM_1:1:801237070><>" (damage "0")
L 07/12/2025 - 20:11:03: [playercommands.smx] "Kobe Bryant<28><STEAM_1:1:801237070><>" slapped "Coach<26><BOT><>" (damage "0")
L 07/12/2025 - 20:11:03: [playercommands.smx] "Kobe Bryant<28><STEAM_1:1:801237070><>" slapped "Kobe Bryant<28><STEAM_1:1:801237070><>" (damage "0")
L 07/12/2025 - 20:11:04: [playercommands.smx] "Kobe Bryant<28><STEAM_1:1:801237070><>" slapped "Kobe Bryant<28><STEAM_1:1:801237070><>" (damage "0")
L 07/12/2025 - 20:11:04: [playercommands.smx] "Kobe Bryant<28><STEAM_1:1:801237070><>" slapped "Coach<26><BOT><>" (damage "0")
L 07/12/2025 - 20:11:04: [playercommands.smx] "Kobe Bryant<28><STEAM_1:1:801237070><>" slapped "Kobe Bryant<28><STEAM_1:1:801237070><>" (damage "0")
L 07/12/2025 - 20:11:04: [playercommands.smx] "Kobe Bryant<28><STEAM_1:1:801237070><>" slapped "Coach<26><BOT><>" (damage "0")
L 07/12/2025 - 20:11:04: [playercommands.smx] "Kobe Bryant<28><STEAM_1:1:801237070><>" slapped "Kobe Bryant<28><STEAM_1:1:801237070><>" (damage "0")
L 07/12/2025 - 20:11:04: [playercommands.smx] "Kobe Bryant<28><STEAM_1:1:801237070><>" slapped "Coach<26><BOT><>" (damage "0")
L 07/12/2025 - 20:11:07: [playercommands.smx] "Kobe Bryant<28><STEAM_1:1:801237070><>" slapped "Coach<26><BOT><>" (damage "0")
L 07/12/2025 - 20:11:07: [playercommands.smx] "Kobe Bryant<28><STEAM_1:1:801237070><>" slapped "Coach<26><BOT><>" (damage "0")
L 07/12/2025 - 20:11:07: [playercommands.smx] "Kobe Bryant<28><STEAM_1:1:801237070><>" slapped "Coach<26><BOT><>" (damage "0")
L 07/12/2025 - 20:11:08: [playercommands.smx] "Kobe Bryant<28><STEAM_1:1:801237070><>" slapped "Coach<26><BOT><>" (damage "0")
L 07/12/2025 - 20:11:08: [playercommands.smx] "Kobe Bryant<28><STEAM_1:1:801237070><>" slapped "Coach<26><BOT><>" (damage "0")
L 07/12/2025 - 20:11:08: [playercommands.smx] "Kobe Bryant<28><STEAM_1:1:801237070><>" slapped "Coach<26><BOT><>" (damage "0")
L 07/12/2025 - 20:11:08: [playercommands.smx] "Kobe Bryant<28><STEAM_1:1:801237070><>" slapped "Coach<26><BOT><>" (damage "0")
L 07/12/2025 - 20:11:11: [playercommands.smx] "Kobe Bryant<28><STEAM_1:1:801237070><>" slapped "Coach<26><BOT><>" (damage "0")
L 07/12/2025 - 20:11:11: [playercommands.smx] "Kobe Bryant<28><STEAM_1:1:801237070><>" slapped "Coach<26><BOT><>" (damage "0")
L 07/12/2025 - 20:11:11: [playercommands.smx] "Kobe Bryant<28><STEAM_1:1:801237070><>" slapped "Coach<26><BOT><>" (damage "0")
L 07/12/2025 - 20:11:11: [playercommands.smx] "Kobe Bryant<28><STEAM_1:1:801237070><>" slapped "Coach<26><BOT><>" (damage "0")
L 07/12/2025 - 20:11:11: [playercommands.smx] "Kobe Bryant<28><STEAM_1:1:801237070><>" slapped "Coach<26><BOT><>" (damage "0")
L 07/12/2025 - 20:11:11: [playercommands.smx] "Kobe Bryant<28><STEAM_1:1:801237070><>" slapped "Coach<26><BOT><>" (damage "0")
L 07/12/2025 - 20:11:12: [playercommands.smx] "Kobe Bryant<28><STEAM_1:1:801237070><>" slapped "Coach<26><BOT><>" (damage "0")
L 07/12/2025 - 20:11:12: [playercommands.smx] "Kobe Bryant<28><STEAM_1:1:801237070><>" slapped "Coach<26><BOT><>" (damage "0")
L 07/12/2025 - 20:11:12: [playercommands.smx] "Kobe Bryant<28><STEAM_1:1:801237070><>" slapped "Coach<26><BOT><>" (damage "0")
L 07/12/2025 - 20:11:12: [playercommands.smx] "Kobe Bryant<28><STEAM_1:1:801237070><>" slapped "Coach<26><BOT><>" (damage "0")
L 07/12/2025 - 20:11:12: [playercommands.smx] "Kobe Bryant<28><STEAM_1:1:801237070><>" slapped "Coach<26><BOT><>" (damage "0")
L 07/12/2025 - 20:11:13: [playercommands.smx] "Kobe Bryant<28><STEAM_1:1:801237070><>" slapped "Coach<26><BOT><>" (damage "0")
L 07/12/2025 - 20:11:13: [playercommands.smx] "Kobe Bryant<28><STEAM_1:1:801237070><>" slapped "Coach<26><BOT><>" (damage "0")
L 07/12/2025 - 20:11:13: [playercommands.smx] "Kobe Bryant<28><STEAM_1:1:801237070><>" slapped "Coach<26><BOT><>" (damage "0")
L 07/12/2025 - 20:11:13: [playercommands.smx] "Kobe Bryant<28><STEAM_1:1:801237070><>" slapped "Coach<26><BOT><>" (damage "0")
L 07/12/2025 - 20:11:23: [playercommands.smx] "Kobe Bryant<28><STEAM_1:1:801237070><>" slapped "Kobe Bryant<28><STEAM_1:1:801237070><>" (damage "0")
L 07/12/2025 - 20:11:24: [playercommands.smx] "Kobe Bryant<28><STEAM_1:1:801237070><>" slapped "思<3><STEAM_1:0:923062785><>" (damage "0")
L 07/12/2025 - 20:11:24: [playercommands.smx] "Kobe Bryant<28><STEAM_1:1:801237070><>" slapped "Kobe Bryant<28><STEAM_1:1:801237070><>" (damage "0")
L 07/12/2025 - 20:11:27: [playercommands.smx] "Kobe Bryant<28><STEAM_1:1:801237070><>" slapped "Yy<17><STEAM_1:0:631481250><>" (damage "0")
L 07/12/2025 - 20:11:27: [playercommands.smx] "Kobe Bryant<28><STEAM_1:1:801237070><>" slapped "Yy<17><STEAM_1:0:631481250><>" (damage "0")
L 07/12/2025 - 20:11:27: [playercommands.smx] "Kobe Bryant<28><STEAM_1:1:801237070><>" slapped "思<3><STEAM_1:0:923062785><>" (damage "0")
L 07/12/2025 - 20:11:27: [playercommands.smx] "Kobe Bryant<28><STEAM_1:1:801237070><>" slapped "Yy<17><STEAM_1:0:631481250><>" (damage "0")
L 07/12/2025 - 20:11:27: [playercommands.smx] "Kobe Bryant<28><STEAM_1:1:801237070><>" slapped "思<3><STEAM_1:0:923062785><>" (damage "0")
L 07/12/2025 - 20:11:27: [playercommands.smx] "Kobe Bryant<28><STEAM_1:1:801237070><>" slapped "Yy<17><STEAM_1:0:631481250><>" (damage "0")
L 07/12/2025 - 20:11:28: [playercommands.smx] "Kobe Bryant<28><STEAM_1:1:801237070><>" slapped "思<3><STEAM_1:0:923062785><>" (damage "0")
L 07/12/2025 - 20:11:28: [playercommands.smx] "Kobe Bryant<28><STEAM_1:1:801237070><>" slapped "Yy<17><STEAM_1:0:631481250><>" (damage "0")
L 07/12/2025 - 20:11:28: [playercommands.smx] "Kobe Bryant<28><STEAM_1:1:801237070><>" slapped "思<3><STEAM_1:0:923062785><>" (damage "0")
L 07/12/2025 - 20:11:28: [playercommands.smx] "Kobe Bryant<28><STEAM_1:1:801237070><>" slapped "Yy<17><STEAM_1:0:631481250><>" (damage "0")
L 07/12/2025 - 20:11:28: [playercommands.smx] "Kobe Bryant<28><STEAM_1:1:801237070><>" slapped "思<3><STEAM_1:0:923062785><>" (damage "0")
L 07/12/2025 - 20:11:28: [playercommands.smx] "Kobe Bryant<28><STEAM_1:1:801237070><>" slapped "Yy<17><STEAM_1:0:631481250><>" (damage "0")
L 07/12/2025 - 20:11:28: [playercommands.smx] "Kobe Bryant<28><STEAM_1:1:801237070><>" slapped "思<3><STEAM_1:0:923062785><>" (damage "0")
L 07/12/2025 - 20:11:28: [playercommands.smx] "Kobe Bryant<28><STEAM_1:1:801237070><>" slapped "Yy<17><STEAM_1:0:631481250><>" (damage "0")
L 07/12/2025 - 20:11:28: [playercommands.smx] "Kobe Bryant<28><STEAM_1:1:801237070><>" slapped "思<3><STEAM_1:0:923062785><>" (damage "0")
L 07/12/2025 - 20:11:28: [playercommands.smx] "Kobe Bryant<28><STEAM_1:1:801237070><>" slapped "Yy<17><STEAM_1:0:631481250><>" (damage "0")
L 07/12/2025 - 20:11:29: [playercommands.smx] "Kobe Bryant<28><STEAM_1:1:801237070><>" slapped "Yy<17><STEAM_1:0:631481250><>" (damage "0")
L 07/12/2025 - 20:11:29: [playercommands.smx] "Kobe Bryant<28><STEAM_1:1:801237070><>" slapped "Yy<17><STEAM_1:0:631481250><>" (damage "0")
L 07/12/2025 - 20:11:29: [playercommands.smx] "Kobe Bryant<28><STEAM_1:1:801237070><>" slapped "思<3><STEAM_1:0:923062785><>" (damage "0")
L 07/12/2025 - 20:11:29: [playercommands.smx] "Kobe Bryant<28><STEAM_1:1:801237070><>" slapped "Yy<17><STEAM_1:0:631481250><>" (damage "0")
L 07/12/2025 - 20:11:29: [playercommands.smx] "Kobe Bryant<28><STEAM_1:1:801237070><>" slapped "思<3><STEAM_1:0:923062785><>" (damage "0")
L 07/12/2025 - 20:11:29: [playercommands.smx] "Kobe Bryant<28><STEAM_1:1:801237070><>" slapped "思<3><STEAM_1:0:923062785><>" (damage "0")
L 07/12/2025 - 20:11:29: [playercommands.smx] "Kobe Bryant<28><STEAM_1:1:801237070><>" slapped "Yy<17><STEAM_1:0:631481250><>" (damage "0")
L 07/12/2025 - 20:11:29: [playercommands.smx] "Kobe Bryant<28><STEAM_1:1:801237070><>" slapped "思<3><STEAM_1:0:923062785><>" (damage "0")
L 07/12/2025 - 20:11:30: [playercommands.smx] "Kobe Bryant<28><STEAM_1:1:801237070><>" slapped "Yy<17><STEAM_1:0:631481250><>" (damage "0")
L 07/12/2025 - 20:11:30: [playercommands.smx] "Kobe Bryant<28><STEAM_1:1:801237070><>" slapped "Yy<17><STEAM_1:0:631481250><>" (damage "0")
L 07/12/2025 - 20:11:30: [playercommands.smx] "Kobe Bryant<28><STEAM_1:1:801237070><>" slapped "Yy<17><STEAM_1:0:631481250><>" (damage "0")
L 07/12/2025 - 20:11:30: [playercommands.smx] "Kobe Bryant<28><STEAM_1:1:801237070><>" slapped "思<3><STEAM_1:0:923062785><>" (damage "0")
L 07/12/2025 - 20:11:31: [playercommands.smx] "Kobe Bryant<28><STEAM_1:1:801237070><>" slapped "Yy<17><STEAM_1:0:631481250><>" (damage "0")
L 07/12/2025 - 20:11:31: [playercommands.smx] "Kobe Bryant<28><STEAM_1:1:801237070><>" slapped "思<3><STEAM_1:0:923062785><>" (damage "0")
L 07/12/2025 - 20:11:31: [playercommands.smx] "Kobe Bryant<28><STEAM_1:1:801237070><>" slapped "Yy<17><STEAM_1:0:631481250><>" (damage "0")
L 07/12/2025 - 20:11:31: [playercommands.smx] "Kobe Bryant<28><STEAM_1:1:801237070><>" slapped "思<3><STEAM_1:0:923062785><>" (damage "0")
L 07/12/2025 - 20:11:31: [playercommands.smx] "Kobe Bryant<28><STEAM_1:1:801237070><>" slapped "Yy<17><STEAM_1:0:631481250><>" (damage "0")
L 07/12/2025 - 20:11:31: [playercommands.smx] "Kobe Bryant<28><STEAM_1:1:801237070><>" slapped "思<3><STEAM_1:0:923062785><>" (damage "0")
L 07/12/2025 - 20:11:31: [playercommands.smx] "Kobe Bryant<28><STEAM_1:1:801237070><>" slapped "Yy<17><STEAM_1:0:631481250><>" (damage "0")
L 07/12/2025 - 20:11:31: [playercommands.smx] "Kobe Bryant<28><STEAM_1:1:801237070><>" slapped "思<3><STEAM_1:0:923062785><>" (damage "0")
L 07/12/2025 - 20:11:31: [playercommands.smx] "Kobe Bryant<28><STEAM_1:1:801237070><>" slapped "Yy<17><STEAM_1:0:631481250><>" (damage "0")
L 07/12/2025 - 20:11:31: [playercommands.smx] "Kobe Bryant<28><STEAM_1:1:801237070><>" slapped "思<3><STEAM_1:0:923062785><>" (damage "0")
L 07/12/2025 - 20:11:32: [playercommands.smx] "Kobe Bryant<28><STEAM_1:1:801237070><>" slapped "Yy<17><STEAM_1:0:631481250><>" (damage "0")
L 07/12/2025 - 20:11:32: [playercommands.smx] "Kobe Bryant<28><STEAM_1:1:801237070><>" slapped "Yy<17><STEAM_1:0:631481250><>" (damage "0")
L 07/12/2025 - 20:11:32: [playercommands.smx] "Kobe Bryant<28><STEAM_1:1:801237070><>" slapped "Yy<17><STEAM_1:0:631481250><>" (damage "0")
L 07/12/2025 - 20:11:32: [playercommands.smx] "Kobe Bryant<28><STEAM_1:1:801237070><>" slapped "Yy<17><STEAM_1:0:631481250><>" (damage "0")
L 07/12/2025 - 20:11:32: [playercommands.smx] "Kobe Bryant<28><STEAM_1:1:801237070><>" slapped "思<3><STEAM_1:0:923062785><>" (damage "0")
L 07/12/2025 - 20:11:32: [playercommands.smx] "Kobe Bryant<28><STEAM_1:1:801237070><>" slapped "Yy<17><STEAM_1:0:631481250><>" (damage "0")
L 07/12/2025 - 20:11:32: [playercommands.smx] "Kobe Bryant<28><STEAM_1:1:801237070><>" slapped "思<3><STEAM_1:0:923062785><>" (damage "0")
L 07/12/2025 - 20:11:32: [playercommands.smx] "Kobe Bryant<28><STEAM_1:1:801237070><>" slapped "Yy<17><STEAM_1:0:631481250><>" (damage "0")
L 07/12/2025 - 20:11:32: [playercommands.smx] "Kobe Bryant<28><STEAM_1:1:801237070><>" slapped "思<3><STEAM_1:0:923062785><>" (damage "0")
L 07/12/2025 - 20:11:33: [playercommands.smx] "Kobe Bryant<28><STEAM_1:1:801237070><>" slapped "Yy<17><STEAM_1:0:631481250><>" (damage "0")
L 07/12/2025 - 20:11:33: [playercommands.smx] "Kobe Bryant<28><STEAM_1:1:801237070><>" slapped "思<3><STEAM_1:0:923062785><>" (damage "0")
L 07/12/2025 - 20:11:33: [playercommands.smx] "Kobe Bryant<28><STEAM_1:1:801237070><>" slapped "Yy<17><STEAM_1:0:631481250><>" (damage "0")
L 07/12/2025 - 20:11:33: [playercommands.smx] "Kobe Bryant<28><STEAM_1:1:801237070><>" slapped "Yy<17><STEAM_1:0:631481250><>" (damage "0")
L 07/12/2025 - 20:11:33: [playercommands.smx] "Kobe Bryant<28><STEAM_1:1:801237070><>" slapped "Yy<17><STEAM_1:0:631481250><>" (damage "0")
L 07/12/2025 - 20:11:33: [playercommands.smx] "Kobe Bryant<28><STEAM_1:1:801237070><>" slapped "思<3><STEAM_1:0:923062785><>" (damage "0")
L 07/12/2025 - 20:11:33: [playercommands.smx] "Kobe Bryant<28><STEAM_1:1:801237070><>" slapped "Yy<17><STEAM_1:0:631481250><>" (damage "0")
L 07/12/2025 - 20:11:34: [playercommands.smx] "Kobe Bryant<28><STEAM_1:1:801237070><>" slapped "Yy<17><STEAM_1:0:631481250><>" (damage "0")
L 07/12/2025 - 20:11:34: [playercommands.smx] "Kobe Bryant<28><STEAM_1:1:801237070><>" slapped "思<3><STEAM_1:0:923062785><>" (damage "0")
L 07/12/2025 - 20:11:34: [playercommands.smx] "Kobe Bryant<28><STEAM_1:1:801237070><>" slapped "Yy<17><STEAM_1:0:631481250><>" (damage "0")
L 07/12/2025 - 20:11:34: [playercommands.smx] "Kobe Bryant<28><STEAM_1:1:801237070><>" slapped "思<3><STEAM_1:0:923062785><>" (damage "0")
L 07/12/2025 - 20:11:34: [playercommands.smx] "Kobe Bryant<28><STEAM_1:1:801237070><>" slapped "Yy<17><STEAM_1:0:631481250><>" (damage "0")
L 07/12/2025 - 20:11:34: [playercommands.smx] "Kobe Bryant<28><STEAM_1:1:801237070><>" slapped "Yy<17><STEAM_1:0:631481250><>" (damage "0")
L 07/12/2025 - 20:11:34: [playercommands.smx] "Kobe Bryant<28><STEAM_1:1:801237070><>" slapped "思<3><STEAM_1:0:923062785><>" (damage "0")
L 07/12/2025 - 20:11:34: [playercommands.smx] "Kobe Bryant<28><STEAM_1:1:801237070><>" slapped "Yy<17><STEAM_1:0:631481250><>" (damage "0")
L 07/12/2025 - 20:11:34: [playercommands.smx] "Kobe Bryant<28><STEAM_1:1:801237070><>" slapped "思<3><STEAM_1:0:923062785><>" (damage "0")
L 07/12/2025 - 20:11:34: [playercommands.smx] "Kobe Bryant<28><STEAM_1:1:801237070><>" slapped "Yy<17><STEAM_1:0:631481250><>" (damage "0")
L 07/12/2025 - 20:11:35: [playercommands.smx] "Kobe Bryant<28><STEAM_1:1:801237070><>" slapped "思<3><STEAM_1:0:923062785><>" (damage "0")
L 07/12/2025 - 20:11:35: [playercommands.smx] "Kobe Bryant<28><STEAM_1:1:801237070><>" slapped "Yy<17><STEAM_1:0:631481250><>" (damage "0")
L 07/12/2025 - 20:11:35: [playercommands.smx] "Kobe Bryant<28><STEAM_1:1:801237070><>" slapped "思<3><STEAM_1:0:923062785><>" (damage "0")
L 07/12/2025 - 20:11:35: [playercommands.smx] "Kobe Bryant<28><STEAM_1:1:801237070><>" slapped "Yy<17><STEAM_1:0:631481250><>" (damage "0")
L 07/12/2025 - 20:11:35: [playercommands.smx] "Kobe Bryant<28><STEAM_1:1:801237070><>" slapped "思<3><STEAM_1:0:923062785><>" (damage "0")
L 07/12/2025 - 20:11:35: [playercommands.smx] "Kobe Bryant<28><STEAM_1:1:801237070><>" slapped "Yy<17><STEAM_1:0:631481250><>" (damage "0")
L 07/12/2025 - 20:11:35: [playercommands.smx] "Kobe Bryant<28><STEAM_1:1:801237070><>" slapped "思<3><STEAM_1:0:923062785><>" (damage "0")
L 07/12/2025 - 20:11:35: [playercommands.smx] "Kobe Bryant<28><STEAM_1:1:801237070><>" slapped "Yy<17><STEAM_1:0:631481250><>" (damage "0")
L 07/12/2025 - 20:11:35: [playercommands.smx] "Kobe Bryant<28><STEAM_1:1:801237070><>" slapped "思<3><STEAM_1:0:923062785><>" (damage "0")
L 07/12/2025 - 20:11:35: [playercommands.smx] "Kobe Bryant<28><STEAM_1:1:801237070><>" slapped "Yy<17><STEAM_1:0:631481250><>" (damage "0")
L 07/12/2025 - 20:11:35: [playercommands.smx] "Kobe Bryant<28><STEAM_1:1:801237070><>" slapped "思<3><STEAM_1:0:923062785><>" (damage "0")
L 07/12/2025 - 20:11:36: [playercommands.smx] "Kobe Bryant<28><STEAM_1:1:801237070><>" slapped "Yy<17><STEAM_1:0:631481250><>" (damage "0")
L 07/12/2025 - 20:11:36: [playercommands.smx] "Kobe Bryant<28><STEAM_1:1:801237070><>" slapped "思<3><STEAM_1:0:923062785><>" (damage "0")
L 07/12/2025 - 20:11:36: [playercommands.smx] "Kobe Bryant<28><STEAM_1:1:801237070><>" slapped "Yy<17><STEAM_1:0:631481250><>" (damage "0")
L 07/12/2025 - 20:11:36: [playercommands.smx] "Kobe Bryant<28><STEAM_1:1:801237070><>" slapped "思<3><STEAM_1:0:923062785><>" (damage "0")
L 07/12/2025 - 20:11:36: [playercommands.smx] "Kobe Bryant<28><STEAM_1:1:801237070><>" slapped "思<3><STEAM_1:0:923062785><>" (damage "0")
L 07/12/2025 - 20:11:36: [playercommands.smx] "Kobe Bryant<28><STEAM_1:1:801237070><>" slapped "Yy<17><STEAM_1:0:631481250><>" (damage "0")
L 07/12/2025 - 20:11:36: [playercommands.smx] "Kobe Bryant<28><STEAM_1:1:801237070><>" slapped "思<3><STEAM_1:0:923062785><>" (damage "0")
L 07/12/2025 - 20:11:36: [playercommands.smx] "Kobe Bryant<28><STEAM_1:1:801237070><>" slapped "Yy<17><STEAM_1:0:631481250><>" (damage "0")
L 07/12/2025 - 20:11:36: [playercommands.smx] "Kobe Bryant<28><STEAM_1:1:801237070><>" slapped "思<3><STEAM_1:0:923062785><>" (damage "0")
L 07/12/2025 - 20:11:36: [playercommands.smx] "Kobe Bryant<28><STEAM_1:1:801237070><>" slapped "Yy<17><STEAM_1:0:631481250><>" (damage "0")
L 07/12/2025 - 20:11:37: [playercommands.smx] "Kobe Bryant<28><STEAM_1:1:801237070><>" slapped "思<3><STEAM_1:0:923062785><>" (damage "0")
L 07/12/2025 - 20:11:37: [playercommands.smx] "Kobe Bryant<28><STEAM_1:1:801237070><>" slapped "Yy<17><STEAM_1:0:631481250><>" (damage "0")
L 07/12/2025 - 20:11:37: [playercommands.smx] "Kobe Bryant<28><STEAM_1:1:801237070><>" slapped "思<3><STEAM_1:0:923062785><>" (damage "0")
L 07/12/2025 - 20:11:37: [playercommands.smx] "Kobe Bryant<28><STEAM_1:1:801237070><>" slapped "Yy<17><STEAM_1:0:631481250><>" (damage "0")
L 07/12/2025 - 20:11:52: [playercommands.smx] "Kobe Bryant<28><STEAM_1:1:801237070><>" slapped "Kobe Bryant<28><STEAM_1:1:801237070><>" (damage "0")
L 07/12/2025 - 20:11:52: [playercommands.smx] "Kobe Bryant<28><STEAM_1:1:801237070><>" slapped "Kobe Bryant<28><STEAM_1:1:801237070><>" (damage "0")
L 07/12/2025 - 20:11:53: [playercommands.smx] "Kobe Bryant<28><STEAM_1:1:801237070><>" slapped "Kobe Bryant<28><STEAM_1:1:801237070><>" (damage "0")
L 07/12/2025 - 20:11:53: [playercommands.smx] "Kobe Bryant<28><STEAM_1:1:801237070><>" slapped "Kobe Bryant<28><STEAM_1:1:801237070><>" (damage "0")
L 07/12/2025 - 20:11:53: [playercommands.smx] "Kobe Bryant<28><STEAM_1:1:801237070><>" slapped "Kobe Bryant<28><STEAM_1:1:801237070><>" (damage "0")
L 07/12/2025 - 20:11:55: [playercommands.smx] "Kobe Bryant<28><STEAM_1:1:801237070><>" slapped "Kobe Bryant<28><STEAM_1:1:801237070><>" (damage "0")
L 07/12/2025 - 20:11:56: [playercommands.smx] "Kobe Bryant<28><STEAM_1:1:801237070><>" slapped "Kobe Bryant<28><STEAM_1:1:801237070><>" (damage "0")
L 07/12/2025 - 20:11:58: [playercommands.smx] "Kobe Bryant<28><STEAM_1:1:801237070><>" slapped "Kobe Bryant<28><STEAM_1:1:801237070><>" (damage "0")
L 07/12/2025 - 20:12:00: [playercommands.smx] "Kobe Bryant<28><STEAM_1:1:801237070><>" slapped "Kobe Bryant<28><STEAM_1:1:801237070><>" (damage "0")
L 07/12/2025 - 20:12:01: [playercommands.smx] "Kobe Bryant<28><STEAM_1:1:801237070><>" slapped "Kobe Bryant<28><STEAM_1:1:801237070><>" (damage "0")
L 07/12/2025 - 20:12:03: [playercommands.smx] "Kobe Bryant<28><STEAM_1:1:801237070><>" slapped "Kobe Bryant<28><STEAM_1:1:801237070><>" (damage "0")
L 07/12/2025 - 20:12:03: [playercommands.smx] "Kobe Bryant<28><STEAM_1:1:801237070><>" slapped "Kobe Bryant<28><STEAM_1:1:801237070><>" (damage "0")
L 07/12/2025 - 20:12:12: [playercommands.smx] "Kobe Bryant<28><STEAM_1:1:801237070><>" slapped "思<3><STEAM_1:0:923062785><>" (damage "0")
L 07/12/2025 - 20:12:12: [playercommands.smx] "Kobe Bryant<28><STEAM_1:1:801237070><>" slapped "Rochelle<34><BOT><>" (damage "0")
L 07/12/2025 - 20:12:12: [playercommands.smx] "Kobe Bryant<28><STEAM_1:1:801237070><>" slapped "Rochelle<34><BOT><>" (damage "0")
L 07/12/2025 - 20:12:12: [playercommands.smx] "(S)Kobe Bryant<28><STEAM_1:1:801237070><>" slapped "Rochelle<34><BOT><>" (damage "0")
L 07/12/2025 - 20:12:12: [playercommands.smx] "(S)Kobe Bryant<28><STEAM_1:1:801237070><>" slapped "Rochelle<34><BOT><>" (damage "0")
L 07/12/2025 - 20:12:12: [playercommands.smx] "(S)Kobe Bryant<28><STEAM_1:1:801237070><>" slapped "Rochelle<34><BOT><>" (damage "0")
L 07/12/2025 - 20:12:13: [playercommands.smx] "(S)Kobe Bryant<28><STEAM_1:1:801237070><>" slapped "Rochelle<34><BOT><>" (damage "0")
L 07/12/2025 - 20:12:13: [playercommands.smx] "(S)Kobe Bryant<28><STEAM_1:1:801237070><>" slapped "Rochelle<34><BOT><>" (damage "0")
L 07/12/2025 - 20:12:13: [playercommands.smx] "(S)Kobe Bryant<28><STEAM_1:1:801237070><>" slapped "Rochelle<34><BOT><>" (damage "0")
L 07/12/2025 - 20:12:13: [playercommands.smx] "(S)Kobe Bryant<28><STEAM_1:1:801237070><>" slapped "Rochelle<34><BOT><>" (damage "0")
L 07/12/2025 - 20:12:14: [playercommands.smx] "(S)Kobe Bryant<28><STEAM_1:1:801237070><>" slapped "思<3><STEAM_1:0:923062785><>" (damage "0")
L 07/12/2025 - 20:12:17: [playercommands.smx] "(S)Kobe Bryant<28><STEAM_1:1:801237070><>" slapped "思<3><STEAM_1:0:923062785><>" (damage "0")
L 07/12/2025 - 20:12:18: [playercommands.smx] "(S)Kobe Bryant<28><STEAM_1:1:801237070><>" slapped "思<3><STEAM_1:0:923062785><>" (damage "0")
L 07/12/2025 - 20:12:18: [playercommands.smx] "(S)Kobe Bryant<28><STEAM_1:1:801237070><>" slapped "思<3><STEAM_1:0:923062785><>" (damage "0")
L 07/12/2025 - 20:12:19: [playercommands.smx] "(S)Kobe Bryant<28><STEAM_1:1:801237070><>" slapped "思<3><STEAM_1:0:923062785><>" (damage "0")
L 07/12/2025 - 20:12:19: [playercommands.smx] "(S)Kobe Bryant<28><STEAM_1:1:801237070><>" slapped "思<3><STEAM_1:0:923062785><>" (damage "0")
L 07/12/2025 - 20:12:19: [playercommands.smx] "(S)Kobe Bryant<28><STEAM_1:1:801237070><>" slapped "思<3><STEAM_1:0:923062785><>" (damage "0")
L 07/12/2025 - 20:12:19: [playercommands.smx] "(S)Kobe Bryant<28><STEAM_1:1:801237070><>" slapped "思<3><STEAM_1:0:923062785><>" (damage "0")
L 07/12/2025 - 20:12:19: [playercommands.smx] "(S)Kobe Bryant<28><STEAM_1:1:801237070><>" slapped "思<3><STEAM_1:0:923062785><>" (damage "0")
L 07/12/2025 - 20:12:20: [playercommands.smx] "(S)Kobe Bryant<28><STEAM_1:1:801237070><>" slapped "思<3><STEAM_1:0:923062785><>" (damage "0")
L 07/12/2025 - 20:12:20: [playercommands.smx] "(S)Kobe Bryant<28><STEAM_1:1:801237070><>" slapped "思<3><STEAM_1:0:923062785><>" (damage "0")
L 07/12/2025 - 20:12:20: [playercommands.smx] "(S)Kobe Bryant<28><STEAM_1:1:801237070><>" slapped "思<3><STEAM_1:0:923062785><>" (damage "0")
L 07/12/2025 - 20:12:20: [playercommands.smx] "(S)Kobe Bryant<28><STEAM_1:1:801237070><>" slapped "思<3><STEAM_1:0:923062785><>" (damage "0")
L 07/12/2025 - 20:12:23: [playercommands.smx] "(S)Kobe Bryant<28><STEAM_1:1:801237070><>" slapped "Yy<17><STEAM_1:0:631481250><>" (damage "0")
L 07/12/2025 - 20:12:23: [playercommands.smx] "(S)Kobe Bryant<28><STEAM_1:1:801237070><>" slapped "Yy<17><STEAM_1:0:631481250><>" (damage "0")
L 07/12/2025 - 20:12:24: [playercommands.smx] "(S)Kobe Bryant<28><STEAM_1:1:801237070><>" slapped "Yy<17><STEAM_1:0:631481250><>" (damage "0")
L 07/12/2025 - 20:12:24: [playercommands.smx] "(S)Kobe Bryant<28><STEAM_1:1:801237070><>" slapped "Yy<17><STEAM_1:0:631481250><>" (damage "0")
L 07/12/2025 - 20:12:24: [playercommands.smx] "(S)Kobe Bryant<28><STEAM_1:1:801237070><>" slapped "Yy<17><STEAM_1:0:631481250><>" (damage "0")
L 07/12/2025 - 20:12:27: [playercommands.smx] "(S)Kobe Bryant<28><STEAM_1:1:801237070><>" slapped "Yy<17><STEAM_1:0:631481250><>" (damage "0")
L 07/12/2025 - 20:12:27: [playercommands.smx] "(S)Kobe Bryant<28><STEAM_1:1:801237070><>" slapped "Yy<17><STEAM_1:0:631481250><>" (damage "0")
L 07/12/2025 - 20:12:28: [playercommands.smx] "(S)Kobe Bryant<28><STEAM_1:1:801237070><>" slapped "Yy<17><STEAM_1:0:631481250><>" (damage "0")
L 07/12/2025 - 20:12:30: [playercommands.smx] "(S)Kobe Bryant<28><STEAM_1:1:801237070><>" slapped "Yy<17><STEAM_1:0:631481250><>" (damage "0")
L 07/12/2025 - 20:12:31: [playercommands.smx] "(S)Kobe Bryant<28><STEAM_1:1:801237070><>" slapped "Yy<17><STEAM_1:0:631481250><>" (damage "0")
L 07/12/2025 - 20:12:31: [playercommands.smx] "(S)Kobe Bryant<28><STEAM_1:1:801237070><>" slapped "Yy<17><STEAM_1:0:631481250><>" (damage "0")
L 07/12/2025 - 20:12:31: [playercommands.smx] "(S)Kobe Bryant<28><STEAM_1:1:801237070><>" slapped "Yy<17><STEAM_1:0:631481250><>" (damage "0")
L 07/12/2025 - 20:12:36: [playercommands.smx] "(S)Kobe Bryant<28><STEAM_1:1:801237070><>" slapped "Yy<17><STEAM_1:0:631481250><>" (damage "0")
L 07/12/2025 - 20:12:37: [playercommands.smx] "(S)Kobe Bryant<28><STEAM_1:1:801237070><>" slapped "Yy<17><STEAM_1:0:631481250><>" (damage "0")
L 07/12/2025 - 20:12:37: [playercommands.smx] "(S)Kobe Bryant<28><STEAM_1:1:801237070><>" slapped "Yy<17><STEAM_1:0:631481250><>" (damage "0")
L 07/12/2025 - 20:12:37: [playercommands.smx] "(S)Kobe Bryant<28><STEAM_1:1:801237070><>" slapped "Yy<17><STEAM_1:0:631481250><>" (damage "0")
L 07/12/2025 - 20:12:39: [playercommands.smx] "(S)Kobe Bryant<28><STEAM_1:1:801237070><>" slapped "Yy<17><STEAM_1:0:631481250><>" (damage "0")
L 07/12/2025 - 20:12:39: [playercommands.smx] "(S)Kobe Bryant<28><STEAM_1:1:801237070><>" slapped "Yy<17><STEAM_1:0:631481250><>" (damage "0")
L 07/12/2025 - 20:12:39: [playercommands.smx] "(S)Kobe Bryant<28><STEAM_1:1:801237070><>" slapped "Yy<17><STEAM_1:0:631481250><>" (damage "0")
L 07/12/2025 - 20:12:39: [playercommands.smx] "(S)Kobe Bryant<28><STEAM_1:1:801237070><>" slapped "Yy<17><STEAM_1:0:631481250><>" (damage "0")
L 07/12/2025 - 20:12:44: [playercommands.smx] "(S)Kobe Bryant<28><STEAM_1:1:801237070><>" slapped "Yy<17><STEAM_1:0:631481250><>" (damage "0")
L 07/12/2025 - 20:12:45: [playercommands.smx] "(S)Kobe Bryant<28><STEAM_1:1:801237070><>" slapped "Yy<17><STEAM_1:0:631481250><>" (damage "0")
L 07/12/2025 - 20:12:45: [playercommands.smx] "(S)Kobe Bryant<28><STEAM_1:1:801237070><>" slapped "Yy<17><STEAM_1:0:631481250><>" (damage "0")
L 07/12/2025 - 20:12:45: [playercommands.smx] "(S)Kobe Bryant<28><STEAM_1:1:801237070><>" slapped "Yy<17><STEAM_1:0:631481250><>" (damage "0")
L 07/12/2025 - 20:12:45: [playercommands.smx] "(S)Kobe Bryant<28><STEAM_1:1:801237070><>" slapped "Yy<17><STEAM_1:0:631481250><>" (damage "0")
L 07/12/2025 - 20:12:45: [playercommands.smx] "(S)Kobe Bryant<28><STEAM_1:1:801237070><>" slapped "Yy<17><STEAM_1:0:631481250><>" (damage "0")
L 07/12/2025 - 20:12:46: [playercommands.smx] "(S)Kobe Bryant<28><STEAM_1:1:801237070><>" slapped "Yy<17><STEAM_1:0:631481250><>" (damage "0")
L 07/12/2025 - 20:12:46: [playercommands.smx] "(S)Kobe Bryant<28><STEAM_1:1:801237070><>" slapped "Yy<17><STEAM_1:0:631481250><>" (damage "0")
L 07/12/2025 - 20:12:46: [playercommands.smx] "(S)Kobe Bryant<28><STEAM_1:1:801237070><>" slapped "Yy<17><STEAM_1:0:631481250><>" (damage "0")
L 07/12/2025 - 20:12:46: [playercommands.smx] "(S)Kobe Bryant<28><STEAM_1:1:801237070><>" slapped "Yy<17><STEAM_1:0:631481250><>" (damage "0")
L 07/12/2025 - 20:12:46: [playercommands.smx] "(S)Kobe Bryant<28><STEAM_1:1:801237070><>" slapped "Yy<17><STEAM_1:0:631481250><>" (damage "0")
L 07/12/2025 - 20:12:47: [playercommands.smx] "(S)Kobe Bryant<28><STEAM_1:1:801237070><>" slapped "Yy<17><STEAM_1:0:631481250><>" (damage "0")
L 07/12/2025 - 20:12:47: [playercommands.smx] "(S)Kobe Bryant<28><STEAM_1:1:801237070><>" slapped "Yy<17><STEAM_1:0:631481250><>" (damage "0")
L 07/12/2025 - 20:12:47: [playercommands.smx] "(S)Kobe Bryant<28><STEAM_1:1:801237070><>" slapped "Yy<17><STEAM_1:0:631481250><>" (damage "0")
L 07/12/2025 - 20:12:47: [playercommands.smx] "(S)Kobe Bryant<28><STEAM_1:1:801237070><>" slapped "Yy<17><STEAM_1:0:631481250><>" (damage "0")
L 07/12/2025 - 20:12:47: [playercommands.smx] "(S)Kobe Bryant<28><STEAM_1:1:801237070><>" slapped "Yy<17><STEAM_1:0:631481250><>" (damage "0")
L 07/12/2025 - 20:12:48: [playercommands.smx] "(S)Kobe Bryant<28><STEAM_1:1:801237070><>" slapped "Yy<17><STEAM_1:0:631481250><>" (damage "0")
L 07/12/2025 - 20:12:49: [playercommands.smx] "(S)Kobe Bryant<28><STEAM_1:1:801237070><>" slapped "Yy<17><STEAM_1:0:631481250><>" (damage "0")
L 07/12/2025 - 20:12:50: [playercommands.smx] "(S)Kobe Bryant<28><STEAM_1:1:801237070><>" slapped "Yy<17><STEAM_1:0:631481250><>" (damage "0")
L 07/12/2025 - 20:12:50: [playercommands.smx] "(S)Kobe Bryant<28><STEAM_1:1:801237070><>" slapped "Yy<17><STEAM_1:0:631481250><>" (damage "0")
L 07/12/2025 - 20:12:50: [playercommands.smx] "(S)Kobe Bryant<28><STEAM_1:1:801237070><>" slapped "Yy<17><STEAM_1:0:631481250><>" (damage "0")
L 07/12/2025 - 20:12:50: [playercommands.smx] "(S)Kobe Bryant<28><STEAM_1:1:801237070><>" slapped "Yy<17><STEAM_1:0:631481250><>" (damage "0")
L 07/12/2025 - 20:12:50: [playercommands.smx] "(S)Kobe Bryant<28><STEAM_1:1:801237070><>" slapped "Yy<17><STEAM_1:0:631481250><>" (damage "0")
L 07/12/2025 - 20:12:51: [playercommands.smx] "(S)Kobe Bryant<28><STEAM_1:1:801237070><>" slapped "Yy<17><STEAM_1:0:631481250><>" (damage "0")
L 07/12/2025 - 20:12:51: [playercommands.smx] "(S)Kobe Bryant<28><STEAM_1:1:801237070><>" slapped "Yy<17><STEAM_1:0:631481250><>" (damage "0")
L 07/12/2025 - 20:12:51: [playercommands.smx] "(S)Kobe Bryant<28><STEAM_1:1:801237070><>" slapped "Yy<17><STEAM_1:0:631481250><>" (damage "0")
L 07/12/2025 - 20:12:59: [playercommands.smx] "(S)Kobe Bryant<28><STEAM_1:1:801237070><>" slapped "Yy<17><STEAM_1:0:631481250><>" (damage "0")
L 07/12/2025 - 20:12:59: [playercommands.smx] "(S)Kobe Bryant<28><STEAM_1:1:801237070><>" slapped "Yy<17><STEAM_1:0:631481250><>" (damage "0")
L 07/12/2025 - 20:12:59: [playercommands.smx] "(S)Kobe Bryant<28><STEAM_1:1:801237070><>" slapped "Yy<17><STEAM_1:0:631481250><>" (damage "0")
L 07/12/2025 - 20:13:01: [playercommands.smx] "(S)Kobe Bryant<28><STEAM_1:1:801237070><>" slapped "Yy<17><STEAM_1:0:631481250><>" (damage "0")
L 07/12/2025 - 20:13:01: [playercommands.smx] "(S)Kobe Bryant<28><STEAM_1:1:801237070><>" slapped "Yy<17><STEAM_1:0:631481250><>" (damage "0")
L 07/12/2025 - 20:13:02: [playercommands.smx] "(S)Kobe Bryant<28><STEAM_1:1:801237070><>" slapped "Yy<17><STEAM_1:0:631481250><>" (damage "0")
L 07/12/2025 - 20:13:02: [playercommands.smx] "(S)Kobe Bryant<28><STEAM_1:1:801237070><>" slapped "Yy<17><STEAM_1:0:631481250><>" (damage "0")
L 07/12/2025 - 20:13:02: [playercommands.smx] "(S)Kobe Bryant<28><STEAM_1:1:801237070><>" slapped "Yy<17><STEAM_1:0:631481250><>" (damage "0")
L 07/12/2025 - 20:13:02: [playercommands.smx] "(S)Kobe Bryant<28><STEAM_1:1:801237070><>" slapped "Yy<17><STEAM_1:0:631481250><>" (damage "0")
L 07/12/2025 - 20:13:02: [playercommands.smx] "(S)Kobe Bryant<28><STEAM_1:1:801237070><>" slapped "Yy<17><STEAM_1:0:631481250><>" (damage "0")
L 07/12/2025 - 20:13:03: [playercommands.smx] "(S)Kobe Bryant<28><STEAM_1:1:801237070><>" slapped "Yy<17><STEAM_1:0:631481250><>" (damage "0")
L 07/12/2025 - 20:13:03: [playercommands.smx] "(S)Kobe Bryant<28><STEAM_1:1:801237070><>" slapped "Yy<17><STEAM_1:0:631481250><>" (damage "0")
L 07/12/2025 - 20:13:05: [playercommands.smx] "(S)Kobe Bryant<28><STEAM_1:1:801237070><>" slapped "Yy<17><STEAM_1:0:631481250><>" (damage "0")
L 07/12/2025 - 20:13:05: [playercommands.smx] "(S)Kobe Bryant<28><STEAM_1:1:801237070><>" slapped "Yy<17><STEAM_1:0:631481250><>" (damage "0")
L 07/12/2025 - 20:13:05: [playercommands.smx] "(S)Kobe Bryant<28><STEAM_1:1:801237070><>" slapped "Yy<17><STEAM_1:0:631481250><>" (damage "0")
L 07/12/2025 - 20:13:05: [playercommands.smx] "(S)Kobe Bryant<28><STEAM_1:1:801237070><>" slapped "Yy<17><STEAM_1:0:631481250><>" (damage "0")
L 07/12/2025 - 20:13:06: [playercommands.smx] "(S)Kobe Bryant<28><STEAM_1:1:801237070><>" slapped "Yy<17><STEAM_1:0:631481250><>" (damage "0")
L 07/12/2025 - 20:13:06: [playercommands.smx] "(S)Kobe Bryant<28><STEAM_1:1:801237070><>" slapped "Yy<17><STEAM_1:0:631481250><>" (damage "0")
L 07/12/2025 - 20:13:06: [playercommands.smx] "(S)Kobe Bryant<28><STEAM_1:1:801237070><>" slapped "Yy<17><STEAM_1:0:631481250><>" (damage "0")
L 07/12/2025 - 20:13:06: [playercommands.smx] "(S)Kobe Bryant<28><STEAM_1:1:801237070><>" slapped "Yy<17><STEAM_1:0:631481250><>" (damage "0")
L 07/12/2025 - 20:13:07: [playercommands.smx] "(S)Kobe Bryant<28><STEAM_1:1:801237070><>" slapped "Yy<17><STEAM_1:0:631481250><>" (damage "0")
L 07/12/2025 - 20:13:07: [playercommands.smx] "(S)Kobe Bryant<28><STEAM_1:1:801237070><>" slapped "Yy<17><STEAM_1:0:631481250><>" (damage "0")
L 07/12/2025 - 20:13:07: [playercommands.smx] "(S)Kobe Bryant<28><STEAM_1:1:801237070><>" slapped "Yy<17><STEAM_1:0:631481250><>" (damage "0")
L 07/12/2025 - 20:13:07: [playercommands.smx] "(S)Kobe Bryant<28><STEAM_1:1:801237070><>" slapped "Yy<17><STEAM_1:0:631481250><>" (damage "0")
L 07/12/2025 - 20:13:07: [playercommands.smx] "(S)Kobe Bryant<28><STEAM_1:1:801237070><>" slapped "Yy<17><STEAM_1:0:631481250><>" (damage "0")
L 07/12/2025 - 20:13:08: [playercommands.smx] "(S)Kobe Bryant<28><STEAM_1:1:801237070><>" slapped "Yy<17><STEAM_1:0:631481250><>" (damage "0")
L 07/12/2025 - 20:13:10: [playercommands.smx] "(S)Kobe Bryant<28><STEAM_1:1:801237070><>" slapped "Yy<17><STEAM_1:0:631481250><>" (damage "0")
L 07/12/2025 - 20:13:10: [playercommands.smx] "(S)Kobe Bryant<28><STEAM_1:1:801237070><>" slapped "Yy<17><STEAM_1:0:631481250><>" (damage "0")
L 07/12/2025 - 20:13:11: [playercommands.smx] "(S)Kobe Bryant<28><STEAM_1:1:801237070><>" slapped "Yy<17><STEAM_1:0:631481250><>" (damage "0")
L 07/12/2025 - 20:13:11: [playercommands.smx] "(S)Kobe Bryant<28><STEAM_1:1:801237070><>" slapped "Yy<17><STEAM_1:0:631481250><>" (damage "0")
L 07/12/2025 - 20:13:11: [playercommands.smx] "(S)Kobe Bryant<28><STEAM_1:1:801237070><>" slapped "Yy<17><STEAM_1:0:631481250><>" (damage "0")
L 07/12/2025 - 20:13:11: [playercommands.smx] "(S)Kobe Bryant<28><STEAM_1:1:801237070><>" slapped "Yy<17><STEAM_1:0:631481250><>" (damage "0")
L 07/12/2025 - 20:13:11: [playercommands.smx] "(S)Kobe Bryant<28><STEAM_1:1:801237070><>" slapped "Yy<17><STEAM_1:0:631481250><>" (damage "0")
L 07/12/2025 - 20:13:12: [playercommands.smx] "(S)Kobe Bryant<28><STEAM_1:1:801237070><>" slapped "Yy<17><STEAM_1:0:631481250><>" (damage "0")
L 07/12/2025 - 20:13:12: [playercommands.smx] "(S)Kobe Bryant<28><STEAM_1:1:801237070><>" slapped "Yy<17><STEAM_1:0:631481250><>" (damage "0")
L 07/12/2025 - 20:13:14: [playercommands.smx] "(S)Kobe Bryant<28><STEAM_1:1:801237070><>" slapped "Yy<17><STEAM_1:0:631481250><>" (damage "0")
L 07/12/2025 - 20:13:14: [playercommands.smx] "(S)Kobe Bryant<28><STEAM_1:1:801237070><>" slapped "Yy<17><STEAM_1:0:631481250><>" (damage "0")
L 07/12/2025 - 20:13:14: [playercommands.smx] "(S)Kobe Bryant<28><STEAM_1:1:801237070><>" slapped "Yy<17><STEAM_1:0:631481250><>" (damage "0")
L 07/12/2025 - 20:13:14: [playercommands.smx] "(S)Kobe Bryant<28><STEAM_1:1:801237070><>" slapped "Yy<17><STEAM_1:0:631481250><>" (damage "0")
L 07/12/2025 - 20:13:15: [playercommands.smx] "(S)Kobe Bryant<28><STEAM_1:1:801237070><>" slapped "Yy<17><STEAM_1:0:631481250><>" (damage "0")
L 07/12/2025 - 20:13:15: [playercommands.smx] "(S)Kobe Bryant<28><STEAM_1:1:801237070><>" slapped "Yy<17><STEAM_1:0:631481250><>" (damage "0")
L 07/12/2025 - 20:13:15: [playercommands.smx] "(S)Kobe Bryant<28><STEAM_1:1:801237070><>" slapped "Yy<17><STEAM_1:0:631481250><>" (damage "0")
L 07/12/2025 - 20:13:17: [playercommands.smx] "(S)Kobe Bryant<28><STEAM_1:1:801237070><>" slapped "Yy<17><STEAM_1:0:631481250><>" (damage "0")
L 07/12/2025 - 20:13:17: [playercommands.smx] "(S)Kobe Bryant<28><STEAM_1:1:801237070><>" slapped "Yy<17><STEAM_1:0:631481250><>" (damage "0")
L 07/12/2025 - 20:13:17: [playercommands.smx] "(S)Kobe Bryant<28><STEAM_1:1:801237070><>" slapped "Yy<17><STEAM_1:0:631481250><>" (damage "0")
L 07/12/2025 - 20:13:17: [playercommands.smx] "(S)Kobe Bryant<28><STEAM_1:1:801237070><>" slapped "Yy<17><STEAM_1:0:631481250><>" (damage "0")
L 07/12/2025 - 20:13:17: [playercommands.smx] "(S)Kobe Bryant<28><STEAM_1:1:801237070><>" slapped "Yy<17><STEAM_1:0:631481250><>" (damage "0")
L 07/12/2025 - 20:13:19: [playercommands.smx] "(S)Kobe Bryant<28><STEAM_1:1:801237070><>" slapped "Yy<17><STEAM_1:0:631481250><>" (damage "0")
L 07/12/2025 - 20:13:19: [playercommands.smx] "(S)Kobe Bryant<28><STEAM_1:1:801237070><>" slapped "Yy<17><STEAM_1:0:631481250><>" (damage "0")
L 07/12/2025 - 20:13:19: [playercommands.smx] "(S)Kobe Bryant<28><STEAM_1:1:801237070><>" slapped "Yy<17><STEAM_1:0:631481250><>" (damage "0")
L 07/12/2025 - 20:13:19: [playercommands.smx] "(S)Kobe Bryant<28><STEAM_1:1:801237070><>" slapped "Yy<17><STEAM_1:0:631481250><>" (damage "0")
L 07/12/2025 - 20:13:20: [playercommands.smx] "(S)Kobe Bryant<28><STEAM_1:1:801237070><>" slapped "Yy<17><STEAM_1:0:631481250><>" (damage "0")
L 07/12/2025 - 20:13:20: [playercommands.smx] "(S)Kobe Bryant<28><STEAM_1:1:801237070><>" slapped "Yy<17><STEAM_1:0:631481250><>" (damage "0")
L 07/12/2025 - 20:13:23: [playercommands.smx] "(S)Kobe Bryant<28><STEAM_1:1:801237070><>" slapped "Coach<26><BOT><>" (damage "0")
L 07/12/2025 - 20:13:23: [playercommands.smx] "(S)Kobe Bryant<28><STEAM_1:1:801237070><>" slapped "Coach<26><BOT><>" (damage "0")
L 07/12/2025 - 20:13:23: [playercommands.smx] "(S)Kobe Bryant<28><STEAM_1:1:801237070><>" slapped "Coach<26><BOT><>" (damage "0")
L 07/12/2025 - 20:13:23: [playercommands.smx] "(S)Kobe Bryant<28><STEAM_1:1:801237070><>" slapped "Coach<26><BOT><>" (damage "0")
L 07/12/2025 - 20:13:24: [playercommands.smx] "(S)Kobe Bryant<28><STEAM_1:1:801237070><>" slapped "Coach<26><BOT><>" (damage "0")
L 07/12/2025 - 20:13:24: [playercommands.smx] "(S)Kobe Bryant<28><STEAM_1:1:801237070><>" slapped "Coach<26><BOT><>" (damage "0")
L 07/12/2025 - 20:13:25: [playercommands.smx] "(S)Kobe Bryant<28><STEAM_1:1:801237070><>" slapped "思<3><STEAM_1:0:923062785><>" (damage "0")
L 07/12/2025 - 20:13:25: [playercommands.smx] "(S)Kobe Bryant<28><STEAM_1:1:801237070><>" slapped "思<3><STEAM_1:0:923062785><>" (damage "0")
L 07/12/2025 - 20:13:25: [playercommands.smx] "(S)Kobe Bryant<28><STEAM_1:1:801237070><>" slapped "思<3><STEAM_1:0:923062785><>" (damage "0")
L 07/12/2025 - 20:13:26: [playercommands.smx] "(S)Kobe Bryant<28><STEAM_1:1:801237070><>" slapped "思<3><STEAM_1:0:923062785><>" (damage "0")
L 07/12/2025 - 20:13:26: [playercommands.smx] "(S)Kobe Bryant<28><STEAM_1:1:801237070><>" slapped "思<3><STEAM_1:0:923062785><>" (damage "0")
L 07/12/2025 - 20:13:27: [playercommands.smx] "(S)Kobe Bryant<28><STEAM_1:1:801237070><>" slapped "Rochelle<34><BOT><>" (damage "0")
L 07/12/2025 - 20:13:27: [playercommands.smx] "(S)Kobe Bryant<28><STEAM_1:1:801237070><>" slapped "Rochelle<34><BOT><>" (damage "0")
L 07/12/2025 - 20:13:27: [playercommands.smx] "(S)Kobe Bryant<28><STEAM_1:1:801237070><>" slapped "Rochelle<34><BOT><>" (damage "0")
L 07/12/2025 - 20:13:27: [playercommands.smx] "(S)Kobe Bryant<28><STEAM_1:1:801237070><>" slapped "Rochelle<34><BOT><>" (damage "0")
L 07/12/2025 - 20:13:27: [playercommands.smx] "(S)Kobe Bryant<28><STEAM_1:1:801237070><>" slapped "Rochelle<34><BOT><>" (damage "0")
L 07/12/2025 - 20:13:28: [playercommands.smx] "(S)Kobe Bryant<28><STEAM_1:1:801237070><>" slapped "Rochelle<34><BOT><>" (damage "0")
L 07/12/2025 - 20:13:28: [playercommands.smx] "(S)Kobe Bryant<28><STEAM_1:1:801237070><>" slapped "Rochelle<34><BOT><>" (damage "0")
L 07/12/2025 - 20:13:28: [playercommands.smx] "(S)Kobe Bryant<28><STEAM_1:1:801237070><>" slapped "Rochelle<34><BOT><>" (damage "0")
L 07/12/2025 - 20:13:28: [playercommands.smx] "(S)Kobe Bryant<28><STEAM_1:1:801237070><>" slapped "Rochelle<34><BOT><>" (damage "0")
L 07/12/2025 - 20:13:36: [playercommands.smx] "Kobe Bryant<28><STEAM_1:1:801237070><>" slapped "Kobe Bryant<28><STEAM_1:1:801237070><>" (damage "0")
L 07/12/2025 - 20:13:37: [playercommands.smx] "Kobe Bryant<28><STEAM_1:1:801237070><>" slapped "Kobe Bryant<28><STEAM_1:1:801237070><>" (damage "0")
L 07/12/2025 - 20:13:37: [playercommands.smx] "Kobe Bryant<28><STEAM_1:1:801237070><>" slapped "Kobe Bryant<28><STEAM_1:1:801237070><>" (damage "0")
L 07/12/2025 - 20:13:37: [playercommands.smx] "Kobe Bryant<28><STEAM_1:1:801237070><>" slapped "Kobe Bryant<28><STEAM_1:1:801237070><>" (damage "0")
L 07/12/2025 - 20:13:39: [playercommands.smx] "Kobe Bryant<28><STEAM_1:1:801237070><>" slapped "Kobe Bryant<28><STEAM_1:1:801237070><>" (damage "0")
L 07/12/2025 - 20:13:39: [playercommands.smx] "Kobe Bryant<28><STEAM_1:1:801237070><>" slapped "Kobe Bryant<28><STEAM_1:1:801237070><>" (damage "0")
L 07/12/2025 - 20:13:39: [playercommands.smx] "Kobe Bryant<28><STEAM_1:1:801237070><>" slapped "Kobe Bryant<28><STEAM_1:1:801237070><>" (damage "0")
L 07/12/2025 - 20:13:41: [playercommands.smx] "Kobe Bryant<28><STEAM_1:1:801237070><>" slapped "Kobe Bryant<28><STEAM_1:1:801237070><>" (damage "0")
L 07/12/2025 - 20:13:42: [playercommands.smx] "Kobe Bryant<28><STEAM_1:1:801237070><>" slapped "Kobe Bryant<28><STEAM_1:1:801237070><>" (damage "0")
L 07/12/2025 - 20:13:42: [playercommands.smx] "Kobe Bryant<28><STEAM_1:1:801237070><>" slapped "Kobe Bryant<28><STEAM_1:1:801237070><>" (damage "0")
L 07/12/2025 - 20:13:58: [playercommands.smx] "Kobe Bryant<28><STEAM_1:1:801237070><>" slapped "Kobe Bryant<28><STEAM_1:1:801237070><>" (damage "0")
L 07/12/2025 - 20:13:58: [playercommands.smx] "Kobe Bryant<28><STEAM_1:1:801237070><>" slapped "Kobe Bryant<28><STEAM_1:1:801237070><>" (damage "0")
L 07/12/2025 - 20:13:59: [playercommands.smx] "Kobe Bryant<28><STEAM_1:1:801237070><>" slapped "Kobe Bryant<28><STEAM_1:1:801237070><>" (damage "0")
L 07/12/2025 - 20:13:59: [playercommands.smx] "Kobe Bryant<28><STEAM_1:1:801237070><>" slapped "Kobe Bryant<28><STEAM_1:1:801237070><>" (damage "0")
L 07/12/2025 - 20:13:59: [playercommands.smx] "Kobe Bryant<28><STEAM_1:1:801237070><>" slapped "Kobe Bryant<28><STEAM_1:1:801237070><>" (damage "0")
L 07/12/2025 - 20:14:00: [playercommands.smx] "Kobe Bryant<28><STEAM_1:1:801237070><>" slapped "Kobe Bryant<28><STEAM_1:1:801237070><>" (damage "0")
L 07/12/2025 - 20:14:00: [playercommands.smx] "Kobe Bryant<28><STEAM_1:1:801237070><>" slapped "Kobe Bryant<28><STEAM_1:1:801237070><>" (damage "0")
L 07/12/2025 - 20:14:00: [playercommands.smx] "Kobe Bryant<28><STEAM_1:1:801237070><>" slapped "Kobe Bryant<28><STEAM_1:1:801237070><>" (damage "0")
L 07/12/2025 - 20:14:01: [playercommands.smx] "Kobe Bryant<28><STEAM_1:1:801237070><>" slapped "Kobe Bryant<28><STEAM_1:1:801237070><>" (damage "0")
L 07/12/2025 - 20:14:01: [playercommands.smx] "Kobe Bryant<28><STEAM_1:1:801237070><>" slapped "Kobe Bryant<28><STEAM_1:1:801237070><>" (damage "0")
L 07/12/2025 - 20:14:01: [playercommands.smx] "Kobe Bryant<28><STEAM_1:1:801237070><>" slapped "Kobe Bryant<28><STEAM_1:1:801237070><>" (damage "0")
L 07/12/2025 - 20:14:01: [playercommands.smx] "Kobe Bryant<28><STEAM_1:1:801237070><>" slapped "Kobe Bryant<28><STEAM_1:1:801237070><>" (damage "0")
L 07/12/2025 - 20:14:01: [playercommands.smx] "Kobe Bryant<28><STEAM_1:1:801237070><>" slapped "Kobe Bryant<28><STEAM_1:1:801237070><>" (damage "0")
L 07/12/2025 - 20:14:02: [playercommands.smx] "Kobe Bryant<28><STEAM_1:1:801237070><>" slapped "Kobe Bryant<28><STEAM_1:1:801237070><>" (damage "0")
L 07/12/2025 - 20:14:02: [playercommands.smx] "Kobe Bryant<28><STEAM_1:1:801237070><>" slapped "Kobe Bryant<28><STEAM_1:1:801237070><>" (damage "0")
L 07/12/2025 - 20:14:02: [playercommands.smx] "Kobe Bryant<28><STEAM_1:1:801237070><>" slapped "Kobe Bryant<28><STEAM_1:1:801237070><>" (damage "0")
L 07/12/2025 - 20:14:03: [playercommands.smx] "Kobe Bryant<28><STEAM_1:1:801237070><>" slapped "Kobe Bryant<28><STEAM_1:1:801237070><>" (damage "0")
L 07/12/2025 - 20:14:03: [playercommands.smx] "Kobe Bryant<28><STEAM_1:1:801237070><>" slapped "Kobe Bryant<28><STEAM_1:1:801237070><>" (damage "0")
L 07/12/2025 - 20:14:03: [playercommands.smx] "Kobe Bryant<28><STEAM_1:1:801237070><>" slapped "Kobe Bryant<28><STEAM_1:1:801237070><>" (damage "0")
L 07/12/2025 - 20:14:03: [playercommands.smx] "Kobe Bryant<28><STEAM_1:1:801237070><>" slapped "Kobe Bryant<28><STEAM_1:1:801237070><>" (damage "0")
L 07/12/2025 - 20:14:03: [playercommands.smx] "Kobe Bryant<28><STEAM_1:1:801237070><>" slapped "Kobe Bryant<28><STEAM_1:1:801237070><>" (damage "0")
L 07/12/2025 - 20:14:04: [playercommands.smx] "Kobe Bryant<28><STEAM_1:1:801237070><>" slapped "Kobe Bryant<28><STEAM_1:1:801237070><>" (damage "0")
L 07/12/2025 - 20:14:04: [playercommands.smx] "Kobe Bryant<28><STEAM_1:1:801237070><>" slapped "Kobe Bryant<28><STEAM_1:1:801237070><>" (damage "0")
L 07/12/2025 - 20:14:04: [playercommands.smx] "Kobe Bryant<28><STEAM_1:1:801237070><>" slapped "Kobe Bryant<28><STEAM_1:1:801237070><>" (damage "0")
L 07/12/2025 - 20:14:04: [playercommands.smx] "Kobe Bryant<28><STEAM_1:1:801237070><>" slapped "Kobe Bryant<28><STEAM_1:1:801237070><>" (damage "0")
L 07/12/2025 - 20:14:04: [playercommands.smx] "Kobe Bryant<28><STEAM_1:1:801237070><>" slapped "Kobe Bryant<28><STEAM_1:1:801237070><>" (damage "0")
L 07/12/2025 - 20:14:05: [playercommands.smx] "Kobe Bryant<28><STEAM_1:1:801237070><>" slapped "Kobe Bryant<28><STEAM_1:1:801237070><>" (damage "0")
L 07/12/2025 - 20:14:05: [playercommands.smx] "Kobe Bryant<28><STEAM_1:1:801237070><>" slapped "Kobe Bryant<28><STEAM_1:1:801237070><>" (damage "0")
L 07/12/2025 - 20:14:05: [playercommands.smx] "Kobe Bryant<28><STEAM_1:1:801237070><>" slapped "Kobe Bryant<28><STEAM_1:1:801237070><>" (damage "0")
L 07/12/2025 - 20:14:05: [playercommands.smx] "Kobe Bryant<28><STEAM_1:1:801237070><>" slapped "Kobe Bryant<28><STEAM_1:1:801237070><>" (damage "0")
L 07/12/2025 - 20:14:06: [playercommands.smx] "Kobe Bryant<28><STEAM_1:1:801237070><>" slapped "Kobe Bryant<28><STEAM_1:1:801237070><>" (damage "0")
L 07/12/2025 - 20:14:06: [playercommands.smx] "Kobe Bryant<28><STEAM_1:1:801237070><>" slapped "Kobe Bryant<28><STEAM_1:1:801237070><>" (damage "0")
L 07/12/2025 - 20:14:06: [playercommands.smx] "Kobe Bryant<28><STEAM_1:1:801237070><>" slapped "Kobe Bryant<28><STEAM_1:1:801237070><>" (damage "0")
L 07/12/2025 - 20:14:06: [playercommands.smx] "Kobe Bryant<28><STEAM_1:1:801237070><>" slapped "Kobe Bryant<28><STEAM_1:1:801237070><>" (damage "0")
L 07/12/2025 - 20:14:06: [playercommands.smx] "Kobe Bryant<28><STEAM_1:1:801237070><>" slapped "Kobe Bryant<28><STEAM_1:1:801237070><>" (damage "0")
L 07/12/2025 - 20:14:07: [playercommands.smx] "Kobe Bryant<28><STEAM_1:1:801237070><>" slapped "Kobe Bryant<28><STEAM_1:1:801237070><>" (damage "0")
L 07/12/2025 - 20:14:07: [playercommands.smx] "Kobe Bryant<28><STEAM_1:1:801237070><>" slapped "Kobe Bryant<28><STEAM_1:1:801237070><>" (damage "0")
L 07/12/2025 - 20:14:07: [playercommands.smx] "Kobe Bryant<28><STEAM_1:1:801237070><>" slapped "Kobe Bryant<28><STEAM_1:1:801237070><>" (damage "0")
L 07/12/2025 - 20:14:07: [playercommands.smx] "Kobe Bryant<28><STEAM_1:1:801237070><>" slapped "Kobe Bryant<28><STEAM_1:1:801237070><>" (damage "0")
L 07/12/2025 - 20:14:07: [playercommands.smx] "Kobe Bryant<28><STEAM_1:1:801237070><>" slapped "Kobe Bryant<28><STEAM_1:1:801237070><>" (damage "0")
L 07/12/2025 - 20:14:08: [playercommands.smx] "Kobe Bryant<28><STEAM_1:1:801237070><>" slapped "Kobe Bryant<28><STEAM_1:1:801237070><>" (damage "0")
L 07/12/2025 - 20:14:08: [playercommands.smx] "Kobe Bryant<28><STEAM_1:1:801237070><>" slapped "Kobe Bryant<28><STEAM_1:1:801237070><>" (damage "0")
L 07/12/2025 - 20:14:08: [playercommands.smx] "Kobe Bryant<28><STEAM_1:1:801237070><>" slapped "Kobe Bryant<28><STEAM_1:1:801237070><>" (damage "0")
L 07/12/2025 - 20:14:08: [playercommands.smx] "Kobe Bryant<28><STEAM_1:1:801237070><>" slapped "Kobe Bryant<28><STEAM_1:1:801237070><>" (damage "0")
L 07/12/2025 - 20:14:08: [playercommands.smx] "Kobe Bryant<28><STEAM_1:1:801237070><>" slapped "Kobe Bryant<28><STEAM_1:1:801237070><>" (damage "0")
L 07/12/2025 - 20:17:51: -------- Mapchange to c5m1_waterfront --------
L 07/12/2025 - 20:17:52: [basecommands.smx] "Console<0><Console><Console>" changed cvar (cvar "confogl_match_execcfg_plugins") (value "generalfixes.cfg;confogl_plugins.cfg;sharedplugins.cfg")
L 07/12/2025 - 20:17:52: [basecommands.smx] "Console<0><Console><Console>" changed cvar (cvar "l4d2_addons_eclipse") (value "0")
L 07/12/2025 - 20:17:52: [basecommands.smx] "Console<0><Console><Console>" changed cvar (cvar "sv_allow_wait_command") (value "0")
L 07/12/2025 - 20:17:52: [basecommands.smx] "Console<0><Console><Console>" changed cvar (cvar "sv_minrate") (value "100000")
L 07/12/2025 - 20:17:52: [basecommands.smx] "Console<0><Console><Console>" changed cvar (cvar "sv_maxrate") (value "100000")
L 07/12/2025 - 20:17:52: [basecommands.smx] "Console<0><Console><Console>" changed cvar (cvar "sv_minupdaterate") (value "100")
L 07/12/2025 - 20:17:52: [basecommands.smx] "Console<0><Console><Console>" changed cvar (cvar "sv_maxupdaterate") (value "100")
L 07/12/2025 - 20:17:52: [basecommands.smx] "Console<0><Console><Console>" changed cvar (cvar "sv_mincmdrate") (value "100")
L 07/12/2025 - 20:17:52: [basecommands.smx] "Console<0><Console><Console>" changed cvar (cvar "sv_maxcmdrate") (value "100")
L 07/12/2025 - 20:17:52: [basecommands.smx] "Console<0><Console><Console>" changed cvar (cvar "sv_client_min_interp_ratio") (value "-1")
L 07/12/2025 - 20:17:52: [basecommands.smx] "Console<0><Console><Console>" changed cvar (cvar "sv_client_max_interp_ratio") (value "0")
L 07/12/2025 - 20:17:52: [basecommands.smx] "Console<0><Console><Console>" changed cvar (cvar "nb_update_frequency") (value "0.014")
L 07/12/2025 - 20:17:52: [basecommands.smx] "Console<0><Console><Console>" changed cvar (cvar "net_splitpacket_maxrate") (value "50000")
L 07/12/2025 - 20:17:52: [basecommands.smx] "Console<0><Console><Console>" changed cvar (cvar "net_maxcleartime") (value "0.0001")
L 07/12/2025 - 20:17:52: [basecommands.smx] "Console<0><Console><Console>" changed cvar (cvar "fps_max") (value "0")
L 07/12/2025 - 20:17:52: [basecommands.smx] "Console<0><Console><Console>" changed cvar (cvar "tick_door_speed") (value "1.3")
L 07/12/2025 - 20:17:52: [basecommands.smx] "Console<0><Console><Console>" changed cvar (cvar "mv_maxplayers") (value "30")
L 07/12/2025 - 20:17:52: [basecommands.smx] "Console<0><Console><Console>" changed cvar (cvar "mp_autoteambalance") (value "0")
L 07/12/2025 - 20:17:52: [basecommands.smx] "Console<0><Console><Console>" changed cvar (cvar "sv_unlag_fixstuck") (value "1")
L 07/12/2025 - 20:17:52: [basecommands.smx] "Console<0><Console><Console>" changed cvar (cvar "z_brawl_chance") (value "0")
L 07/12/2025 - 20:17:52: [basecommands.smx] "Console<0><Console><Console>" changed cvar (cvar "sv_maxunlag") (value "1")
L 07/12/2025 - 20:17:52: [basecommands.smx] "Console<0><Console><Console>" changed cvar (cvar "sv_forcepreload") (value "1")
L 07/12/2025 - 20:17:52: [basecommands.smx] "Console<0><Console><Console>" changed cvar (cvar "sv_client_predict") (value "1")
L 07/12/2025 - 20:17:52: [basecommands.smx] "Console<0><Console><Console>" changed cvar (cvar "sv_client_cmdrate_difference") (value "0")
L 07/12/2025 - 20:17:52: [basecommands.smx] "Console<0><Console><Console>" changed cvar (cvar "sv_max_queries_sec_global") (value "10")
L 07/12/2025 - 20:17:52: [basecommands.smx] "Console<0><Console><Console>" changed cvar (cvar "sv_max_queries_sec") (value "3")
L 07/12/2025 - 20:17:52: [basecommands.smx] "Console<0><Console><Console>" changed cvar (cvar "sv_max_queries_window") (value "10")
L 07/12/2025 - 20:17:52: [basecommands.smx] "Console<0><Console><Console>" changed cvar (cvar "sv_player_stuck_tolerance") (value "5")
L 07/12/2025 - 20:17:52: [basecommands.smx] "Console<0><Console><Console>" changed cvar (cvar "sv_stats") (value "0")
L 07/12/2025 - 20:17:52: [basecommands.smx] "Console<0><Console><Console>" changed cvar (cvar "sv_clockcorrection_msecs") (value "25")
L 07/12/2025 - 20:17:53: [optional/chat-processor.smx] Message formats generated for game 'left4dead2'.
L 07/12/2025 - 20:17:53: [optional/chat-processor.smx] Successfully hooked a SayText2 chat hook.
L 07/12/2025 - 20:17:54: [optional/l4d2_saferoom_item_remove.smx] Removed 3 saferoom item(s) (start: 1; end: 2).
L 07/12/2025 - 20:21:09: [optional/l4d2_saferoom_item_remove.smx] Removed 3 saferoom item(s) (start: 1; end: 2).
L 07/12/2025 - 20:23:29: -------- Mapchange to c5m2_park --------
L 07/12/2025 - 20:23:30: [basecommands.smx] "Console<0><Console><Console>" changed cvar (cvar "confogl_match_execcfg_plugins") (value "generalfixes.cfg;confogl_plugins.cfg;sharedplugins.cfg")
L 07/12/2025 - 20:23:30: [basecommands.smx] "Console<0><Console><Console>" changed cvar (cvar "l4d2_addons_eclipse") (value "0")
L 07/12/2025 - 20:23:30: [basecommands.smx] "Console<0><Console><Console>" changed cvar (cvar "sv_allow_wait_command") (value "0")
L 07/12/2025 - 20:23:30: [basecommands.smx] "Console<0><Console><Console>" changed cvar (cvar "sv_minrate") (value "100000")
L 07/12/2025 - 20:23:30: [basecommands.smx] "Console<0><Console><Console>" changed cvar (cvar "sv_maxrate") (value "100000")
L 07/12/2025 - 20:23:30: [basecommands.smx] "Console<0><Console><Console>" changed cvar (cvar "sv_minupdaterate") (value "100")
L 07/12/2025 - 20:23:30: [basecommands.smx] "Console<0><Console><Console>" changed cvar (cvar "sv_maxupdaterate") (value "100")
L 07/12/2025 - 20:23:30: [basecommands.smx] "Console<0><Console><Console>" changed cvar (cvar "sv_mincmdrate") (value "100")
L 07/12/2025 - 20:23:30: [basecommands.smx] "Console<0><Console><Console>" changed cvar (cvar "sv_maxcmdrate") (value "100")
L 07/12/2025 - 20:23:30: [basecommands.smx] "Console<0><Console><Console>" changed cvar (cvar "sv_client_min_interp_ratio") (value "-1")
L 07/12/2025 - 20:23:30: [basecommands.smx] "Console<0><Console><Console>" changed cvar (cvar "sv_client_max_interp_ratio") (value "0")
L 07/12/2025 - 20:23:30: [basecommands.smx] "Console<0><Console><Console>" changed cvar (cvar "nb_update_frequency") (value "0.014")
L 07/12/2025 - 20:23:30: [basecommands.smx] "Console<0><Console><Console>" changed cvar (cvar "net_splitpacket_maxrate") (value "50000")
L 07/12/2025 - 20:23:30: [basecommands.smx] "Console<0><Console><Console>" changed cvar (cvar "net_maxcleartime") (value "0.0001")
L 07/12/2025 - 20:23:30: [basecommands.smx] "Console<0><Console><Console>" changed cvar (cvar "fps_max") (value "0")
L 07/12/2025 - 20:23:30: [basecommands.smx] "Console<0><Console><Console>" changed cvar (cvar "tick_door_speed") (value "1.3")
L 07/12/2025 - 20:23:30: [basecommands.smx] "Console<0><Console><Console>" changed cvar (cvar "mv_maxplayers") (value "30")
L 07/12/2025 - 20:23:30: [basecommands.smx] "Console<0><Console><Console>" changed cvar (cvar "mp_autoteambalance") (value "0")
L 07/12/2025 - 20:23:30: [basecommands.smx] "Console<0><Console><Console>" changed cvar (cvar "sv_unlag_fixstuck") (value "1")
L 07/12/2025 - 20:23:30: [basecommands.smx] "Console<0><Console><Console>" changed cvar (cvar "z_brawl_chance") (value "0")
L 07/12/2025 - 20:23:30: [basecommands.smx] "Console<0><Console><Console>" changed cvar (cvar "sv_maxunlag") (value "1")
L 07/12/2025 - 20:23:30: [basecommands.smx] "Console<0><Console><Console>" changed cvar (cvar "sv_forcepreload") (value "1")
L 07/12/2025 - 20:23:30: [basecommands.smx] "Console<0><Console><Console>" changed cvar (cvar "sv_client_predict") (value "1")
L 07/12/2025 - 20:23:30: [basecommands.smx] "Console<0><Console><Console>" changed cvar (cvar "sv_client_cmdrate_difference") (value "0")
L 07/12/2025 - 20:23:30: [basecommands.smx] "Console<0><Console><Console>" changed cvar (cvar "sv_max_queries_sec_global") (value "10")
L 07/12/2025 - 20:23:30: [basecommands.smx] "Console<0><Console><Console>" changed cvar (cvar "sv_max_queries_sec") (value "3")
L 07/12/2025 - 20:23:30: [basecommands.smx] "Console<0><Console><Console>" changed cvar (cvar "sv_max_queries_window") (value "10")
L 07/12/2025 - 20:23:30: [basecommands.smx] "Console<0><Console><Console>" changed cvar (cvar "sv_player_stuck_tolerance") (value "5")
L 07/12/2025 - 20:23:30: [basecommands.smx] "Console<0><Console><Console>" changed cvar (cvar "sv_stats") (value "0")
L 07/12/2025 - 20:23:30: [basecommands.smx] "Console<0><Console><Console>" changed cvar (cvar "sv_clockcorrection_msecs") (value "25")
L 07/12/2025 - 20:23:31: [optional/chat-processor.smx] Message formats generated for game 'left4dead2'.
L 07/12/2025 - 20:23:31: [optional/chat-processor.smx] Successfully hooked a SayText2 chat hook.
L 07/12/2025 - 20:23:32: [optional/l4d2_saferoom_item_remove.smx] Removed 3 saferoom item(s) (start: 1; end: 2).
L 07/12/2025 - 20:30:02: [optional/l4d2_saferoom_item_remove.smx] Removed 3 saferoom item(s) (start: 1; end: 2).
L 07/12/2025 - 20:31:46: -------- Mapchange to c5m3_cemetery --------
L 07/12/2025 - 20:31:47: [basecommands.smx] "Console<0><Console><Console>" changed cvar (cvar "confogl_match_execcfg_plugins") (value "generalfixes.cfg;confogl_plugins.cfg;sharedplugins.cfg")
L 07/12/2025 - 20:31:47: [basecommands.smx] "Console<0><Console><Console>" changed cvar (cvar "l4d2_addons_eclipse") (value "0")
L 07/12/2025 - 20:31:47: [basecommands.smx] "Console<0><Console><Console>" changed cvar (cvar "sv_allow_wait_command") (value "0")
L 07/12/2025 - 20:31:47: [basecommands.smx] "Console<0><Console><Console>" changed cvar (cvar "sv_minrate") (value "100000")
L 07/12/2025 - 20:31:47: [basecommands.smx] "Console<0><Console><Console>" changed cvar (cvar "sv_maxrate") (value "100000")
L 07/12/2025 - 20:31:47: [basecommands.smx] "Console<0><Console><Console>" changed cvar (cvar "sv_minupdaterate") (value "100")
L 07/12/2025 - 20:31:47: [basecommands.smx] "Console<0><Console><Console>" changed cvar (cvar "sv_maxupdaterate") (value "100")
L 07/12/2025 - 20:31:47: [basecommands.smx] "Console<0><Console><Console>" changed cvar (cvar "sv_mincmdrate") (value "100")
L 07/12/2025 - 20:31:47: [basecommands.smx] "Console<0><Console><Console>" changed cvar (cvar "sv_maxcmdrate") (value "100")
L 07/12/2025 - 20:31:47: [basecommands.smx] "Console<0><Console><Console>" changed cvar (cvar "sv_client_min_interp_ratio") (value "-1")
L 07/12/2025 - 20:31:47: [basecommands.smx] "Console<0><Console><Console>" changed cvar (cvar "sv_client_max_interp_ratio") (value "0")
L 07/12/2025 - 20:31:47: [basecommands.smx] "Console<0><Console><Console>" changed cvar (cvar "nb_update_frequency") (value "0.014")
L 07/12/2025 - 20:31:47: [basecommands.smx] "Console<0><Console><Console>" changed cvar (cvar "net_splitpacket_maxrate") (value "50000")
L 07/12/2025 - 20:31:47: [basecommands.smx] "Console<0><Console><Console>" changed cvar (cvar "net_maxcleartime") (value "0.0001")
L 07/12/2025 - 20:31:47: [basecommands.smx] "Console<0><Console><Console>" changed cvar (cvar "fps_max") (value "0")
L 07/12/2025 - 20:31:47: [basecommands.smx] "Console<0><Console><Console>" changed cvar (cvar "tick_door_speed") (value "1.3")
L 07/12/2025 - 20:31:47: [basecommands.smx] "Console<0><Console><Console>" changed cvar (cvar "mv_maxplayers") (value "30")
L 07/12/2025 - 20:31:47: [basecommands.smx] "Console<0><Console><Console>" changed cvar (cvar "mp_autoteambalance") (value "0")
L 07/12/2025 - 20:31:47: [basecommands.smx] "Console<0><Console><Console>" changed cvar (cvar "sv_unlag_fixstuck") (value "1")
L 07/12/2025 - 20:31:47: [basecommands.smx] "Console<0><Console><Console>" changed cvar (cvar "z_brawl_chance") (value "0")
L 07/12/2025 - 20:31:47: [basecommands.smx] "Console<0><Console><Console>" changed cvar (cvar "sv_maxunlag") (value "1")
L 07/12/2025 - 20:31:47: [basecommands.smx] "Console<0><Console><Console>" changed cvar (cvar "sv_forcepreload") (value "1")
L 07/12/2025 - 20:31:47: [basecommands.smx] "Console<0><Console><Console>" changed cvar (cvar "sv_client_predict") (value "1")
L 07/12/2025 - 20:31:47: [basecommands.smx] "Console<0><Console><Console>" changed cvar (cvar "sv_client_cmdrate_difference") (value "0")
L 07/12/2025 - 20:31:47: [basecommands.smx] "Console<0><Console><Console>" changed cvar (cvar "sv_max_queries_sec_global") (value "10")
L 07/12/2025 - 20:31:47: [basecommands.smx] "Console<0><Console><Console>" changed cvar (cvar "sv_max_queries_sec") (value "3")
L 07/12/2025 - 20:31:47: [basecommands.smx] "Console<0><Console><Console>" changed cvar (cvar "sv_max_queries_window") (value "10")
L 07/12/2025 - 20:31:47: [basecommands.smx] "Console<0><Console><Console>" changed cvar (cvar "sv_player_stuck_tolerance") (value "5")
L 07/12/2025 - 20:31:47: [basecommands.smx] "Console<0><Console><Console>" changed cvar (cvar "sv_stats") (value "0")
L 07/12/2025 - 20:31:47: [basecommands.smx] "Console<0><Console><Console>" changed cvar (cvar "sv_clockcorrection_msecs") (value "25")
L 07/12/2025 - 20:31:47: [optional/chat-processor.smx] Message formats generated for game 'left4dead2'.
L 07/12/2025 - 20:31:47: [optional/chat-processor.smx] Successfully hooked a SayText2 chat hook.
L 07/12/2025 - 20:31:48: [optional/l4d2_saferoom_item_remove.smx] Removed 2 saferoom item(s) (start: 2; end: 0).
L 07/12/2025 - 20:39:21: [optional/l4d2_saferoom_item_remove.smx] Removed 2 saferoom item(s) (start: 2; end: 0).
L 07/12/2025 - 20:40:45: -------- Mapchange to c5m4_quarter --------
L 07/12/2025 - 20:40:46: [basecommands.smx] "Console<0><Console><Console>" changed cvar (cvar "confogl_match_execcfg_plugins") (value "generalfixes.cfg;confogl_plugins.cfg;sharedplugins.cfg")
L 07/12/2025 - 20:40:46: [basecommands.smx] "Console<0><Console><Console>" changed cvar (cvar "l4d2_addons_eclipse") (value "0")
L 07/12/2025 - 20:40:46: [basecommands.smx] "Console<0><Console><Console>" changed cvar (cvar "sv_allow_wait_command") (value "0")
L 07/12/2025 - 20:40:46: [basecommands.smx] "Console<0><Console><Console>" changed cvar (cvar "sv_minrate") (value "100000")
L 07/12/2025 - 20:40:46: [basecommands.smx] "Console<0><Console><Console>" changed cvar (cvar "sv_maxrate") (value "100000")
L 07/12/2025 - 20:40:46: [basecommands.smx] "Console<0><Console><Console>" changed cvar (cvar "sv_minupdaterate") (value "100")
L 07/12/2025 - 20:40:46: [basecommands.smx] "Console<0><Console><Console>" changed cvar (cvar "sv_maxupdaterate") (value "100")
L 07/12/2025 - 20:40:46: [basecommands.smx] "Console<0><Console><Console>" changed cvar (cvar "sv_mincmdrate") (value "100")
L 07/12/2025 - 20:40:46: [basecommands.smx] "Console<0><Console><Console>" changed cvar (cvar "sv_maxcmdrate") (value "100")
L 07/12/2025 - 20:40:46: [basecommands.smx] "Console<0><Console><Console>" changed cvar (cvar "sv_client_min_interp_ratio") (value "-1")
L 07/12/2025 - 20:40:46: [basecommands.smx] "Console<0><Console><Console>" changed cvar (cvar "sv_client_max_interp_ratio") (value "0")
L 07/12/2025 - 20:40:46: [basecommands.smx] "Console<0><Console><Console>" changed cvar (cvar "nb_update_frequency") (value "0.014")
L 07/12/2025 - 20:40:46: [basecommands.smx] "Console<0><Console><Console>" changed cvar (cvar "net_splitpacket_maxrate") (value "50000")
L 07/12/2025 - 20:40:46: [basecommands.smx] "Console<0><Console><Console>" changed cvar (cvar "net_maxcleartime") (value "0.0001")
L 07/12/2025 - 20:40:46: [basecommands.smx] "Console<0><Console><Console>" changed cvar (cvar "fps_max") (value "0")
L 07/12/2025 - 20:40:46: [basecommands.smx] "Console<0><Console><Console>" changed cvar (cvar "tick_door_speed") (value "1.3")
L 07/12/2025 - 20:40:46: [basecommands.smx] "Console<0><Console><Console>" changed cvar (cvar "mv_maxplayers") (value "30")
L 07/12/2025 - 20:40:46: [basecommands.smx] "Console<0><Console><Console>" changed cvar (cvar "mp_autoteambalance") (value "0")
L 07/12/2025 - 20:40:46: [basecommands.smx] "Console<0><Console><Console>" changed cvar (cvar "sv_unlag_fixstuck") (value "1")
L 07/12/2025 - 20:40:46: [basecommands.smx] "Console<0><Console><Console>" changed cvar (cvar "z_brawl_chance") (value "0")
L 07/12/2025 - 20:40:46: [basecommands.smx] "Console<0><Console><Console>" changed cvar (cvar "sv_maxunlag") (value "1")
L 07/12/2025 - 20:40:46: [basecommands.smx] "Console<0><Console><Console>" changed cvar (cvar "sv_forcepreload") (value "1")
L 07/12/2025 - 20:40:46: [basecommands.smx] "Console<0><Console><Console>" changed cvar (cvar "sv_client_predict") (value "1")
L 07/12/2025 - 20:40:46: [basecommands.smx] "Console<0><Console><Console>" changed cvar (cvar "sv_client_cmdrate_difference") (value "0")
L 07/12/2025 - 20:40:46: [basecommands.smx] "Console<0><Console><Console>" changed cvar (cvar "sv_max_queries_sec_global") (value "10")
L 07/12/2025 - 20:40:46: [basecommands.smx] "Console<0><Console><Console>" changed cvar (cvar "sv_max_queries_sec") (value "3")
L 07/12/2025 - 20:40:46: [basecommands.smx] "Console<0><Console><Console>" changed cvar (cvar "sv_max_queries_window") (value "10")
L 07/12/2025 - 20:40:46: [basecommands.smx] "Console<0><Console><Console>" changed cvar (cvar "sv_player_stuck_tolerance") (value "5")
L 07/12/2025 - 20:40:46: [basecommands.smx] "Console<0><Console><Console>" changed cvar (cvar "sv_stats") (value "0")
L 07/12/2025 - 20:40:46: [basecommands.smx] "Console<0><Console><Console>" changed cvar (cvar "sv_clockcorrection_msecs") (value "25")
L 07/12/2025 - 20:40:46: [optional/chat-processor.smx] Message formats generated for game 'left4dead2'.
L 07/12/2025 - 20:40:46: [optional/chat-processor.smx] Successfully hooked a SayText2 chat hook.
L 07/12/2025 - 20:40:48: [optional/l4d2_saferoom_item_remove.smx] Removed 3 saferoom item(s) (start: 2; end: 1).
L 07/12/2025 - 20:44:10: [optional/l4d2_saferoom_item_remove.smx] Removed 3 saferoom item(s) (start: 2; end: 1).
L 07/12/2025 - 20:46:10: -------- Mapchange to c2m1_highway --------
L 07/12/2025 - 20:46:11: [basecommands.smx] "Console<0><Console><Console>" changed cvar (cvar "confogl_match_execcfg_plugins") (value "generalfixes.cfg;confogl_plugins.cfg;sharedplugins.cfg")
L 07/12/2025 - 20:46:11: [basecommands.smx] "Console<0><Console><Console>" changed cvar (cvar "l4d2_addons_eclipse") (value "0")
L 07/12/2025 - 20:46:11: [basecommands.smx] "Console<0><Console><Console>" changed cvar (cvar "sv_allow_wait_command") (value "0")
L 07/12/2025 - 20:46:11: [basecommands.smx] "Console<0><Console><Console>" changed cvar (cvar "sv_minrate") (value "100000")
L 07/12/2025 - 20:46:11: [basecommands.smx] "Console<0><Console><Console>" changed cvar (cvar "sv_maxrate") (value "100000")
L 07/12/2025 - 20:46:11: [basecommands.smx] "Console<0><Console><Console>" changed cvar (cvar "sv_minupdaterate") (value "100")
L 07/12/2025 - 20:46:11: [basecommands.smx] "Console<0><Console><Console>" changed cvar (cvar "sv_maxupdaterate") (value "100")
L 07/12/2025 - 20:46:11: [basecommands.smx] "Console<0><Console><Console>" changed cvar (cvar "sv_mincmdrate") (value "100")
L 07/12/2025 - 20:46:11: [basecommands.smx] "Console<0><Console><Console>" changed cvar (cvar "sv_maxcmdrate") (value "100")
L 07/12/2025 - 20:46:11: [basecommands.smx] "Console<0><Console><Console>" changed cvar (cvar "sv_client_min_interp_ratio") (value "-1")
L 07/12/2025 - 20:46:11: [basecommands.smx] "Console<0><Console><Console>" changed cvar (cvar "sv_client_max_interp_ratio") (value "0")
L 07/12/2025 - 20:46:11: [basecommands.smx] "Console<0><Console><Console>" changed cvar (cvar "nb_update_frequency") (value "0.014")
L 07/12/2025 - 20:46:11: [basecommands.smx] "Console<0><Console><Console>" changed cvar (cvar "net_splitpacket_maxrate") (value "50000")
L 07/12/2025 - 20:46:11: [basecommands.smx] "Console<0><Console><Console>" changed cvar (cvar "net_maxcleartime") (value "0.0001")
L 07/12/2025 - 20:46:11: [basecommands.smx] "Console<0><Console><Console>" changed cvar (cvar "fps_max") (value "0")
L 07/12/2025 - 20:46:11: [basecommands.smx] "Console<0><Console><Console>" changed cvar (cvar "tick_door_speed") (value "1.3")
L 07/12/2025 - 20:46:11: [basecommands.smx] "Console<0><Console><Console>" changed cvar (cvar "mv_maxplayers") (value "30")
L 07/12/2025 - 20:46:11: [basecommands.smx] "Console<0><Console><Console>" changed cvar (cvar "mp_autoteambalance") (value "0")
L 07/12/2025 - 20:46:11: [basecommands.smx] "Console<0><Console><Console>" changed cvar (cvar "sv_unlag_fixstuck") (value "1")
L 07/12/2025 - 20:46:11: [basecommands.smx] "Console<0><Console><Console>" changed cvar (cvar "z_brawl_chance") (value "0")
L 07/12/2025 - 20:46:11: [basecommands.smx] "Console<0><Console><Console>" changed cvar (cvar "sv_maxunlag") (value "1")
L 07/12/2025 - 20:46:11: [basecommands.smx] "Console<0><Console><Console>" changed cvar (cvar "sv_forcepreload") (value "1")
L 07/12/2025 - 20:46:11: [basecommands.smx] "Console<0><Console><Console>" changed cvar (cvar "sv_client_predict") (value "1")
L 07/12/2025 - 20:46:11: [basecommands.smx] "Console<0><Console><Console>" changed cvar (cvar "sv_client_cmdrate_difference") (value "0")
L 07/12/2025 - 20:46:11: [basecommands.smx] "Console<0><Console><Console>" changed cvar (cvar "sv_max_queries_sec_global") (value "10")
L 07/12/2025 - 20:46:11: [basecommands.smx] "Console<0><Console><Console>" changed cvar (cvar "sv_max_queries_sec") (value "3")
L 07/12/2025 - 20:46:11: [basecommands.smx] "Console<0><Console><Console>" changed cvar (cvar "sv_max_queries_window") (value "10")
L 07/12/2025 - 20:46:11: [basecommands.smx] "Console<0><Console><Console>" changed cvar (cvar "sv_player_stuck_tolerance") (value "5")
L 07/12/2025 - 20:46:11: [basecommands.smx] "Console<0><Console><Console>" changed cvar (cvar "sv_stats") (value "0")
L 07/12/2025 - 20:46:11: [basecommands.smx] "Console<0><Console><Console>" changed cvar (cvar "sv_clockcorrection_msecs") (value "25")
L 07/12/2025 - 20:46:12: [optional/chat-processor.smx] Message formats generated for game 'left4dead2'.
L 07/12/2025 - 20:46:12: [optional/chat-processor.smx] Successfully hooked a SayText2 chat hook.
L 07/12/2025 - 20:46:13: [optional/l4d2_saferoom_item_remove.smx] Removed 0 saferoom item(s) (start: 0; end: 0).
L 07/12/2025 - 20:46:53: [playercommands.smx] "Kobe Bryant<28><STEAM_1:1:801237070><>" slapped "Kobe Bryant<28><STEAM_1:1:801237070><>" (damage "0")
L 07/12/2025 - 20:46:53: [playercommands.smx] "Kobe Bryant<28><STEAM_1:1:801237070><>" slapped "Kobe Bryant<28><STEAM_1:1:801237070><>" (damage "0")
L 07/12/2025 - 20:46:54: [playercommands.smx] "Kobe Bryant<28><STEAM_1:1:801237070><>" slapped "Kobe Bryant<28><STEAM_1:1:801237070><>" (damage "0")
L 07/12/2025 - 20:46:58: [playercommands.smx] "Kobe Bryant<28><STEAM_1:1:801237070><>" slapped "Kobe Bryant<28><STEAM_1:1:801237070><>" (damage "0")
L 07/12/2025 - 20:50:16: [playercommands.smx] "Kobe Bryant<28><STEAM_1:1:801237070><>" slapped "思<3><STEAM_1:0:923062785><>" (damage "0")
L 07/12/2025 - 20:50:16: [playercommands.smx] "Kobe Bryant<28><STEAM_1:1:801237070><>" slapped "Yy<17><STEAM_1:0:631481250><>" (damage "0")
L 07/12/2025 - 20:50:17: [playercommands.smx] "Kobe Bryant<28><STEAM_1:1:801237070><>" slapped "Yy<17><STEAM_1:0:631481250><>" (damage "0")
L 07/12/2025 - 20:50:17: [playercommands.smx] "Kobe Bryant<28><STEAM_1:1:801237070><>" slapped "Yy<17><STEAM_1:0:631481250><>" (damage "0")
L 07/12/2025 - 20:50:17: [playercommands.smx] "Kobe Bryant<28><STEAM_1:1:801237070><>" slapped "Yy<17><STEAM_1:0:631481250><>" (damage "0")
L 07/12/2025 - 20:50:17: [playercommands.smx] "Kobe Bryant<28><STEAM_1:1:801237070><>" slapped "Yy<17><STEAM_1:0:631481250><>" (damage "0")
L 07/12/2025 - 20:50:17: [playercommands.smx] "Kobe Bryant<28><STEAM_1:1:801237070><>" slapped "Yy<17><STEAM_1:0:631481250><>" (damage "0")
L 07/12/2025 - 20:50:17: [playercommands.smx] "Kobe Bryant<28><STEAM_1:1:801237070><>" slapped "Yy<17><STEAM_1:0:631481250><>" (damage "0")
L 07/12/2025 - 20:50:18: [playercommands.smx] "Kobe Bryant<28><STEAM_1:1:801237070><>" slapped "Yy<17><STEAM_1:0:631481250><>" (damage "0")
L 07/12/2025 - 20:50:18: [playercommands.smx] "Kobe Bryant<28><STEAM_1:1:801237070><>" slapped "Yy<17><STEAM_1:0:631481250><>" (damage "0")
L 07/12/2025 - 20:50:18: [playercommands.smx] "Kobe Bryant<28><STEAM_1:1:801237070><>" slapped "Yy<17><STEAM_1:0:631481250><>" (damage "0")
L 07/12/2025 - 20:50:18: [playercommands.smx] "Kobe Bryant<28><STEAM_1:1:801237070><>" slapped "Yy<17><STEAM_1:0:631481250><>" (damage "0")
L 07/12/2025 - 20:50:20: [optional/l4d2_saferoom_item_remove.smx] Removed 0 saferoom item(s) (start: 0; end: 0).
L 07/12/2025 - 20:50:31: [playercommands.smx] "Kobe Bryant<28><STEAM_1:1:801237070><>" slapped "Yy<17><STEAM_1:0:631481250><>" (damage "0")
L 07/12/2025 - 20:50:32: [playercommands.smx] "Kobe Bryant<28><STEAM_1:1:801237070><>" slapped "Yy<17><STEAM_1:0:631481250><>" (damage "0")
L 07/12/2025 - 20:50:32: [playercommands.smx] "Kobe Bryant<28><STEAM_1:1:801237070><>" slapped "Yy<17><STEAM_1:0:631481250><>" (damage "0")
L 07/12/2025 - 20:50:32: [playercommands.smx] "Kobe Bryant<28><STEAM_1:1:801237070><>" slapped "Yy<17><STEAM_1:0:631481250><>" (damage "0")
L 07/12/2025 - 20:50:32: [playercommands.smx] "Kobe Bryant<28><STEAM_1:1:801237070><>" slapped "Yy<17><STEAM_1:0:631481250><>" (damage "0")
L 07/12/2025 - 20:50:32: [playercommands.smx] "Kobe Bryant<28><STEAM_1:1:801237070><>" slapped "Yy<17><STEAM_1:0:631481250><>" (damage "0")
L 07/12/2025 - 20:54:45: -------- Mapchange to c2m2_fairgrounds --------
L 07/12/2025 - 20:54:46: [basecommands.smx] "Console<0><Console><Console>" changed cvar (cvar "confogl_match_execcfg_plugins") (value "generalfixes.cfg;confogl_plugins.cfg;sharedplugins.cfg")
L 07/12/2025 - 20:54:46: [basecommands.smx] "Console<0><Console><Console>" changed cvar (cvar "l4d2_addons_eclipse") (value "0")
L 07/12/2025 - 20:54:46: [basecommands.smx] "Console<0><Console><Console>" changed cvar (cvar "sv_allow_wait_command") (value "0")
L 07/12/2025 - 20:54:46: [basecommands.smx] "Console<0><Console><Console>" changed cvar (cvar "sv_minrate") (value "100000")
L 07/12/2025 - 20:54:46: [basecommands.smx] "Console<0><Console><Console>" changed cvar (cvar "sv_maxrate") (value "100000")
L 07/12/2025 - 20:54:46: [basecommands.smx] "Console<0><Console><Console>" changed cvar (cvar "sv_minupdaterate") (value "100")
L 07/12/2025 - 20:54:46: [basecommands.smx] "Console<0><Console><Console>" changed cvar (cvar "sv_maxupdaterate") (value "100")
L 07/12/2025 - 20:54:46: [basecommands.smx] "Console<0><Console><Console>" changed cvar (cvar "sv_mincmdrate") (value "100")
L 07/12/2025 - 20:54:46: [basecommands.smx] "Console<0><Console><Console>" changed cvar (cvar "sv_maxcmdrate") (value "100")
L 07/12/2025 - 20:54:46: [basecommands.smx] "Console<0><Console><Console>" changed cvar (cvar "sv_client_min_interp_ratio") (value "-1")
L 07/12/2025 - 20:54:46: [basecommands.smx] "Console<0><Console><Console>" changed cvar (cvar "sv_client_max_interp_ratio") (value "0")
L 07/12/2025 - 20:54:46: [basecommands.smx] "Console<0><Console><Console>" changed cvar (cvar "nb_update_frequency") (value "0.014")
L 07/12/2025 - 20:54:46: [basecommands.smx] "Console<0><Console><Console>" changed cvar (cvar "net_splitpacket_maxrate") (value "50000")
L 07/12/2025 - 20:54:46: [basecommands.smx] "Console<0><Console><Console>" changed cvar (cvar "net_maxcleartime") (value "0.0001")
L 07/12/2025 - 20:54:46: [basecommands.smx] "Console<0><Console><Console>" changed cvar (cvar "fps_max") (value "0")
L 07/12/2025 - 20:54:46: [basecommands.smx] "Console<0><Console><Console>" changed cvar (cvar "tick_door_speed") (value "1.3")
L 07/12/2025 - 20:54:46: [basecommands.smx] "Console<0><Console><Console>" changed cvar (cvar "mv_maxplayers") (value "30")
L 07/12/2025 - 20:54:46: [basecommands.smx] "Console<0><Console><Console>" changed cvar (cvar "mp_autoteambalance") (value "0")
L 07/12/2025 - 20:54:46: [basecommands.smx] "Console<0><Console><Console>" changed cvar (cvar "sv_unlag_fixstuck") (value "1")
L 07/12/2025 - 20:54:46: [basecommands.smx] "Console<0><Console><Console>" changed cvar (cvar "z_brawl_chance") (value "0")
L 07/12/2025 - 20:54:46: [basecommands.smx] "Console<0><Console><Console>" changed cvar (cvar "sv_maxunlag") (value "1")
L 07/12/2025 - 20:54:46: [basecommands.smx] "Console<0><Console><Console>" changed cvar (cvar "sv_forcepreload") (value "1")
L 07/12/2025 - 20:54:46: [basecommands.smx] "Console<0><Console><Console>" changed cvar (cvar "sv_client_predict") (value "1")
L 07/12/2025 - 20:54:46: [basecommands.smx] "Console<0><Console><Console>" changed cvar (cvar "sv_client_cmdrate_difference") (value "0")
L 07/12/2025 - 20:54:46: [basecommands.smx] "Console<0><Console><Console>" changed cvar (cvar "sv_max_queries_sec_global") (value "10")
L 07/12/2025 - 20:54:46: [basecommands.smx] "Console<0><Console><Console>" changed cvar (cvar "sv_max_queries_sec") (value "3")
L 07/12/2025 - 20:54:46: [basecommands.smx] "Console<0><Console><Console>" changed cvar (cvar "sv_max_queries_window") (value "10")
L 07/12/2025 - 20:54:46: [basecommands.smx] "Console<0><Console><Console>" changed cvar (cvar "sv_player_stuck_tolerance") (value "5")
L 07/12/2025 - 20:54:46: [basecommands.smx] "Console<0><Console><Console>" changed cvar (cvar "sv_stats") (value "0")
L 07/12/2025 - 20:54:46: [basecommands.smx] "Console<0><Console><Console>" changed cvar (cvar "sv_clockcorrection_msecs") (value "25")
L 07/12/2025 - 20:54:47: [optional/chat-processor.smx] Message formats generated for game 'left4dead2'.
L 07/12/2025 - 20:54:47: [optional/chat-processor.smx] Successfully hooked a SayText2 chat hook.
L 07/12/2025 - 20:54:48: [optional/l4d2_saferoom_item_remove.smx] Removed 0 saferoom item(s) (start: 0; end: 0).
L 07/12/2025 - 21:01:47: [optional/l4d2_saferoom_item_remove.smx] Removed 0 saferoom item(s) (start: 0; end: 0).
L 07/12/2025 - 21:03:25: -------- Mapchange to c2m3_coaster --------
L 07/12/2025 - 21:03:26: [basecommands.smx] "Console<0><Console><Console>" changed cvar (cvar "confogl_match_execcfg_plugins") (value "generalfixes.cfg;confogl_plugins.cfg;sharedplugins.cfg")
L 07/12/2025 - 21:03:26: [basecommands.smx] "Console<0><Console><Console>" changed cvar (cvar "l4d2_addons_eclipse") (value "0")
L 07/12/2025 - 21:03:26: [basecommands.smx] "Console<0><Console><Console>" changed cvar (cvar "sv_allow_wait_command") (value "0")
L 07/12/2025 - 21:03:26: [basecommands.smx] "Console<0><Console><Console>" changed cvar (cvar "sv_minrate") (value "100000")
L 07/12/2025 - 21:03:26: [basecommands.smx] "Console<0><Console><Console>" changed cvar (cvar "sv_maxrate") (value "100000")
L 07/12/2025 - 21:03:26: [basecommands.smx] "Console<0><Console><Console>" changed cvar (cvar "sv_minupdaterate") (value "100")
L 07/12/2025 - 21:03:26: [basecommands.smx] "Console<0><Console><Console>" changed cvar (cvar "sv_maxupdaterate") (value "100")
L 07/12/2025 - 21:03:26: [basecommands.smx] "Console<0><Console><Console>" changed cvar (cvar "sv_mincmdrate") (value "100")
L 07/12/2025 - 21:03:26: [basecommands.smx] "Console<0><Console><Console>" changed cvar (cvar "sv_maxcmdrate") (value "100")
L 07/12/2025 - 21:03:26: [basecommands.smx] "Console<0><Console><Console>" changed cvar (cvar "sv_client_min_interp_ratio") (value "-1")
L 07/12/2025 - 21:03:26: [basecommands.smx] "Console<0><Console><Console>" changed cvar (cvar "sv_client_max_interp_ratio") (value "0")
L 07/12/2025 - 21:03:26: [basecommands.smx] "Console<0><Console><Console>" changed cvar (cvar "nb_update_frequency") (value "0.014")
L 07/12/2025 - 21:03:26: [basecommands.smx] "Console<0><Console><Console>" changed cvar (cvar "net_splitpacket_maxrate") (value "50000")
L 07/12/2025 - 21:03:26: [basecommands.smx] "Console<0><Console><Console>" changed cvar (cvar "net_maxcleartime") (value "0.0001")
L 07/12/2025 - 21:03:26: [basecommands.smx] "Console<0><Console><Console>" changed cvar (cvar "fps_max") (value "0")
L 07/12/2025 - 21:03:26: [basecommands.smx] "Console<0><Console><Console>" changed cvar (cvar "tick_door_speed") (value "1.3")
L 07/12/2025 - 21:03:26: [basecommands.smx] "Console<0><Console><Console>" changed cvar (cvar "mv_maxplayers") (value "30")
L 07/12/2025 - 21:03:26: [basecommands.smx] "Console<0><Console><Console>" changed cvar (cvar "mp_autoteambalance") (value "0")
L 07/12/2025 - 21:03:26: [basecommands.smx] "Console<0><Console><Console>" changed cvar (cvar "sv_unlag_fixstuck") (value "1")
L 07/12/2025 - 21:03:26: [basecommands.smx] "Console<0><Console><Console>" changed cvar (cvar "z_brawl_chance") (value "0")
L 07/12/2025 - 21:03:26: [basecommands.smx] "Console<0><Console><Console>" changed cvar (cvar "sv_maxunlag") (value "1")
L 07/12/2025 - 21:03:26: [basecommands.smx] "Console<0><Console><Console>" changed cvar (cvar "sv_forcepreload") (value "1")
L 07/12/2025 - 21:03:26: [basecommands.smx] "Console<0><Console><Console>" changed cvar (cvar "sv_client_predict") (value "1")
L 07/12/2025 - 21:03:26: [basecommands.smx] "Console<0><Console><Console>" changed cvar (cvar "sv_client_cmdrate_difference") (value "0")
L 07/12/2025 - 21:03:26: [basecommands.smx] "Console<0><Console><Console>" changed cvar (cvar "sv_max_queries_sec_global") (value "10")
L 07/12/2025 - 21:03:26: [basecommands.smx] "Console<0><Console><Console>" changed cvar (cvar "sv_max_queries_sec") (value "3")
L 07/12/2025 - 21:03:26: [basecommands.smx] "Console<0><Console><Console>" changed cvar (cvar "sv_max_queries_window") (value "10")
L 07/12/2025 - 21:03:26: [basecommands.smx] "Console<0><Console><Console>" changed cvar (cvar "sv_player_stuck_tolerance") (value "5")
L 07/12/2025 - 21:03:26: [basecommands.smx] "Console<0><Console><Console>" changed cvar (cvar "sv_stats") (value "0")
L 07/12/2025 - 21:03:26: [basecommands.smx] "Console<0><Console><Console>" changed cvar (cvar "sv_clockcorrection_msecs") (value "25")
L 07/12/2025 - 21:03:26: [optional/chat-processor.smx] Message formats generated for game 'left4dead2'.
L 07/12/2025 - 21:03:26: [optional/chat-processor.smx] Successfully hooked a SayText2 chat hook.
L 07/12/2025 - 21:03:28: [optional/l4d2_saferoom_item_remove.smx] Removed 0 saferoom item(s) (start: 0; end: 0).
L 07/12/2025 - 21:04:48: [playercommands.smx] "Kobe Bryant<28><STEAM_1:1:801237070><>" slapped "Kobe Bryant<28><STEAM_1:1:801237070><>" (damage "0")
L 07/12/2025 - 21:04:48: [playercommands.smx] "Kobe Bryant<28><STEAM_1:1:801237070><>" slapped "Kobe Bryant<28><STEAM_1:1:801237070><>" (damage "0")
L 07/12/2025 - 21:04:49: [playercommands.smx] "Kobe Bryant<28><STEAM_1:1:801237070><>" slapped "Kobe Bryant<28><STEAM_1:1:801237070><>" (damage "0")
L 07/12/2025 - 21:04:51: [playercommands.smx] "Kobe Bryant<28><STEAM_1:1:801237070><>" slapped "Kobe Bryant<28><STEAM_1:1:801237070><>" (damage "0")
L 07/12/2025 - 21:04:51: [playercommands.smx] "Kobe Bryant<28><STEAM_1:1:801237070><>" slapped "Kobe Bryant<28><STEAM_1:1:801237070><>" (damage "0")
L 07/12/2025 - 21:04:52: [playercommands.smx] "Kobe Bryant<28><STEAM_1:1:801237070><>" slapped "Kobe Bryant<28><STEAM_1:1:801237070><>" (damage "0")
L 07/12/2025 - 21:06:32: [optional/l4d2_saferoom_item_remove.smx] Removed 0 saferoom item(s) (start: 0; end: 0).
L 07/12/2025 - 21:08:02: [playercommands.smx] "Kobe Bryant<28><STEAM_1:1:801237070><>" slapped "思<3><STEAM_1:0:923062785><>" (damage "0")
L 07/12/2025 - 21:12:05: -------- Mapchange to c2m4_barns --------
L 07/12/2025 - 21:12:06: [basecommands.smx] "Console<0><Console><Console>" changed cvar (cvar "confogl_match_execcfg_plugins") (value "generalfixes.cfg;confogl_plugins.cfg;sharedplugins.cfg")
L 07/12/2025 - 21:12:06: [basecommands.smx] "Console<0><Console><Console>" changed cvar (cvar "l4d2_addons_eclipse") (value "0")
L 07/12/2025 - 21:12:06: [basecommands.smx] "Console<0><Console><Console>" changed cvar (cvar "sv_allow_wait_command") (value "0")
L 07/12/2025 - 21:12:06: [basecommands.smx] "Console<0><Console><Console>" changed cvar (cvar "sv_minrate") (value "100000")
L 07/12/2025 - 21:12:06: [basecommands.smx] "Console<0><Console><Console>" changed cvar (cvar "sv_maxrate") (value "100000")
L 07/12/2025 - 21:12:06: [basecommands.smx] "Console<0><Console><Console>" changed cvar (cvar "sv_minupdaterate") (value "100")
L 07/12/2025 - 21:12:06: [basecommands.smx] "Console<0><Console><Console>" changed cvar (cvar "sv_maxupdaterate") (value "100")
L 07/12/2025 - 21:12:06: [basecommands.smx] "Console<0><Console><Console>" changed cvar (cvar "sv_mincmdrate") (value "100")
L 07/12/2025 - 21:12:06: [basecommands.smx] "Console<0><Console><Console>" changed cvar (cvar "sv_maxcmdrate") (value "100")
L 07/12/2025 - 21:12:06: [basecommands.smx] "Console<0><Console><Console>" changed cvar (cvar "sv_client_min_interp_ratio") (value "-1")
L 07/12/2025 - 21:12:06: [basecommands.smx] "Console<0><Console><Console>" changed cvar (cvar "sv_client_max_interp_ratio") (value "0")
L 07/12/2025 - 21:12:06: [basecommands.smx] "Console<0><Console><Console>" changed cvar (cvar "nb_update_frequency") (value "0.014")
L 07/12/2025 - 21:12:06: [basecommands.smx] "Console<0><Console><Console>" changed cvar (cvar "net_splitpacket_maxrate") (value "50000")
L 07/12/2025 - 21:12:06: [basecommands.smx] "Console<0><Console><Console>" changed cvar (cvar "net_maxcleartime") (value "0.0001")
L 07/12/2025 - 21:12:06: [basecommands.smx] "Console<0><Console><Console>" changed cvar (cvar "fps_max") (value "0")
L 07/12/2025 - 21:12:06: [basecommands.smx] "Console<0><Console><Console>" changed cvar (cvar "tick_door_speed") (value "1.3")
L 07/12/2025 - 21:12:06: [basecommands.smx] "Console<0><Console><Console>" changed cvar (cvar "mv_maxplayers") (value "30")
L 07/12/2025 - 21:12:06: [basecommands.smx] "Console<0><Console><Console>" changed cvar (cvar "mp_autoteambalance") (value "0")
L 07/12/2025 - 21:12:06: [basecommands.smx] "Console<0><Console><Console>" changed cvar (cvar "sv_unlag_fixstuck") (value "1")
L 07/12/2025 - 21:12:06: [basecommands.smx] "Console<0><Console><Console>" changed cvar (cvar "z_brawl_chance") (value "0")
L 07/12/2025 - 21:12:06: [basecommands.smx] "Console<0><Console><Console>" changed cvar (cvar "sv_maxunlag") (value "1")
L 07/12/2025 - 21:12:06: [basecommands.smx] "Console<0><Console><Console>" changed cvar (cvar "sv_forcepreload") (value "1")
L 07/12/2025 - 21:12:06: [basecommands.smx] "Console<0><Console><Console>" changed cvar (cvar "sv_client_predict") (value "1")
L 07/12/2025 - 21:12:06: [basecommands.smx] "Console<0><Console><Console>" changed cvar (cvar "sv_client_cmdrate_difference") (value "0")
L 07/12/2025 - 21:12:06: [basecommands.smx] "Console<0><Console><Console>" changed cvar (cvar "sv_max_queries_sec_global") (value "10")
L 07/12/2025 - 21:12:06: [basecommands.smx] "Console<0><Console><Console>" changed cvar (cvar "sv_max_queries_sec") (value "3")
L 07/12/2025 - 21:12:06: [basecommands.smx] "Console<0><Console><Console>" changed cvar (cvar "sv_max_queries_window") (value "10")
L 07/12/2025 - 21:12:06: [basecommands.smx] "Console<0><Console><Console>" changed cvar (cvar "sv_player_stuck_tolerance") (value "5")
L 07/12/2025 - 21:12:06: [basecommands.smx] "Console<0><Console><Console>" changed cvar (cvar "sv_stats") (value "0")
L 07/12/2025 - 21:12:06: [basecommands.smx] "Console<0><Console><Console>" changed cvar (cvar "sv_clockcorrection_msecs") (value "25")
L 07/12/2025 - 21:12:07: [optional/chat-processor.smx] Message formats generated for game 'left4dead2'.
L 07/12/2025 - 21:12:07: [optional/chat-processor.smx] Successfully hooked a SayText2 chat hook.
L 07/12/2025 - 21:12:08: [optional/l4d2_saferoom_item_remove.smx] Removed 0 saferoom item(s) (start: 0; end: 0).
L 07/12/2025 - 21:13:10: [playercommands.smx] "Kobe Bryant<28><STEAM_1:1:801237070><>" slapped "Kobe Bryant<28><STEAM_1:1:801237070><>" (damage "0")
L 07/12/2025 - 21:13:11: [playercommands.smx] "Kobe Bryant<28><STEAM_1:1:801237070><>" slapped "Kobe Bryant<28><STEAM_1:1:801237070><>" (damage "0")
L 07/12/2025 - 21:13:11: [playercommands.smx] "Kobe Bryant<28><STEAM_1:1:801237070><>" slapped "Kobe Bryant<28><STEAM_1:1:801237070><>" (damage "0")
L 07/12/2025 - 21:14:49: [optional/l4d2_saferoom_item_remove.smx] Removed 0 saferoom item(s) (start: 0; end: 0).
L 07/12/2025 - 21:16:23: [playercommands.smx] "Kobe Bryant<28><STEAM_1:1:801237070><>" slapped "Kobe Bryant<28><STEAM_1:1:801237070><>" (damage "0")
L 07/12/2025 - 21:16:24: [playercommands.smx] "Kobe Bryant<28><STEAM_1:1:801237070><>" slapped "Kobe Bryant<28><STEAM_1:1:801237070><>" (damage "0")
L 07/12/2025 - 21:16:24: [playercommands.smx] "Kobe Bryant<28><STEAM_1:1:801237070><>" slapped "Kobe Bryant<28><STEAM_1:1:801237070><>" (damage "0")
L 07/12/2025 - 21:16:24: [playercommands.smx] "Kobe Bryant<28><STEAM_1:1:801237070><>" slapped "Kobe Bryant<28><STEAM_1:1:801237070><>" (damage "0")
L 07/12/2025 - 21:21:49: SourceMod log file session started (file "/root/Steam/steamapps/common/L4D21/left4dead2/addons/sourcemod/logs/L20250712.log") (Version "1.12.0.7195")
L 07/12/2025 - 21:21:49: [fixes/firebulletsfix.smx] Found offset for Weapon_ShootPosition 286
L 07/12/2025 - 21:21:52: [basecommands.smx] "Console<0><Console><Console>" changed cvar (cvar "confogl_match_execcfg_plugins") (value "generalfixes.cfg;confogl_plugins.cfg;sharedplugins.cfg")
L 07/12/2025 - 21:21:52: [basecommands.smx] "Console<0><Console><Console>" changed cvar (cvar "l4d2_addons_eclipse") (value "0")
L 07/12/2025 - 21:21:52: [basecommands.smx] "Console<0><Console><Console>" changed cvar (cvar "sv_allow_wait_command") (value "0")
L 07/12/2025 - 21:21:52: [basecommands.smx] "Console<0><Console><Console>" changed cvar (cvar "sv_minrate") (value "100000")
L 07/12/2025 - 21:21:52: [basecommands.smx] "Console<0><Console><Console>" changed cvar (cvar "sv_maxrate") (value "100000")
L 07/12/2025 - 21:21:52: [basecommands.smx] "Console<0><Console><Console>" changed cvar (cvar "sv_minupdaterate") (value "100")
L 07/12/2025 - 21:21:52: [basecommands.smx] "Console<0><Console><Console>" changed cvar (cvar "sv_maxupdaterate") (value "100")
L 07/12/2025 - 21:21:52: [basecommands.smx] "Console<0><Console><Console>" changed cvar (cvar "sv_mincmdrate") (value "100")
L 07/12/2025 - 21:21:52: [basecommands.smx] "Console<0><Console><Console>" changed cvar (cvar "sv_maxcmdrate") (value "100")
L 07/12/2025 - 21:21:52: [basecommands.smx] "Console<0><Console><Console>" changed cvar (cvar "sv_client_min_interp_ratio") (value "-1")
L 07/12/2025 - 21:21:52: [basecommands.smx] "Console<0><Console><Console>" changed cvar (cvar "sv_client_max_interp_ratio") (value "0")
L 07/12/2025 - 21:21:52: [basecommands.smx] "Console<0><Console><Console>" changed cvar (cvar "nb_update_frequency") (value "0.014")
L 07/12/2025 - 21:21:52: [basecommands.smx] "Console<0><Console><Console>" changed cvar (cvar "net_splitpacket_maxrate") (value "50000")
L 07/12/2025 - 21:21:52: [basecommands.smx] "Console<0><Console><Console>" changed cvar (cvar "net_maxcleartime") (value "0.0001")
L 07/12/2025 - 21:21:52: [basecommands.smx] "Console<0><Console><Console>" changed cvar (cvar "fps_max") (value "0")
L 07/12/2025 - 21:21:52: [basecommands.smx] "Console<0><Console><Console>" changed cvar (cvar "tick_door_speed") (value "1.3")
L 07/12/2025 - 21:21:52: [basecommands.smx] "Console<0><Console><Console>" changed cvar (cvar "mv_maxplayers") (value "30")
L 07/12/2025 - 21:21:52: [basecommands.smx] "Console<0><Console><Console>" changed cvar (cvar "mp_autoteambalance") (value "0")
L 07/12/2025 - 21:21:52: [basecommands.smx] "Console<0><Console><Console>" changed cvar (cvar "sv_unlag_fixstuck") (value "1")
L 07/12/2025 - 21:21:52: [basecommands.smx] "Console<0><Console><Console>" changed cvar (cvar "z_brawl_chance") (value "0")
L 07/12/2025 - 21:21:52: [basecommands.smx] "Console<0><Console><Console>" changed cvar (cvar "sv_maxunlag") (value "1")
L 07/12/2025 - 21:21:52: [basecommands.smx] "Console<0><Console><Console>" changed cvar (cvar "sv_forcepreload") (value "1")
L 07/12/2025 - 21:21:52: [basecommands.smx] "Console<0><Console><Console>" changed cvar (cvar "sv_client_predict") (value "1")
L 07/12/2025 - 21:21:52: [basecommands.smx] "Console<0><Console><Console>" changed cvar (cvar "sv_client_cmdrate_difference") (value "0")
L 07/12/2025 - 21:21:52: [basecommands.smx] "Console<0><Console><Console>" changed cvar (cvar "sv_max_queries_sec_global") (value "10")
L 07/12/2025 - 21:21:52: [basecommands.smx] "Console<0><Console><Console>" changed cvar (cvar "sv_max_queries_sec") (value "3")
L 07/12/2025 - 21:21:52: [basecommands.smx] "Console<0><Console><Console>" changed cvar (cvar "sv_max_queries_window") (value "10")
L 07/12/2025 - 21:21:52: [basecommands.smx] "Console<0><Console><Console>" changed cvar (cvar "sv_player_stuck_tolerance") (value "5")
L 07/12/2025 - 21:21:52: [basecommands.smx] "Console<0><Console><Console>" changed cvar (cvar "sv_stats") (value "0")
L 07/12/2025 - 21:21:52: [basecommands.smx] "Console<0><Console><Console>" changed cvar (cvar "sv_clockcorrection_msecs") (value "25")
L 07/12/2025 - 21:21:52: [basecommands.smx] "Console<0><Console><Console>" changed cvar (cvar "survivor_max_incapacitated_count") (value "2")
L 07/12/2025 - 21:21:52: [fixes/firebulletsfix.smx] Found offset for Weapon_ShootPosition 286
L 07/12/2025 - 21:21:52: [optional/l4d2_item_hint.smx] 
==========
Warning: You should install "[L4D & L4D2] Use Priority Patch" to fix attached models blocking +USE action (item hint): https://forums.alliedmods.net/showthread.php?t=327511
==========

L 07/12/2025 - 21:21:52: [GEOIP] GeoIP2 database loaded: GeoLite2-Country (2023-12-22 14:46:10 UTC) (/root/Steam/steamapps/common/L4D21/left4dead2/addons/sourcemod/configs/geoip/GeoLite2-Country.mmdb)
L 07/12/2025 - 21:21:52: [GEOIP] GeoIP2 supported languages: de en es fr ja pt-BR ru zh-CN
L 07/12/2025 - 21:21:52: [GEOIP] Your database is older than 90 days. You should consider downloading a newer version from e.g. https://dev.maxmind.com/geoip/geolite2-free-geolocation-data
L 07/12/2025 - 21:21:53: [optional/chat-processor.smx] Message formats generated for game 'left4dead2'.
L 07/12/2025 - 21:21:53: [optional/chat-processor.smx] Successfully hooked a SayText2 chat hook.
L 07/12/2025 - 21:21:56: -------- Mapchange to c2m1_highway --------
L 07/12/2025 - 21:21:57: [basecommands.smx] "Console<0><Console><Console>" changed cvar (cvar "confogl_match_execcfg_plugins") (value "generalfixes.cfg;confogl_plugins.cfg;sharedplugins.cfg")
L 07/12/2025 - 21:21:57: [basecommands.smx] "Console<0><Console><Console>" changed cvar (cvar "l4d2_addons_eclipse") (value "0")
L 07/12/2025 - 21:21:57: [basecommands.smx] "Console<0><Console><Console>" changed cvar (cvar "sv_allow_wait_command") (value "0")
L 07/12/2025 - 21:21:57: [basecommands.smx] "Console<0><Console><Console>" changed cvar (cvar "sv_minrate") (value "100000")
L 07/12/2025 - 21:21:57: [basecommands.smx] "Console<0><Console><Console>" changed cvar (cvar "sv_maxrate") (value "100000")
L 07/12/2025 - 21:21:57: [basecommands.smx] "Console<0><Console><Console>" changed cvar (cvar "sv_minupdaterate") (value "100")
L 07/12/2025 - 21:21:57: [basecommands.smx] "Console<0><Console><Console>" changed cvar (cvar "sv_maxupdaterate") (value "100")
L 07/12/2025 - 21:21:57: [basecommands.smx] "Console<0><Console><Console>" changed cvar (cvar "sv_mincmdrate") (value "100")
L 07/12/2025 - 21:21:57: [basecommands.smx] "Console<0><Console><Console>" changed cvar (cvar "sv_maxcmdrate") (value "100")
L 07/12/2025 - 21:21:57: [basecommands.smx] "Console<0><Console><Console>" changed cvar (cvar "sv_client_min_interp_ratio") (value "-1")
L 07/12/2025 - 21:21:57: [basecommands.smx] "Console<0><Console><Console>" changed cvar (cvar "sv_client_max_interp_ratio") (value "0")
L 07/12/2025 - 21:21:57: [basecommands.smx] "Console<0><Console><Console>" changed cvar (cvar "nb_update_frequency") (value "0.014")
L 07/12/2025 - 21:21:57: [basecommands.smx] "Console<0><Console><Console>" changed cvar (cvar "net_splitpacket_maxrate") (value "50000")
L 07/12/2025 - 21:21:57: [basecommands.smx] "Console<0><Console><Console>" changed cvar (cvar "net_maxcleartime") (value "0.0001")
L 07/12/2025 - 21:21:57: [basecommands.smx] "Console<0><Console><Console>" changed cvar (cvar "fps_max") (value "0")
L 07/12/2025 - 21:21:57: [basecommands.smx] "Console<0><Console><Console>" changed cvar (cvar "tick_door_speed") (value "1.3")
L 07/12/2025 - 21:21:57: [basecommands.smx] "Console<0><Console><Console>" changed cvar (cvar "mv_maxplayers") (value "30")
L 07/12/2025 - 21:21:57: [basecommands.smx] "Console<0><Console><Console>" changed cvar (cvar "mp_autoteambalance") (value "0")
L 07/12/2025 - 21:21:57: [basecommands.smx] "Console<0><Console><Console>" changed cvar (cvar "sv_unlag_fixstuck") (value "1")
L 07/12/2025 - 21:21:57: [basecommands.smx] "Console<0><Console><Console>" changed cvar (cvar "z_brawl_chance") (value "0")
L 07/12/2025 - 21:21:57: [basecommands.smx] "Console<0><Console><Console>" changed cvar (cvar "sv_maxunlag") (value "1")
L 07/12/2025 - 21:21:57: [basecommands.smx] "Console<0><Console><Console>" changed cvar (cvar "sv_forcepreload") (value "1")
L 07/12/2025 - 21:21:57: [basecommands.smx] "Console<0><Console><Console>" changed cvar (cvar "sv_client_predict") (value "1")
L 07/12/2025 - 21:21:57: [basecommands.smx] "Console<0><Console><Console>" changed cvar (cvar "sv_client_cmdrate_difference") (value "0")
L 07/12/2025 - 21:21:57: [basecommands.smx] "Console<0><Console><Console>" changed cvar (cvar "sv_max_queries_sec_global") (value "10")
L 07/12/2025 - 21:21:57: [basecommands.smx] "Console<0><Console><Console>" changed cvar (cvar "sv_max_queries_sec") (value "3")
L 07/12/2025 - 21:21:57: [basecommands.smx] "Console<0><Console><Console>" changed cvar (cvar "sv_max_queries_window") (value "10")
L 07/12/2025 - 21:21:57: [basecommands.smx] "Console<0><Console><Console>" changed cvar (cvar "sv_player_stuck_tolerance") (value "5")
L 07/12/2025 - 21:21:57: [basecommands.smx] "Console<0><Console><Console>" changed cvar (cvar "sv_stats") (value "0")
L 07/12/2025 - 21:21:57: [basecommands.smx] "Console<0><Console><Console>" changed cvar (cvar "sv_clockcorrection_msecs") (value "25")
L 07/12/2025 - 21:21:58: [optional/chat-processor.smx] Message formats generated for game 'left4dead2'.
L 07/12/2025 - 21:21:58: [optional/chat-processor.smx] Successfully hooked a SayText2 chat hook.
L 07/12/2025 - 21:21:59: [optional/l4d2_saferoom_item_remove.smx] Removed 0 saferoom item(s) (start: 0; end: 0).
L 07/12/2025 - 21:44:24: SourceMod log file session started (file "/root/Steam/steamapps/common/L4D21/left4dead2/addons/sourcemod/logs/L20250712.log") (Version "1.12.0.7195")
L 07/12/2025 - 21:44:24: [fixes/firebulletsfix.smx] Found offset for Weapon_ShootPosition 286
L 07/12/2025 - 21:44:26: [basecommands.smx] "Console<0><Console><Console>" changed cvar (cvar "confogl_match_execcfg_plugins") (value "generalfixes.cfg;confogl_plugins.cfg;sharedplugins.cfg")
L 07/12/2025 - 21:44:26: [basecommands.smx] "Console<0><Console><Console>" changed cvar (cvar "l4d2_addons_eclipse") (value "0")
L 07/12/2025 - 21:44:26: [basecommands.smx] "Console<0><Console><Console>" changed cvar (cvar "sv_allow_wait_command") (value "0")
L 07/12/2025 - 21:44:26: [basecommands.smx] "Console<0><Console><Console>" changed cvar (cvar "sv_minrate") (value "100000")
L 07/12/2025 - 21:44:26: [basecommands.smx] "Console<0><Console><Console>" changed cvar (cvar "sv_maxrate") (value "100000")
L 07/12/2025 - 21:44:26: [basecommands.smx] "Console<0><Console><Console>" changed cvar (cvar "sv_minupdaterate") (value "100")
L 07/12/2025 - 21:44:26: [basecommands.smx] "Console<0><Console><Console>" changed cvar (cvar "sv_maxupdaterate") (value "100")
L 07/12/2025 - 21:44:26: [basecommands.smx] "Console<0><Console><Console>" changed cvar (cvar "sv_mincmdrate") (value "100")
L 07/12/2025 - 21:44:26: [basecommands.smx] "Console<0><Console><Console>" changed cvar (cvar "sv_maxcmdrate") (value "100")
L 07/12/2025 - 21:44:26: [basecommands.smx] "Console<0><Console><Console>" changed cvar (cvar "sv_client_min_interp_ratio") (value "-1")
L 07/12/2025 - 21:44:26: [basecommands.smx] "Console<0><Console><Console>" changed cvar (cvar "sv_client_max_interp_ratio") (value "0")
L 07/12/2025 - 21:44:26: [basecommands.smx] "Console<0><Console><Console>" changed cvar (cvar "nb_update_frequency") (value "0.014")
L 07/12/2025 - 21:44:26: [basecommands.smx] "Console<0><Console><Console>" changed cvar (cvar "net_splitpacket_maxrate") (value "50000")
L 07/12/2025 - 21:44:26: [basecommands.smx] "Console<0><Console><Console>" changed cvar (cvar "net_maxcleartime") (value "0.0001")
L 07/12/2025 - 21:44:26: [basecommands.smx] "Console<0><Console><Console>" changed cvar (cvar "fps_max") (value "0")
L 07/12/2025 - 21:44:26: [basecommands.smx] "Console<0><Console><Console>" changed cvar (cvar "tick_door_speed") (value "1.3")
L 07/12/2025 - 21:44:26: [basecommands.smx] "Console<0><Console><Console>" changed cvar (cvar "mv_maxplayers") (value "30")
L 07/12/2025 - 21:44:26: [basecommands.smx] "Console<0><Console><Console>" changed cvar (cvar "mp_autoteambalance") (value "0")
L 07/12/2025 - 21:44:26: [basecommands.smx] "Console<0><Console><Console>" changed cvar (cvar "sv_unlag_fixstuck") (value "1")
L 07/12/2025 - 21:44:26: [basecommands.smx] "Console<0><Console><Console>" changed cvar (cvar "z_brawl_chance") (value "0")
L 07/12/2025 - 21:44:26: [basecommands.smx] "Console<0><Console><Console>" changed cvar (cvar "sv_maxunlag") (value "1")
L 07/12/2025 - 21:44:26: [basecommands.smx] "Console<0><Console><Console>" changed cvar (cvar "sv_forcepreload") (value "1")
L 07/12/2025 - 21:44:26: [basecommands.smx] "Console<0><Console><Console>" changed cvar (cvar "sv_client_predict") (value "1")
L 07/12/2025 - 21:44:26: [basecommands.smx] "Console<0><Console><Console>" changed cvar (cvar "sv_client_cmdrate_difference") (value "0")
L 07/12/2025 - 21:44:26: [basecommands.smx] "Console<0><Console><Console>" changed cvar (cvar "sv_max_queries_sec_global") (value "10")
L 07/12/2025 - 21:44:26: [basecommands.smx] "Console<0><Console><Console>" changed cvar (cvar "sv_max_queries_sec") (value "3")
L 07/12/2025 - 21:44:26: [basecommands.smx] "Console<0><Console><Console>" changed cvar (cvar "sv_max_queries_window") (value "10")
L 07/12/2025 - 21:44:26: [basecommands.smx] "Console<0><Console><Console>" changed cvar (cvar "sv_player_stuck_tolerance") (value "5")
L 07/12/2025 - 21:44:26: [basecommands.smx] "Console<0><Console><Console>" changed cvar (cvar "sv_stats") (value "0")
L 07/12/2025 - 21:44:26: [basecommands.smx] "Console<0><Console><Console>" changed cvar (cvar "sv_clockcorrection_msecs") (value "25")
L 07/12/2025 - 21:44:26: [basecommands.smx] "Console<0><Console><Console>" changed cvar (cvar "survivor_max_incapacitated_count") (value "2")
L 07/12/2025 - 21:44:27: [fixes/firebulletsfix.smx] Found offset for Weapon_ShootPosition 286
L 07/12/2025 - 21:44:27: [optional/l4d2_item_hint.smx] 
==========
Warning: You should install "[L4D & L4D2] Use Priority Patch" to fix attached models blocking +USE action (item hint): https://forums.alliedmods.net/showthread.php?t=327511
==========

L 07/12/2025 - 21:44:27: [GEOIP] GeoIP2 database loaded: GeoLite2-Country (2023-12-22 14:46:10 UTC) (/root/Steam/steamapps/common/L4D21/left4dead2/addons/sourcemod/configs/geoip/GeoLite2-Country.mmdb)
L 07/12/2025 - 21:44:27: [GEOIP] GeoIP2 supported languages: de en es fr ja pt-BR ru zh-CN
L 07/12/2025 - 21:44:27: [GEOIP] Your database is older than 90 days. You should consider downloading a newer version from e.g. https://dev.maxmind.com/geoip/geolite2-free-geolocation-data
L 07/12/2025 - 21:44:27: [optional/chat-processor.smx] Message formats generated for game 'left4dead2'.
L 07/12/2025 - 21:44:27: [optional/chat-processor.smx] Successfully hooked a SayText2 chat hook.
L 07/12/2025 - 21:44:31: -------- Mapchange to c2m1_highway --------
L 07/12/2025 - 21:44:32: [basecommands.smx] "Console<0><Console><Console>" changed cvar (cvar "confogl_match_execcfg_plugins") (value "generalfixes.cfg;confogl_plugins.cfg;sharedplugins.cfg")
L 07/12/2025 - 21:44:32: [basecommands.smx] "Console<0><Console><Console>" changed cvar (cvar "l4d2_addons_eclipse") (value "0")
L 07/12/2025 - 21:44:32: [basecommands.smx] "Console<0><Console><Console>" changed cvar (cvar "sv_allow_wait_command") (value "0")
L 07/12/2025 - 21:44:32: [basecommands.smx] "Console<0><Console><Console>" changed cvar (cvar "sv_minrate") (value "100000")
L 07/12/2025 - 21:44:32: [basecommands.smx] "Console<0><Console><Console>" changed cvar (cvar "sv_maxrate") (value "100000")
L 07/12/2025 - 21:44:32: [basecommands.smx] "Console<0><Console><Console>" changed cvar (cvar "sv_minupdaterate") (value "100")
L 07/12/2025 - 21:44:32: [basecommands.smx] "Console<0><Console><Console>" changed cvar (cvar "sv_maxupdaterate") (value "100")
L 07/12/2025 - 21:44:32: [basecommands.smx] "Console<0><Console><Console>" changed cvar (cvar "sv_mincmdrate") (value "100")
L 07/12/2025 - 21:44:32: [basecommands.smx] "Console<0><Console><Console>" changed cvar (cvar "sv_maxcmdrate") (value "100")
L 07/12/2025 - 21:44:32: [basecommands.smx] "Console<0><Console><Console>" changed cvar (cvar "sv_client_min_interp_ratio") (value "-1")
L 07/12/2025 - 21:44:32: [basecommands.smx] "Console<0><Console><Console>" changed cvar (cvar "sv_client_max_interp_ratio") (value "0")
L 07/12/2025 - 21:44:32: [basecommands.smx] "Console<0><Console><Console>" changed cvar (cvar "nb_update_frequency") (value "0.014")
L 07/12/2025 - 21:44:32: [basecommands.smx] "Console<0><Console><Console>" changed cvar (cvar "net_splitpacket_maxrate") (value "50000")
L 07/12/2025 - 21:44:32: [basecommands.smx] "Console<0><Console><Console>" changed cvar (cvar "net_maxcleartime") (value "0.0001")
L 07/12/2025 - 21:44:32: [basecommands.smx] "Console<0><Console><Console>" changed cvar (cvar "fps_max") (value "0")
L 07/12/2025 - 21:44:32: [basecommands.smx] "Console<0><Console><Console>" changed cvar (cvar "tick_door_speed") (value "1.3")
L 07/12/2025 - 21:44:32: [basecommands.smx] "Console<0><Console><Console>" changed cvar (cvar "mv_maxplayers") (value "30")
L 07/12/2025 - 21:44:32: [basecommands.smx] "Console<0><Console><Console>" changed cvar (cvar "mp_autoteambalance") (value "0")
L 07/12/2025 - 21:44:32: [basecommands.smx] "Console<0><Console><Console>" changed cvar (cvar "sv_unlag_fixstuck") (value "1")
L 07/12/2025 - 21:44:32: [basecommands.smx] "Console<0><Console><Console>" changed cvar (cvar "z_brawl_chance") (value "0")
L 07/12/2025 - 21:44:32: [basecommands.smx] "Console<0><Console><Console>" changed cvar (cvar "sv_maxunlag") (value "1")
L 07/12/2025 - 21:44:32: [basecommands.smx] "Console<0><Console><Console>" changed cvar (cvar "sv_forcepreload") (value "1")
L 07/12/2025 - 21:44:32: [basecommands.smx] "Console<0><Console><Console>" changed cvar (cvar "sv_client_predict") (value "1")
L 07/12/2025 - 21:44:32: [basecommands.smx] "Console<0><Console><Console>" changed cvar (cvar "sv_client_cmdrate_difference") (value "0")
L 07/12/2025 - 21:44:32: [basecommands.smx] "Console<0><Console><Console>" changed cvar (cvar "sv_max_queries_sec_global") (value "10")
L 07/12/2025 - 21:44:32: [basecommands.smx] "Console<0><Console><Console>" changed cvar (cvar "sv_max_queries_sec") (value "3")
L 07/12/2025 - 21:44:32: [basecommands.smx] "Console<0><Console><Console>" changed cvar (cvar "sv_max_queries_window") (value "10")
L 07/12/2025 - 21:44:32: [basecommands.smx] "Console<0><Console><Console>" changed cvar (cvar "sv_player_stuck_tolerance") (value "5")
L 07/12/2025 - 21:44:32: [basecommands.smx] "Console<0><Console><Console>" changed cvar (cvar "sv_stats") (value "0")
L 07/12/2025 - 21:44:32: [basecommands.smx] "Console<0><Console><Console>" changed cvar (cvar "sv_clockcorrection_msecs") (value "25")
L 07/12/2025 - 21:44:32: [optional/chat-processor.smx] Message formats generated for game 'left4dead2'.
L 07/12/2025 - 21:44:32: [optional/chat-processor.smx] Successfully hooked a SayText2 chat hook.
L 07/12/2025 - 21:44:33: [optional/l4d2_saferoom_item_remove.smx] Removed 0 saferoom item(s) (start: 0; end: 0).
L 07/12/2025 - 23:09:15: SourceMod log file session started (file "/root/Steam/steamapps/common/L4D21/left4dead2/addons/sourcemod/logs/L20250712.log") (Version "1.12.0.7195")
L 07/12/2025 - 23:09:15: [fixes/firebulletsfix.smx] Found offset for Weapon_ShootPosition 286
L 07/12/2025 - 23:09:18: [basecommands.smx] "Console<0><Console><Console>" changed cvar (cvar "confogl_match_execcfg_plugins") (value "generalfixes.cfg;confogl_plugins.cfg;sharedplugins.cfg")
L 07/12/2025 - 23:09:18: [basecommands.smx] "Console<0><Console><Console>" changed cvar (cvar "l4d2_addons_eclipse") (value "0")
L 07/12/2025 - 23:09:18: [basecommands.smx] "Console<0><Console><Console>" changed cvar (cvar "sv_allow_wait_command") (value "0")
L 07/12/2025 - 23:09:18: [basecommands.smx] "Console<0><Console><Console>" changed cvar (cvar "sv_minrate") (value "100000")
L 07/12/2025 - 23:09:18: [basecommands.smx] "Console<0><Console><Console>" changed cvar (cvar "sv_maxrate") (value "100000")
L 07/12/2025 - 23:09:18: [basecommands.smx] "Console<0><Console><Console>" changed cvar (cvar "sv_minupdaterate") (value "100")
L 07/12/2025 - 23:09:18: [basecommands.smx] "Console<0><Console><Console>" changed cvar (cvar "sv_maxupdaterate") (value "100")
L 07/12/2025 - 23:09:18: [basecommands.smx] "Console<0><Console><Console>" changed cvar (cvar "sv_mincmdrate") (value "100")
L 07/12/2025 - 23:09:18: [basecommands.smx] "Console<0><Console><Console>" changed cvar (cvar "sv_maxcmdrate") (value "100")
L 07/12/2025 - 23:09:18: [basecommands.smx] "Console<0><Console><Console>" changed cvar (cvar "sv_client_min_interp_ratio") (value "-1")
L 07/12/2025 - 23:09:18: [basecommands.smx] "Console<0><Console><Console>" changed cvar (cvar "sv_client_max_interp_ratio") (value "0")
L 07/12/2025 - 23:09:18: [basecommands.smx] "Console<0><Console><Console>" changed cvar (cvar "nb_update_frequency") (value "0.014")
L 07/12/2025 - 23:09:18: [basecommands.smx] "Console<0><Console><Console>" changed cvar (cvar "net_splitpacket_maxrate") (value "50000")
L 07/12/2025 - 23:09:18: [basecommands.smx] "Console<0><Console><Console>" changed cvar (cvar "net_maxcleartime") (value "0.0001")
L 07/12/2025 - 23:09:18: [basecommands.smx] "Console<0><Console><Console>" changed cvar (cvar "fps_max") (value "0")
L 07/12/2025 - 23:09:18: [basecommands.smx] "Console<0><Console><Console>" changed cvar (cvar "tick_door_speed") (value "1.3")
L 07/12/2025 - 23:09:18: [basecommands.smx] "Console<0><Console><Console>" changed cvar (cvar "mv_maxplayers") (value "30")
L 07/12/2025 - 23:09:18: [basecommands.smx] "Console<0><Console><Console>" changed cvar (cvar "mp_autoteambalance") (value "0")
L 07/12/2025 - 23:09:18: [basecommands.smx] "Console<0><Console><Console>" changed cvar (cvar "sv_unlag_fixstuck") (value "1")
L 07/12/2025 - 23:09:18: [basecommands.smx] "Console<0><Console><Console>" changed cvar (cvar "z_brawl_chance") (value "0")
L 07/12/2025 - 23:09:18: [basecommands.smx] "Console<0><Console><Console>" changed cvar (cvar "sv_maxunlag") (value "1")
L 07/12/2025 - 23:09:18: [basecommands.smx] "Console<0><Console><Console>" changed cvar (cvar "sv_forcepreload") (value "1")
L 07/12/2025 - 23:09:18: [basecommands.smx] "Console<0><Console><Console>" changed cvar (cvar "sv_client_predict") (value "1")
L 07/12/2025 - 23:09:18: [basecommands.smx] "Console<0><Console><Console>" changed cvar (cvar "sv_client_cmdrate_difference") (value "0")
L 07/12/2025 - 23:09:18: [basecommands.smx] "Console<0><Console><Console>" changed cvar (cvar "sv_max_queries_sec_global") (value "10")
L 07/12/2025 - 23:09:18: [basecommands.smx] "Console<0><Console><Console>" changed cvar (cvar "sv_max_queries_sec") (value "3")
L 07/12/2025 - 23:09:18: [basecommands.smx] "Console<0><Console><Console>" changed cvar (cvar "sv_max_queries_window") (value "10")
L 07/12/2025 - 23:09:18: [basecommands.smx] "Console<0><Console><Console>" changed cvar (cvar "sv_player_stuck_tolerance") (value "5")
L 07/12/2025 - 23:09:18: [basecommands.smx] "Console<0><Console><Console>" changed cvar (cvar "sv_stats") (value "0")
L 07/12/2025 - 23:09:18: [basecommands.smx] "Console<0><Console><Console>" changed cvar (cvar "sv_clockcorrection_msecs") (value "25")
L 07/12/2025 - 23:09:18: [basecommands.smx] "Console<0><Console><Console>" changed cvar (cvar "survivor_max_incapacitated_count") (value "2")
L 07/12/2025 - 23:09:18: [fixes/firebulletsfix.smx] Found offset for Weapon_ShootPosition 286
L 07/12/2025 - 23:09:19: [optional/l4d2_item_hint.smx] 
==========
Warning: You should install "[L4D & L4D2] Use Priority Patch" to fix attached models blocking +USE action (item hint): https://forums.alliedmods.net/showthread.php?t=327511
==========

L 07/12/2025 - 23:09:19: [GEOIP] GeoIP2 database loaded: GeoLite2-Country (2023-12-22 14:46:10 UTC) (/root/Steam/steamapps/common/L4D21/left4dead2/addons/sourcemod/configs/geoip/GeoLite2-Country.mmdb)
L 07/12/2025 - 23:09:19: [GEOIP] GeoIP2 supported languages: de en es fr ja pt-BR ru zh-CN
L 07/12/2025 - 23:09:19: [GEOIP] Your database is older than 90 days. You should consider downloading a newer version from e.g. https://dev.maxmind.com/geoip/geolite2-free-geolocation-data
L 07/12/2025 - 23:09:19: [optional/chat-processor.smx] Message formats generated for game 'left4dead2'.
L 07/12/2025 - 23:09:19: [optional/chat-processor.smx] Successfully hooked a SayText2 chat hook.
L 07/12/2025 - 23:09:23: -------- Mapchange to c2m1_highway --------
L 07/12/2025 - 23:09:24: [basecommands.smx] "Console<0><Console><Console>" changed cvar (cvar "confogl_match_execcfg_plugins") (value "generalfixes.cfg;confogl_plugins.cfg;sharedplugins.cfg")
L 07/12/2025 - 23:09:24: [basecommands.smx] "Console<0><Console><Console>" changed cvar (cvar "l4d2_addons_eclipse") (value "0")
L 07/12/2025 - 23:09:24: [basecommands.smx] "Console<0><Console><Console>" changed cvar (cvar "sv_allow_wait_command") (value "0")
L 07/12/2025 - 23:09:24: [basecommands.smx] "Console<0><Console><Console>" changed cvar (cvar "sv_minrate") (value "100000")
L 07/12/2025 - 23:09:24: [basecommands.smx] "Console<0><Console><Console>" changed cvar (cvar "sv_maxrate") (value "100000")
L 07/12/2025 - 23:09:24: [basecommands.smx] "Console<0><Console><Console>" changed cvar (cvar "sv_minupdaterate") (value "100")
L 07/12/2025 - 23:09:24: [basecommands.smx] "Console<0><Console><Console>" changed cvar (cvar "sv_maxupdaterate") (value "100")
L 07/12/2025 - 23:09:24: [basecommands.smx] "Console<0><Console><Console>" changed cvar (cvar "sv_mincmdrate") (value "100")
L 07/12/2025 - 23:09:24: [basecommands.smx] "Console<0><Console><Console>" changed cvar (cvar "sv_maxcmdrate") (value "100")
L 07/12/2025 - 23:09:24: [basecommands.smx] "Console<0><Console><Console>" changed cvar (cvar "sv_client_min_interp_ratio") (value "-1")
L 07/12/2025 - 23:09:24: [basecommands.smx] "Console<0><Console><Console>" changed cvar (cvar "sv_client_max_interp_ratio") (value "0")
L 07/12/2025 - 23:09:24: [basecommands.smx] "Console<0><Console><Console>" changed cvar (cvar "nb_update_frequency") (value "0.014")
L 07/12/2025 - 23:09:24: [basecommands.smx] "Console<0><Console><Console>" changed cvar (cvar "net_splitpacket_maxrate") (value "50000")
L 07/12/2025 - 23:09:24: [basecommands.smx] "Console<0><Console><Console>" changed cvar (cvar "net_maxcleartime") (value "0.0001")
L 07/12/2025 - 23:09:24: [basecommands.smx] "Console<0><Console><Console>" changed cvar (cvar "fps_max") (value "0")
L 07/12/2025 - 23:09:24: [basecommands.smx] "Console<0><Console><Console>" changed cvar (cvar "tick_door_speed") (value "1.3")
L 07/12/2025 - 23:09:24: [basecommands.smx] "Console<0><Console><Console>" changed cvar (cvar "mv_maxplayers") (value "30")
L 07/12/2025 - 23:09:24: [basecommands.smx] "Console<0><Console><Console>" changed cvar (cvar "mp_autoteambalance") (value "0")
L 07/12/2025 - 23:09:24: [basecommands.smx] "Console<0><Console><Console>" changed cvar (cvar "sv_unlag_fixstuck") (value "1")
L 07/12/2025 - 23:09:24: [basecommands.smx] "Console<0><Console><Console>" changed cvar (cvar "z_brawl_chance") (value "0")
L 07/12/2025 - 23:09:24: [basecommands.smx] "Console<0><Console><Console>" changed cvar (cvar "sv_maxunlag") (value "1")
L 07/12/2025 - 23:09:24: [basecommands.smx] "Console<0><Console><Console>" changed cvar (cvar "sv_forcepreload") (value "1")
L 07/12/2025 - 23:09:24: [basecommands.smx] "Console<0><Console><Console>" changed cvar (cvar "sv_client_predict") (value "1")
L 07/12/2025 - 23:09:24: [basecommands.smx] "Console<0><Console><Console>" changed cvar (cvar "sv_client_cmdrate_difference") (value "0")
L 07/12/2025 - 23:09:24: [basecommands.smx] "Console<0><Console><Console>" changed cvar (cvar "sv_max_queries_sec_global") (value "10")
L 07/12/2025 - 23:09:24: [basecommands.smx] "Console<0><Console><Console>" changed cvar (cvar "sv_max_queries_sec") (value "3")
L 07/12/2025 - 23:09:24: [basecommands.smx] "Console<0><Console><Console>" changed cvar (cvar "sv_max_queries_window") (value "10")
L 07/12/2025 - 23:09:24: [basecommands.smx] "Console<0><Console><Console>" changed cvar (cvar "sv_player_stuck_tolerance") (value "5")
L 07/12/2025 - 23:09:24: [basecommands.smx] "Console<0><Console><Console>" changed cvar (cvar "sv_stats") (value "0")
L 07/12/2025 - 23:09:24: [basecommands.smx] "Console<0><Console><Console>" changed cvar (cvar "sv_clockcorrection_msecs") (value "25")
L 07/12/2025 - 23:09:25: [optional/chat-processor.smx] Message formats generated for game 'left4dead2'.
L 07/12/2025 - 23:09:25: [optional/chat-processor.smx] Successfully hooked a SayText2 chat hook.
L 07/12/2025 - 23:09:25: [optional/l4d2_saferoom_item_remove.smx] Removed 0 saferoom item(s) (start: 0; end: 0).
L 07/13/2025 - 01:26:41: Log file closed.
