L 07/09/2025 - 21:10:56: SourceMod log file session started (file "/root/Steam/steamapps/common/L4D21/left4dead2/addons/sourcemod/logs/L20250709.log") (Version "1.11.0.6964")
L 07/09/2025 - 21:10:56: [l4d2_item_hint.smx] 
==========
Warning: You should install "[L4D & L4D2] Use Priority Patch" to fix attached models blocking +USE action (item hint): https://forums.alliedmods.net/showthread.php?t=327511
==========

L 07/09/2025 - 21:10:58: [basecommands.smx] "Console<0><Console><Console>" changed cvar (cvar "confogl_match_execcfg_plugins") (value "generalfixes.cfg;confogl_plugins.cfg;sharedplugins.cfg")
L 07/09/2025 - 21:10:58: [basecommands.smx] "Console<0><Console><Console>" changed cvar (cvar "l4d2_addons_eclipse") (value "0")
L 07/09/2025 - 21:10:58: [basecommands.smx] "Console<0><Console><Console>" changed cvar (cvar "sv_allow_wait_command") (value "0")
L 07/09/2025 - 21:10:58: [basecommands.smx] "Console<0><Console><Console>" changed cvar (cvar "sv_minrate") (value "100000")
L 07/09/2025 - 21:10:58: [basecommands.smx] "Console<0><Console><Console>" changed cvar (cvar "sv_maxrate") (value "100000")
L 07/09/2025 - 21:10:58: [basecommands.smx] "Console<0><Console><Console>" changed cvar (cvar "sv_minupdaterate") (value "100")
L 07/09/2025 - 21:10:58: [basecommands.smx] "Console<0><Console><Console>" changed cvar (cvar "sv_maxupdaterate") (value "100")
L 07/09/2025 - 21:10:58: [basecommands.smx] "Console<0><Console><Console>" changed cvar (cvar "sv_mincmdrate") (value "100")
L 07/09/2025 - 21:10:58: [basecommands.smx] "Console<0><Console><Console>" changed cvar (cvar "sv_maxcmdrate") (value "100")
L 07/09/2025 - 21:10:58: [basecommands.smx] "Console<0><Console><Console>" changed cvar (cvar "sv_client_min_interp_ratio") (value "-1")
L 07/09/2025 - 21:10:58: [basecommands.smx] "Console<0><Console><Console>" changed cvar (cvar "sv_client_max_interp_ratio") (value "0")
L 07/09/2025 - 21:10:58: [basecommands.smx] "Console<0><Console><Console>" changed cvar (cvar "nb_update_frequency") (value "0.014")
L 07/09/2025 - 21:10:58: [basecommands.smx] "Console<0><Console><Console>" changed cvar (cvar "net_splitpacket_maxrate") (value "50000")
L 07/09/2025 - 21:10:58: [basecommands.smx] "Console<0><Console><Console>" changed cvar (cvar "fps_max") (value "0")
L 07/09/2025 - 21:10:58: [basecommands.smx] "Console<0><Console><Console>" changed cvar (cvar "tick_door_speed") (value "1.3")
L 07/09/2025 - 21:10:58: [basecommands.smx] "Console<0><Console><Console>" changed cvar (cvar "mv_maxplayers") (value "30")
L 07/09/2025 - 21:10:58: [basecommands.smx] "Console<0><Console><Console>" changed cvar (cvar "mp_autoteambalance") (value "0")
L 07/09/2025 - 21:10:58: [basecommands.smx] "Console<0><Console><Console>" changed cvar (cvar "sv_unlag_fixstuck") (value "1")
L 07/09/2025 - 21:10:58: [basecommands.smx] "Console<0><Console><Console>" changed cvar (cvar "z_brawl_chance") (value "0")
L 07/09/2025 - 21:10:58: [basecommands.smx] "Console<0><Console><Console>" changed cvar (cvar "sv_maxunlag") (value "1")
L 07/09/2025 - 21:10:58: [basecommands.smx] "Console<0><Console><Console>" changed cvar (cvar "sv_forcepreload") (value "1")
L 07/09/2025 - 21:10:58: [basecommands.smx] "Console<0><Console><Console>" changed cvar (cvar "sv_client_predict") (value "1")
L 07/09/2025 - 21:10:58: [basecommands.smx] "Console<0><Console><Console>" changed cvar (cvar "sv_client_cmdrate_difference") (value "0")
L 07/09/2025 - 21:10:58: [basecommands.smx] "Console<0><Console><Console>" changed cvar (cvar "sv_max_queries_sec_global") (value "10")
L 07/09/2025 - 21:10:58: [basecommands.smx] "Console<0><Console><Console>" changed cvar (cvar "sv_max_queries_sec") (value "3")
L 07/09/2025 - 21:10:58: [basecommands.smx] "Console<0><Console><Console>" changed cvar (cvar "sv_max_queries_window") (value "10")
L 07/09/2025 - 21:10:58: [basecommands.smx] "Console<0><Console><Console>" changed cvar (cvar "sv_player_stuck_tolerance") (value "5")
L 07/09/2025 - 21:10:58: [basecommands.smx] "Console<0><Console><Console>" changed cvar (cvar "sv_stats") (value "0")
L 07/09/2025 - 21:10:58: [basecommands.smx] "Console<0><Console><Console>" changed cvar (cvar "sv_clockcorrection_msecs") (value "25")
L 07/09/2025 - 21:12:53: SourceMod log file session started (file "/root/Steam/steamapps/common/L4D21/left4dead2/addons/sourcemod/logs/L20250709.log") (Version "1.11.0.6964")
L 07/09/2025 - 21:12:53: [l4d2_item_hint.smx] 
==========
Warning: You should install "[L4D & L4D2] Use Priority Patch" to fix attached models blocking +USE action (item hint): https://forums.alliedmods.net/showthread.php?t=327511
==========

L 07/09/2025 - 21:12:55: [basecommands.smx] "Console<0><Console><Console>" changed cvar (cvar "confogl_match_execcfg_plugins") (value "generalfixes.cfg;confogl_plugins.cfg;sharedplugins.cfg")
L 07/09/2025 - 21:12:55: [basecommands.smx] "Console<0><Console><Console>" changed cvar (cvar "l4d2_addons_eclipse") (value "0")
L 07/09/2025 - 21:12:55: [basecommands.smx] "Console<0><Console><Console>" changed cvar (cvar "sv_allow_wait_command") (value "0")
L 07/09/2025 - 21:12:55: [basecommands.smx] "Console<0><Console><Console>" changed cvar (cvar "sv_minrate") (value "100000")
L 07/09/2025 - 21:12:55: [basecommands.smx] "Console<0><Console><Console>" changed cvar (cvar "sv_maxrate") (value "100000")
L 07/09/2025 - 21:12:55: [basecommands.smx] "Console<0><Console><Console>" changed cvar (cvar "sv_minupdaterate") (value "100")
L 07/09/2025 - 21:12:55: [basecommands.smx] "Console<0><Console><Console>" changed cvar (cvar "sv_maxupdaterate") (value "100")
L 07/09/2025 - 21:12:55: [basecommands.smx] "Console<0><Console><Console>" changed cvar (cvar "sv_mincmdrate") (value "100")
L 07/09/2025 - 21:12:55: [basecommands.smx] "Console<0><Console><Console>" changed cvar (cvar "sv_maxcmdrate") (value "100")
L 07/09/2025 - 21:12:55: [basecommands.smx] "Console<0><Console><Console>" changed cvar (cvar "sv_client_min_interp_ratio") (value "-1")
L 07/09/2025 - 21:12:55: [basecommands.smx] "Console<0><Console><Console>" changed cvar (cvar "sv_client_max_interp_ratio") (value "0")
L 07/09/2025 - 21:12:55: [basecommands.smx] "Console<0><Console><Console>" changed cvar (cvar "nb_update_frequency") (value "0.014")
L 07/09/2025 - 21:12:55: [basecommands.smx] "Console<0><Console><Console>" changed cvar (cvar "net_splitpacket_maxrate") (value "50000")
L 07/09/2025 - 21:12:55: [basecommands.smx] "Console<0><Console><Console>" changed cvar (cvar "fps_max") (value "0")
L 07/09/2025 - 21:12:55: [basecommands.smx] "Console<0><Console><Console>" changed cvar (cvar "tick_door_speed") (value "1.3")
L 07/09/2025 - 21:12:55: [basecommands.smx] "Console<0><Console><Console>" changed cvar (cvar "mv_maxplayers") (value "30")
L 07/09/2025 - 21:12:55: [basecommands.smx] "Console<0><Console><Console>" changed cvar (cvar "mp_autoteambalance") (value "0")
L 07/09/2025 - 21:12:55: [basecommands.smx] "Console<0><Console><Console>" changed cvar (cvar "sv_unlag_fixstuck") (value "1")
L 07/09/2025 - 21:12:55: [basecommands.smx] "Console<0><Console><Console>" changed cvar (cvar "z_brawl_chance") (value "0")
L 07/09/2025 - 21:12:55: [basecommands.smx] "Console<0><Console><Console>" changed cvar (cvar "sv_maxunlag") (value "1")
L 07/09/2025 - 21:12:55: [basecommands.smx] "Console<0><Console><Console>" changed cvar (cvar "sv_forcepreload") (value "1")
L 07/09/2025 - 21:12:55: [basecommands.smx] "Console<0><Console><Console>" changed cvar (cvar "sv_client_predict") (value "1")
L 07/09/2025 - 21:12:55: [basecommands.smx] "Console<0><Console><Console>" changed cvar (cvar "sv_client_cmdrate_difference") (value "0")
L 07/09/2025 - 21:12:55: [basecommands.smx] "Console<0><Console><Console>" changed cvar (cvar "sv_max_queries_sec_global") (value "10")
L 07/09/2025 - 21:12:55: [basecommands.smx] "Console<0><Console><Console>" changed cvar (cvar "sv_max_queries_sec") (value "3")
L 07/09/2025 - 21:12:55: [basecommands.smx] "Console<0><Console><Console>" changed cvar (cvar "sv_max_queries_window") (value "10")
L 07/09/2025 - 21:12:55: [basecommands.smx] "Console<0><Console><Console>" changed cvar (cvar "sv_player_stuck_tolerance") (value "5")
L 07/09/2025 - 21:12:55: [basecommands.smx] "Console<0><Console><Console>" changed cvar (cvar "sv_stats") (value "0")
L 07/09/2025 - 21:12:55: [basecommands.smx] "Console<0><Console><Console>" changed cvar (cvar "sv_clockcorrection_msecs") (value "25")
L 07/09/2025 - 21:15:12: SourceMod log file session started (file "/root/Steam/steamapps/common/L4D21/left4dead2/addons/sourcemod/logs/L20250709.log") (Version "1.11.0.6964")
L 07/09/2025 - 21:15:12: [l4d2_item_hint.smx] 
==========
Warning: You should install "[L4D & L4D2] Use Priority Patch" to fix attached models blocking +USE action (item hint): https://forums.alliedmods.net/showthread.php?t=327511
==========

L 07/09/2025 - 21:15:13: [basecommands.smx] "Console<0><Console><Console>" changed cvar (cvar "confogl_match_execcfg_plugins") (value "generalfixes.cfg;confogl_plugins.cfg;sharedplugins.cfg")
L 07/09/2025 - 21:15:13: [basecommands.smx] "Console<0><Console><Console>" changed cvar (cvar "l4d2_addons_eclipse") (value "0")
L 07/09/2025 - 21:15:13: [basecommands.smx] "Console<0><Console><Console>" changed cvar (cvar "sv_allow_wait_command") (value "0")
L 07/09/2025 - 21:15:13: [basecommands.smx] "Console<0><Console><Console>" changed cvar (cvar "sv_minrate") (value "100000")
L 07/09/2025 - 21:15:13: [basecommands.smx] "Console<0><Console><Console>" changed cvar (cvar "sv_maxrate") (value "100000")
L 07/09/2025 - 21:15:13: [basecommands.smx] "Console<0><Console><Console>" changed cvar (cvar "sv_minupdaterate") (value "100")
L 07/09/2025 - 21:15:13: [basecommands.smx] "Console<0><Console><Console>" changed cvar (cvar "sv_maxupdaterate") (value "100")
L 07/09/2025 - 21:15:13: [basecommands.smx] "Console<0><Console><Console>" changed cvar (cvar "sv_mincmdrate") (value "100")
L 07/09/2025 - 21:15:13: [basecommands.smx] "Console<0><Console><Console>" changed cvar (cvar "sv_maxcmdrate") (value "100")
L 07/09/2025 - 21:15:13: [basecommands.smx] "Console<0><Console><Console>" changed cvar (cvar "sv_client_min_interp_ratio") (value "-1")
L 07/09/2025 - 21:15:13: [basecommands.smx] "Console<0><Console><Console>" changed cvar (cvar "sv_client_max_interp_ratio") (value "0")
L 07/09/2025 - 21:15:13: [basecommands.smx] "Console<0><Console><Console>" changed cvar (cvar "nb_update_frequency") (value "0.014")
L 07/09/2025 - 21:15:13: [basecommands.smx] "Console<0><Console><Console>" changed cvar (cvar "net_splitpacket_maxrate") (value "50000")
L 07/09/2025 - 21:15:13: [basecommands.smx] "Console<0><Console><Console>" changed cvar (cvar "fps_max") (value "0")
L 07/09/2025 - 21:15:13: [basecommands.smx] "Console<0><Console><Console>" changed cvar (cvar "tick_door_speed") (value "1.3")
L 07/09/2025 - 21:15:13: [basecommands.smx] "Console<0><Console><Console>" changed cvar (cvar "mv_maxplayers") (value "30")
L 07/09/2025 - 21:15:13: [basecommands.smx] "Console<0><Console><Console>" changed cvar (cvar "mp_autoteambalance") (value "0")
L 07/09/2025 - 21:15:13: [basecommands.smx] "Console<0><Console><Console>" changed cvar (cvar "sv_unlag_fixstuck") (value "1")
L 07/09/2025 - 21:15:13: [basecommands.smx] "Console<0><Console><Console>" changed cvar (cvar "z_brawl_chance") (value "0")
L 07/09/2025 - 21:15:13: [basecommands.smx] "Console<0><Console><Console>" changed cvar (cvar "sv_maxunlag") (value "1")
L 07/09/2025 - 21:15:13: [basecommands.smx] "Console<0><Console><Console>" changed cvar (cvar "sv_forcepreload") (value "1")
L 07/09/2025 - 21:15:13: [basecommands.smx] "Console<0><Console><Console>" changed cvar (cvar "sv_client_predict") (value "1")
L 07/09/2025 - 21:15:13: [basecommands.smx] "Console<0><Console><Console>" changed cvar (cvar "sv_client_cmdrate_difference") (value "0")
L 07/09/2025 - 21:15:13: [basecommands.smx] "Console<0><Console><Console>" changed cvar (cvar "sv_max_queries_sec_global") (value "10")
L 07/09/2025 - 21:15:13: [basecommands.smx] "Console<0><Console><Console>" changed cvar (cvar "sv_max_queries_sec") (value "3")
L 07/09/2025 - 21:15:13: [basecommands.smx] "Console<0><Console><Console>" changed cvar (cvar "sv_max_queries_window") (value "10")
L 07/09/2025 - 21:15:13: [basecommands.smx] "Console<0><Console><Console>" changed cvar (cvar "sv_player_stuck_tolerance") (value "5")
L 07/09/2025 - 21:15:13: [basecommands.smx] "Console<0><Console><Console>" changed cvar (cvar "sv_stats") (value "0")
L 07/09/2025 - 21:15:13: [basecommands.smx] "Console<0><Console><Console>" changed cvar (cvar "sv_clockcorrection_msecs") (value "25")
L 07/09/2025 - 21:15:17: -------- Mapchange to c2m1_highway --------
L 07/09/2025 - 21:15:19: [basecommands.smx] "Console<0><Console><Console>" changed cvar (cvar "confogl_match_execcfg_plugins") (value "generalfixes.cfg;confogl_plugins.cfg;sharedplugins.cfg")
L 07/09/2025 - 21:15:19: [basecommands.smx] "Console<0><Console><Console>" changed cvar (cvar "l4d2_addons_eclipse") (value "0")
L 07/09/2025 - 21:15:19: [basecommands.smx] "Console<0><Console><Console>" changed cvar (cvar "sv_allow_wait_command") (value "0")
L 07/09/2025 - 21:15:19: [basecommands.smx] "Console<0><Console><Console>" changed cvar (cvar "sv_minrate") (value "100000")
L 07/09/2025 - 21:15:19: [basecommands.smx] "Console<0><Console><Console>" changed cvar (cvar "sv_maxrate") (value "100000")
L 07/09/2025 - 21:15:19: [basecommands.smx] "Console<0><Console><Console>" changed cvar (cvar "sv_minupdaterate") (value "100")
L 07/09/2025 - 21:15:19: [basecommands.smx] "Console<0><Console><Console>" changed cvar (cvar "sv_maxupdaterate") (value "100")
L 07/09/2025 - 21:15:19: [basecommands.smx] "Console<0><Console><Console>" changed cvar (cvar "sv_mincmdrate") (value "100")
L 07/09/2025 - 21:15:19: [basecommands.smx] "Console<0><Console><Console>" changed cvar (cvar "sv_maxcmdrate") (value "100")
L 07/09/2025 - 21:15:19: [basecommands.smx] "Console<0><Console><Console>" changed cvar (cvar "sv_client_min_interp_ratio") (value "-1")
L 07/09/2025 - 21:15:19: [basecommands.smx] "Console<0><Console><Console>" changed cvar (cvar "sv_client_max_interp_ratio") (value "0")
L 07/09/2025 - 21:15:19: [basecommands.smx] "Console<0><Console><Console>" changed cvar (cvar "nb_update_frequency") (value "0.014")
L 07/09/2025 - 21:15:19: [basecommands.smx] "Console<0><Console><Console>" changed cvar (cvar "net_splitpacket_maxrate") (value "50000")
L 07/09/2025 - 21:15:19: [basecommands.smx] "Console<0><Console><Console>" changed cvar (cvar "fps_max") (value "0")
L 07/09/2025 - 21:15:19: [basecommands.smx] "Console<0><Console><Console>" changed cvar (cvar "tick_door_speed") (value "1.3")
L 07/09/2025 - 21:15:19: [basecommands.smx] "Console<0><Console><Console>" changed cvar (cvar "mv_maxplayers") (value "30")
L 07/09/2025 - 21:15:19: [basecommands.smx] "Console<0><Console><Console>" changed cvar (cvar "mp_autoteambalance") (value "0")
L 07/09/2025 - 21:15:19: [basecommands.smx] "Console<0><Console><Console>" changed cvar (cvar "sv_unlag_fixstuck") (value "1")
L 07/09/2025 - 21:15:19: [basecommands.smx] "Console<0><Console><Console>" changed cvar (cvar "z_brawl_chance") (value "0")
L 07/09/2025 - 21:15:19: [basecommands.smx] "Console<0><Console><Console>" changed cvar (cvar "sv_maxunlag") (value "1")
L 07/09/2025 - 21:15:19: [basecommands.smx] "Console<0><Console><Console>" changed cvar (cvar "sv_forcepreload") (value "1")
L 07/09/2025 - 21:15:19: [basecommands.smx] "Console<0><Console><Console>" changed cvar (cvar "sv_client_predict") (value "1")
L 07/09/2025 - 21:15:19: [basecommands.smx] "Console<0><Console><Console>" changed cvar (cvar "sv_client_cmdrate_difference") (value "0")
L 07/09/2025 - 21:15:19: [basecommands.smx] "Console<0><Console><Console>" changed cvar (cvar "sv_max_queries_sec_global") (value "10")
L 07/09/2025 - 21:15:19: [basecommands.smx] "Console<0><Console><Console>" changed cvar (cvar "sv_max_queries_sec") (value "3")
L 07/09/2025 - 21:15:19: [basecommands.smx] "Console<0><Console><Console>" changed cvar (cvar "sv_max_queries_window") (value "10")
L 07/09/2025 - 21:15:19: [basecommands.smx] "Console<0><Console><Console>" changed cvar (cvar "sv_player_stuck_tolerance") (value "5")
L 07/09/2025 - 21:15:19: [basecommands.smx] "Console<0><Console><Console>" changed cvar (cvar "sv_stats") (value "0")
L 07/09/2025 - 21:15:19: [basecommands.smx] "Console<0><Console><Console>" changed cvar (cvar "sv_clockcorrection_msecs") (value "25")
L 07/09/2025 - 21:15:20: [optional/l4d2_saferoom_item_remove.smx] Removed 0 saferoom item(s) (start: 0; end: 0).
L 07/09/2025 - 21:18:09: [basecommands.smx] "紙飛行機<2><STEAM_1:1:590841514><>" changed map to "c1m1_hotel"
L 07/09/2025 - 21:18:12: [SM] Changed map to "c1m1_hotel"
L 07/09/2025 - 21:18:14: -------- Mapchange to c1m1_hotel --------
L 07/09/2025 - 21:18:14: [basecommands.smx] "Console<0><Console><Console>" changed cvar (cvar "confogl_match_execcfg_plugins") (value "generalfixes.cfg;confogl_plugins.cfg;sharedplugins.cfg")
L 07/09/2025 - 21:18:14: [basecommands.smx] "Console<0><Console><Console>" changed cvar (cvar "l4d2_addons_eclipse") (value "0")
L 07/09/2025 - 21:18:14: [basecommands.smx] "Console<0><Console><Console>" changed cvar (cvar "sv_allow_wait_command") (value "0")
L 07/09/2025 - 21:18:14: [basecommands.smx] "Console<0><Console><Console>" changed cvar (cvar "sv_minrate") (value "100000")
L 07/09/2025 - 21:18:14: [basecommands.smx] "Console<0><Console><Console>" changed cvar (cvar "sv_maxrate") (value "100000")
L 07/09/2025 - 21:18:14: [basecommands.smx] "Console<0><Console><Console>" changed cvar (cvar "sv_minupdaterate") (value "100")
L 07/09/2025 - 21:18:14: [basecommands.smx] "Console<0><Console><Console>" changed cvar (cvar "sv_maxupdaterate") (value "100")
L 07/09/2025 - 21:18:14: [basecommands.smx] "Console<0><Console><Console>" changed cvar (cvar "sv_mincmdrate") (value "100")
L 07/09/2025 - 21:18:14: [basecommands.smx] "Console<0><Console><Console>" changed cvar (cvar "sv_maxcmdrate") (value "100")
L 07/09/2025 - 21:18:14: [basecommands.smx] "Console<0><Console><Console>" changed cvar (cvar "sv_client_min_interp_ratio") (value "-1")
L 07/09/2025 - 21:18:14: [basecommands.smx] "Console<0><Console><Console>" changed cvar (cvar "sv_client_max_interp_ratio") (value "0")
L 07/09/2025 - 21:18:14: [basecommands.smx] "Console<0><Console><Console>" changed cvar (cvar "nb_update_frequency") (value "0.014")
L 07/09/2025 - 21:18:14: [basecommands.smx] "Console<0><Console><Console>" changed cvar (cvar "net_splitpacket_maxrate") (value "50000")
L 07/09/2025 - 21:18:14: [basecommands.smx] "Console<0><Console><Console>" changed cvar (cvar "fps_max") (value "0")
L 07/09/2025 - 21:18:14: [basecommands.smx] "Console<0><Console><Console>" changed cvar (cvar "tick_door_speed") (value "1.3")
L 07/09/2025 - 21:18:14: [basecommands.smx] "Console<0><Console><Console>" changed cvar (cvar "mv_maxplayers") (value "30")
L 07/09/2025 - 21:18:14: [basecommands.smx] "Console<0><Console><Console>" changed cvar (cvar "mp_autoteambalance") (value "0")
L 07/09/2025 - 21:18:14: [basecommands.smx] "Console<0><Console><Console>" changed cvar (cvar "sv_unlag_fixstuck") (value "1")
L 07/09/2025 - 21:18:14: [basecommands.smx] "Console<0><Console><Console>" changed cvar (cvar "z_brawl_chance") (value "0")
L 07/09/2025 - 21:18:14: [basecommands.smx] "Console<0><Console><Console>" changed cvar (cvar "sv_maxunlag") (value "1")
L 07/09/2025 - 21:18:14: [basecommands.smx] "Console<0><Console><Console>" changed cvar (cvar "sv_forcepreload") (value "1")
L 07/09/2025 - 21:18:14: [basecommands.smx] "Console<0><Console><Console>" changed cvar (cvar "sv_client_predict") (value "1")
L 07/09/2025 - 21:18:14: [basecommands.smx] "Console<0><Console><Console>" changed cvar (cvar "sv_client_cmdrate_difference") (value "0")
L 07/09/2025 - 21:18:14: [basecommands.smx] "Console<0><Console><Console>" changed cvar (cvar "sv_max_queries_sec_global") (value "10")
L 07/09/2025 - 21:18:14: [basecommands.smx] "Console<0><Console><Console>" changed cvar (cvar "sv_max_queries_sec") (value "3")
L 07/09/2025 - 21:18:14: [basecommands.smx] "Console<0><Console><Console>" changed cvar (cvar "sv_max_queries_window") (value "10")
L 07/09/2025 - 21:18:14: [basecommands.smx] "Console<0><Console><Console>" changed cvar (cvar "sv_player_stuck_tolerance") (value "5")
L 07/09/2025 - 21:18:14: [basecommands.smx] "Console<0><Console><Console>" changed cvar (cvar "sv_stats") (value "0")
L 07/09/2025 - 21:18:14: [basecommands.smx] "Console<0><Console><Console>" changed cvar (cvar "sv_clockcorrection_msecs") (value "25")
L 07/09/2025 - 21:18:16: [optional/l4d2_saferoom_item_remove.smx] Removed 4 saferoom item(s) (start: 4; end: 0).
L 07/09/2025 - 21:20:23: [optional/autopause.smx] [AutoPause] Player STEAM_1:1:590841514 left the game with -3.880004 time until spawn.
L 07/09/2025 - 21:20:38: SourceMod log file session started (file "/root/Steam/steamapps/common/L4D21/left4dead2/addons/sourcemod/logs/L20250709.log") (Version "1.11.0.6964")
L 07/09/2025 - 21:20:38: [l4d2_item_hint.smx] 
==========
Warning: You should install "[L4D & L4D2] Use Priority Patch" to fix attached models blocking +USE action (item hint): https://forums.alliedmods.net/showthread.php?t=327511
==========

L 07/09/2025 - 21:20:40: [basecommands.smx] "Console<0><Console><Console>" changed cvar (cvar "confogl_match_execcfg_plugins") (value "generalfixes.cfg;confogl_plugins.cfg;sharedplugins.cfg")
L 07/09/2025 - 21:20:40: [basecommands.smx] "Console<0><Console><Console>" changed cvar (cvar "l4d2_addons_eclipse") (value "0")
L 07/09/2025 - 21:20:40: [basecommands.smx] "Console<0><Console><Console>" changed cvar (cvar "sv_allow_wait_command") (value "0")
L 07/09/2025 - 21:20:40: [basecommands.smx] "Console<0><Console><Console>" changed cvar (cvar "sv_minrate") (value "100000")
L 07/09/2025 - 21:20:40: [basecommands.smx] "Console<0><Console><Console>" changed cvar (cvar "sv_maxrate") (value "100000")
L 07/09/2025 - 21:20:40: [basecommands.smx] "Console<0><Console><Console>" changed cvar (cvar "sv_minupdaterate") (value "100")
L 07/09/2025 - 21:20:40: [basecommands.smx] "Console<0><Console><Console>" changed cvar (cvar "sv_maxupdaterate") (value "100")
L 07/09/2025 - 21:20:40: [basecommands.smx] "Console<0><Console><Console>" changed cvar (cvar "sv_mincmdrate") (value "100")
L 07/09/2025 - 21:20:40: [basecommands.smx] "Console<0><Console><Console>" changed cvar (cvar "sv_maxcmdrate") (value "100")
L 07/09/2025 - 21:20:40: [basecommands.smx] "Console<0><Console><Console>" changed cvar (cvar "sv_client_min_interp_ratio") (value "-1")
L 07/09/2025 - 21:20:40: [basecommands.smx] "Console<0><Console><Console>" changed cvar (cvar "sv_client_max_interp_ratio") (value "0")
L 07/09/2025 - 21:20:40: [basecommands.smx] "Console<0><Console><Console>" changed cvar (cvar "nb_update_frequency") (value "0.014")
L 07/09/2025 - 21:20:40: [basecommands.smx] "Console<0><Console><Console>" changed cvar (cvar "net_splitpacket_maxrate") (value "50000")
L 07/09/2025 - 21:20:40: [basecommands.smx] "Console<0><Console><Console>" changed cvar (cvar "fps_max") (value "0")
L 07/09/2025 - 21:20:40: [basecommands.smx] "Console<0><Console><Console>" changed cvar (cvar "tick_door_speed") (value "1.3")
L 07/09/2025 - 21:20:40: [basecommands.smx] "Console<0><Console><Console>" changed cvar (cvar "mv_maxplayers") (value "30")
L 07/09/2025 - 21:20:40: [basecommands.smx] "Console<0><Console><Console>" changed cvar (cvar "mp_autoteambalance") (value "0")
L 07/09/2025 - 21:20:40: [basecommands.smx] "Console<0><Console><Console>" changed cvar (cvar "sv_unlag_fixstuck") (value "1")
L 07/09/2025 - 21:20:40: [basecommands.smx] "Console<0><Console><Console>" changed cvar (cvar "z_brawl_chance") (value "0")
L 07/09/2025 - 21:20:40: [basecommands.smx] "Console<0><Console><Console>" changed cvar (cvar "sv_maxunlag") (value "1")
L 07/09/2025 - 21:20:40: [basecommands.smx] "Console<0><Console><Console>" changed cvar (cvar "sv_forcepreload") (value "1")
L 07/09/2025 - 21:20:40: [basecommands.smx] "Console<0><Console><Console>" changed cvar (cvar "sv_client_predict") (value "1")
L 07/09/2025 - 21:20:40: [basecommands.smx] "Console<0><Console><Console>" changed cvar (cvar "sv_client_cmdrate_difference") (value "0")
L 07/09/2025 - 21:20:40: [basecommands.smx] "Console<0><Console><Console>" changed cvar (cvar "sv_max_queries_sec_global") (value "10")
L 07/09/2025 - 21:20:40: [basecommands.smx] "Console<0><Console><Console>" changed cvar (cvar "sv_max_queries_sec") (value "3")
L 07/09/2025 - 21:20:40: [basecommands.smx] "Console<0><Console><Console>" changed cvar (cvar "sv_max_queries_window") (value "10")
L 07/09/2025 - 21:20:40: [basecommands.smx] "Console<0><Console><Console>" changed cvar (cvar "sv_player_stuck_tolerance") (value "5")
L 07/09/2025 - 21:20:40: [basecommands.smx] "Console<0><Console><Console>" changed cvar (cvar "sv_stats") (value "0")
L 07/09/2025 - 21:20:40: [basecommands.smx] "Console<0><Console><Console>" changed cvar (cvar "sv_clockcorrection_msecs") (value "25")
L 07/09/2025 - 21:20:44: -------- Mapchange to c2m1_highway --------
L 07/09/2025 - 21:20:45: [basecommands.smx] "Console<0><Console><Console>" changed cvar (cvar "confogl_match_execcfg_plugins") (value "generalfixes.cfg;confogl_plugins.cfg;sharedplugins.cfg")
L 07/09/2025 - 21:20:45: [basecommands.smx] "Console<0><Console><Console>" changed cvar (cvar "l4d2_addons_eclipse") (value "0")
L 07/09/2025 - 21:20:45: [basecommands.smx] "Console<0><Console><Console>" changed cvar (cvar "sv_allow_wait_command") (value "0")
L 07/09/2025 - 21:20:45: [basecommands.smx] "Console<0><Console><Console>" changed cvar (cvar "sv_minrate") (value "100000")
L 07/09/2025 - 21:20:45: [basecommands.smx] "Console<0><Console><Console>" changed cvar (cvar "sv_maxrate") (value "100000")
L 07/09/2025 - 21:20:45: [basecommands.smx] "Console<0><Console><Console>" changed cvar (cvar "sv_minupdaterate") (value "100")
L 07/09/2025 - 21:20:45: [basecommands.smx] "Console<0><Console><Console>" changed cvar (cvar "sv_maxupdaterate") (value "100")
L 07/09/2025 - 21:20:45: [basecommands.smx] "Console<0><Console><Console>" changed cvar (cvar "sv_mincmdrate") (value "100")
L 07/09/2025 - 21:20:45: [basecommands.smx] "Console<0><Console><Console>" changed cvar (cvar "sv_maxcmdrate") (value "100")
L 07/09/2025 - 21:20:45: [basecommands.smx] "Console<0><Console><Console>" changed cvar (cvar "sv_client_min_interp_ratio") (value "-1")
L 07/09/2025 - 21:20:45: [basecommands.smx] "Console<0><Console><Console>" changed cvar (cvar "sv_client_max_interp_ratio") (value "0")
L 07/09/2025 - 21:20:45: [basecommands.smx] "Console<0><Console><Console>" changed cvar (cvar "nb_update_frequency") (value "0.014")
L 07/09/2025 - 21:20:45: [basecommands.smx] "Console<0><Console><Console>" changed cvar (cvar "net_splitpacket_maxrate") (value "50000")
L 07/09/2025 - 21:20:45: [basecommands.smx] "Console<0><Console><Console>" changed cvar (cvar "fps_max") (value "0")
L 07/09/2025 - 21:20:45: [basecommands.smx] "Console<0><Console><Console>" changed cvar (cvar "tick_door_speed") (value "1.3")
L 07/09/2025 - 21:20:45: [basecommands.smx] "Console<0><Console><Console>" changed cvar (cvar "mv_maxplayers") (value "30")
L 07/09/2025 - 21:20:45: [basecommands.smx] "Console<0><Console><Console>" changed cvar (cvar "mp_autoteambalance") (value "0")
L 07/09/2025 - 21:20:45: [basecommands.smx] "Console<0><Console><Console>" changed cvar (cvar "sv_unlag_fixstuck") (value "1")
L 07/09/2025 - 21:20:45: [basecommands.smx] "Console<0><Console><Console>" changed cvar (cvar "z_brawl_chance") (value "0")
L 07/09/2025 - 21:20:45: [basecommands.smx] "Console<0><Console><Console>" changed cvar (cvar "sv_maxunlag") (value "1")
L 07/09/2025 - 21:20:45: [basecommands.smx] "Console<0><Console><Console>" changed cvar (cvar "sv_forcepreload") (value "1")
L 07/09/2025 - 21:20:45: [basecommands.smx] "Console<0><Console><Console>" changed cvar (cvar "sv_client_predict") (value "1")
L 07/09/2025 - 21:20:45: [basecommands.smx] "Console<0><Console><Console>" changed cvar (cvar "sv_client_cmdrate_difference") (value "0")
L 07/09/2025 - 21:20:45: [basecommands.smx] "Console<0><Console><Console>" changed cvar (cvar "sv_max_queries_sec_global") (value "10")
L 07/09/2025 - 21:20:45: [basecommands.smx] "Console<0><Console><Console>" changed cvar (cvar "sv_max_queries_sec") (value "3")
L 07/09/2025 - 21:20:45: [basecommands.smx] "Console<0><Console><Console>" changed cvar (cvar "sv_max_queries_window") (value "10")
L 07/09/2025 - 21:20:45: [basecommands.smx] "Console<0><Console><Console>" changed cvar (cvar "sv_player_stuck_tolerance") (value "5")
L 07/09/2025 - 21:20:45: [basecommands.smx] "Console<0><Console><Console>" changed cvar (cvar "sv_stats") (value "0")
L 07/09/2025 - 21:20:45: [basecommands.smx] "Console<0><Console><Console>" changed cvar (cvar "sv_clockcorrection_msecs") (value "25")
L 07/09/2025 - 21:20:46: [optional/l4d2_saferoom_item_remove.smx] Removed 0 saferoom item(s) (start: 0; end: 0).
L 07/09/2025 - 21:21:15: [basecommands.smx] "紙飛行機<2><STEAM_1:1:590841514><>" changed map to "c1m1_hotel"
L 07/09/2025 - 21:21:18: [SM] Changed map to "c1m1_hotel"
L 07/09/2025 - 21:21:19: -------- Mapchange to c1m1_hotel --------
L 07/09/2025 - 21:21:20: [basecommands.smx] "Console<0><Console><Console>" changed cvar (cvar "confogl_match_execcfg_plugins") (value "generalfixes.cfg;confogl_plugins.cfg;sharedplugins.cfg")
L 07/09/2025 - 21:21:20: [basecommands.smx] "Console<0><Console><Console>" changed cvar (cvar "l4d2_addons_eclipse") (value "0")
L 07/09/2025 - 21:21:20: [basecommands.smx] "Console<0><Console><Console>" changed cvar (cvar "sv_allow_wait_command") (value "0")
L 07/09/2025 - 21:21:20: [basecommands.smx] "Console<0><Console><Console>" changed cvar (cvar "sv_minrate") (value "100000")
L 07/09/2025 - 21:21:20: [basecommands.smx] "Console<0><Console><Console>" changed cvar (cvar "sv_maxrate") (value "100000")
L 07/09/2025 - 21:21:20: [basecommands.smx] "Console<0><Console><Console>" changed cvar (cvar "sv_minupdaterate") (value "100")
L 07/09/2025 - 21:21:20: [basecommands.smx] "Console<0><Console><Console>" changed cvar (cvar "sv_maxupdaterate") (value "100")
L 07/09/2025 - 21:21:20: [basecommands.smx] "Console<0><Console><Console>" changed cvar (cvar "sv_mincmdrate") (value "100")
L 07/09/2025 - 21:21:20: [basecommands.smx] "Console<0><Console><Console>" changed cvar (cvar "sv_maxcmdrate") (value "100")
L 07/09/2025 - 21:21:20: [basecommands.smx] "Console<0><Console><Console>" changed cvar (cvar "sv_client_min_interp_ratio") (value "-1")
L 07/09/2025 - 21:21:20: [basecommands.smx] "Console<0><Console><Console>" changed cvar (cvar "sv_client_max_interp_ratio") (value "0")
L 07/09/2025 - 21:21:20: [basecommands.smx] "Console<0><Console><Console>" changed cvar (cvar "nb_update_frequency") (value "0.014")
L 07/09/2025 - 21:21:20: [basecommands.smx] "Console<0><Console><Console>" changed cvar (cvar "net_splitpacket_maxrate") (value "50000")
L 07/09/2025 - 21:21:20: [basecommands.smx] "Console<0><Console><Console>" changed cvar (cvar "fps_max") (value "0")
L 07/09/2025 - 21:21:20: [basecommands.smx] "Console<0><Console><Console>" changed cvar (cvar "tick_door_speed") (value "1.3")
L 07/09/2025 - 21:21:20: [basecommands.smx] "Console<0><Console><Console>" changed cvar (cvar "mv_maxplayers") (value "30")
L 07/09/2025 - 21:21:20: [basecommands.smx] "Console<0><Console><Console>" changed cvar (cvar "mp_autoteambalance") (value "0")
L 07/09/2025 - 21:21:20: [basecommands.smx] "Console<0><Console><Console>" changed cvar (cvar "sv_unlag_fixstuck") (value "1")
L 07/09/2025 - 21:21:20: [basecommands.smx] "Console<0><Console><Console>" changed cvar (cvar "z_brawl_chance") (value "0")
L 07/09/2025 - 21:21:20: [basecommands.smx] "Console<0><Console><Console>" changed cvar (cvar "sv_maxunlag") (value "1")
L 07/09/2025 - 21:21:20: [basecommands.smx] "Console<0><Console><Console>" changed cvar (cvar "sv_forcepreload") (value "1")
L 07/09/2025 - 21:21:20: [basecommands.smx] "Console<0><Console><Console>" changed cvar (cvar "sv_client_predict") (value "1")
L 07/09/2025 - 21:21:20: [basecommands.smx] "Console<0><Console><Console>" changed cvar (cvar "sv_client_cmdrate_difference") (value "0")
L 07/09/2025 - 21:21:20: [basecommands.smx] "Console<0><Console><Console>" changed cvar (cvar "sv_max_queries_sec_global") (value "10")
L 07/09/2025 - 21:21:20: [basecommands.smx] "Console<0><Console><Console>" changed cvar (cvar "sv_max_queries_sec") (value "3")
L 07/09/2025 - 21:21:20: [basecommands.smx] "Console<0><Console><Console>" changed cvar (cvar "sv_max_queries_window") (value "10")
L 07/09/2025 - 21:21:20: [basecommands.smx] "Console<0><Console><Console>" changed cvar (cvar "sv_player_stuck_tolerance") (value "5")
L 07/09/2025 - 21:21:20: [basecommands.smx] "Console<0><Console><Console>" changed cvar (cvar "sv_stats") (value "0")
L 07/09/2025 - 21:21:20: [basecommands.smx] "Console<0><Console><Console>" changed cvar (cvar "sv_clockcorrection_msecs") (value "25")
L 07/09/2025 - 21:21:21: [optional/l4d2_saferoom_item_remove.smx] Removed 4 saferoom item(s) (start: 4; end: 0).
L 07/09/2025 - 21:22:21: [optional/autopause.smx] [AutoPause] Player STEAM_1:1:590841514 left the game with -7.290000 time until spawn.
L 07/09/2025 - 21:22:36: SourceMod log file session started (file "/root/Steam/steamapps/common/L4D21/left4dead2/addons/sourcemod/logs/L20250709.log") (Version "1.11.0.6964")
L 07/09/2025 - 21:22:36: [l4d2_item_hint.smx] 
==========
Warning: You should install "[L4D & L4D2] Use Priority Patch" to fix attached models blocking +USE action (item hint): https://forums.alliedmods.net/showthread.php?t=327511
==========

L 07/09/2025 - 21:22:38: [basecommands.smx] "Console<0><Console><Console>" changed cvar (cvar "confogl_match_execcfg_plugins") (value "generalfixes.cfg;confogl_plugins.cfg;sharedplugins.cfg")
L 07/09/2025 - 21:22:38: [basecommands.smx] "Console<0><Console><Console>" changed cvar (cvar "l4d2_addons_eclipse") (value "0")
L 07/09/2025 - 21:22:38: [basecommands.smx] "Console<0><Console><Console>" changed cvar (cvar "sv_allow_wait_command") (value "0")
L 07/09/2025 - 21:22:38: [basecommands.smx] "Console<0><Console><Console>" changed cvar (cvar "sv_minrate") (value "100000")
L 07/09/2025 - 21:22:38: [basecommands.smx] "Console<0><Console><Console>" changed cvar (cvar "sv_maxrate") (value "100000")
L 07/09/2025 - 21:22:38: [basecommands.smx] "Console<0><Console><Console>" changed cvar (cvar "sv_minupdaterate") (value "100")
L 07/09/2025 - 21:22:38: [basecommands.smx] "Console<0><Console><Console>" changed cvar (cvar "sv_maxupdaterate") (value "100")
L 07/09/2025 - 21:22:38: [basecommands.smx] "Console<0><Console><Console>" changed cvar (cvar "sv_mincmdrate") (value "100")
L 07/09/2025 - 21:22:38: [basecommands.smx] "Console<0><Console><Console>" changed cvar (cvar "sv_maxcmdrate") (value "100")
L 07/09/2025 - 21:22:38: [basecommands.smx] "Console<0><Console><Console>" changed cvar (cvar "sv_client_min_interp_ratio") (value "-1")
L 07/09/2025 - 21:22:38: [basecommands.smx] "Console<0><Console><Console>" changed cvar (cvar "sv_client_max_interp_ratio") (value "0")
L 07/09/2025 - 21:22:38: [basecommands.smx] "Console<0><Console><Console>" changed cvar (cvar "nb_update_frequency") (value "0.014")
L 07/09/2025 - 21:22:38: [basecommands.smx] "Console<0><Console><Console>" changed cvar (cvar "net_splitpacket_maxrate") (value "50000")
L 07/09/2025 - 21:22:38: [basecommands.smx] "Console<0><Console><Console>" changed cvar (cvar "fps_max") (value "0")
L 07/09/2025 - 21:22:38: [basecommands.smx] "Console<0><Console><Console>" changed cvar (cvar "tick_door_speed") (value "1.3")
L 07/09/2025 - 21:22:38: [basecommands.smx] "Console<0><Console><Console>" changed cvar (cvar "mv_maxplayers") (value "30")
L 07/09/2025 - 21:22:38: [basecommands.smx] "Console<0><Console><Console>" changed cvar (cvar "mp_autoteambalance") (value "0")
L 07/09/2025 - 21:22:38: [basecommands.smx] "Console<0><Console><Console>" changed cvar (cvar "sv_unlag_fixstuck") (value "1")
L 07/09/2025 - 21:22:38: [basecommands.smx] "Console<0><Console><Console>" changed cvar (cvar "z_brawl_chance") (value "0")
L 07/09/2025 - 21:22:38: [basecommands.smx] "Console<0><Console><Console>" changed cvar (cvar "sv_maxunlag") (value "1")
L 07/09/2025 - 21:22:38: [basecommands.smx] "Console<0><Console><Console>" changed cvar (cvar "sv_forcepreload") (value "1")
L 07/09/2025 - 21:22:38: [basecommands.smx] "Console<0><Console><Console>" changed cvar (cvar "sv_client_predict") (value "1")
L 07/09/2025 - 21:22:38: [basecommands.smx] "Console<0><Console><Console>" changed cvar (cvar "sv_client_cmdrate_difference") (value "0")
L 07/09/2025 - 21:22:38: [basecommands.smx] "Console<0><Console><Console>" changed cvar (cvar "sv_max_queries_sec_global") (value "10")
L 07/09/2025 - 21:22:38: [basecommands.smx] "Console<0><Console><Console>" changed cvar (cvar "sv_max_queries_sec") (value "3")
L 07/09/2025 - 21:22:38: [basecommands.smx] "Console<0><Console><Console>" changed cvar (cvar "sv_max_queries_window") (value "10")
L 07/09/2025 - 21:22:38: [basecommands.smx] "Console<0><Console><Console>" changed cvar (cvar "sv_player_stuck_tolerance") (value "5")
L 07/09/2025 - 21:22:38: [basecommands.smx] "Console<0><Console><Console>" changed cvar (cvar "sv_stats") (value "0")
L 07/09/2025 - 21:22:38: [basecommands.smx] "Console<0><Console><Console>" changed cvar (cvar "sv_clockcorrection_msecs") (value "25")
L 07/09/2025 - 21:22:42: -------- Mapchange to c2m1_highway --------
L 07/09/2025 - 21:22:43: [basecommands.smx] "Console<0><Console><Console>" changed cvar (cvar "confogl_match_execcfg_plugins") (value "generalfixes.cfg;confogl_plugins.cfg;sharedplugins.cfg")
L 07/09/2025 - 21:22:43: [basecommands.smx] "Console<0><Console><Console>" changed cvar (cvar "l4d2_addons_eclipse") (value "0")
L 07/09/2025 - 21:22:43: [basecommands.smx] "Console<0><Console><Console>" changed cvar (cvar "sv_allow_wait_command") (value "0")
L 07/09/2025 - 21:22:43: [basecommands.smx] "Console<0><Console><Console>" changed cvar (cvar "sv_minrate") (value "100000")
L 07/09/2025 - 21:22:43: [basecommands.smx] "Console<0><Console><Console>" changed cvar (cvar "sv_maxrate") (value "100000")
L 07/09/2025 - 21:22:43: [basecommands.smx] "Console<0><Console><Console>" changed cvar (cvar "sv_minupdaterate") (value "100")
L 07/09/2025 - 21:22:43: [basecommands.smx] "Console<0><Console><Console>" changed cvar (cvar "sv_maxupdaterate") (value "100")
L 07/09/2025 - 21:22:43: [basecommands.smx] "Console<0><Console><Console>" changed cvar (cvar "sv_mincmdrate") (value "100")
L 07/09/2025 - 21:22:43: [basecommands.smx] "Console<0><Console><Console>" changed cvar (cvar "sv_maxcmdrate") (value "100")
L 07/09/2025 - 21:22:43: [basecommands.smx] "Console<0><Console><Console>" changed cvar (cvar "sv_client_min_interp_ratio") (value "-1")
L 07/09/2025 - 21:22:43: [basecommands.smx] "Console<0><Console><Console>" changed cvar (cvar "sv_client_max_interp_ratio") (value "0")
L 07/09/2025 - 21:22:43: [basecommands.smx] "Console<0><Console><Console>" changed cvar (cvar "nb_update_frequency") (value "0.014")
L 07/09/2025 - 21:22:43: [basecommands.smx] "Console<0><Console><Console>" changed cvar (cvar "net_splitpacket_maxrate") (value "50000")
L 07/09/2025 - 21:22:43: [basecommands.smx] "Console<0><Console><Console>" changed cvar (cvar "fps_max") (value "0")
L 07/09/2025 - 21:22:43: [basecommands.smx] "Console<0><Console><Console>" changed cvar (cvar "tick_door_speed") (value "1.3")
L 07/09/2025 - 21:22:43: [basecommands.smx] "Console<0><Console><Console>" changed cvar (cvar "mv_maxplayers") (value "30")
L 07/09/2025 - 21:22:43: [basecommands.smx] "Console<0><Console><Console>" changed cvar (cvar "mp_autoteambalance") (value "0")
L 07/09/2025 - 21:22:43: [basecommands.smx] "Console<0><Console><Console>" changed cvar (cvar "sv_unlag_fixstuck") (value "1")
L 07/09/2025 - 21:22:43: [basecommands.smx] "Console<0><Console><Console>" changed cvar (cvar "z_brawl_chance") (value "0")
L 07/09/2025 - 21:22:43: [basecommands.smx] "Console<0><Console><Console>" changed cvar (cvar "sv_maxunlag") (value "1")
L 07/09/2025 - 21:22:43: [basecommands.smx] "Console<0><Console><Console>" changed cvar (cvar "sv_forcepreload") (value "1")
L 07/09/2025 - 21:22:43: [basecommands.smx] "Console<0><Console><Console>" changed cvar (cvar "sv_client_predict") (value "1")
L 07/09/2025 - 21:22:43: [basecommands.smx] "Console<0><Console><Console>" changed cvar (cvar "sv_client_cmdrate_difference") (value "0")
L 07/09/2025 - 21:22:43: [basecommands.smx] "Console<0><Console><Console>" changed cvar (cvar "sv_max_queries_sec_global") (value "10")
L 07/09/2025 - 21:22:43: [basecommands.smx] "Console<0><Console><Console>" changed cvar (cvar "sv_max_queries_sec") (value "3")
L 07/09/2025 - 21:22:43: [basecommands.smx] "Console<0><Console><Console>" changed cvar (cvar "sv_max_queries_window") (value "10")
L 07/09/2025 - 21:22:43: [basecommands.smx] "Console<0><Console><Console>" changed cvar (cvar "sv_player_stuck_tolerance") (value "5")
L 07/09/2025 - 21:22:43: [basecommands.smx] "Console<0><Console><Console>" changed cvar (cvar "sv_stats") (value "0")
L 07/09/2025 - 21:22:43: [basecommands.smx] "Console<0><Console><Console>" changed cvar (cvar "sv_clockcorrection_msecs") (value "25")
L 07/09/2025 - 21:22:44: [optional/l4d2_saferoom_item_remove.smx] Removed 0 saferoom item(s) (start: 0; end: 0).
L 07/09/2025 - 21:45:04: [basecommands.smx] "紙飛行機<2><STEAM_1:1:590841514><>" changed map to "c1m1_hotel"
L 07/09/2025 - 21:45:08: [SM] Changed map to "c1m1_hotel"
L 07/09/2025 - 21:45:08: -------- Mapchange to c1m1_hotel --------
L 07/09/2025 - 21:45:09: [basecommands.smx] "Console<0><Console><Console>" changed cvar (cvar "confogl_match_execcfg_plugins") (value "generalfixes.cfg;confogl_plugins.cfg;sharedplugins.cfg")
L 07/09/2025 - 21:45:09: [basecommands.smx] "Console<0><Console><Console>" changed cvar (cvar "l4d2_addons_eclipse") (value "0")
L 07/09/2025 - 21:45:09: [basecommands.smx] "Console<0><Console><Console>" changed cvar (cvar "sv_allow_wait_command") (value "0")
L 07/09/2025 - 21:45:09: [basecommands.smx] "Console<0><Console><Console>" changed cvar (cvar "sv_minrate") (value "100000")
L 07/09/2025 - 21:45:09: [basecommands.smx] "Console<0><Console><Console>" changed cvar (cvar "sv_maxrate") (value "100000")
L 07/09/2025 - 21:45:09: [basecommands.smx] "Console<0><Console><Console>" changed cvar (cvar "sv_minupdaterate") (value "100")
L 07/09/2025 - 21:45:09: [basecommands.smx] "Console<0><Console><Console>" changed cvar (cvar "sv_maxupdaterate") (value "100")
L 07/09/2025 - 21:45:09: [basecommands.smx] "Console<0><Console><Console>" changed cvar (cvar "sv_mincmdrate") (value "100")
L 07/09/2025 - 21:45:09: [basecommands.smx] "Console<0><Console><Console>" changed cvar (cvar "sv_maxcmdrate") (value "100")
L 07/09/2025 - 21:45:09: [basecommands.smx] "Console<0><Console><Console>" changed cvar (cvar "sv_client_min_interp_ratio") (value "-1")
L 07/09/2025 - 21:45:09: [basecommands.smx] "Console<0><Console><Console>" changed cvar (cvar "sv_client_max_interp_ratio") (value "0")
L 07/09/2025 - 21:45:09: [basecommands.smx] "Console<0><Console><Console>" changed cvar (cvar "nb_update_frequency") (value "0.014")
L 07/09/2025 - 21:45:09: [basecommands.smx] "Console<0><Console><Console>" changed cvar (cvar "net_splitpacket_maxrate") (value "50000")
L 07/09/2025 - 21:45:09: [basecommands.smx] "Console<0><Console><Console>" changed cvar (cvar "fps_max") (value "0")
L 07/09/2025 - 21:45:09: [basecommands.smx] "Console<0><Console><Console>" changed cvar (cvar "tick_door_speed") (value "1.3")
L 07/09/2025 - 21:45:09: [basecommands.smx] "Console<0><Console><Console>" changed cvar (cvar "mv_maxplayers") (value "30")
L 07/09/2025 - 21:45:09: [basecommands.smx] "Console<0><Console><Console>" changed cvar (cvar "mp_autoteambalance") (value "0")
L 07/09/2025 - 21:45:09: [basecommands.smx] "Console<0><Console><Console>" changed cvar (cvar "sv_unlag_fixstuck") (value "1")
L 07/09/2025 - 21:45:09: [basecommands.smx] "Console<0><Console><Console>" changed cvar (cvar "z_brawl_chance") (value "0")
L 07/09/2025 - 21:45:09: [basecommands.smx] "Console<0><Console><Console>" changed cvar (cvar "sv_maxunlag") (value "1")
L 07/09/2025 - 21:45:09: [basecommands.smx] "Console<0><Console><Console>" changed cvar (cvar "sv_forcepreload") (value "1")
L 07/09/2025 - 21:45:09: [basecommands.smx] "Console<0><Console><Console>" changed cvar (cvar "sv_client_predict") (value "1")
L 07/09/2025 - 21:45:09: [basecommands.smx] "Console<0><Console><Console>" changed cvar (cvar "sv_client_cmdrate_difference") (value "0")
L 07/09/2025 - 21:45:09: [basecommands.smx] "Console<0><Console><Console>" changed cvar (cvar "sv_max_queries_sec_global") (value "10")
L 07/09/2025 - 21:45:09: [basecommands.smx] "Console<0><Console><Console>" changed cvar (cvar "sv_max_queries_sec") (value "3")
L 07/09/2025 - 21:45:09: [basecommands.smx] "Console<0><Console><Console>" changed cvar (cvar "sv_max_queries_window") (value "10")
L 07/09/2025 - 21:45:09: [basecommands.smx] "Console<0><Console><Console>" changed cvar (cvar "sv_player_stuck_tolerance") (value "5")
L 07/09/2025 - 21:45:09: [basecommands.smx] "Console<0><Console><Console>" changed cvar (cvar "sv_stats") (value "0")
L 07/09/2025 - 21:45:09: [basecommands.smx] "Console<0><Console><Console>" changed cvar (cvar "sv_clockcorrection_msecs") (value "25")
L 07/09/2025 - 21:45:10: [optional/l4d2_saferoom_item_remove.smx] Removed 4 saferoom item(s) (start: 4; end: 0).
L 07/09/2025 - 21:48:18: [optional/autopause.smx] [AutoPause] Player STEAM_1:1:590841514 left the game with -190.440002 time until spawn.
L 07/09/2025 - 21:48:34: SourceMod log file session started (file "/root/Steam/steamapps/common/L4D21/left4dead2/addons/sourcemod/logs/L20250709.log") (Version "1.11.0.6964")
L 07/09/2025 - 21:48:34: [basecommands.smx] "Console<0><Console><Console>" changed cvar (cvar "confogl_match_execcfg_plugins") (value "generalfixes.cfg;confogl_plugins.cfg;sharedplugins.cfg")
L 07/09/2025 - 21:48:34: [basecommands.smx] "Console<0><Console><Console>" changed cvar (cvar "l4d2_addons_eclipse") (value "0")
L 07/09/2025 - 21:48:34: [basecommands.smx] "Console<0><Console><Console>" changed cvar (cvar "sv_allow_wait_command") (value "0")
L 07/09/2025 - 21:48:34: [basecommands.smx] "Console<0><Console><Console>" changed cvar (cvar "sv_minrate") (value "100000")
L 07/09/2025 - 21:48:34: [basecommands.smx] "Console<0><Console><Console>" changed cvar (cvar "sv_maxrate") (value "100000")
L 07/09/2025 - 21:48:34: [basecommands.smx] "Console<0><Console><Console>" changed cvar (cvar "sv_minupdaterate") (value "100")
L 07/09/2025 - 21:48:34: [basecommands.smx] "Console<0><Console><Console>" changed cvar (cvar "sv_maxupdaterate") (value "100")
L 07/09/2025 - 21:48:34: [basecommands.smx] "Console<0><Console><Console>" changed cvar (cvar "sv_mincmdrate") (value "100")
L 07/09/2025 - 21:48:34: [basecommands.smx] "Console<0><Console><Console>" changed cvar (cvar "sv_maxcmdrate") (value "100")
L 07/09/2025 - 21:48:34: [basecommands.smx] "Console<0><Console><Console>" changed cvar (cvar "sv_client_min_interp_ratio") (value "-1")
L 07/09/2025 - 21:48:34: [basecommands.smx] "Console<0><Console><Console>" changed cvar (cvar "sv_client_max_interp_ratio") (value "0")
L 07/09/2025 - 21:48:34: [basecommands.smx] "Console<0><Console><Console>" changed cvar (cvar "nb_update_frequency") (value "0.014")
L 07/09/2025 - 21:48:34: [basecommands.smx] "Console<0><Console><Console>" changed cvar (cvar "net_splitpacket_maxrate") (value "50000")
L 07/09/2025 - 21:48:34: [basecommands.smx] "Console<0><Console><Console>" changed cvar (cvar "fps_max") (value "0")
L 07/09/2025 - 21:48:34: [basecommands.smx] "Console<0><Console><Console>" changed cvar (cvar "tick_door_speed") (value "1.3")
L 07/09/2025 - 21:48:34: [basecommands.smx] "Console<0><Console><Console>" changed cvar (cvar "mv_maxplayers") (value "30")
L 07/09/2025 - 21:48:34: [basecommands.smx] "Console<0><Console><Console>" changed cvar (cvar "mp_autoteambalance") (value "0")
L 07/09/2025 - 21:48:34: [basecommands.smx] "Console<0><Console><Console>" changed cvar (cvar "sv_unlag_fixstuck") (value "1")
L 07/09/2025 - 21:48:34: [basecommands.smx] "Console<0><Console><Console>" changed cvar (cvar "z_brawl_chance") (value "0")
L 07/09/2025 - 21:48:34: [basecommands.smx] "Console<0><Console><Console>" changed cvar (cvar "sv_maxunlag") (value "1")
L 07/09/2025 - 21:48:34: [basecommands.smx] "Console<0><Console><Console>" changed cvar (cvar "sv_forcepreload") (value "1")
L 07/09/2025 - 21:48:34: [basecommands.smx] "Console<0><Console><Console>" changed cvar (cvar "sv_client_predict") (value "1")
L 07/09/2025 - 21:48:34: [basecommands.smx] "Console<0><Console><Console>" changed cvar (cvar "sv_client_cmdrate_difference") (value "0")
L 07/09/2025 - 21:48:34: [basecommands.smx] "Console<0><Console><Console>" changed cvar (cvar "sv_max_queries_sec_global") (value "10")
L 07/09/2025 - 21:48:34: [basecommands.smx] "Console<0><Console><Console>" changed cvar (cvar "sv_max_queries_sec") (value "3")
L 07/09/2025 - 21:48:34: [basecommands.smx] "Console<0><Console><Console>" changed cvar (cvar "sv_max_queries_window") (value "10")
L 07/09/2025 - 21:48:34: [basecommands.smx] "Console<0><Console><Console>" changed cvar (cvar "sv_player_stuck_tolerance") (value "5")
L 07/09/2025 - 21:48:34: [basecommands.smx] "Console<0><Console><Console>" changed cvar (cvar "sv_stats") (value "0")
L 07/09/2025 - 21:48:34: [basecommands.smx] "Console<0><Console><Console>" changed cvar (cvar "sv_clockcorrection_msecs") (value "25")
L 07/09/2025 - 21:48:35: [optional/l4d2_item_hint.smx] 
==========
Warning: You should install "[L4D & L4D2] Use Priority Patch" to fix attached models blocking +USE action (item hint): https://forums.alliedmods.net/showthread.php?t=327511
==========

L 07/09/2025 - 21:48:38: -------- Mapchange to c2m1_highway --------
L 07/09/2025 - 21:48:39: [basecommands.smx] "Console<0><Console><Console>" changed cvar (cvar "confogl_match_execcfg_plugins") (value "generalfixes.cfg;confogl_plugins.cfg;sharedplugins.cfg")
L 07/09/2025 - 21:48:39: [basecommands.smx] "Console<0><Console><Console>" changed cvar (cvar "l4d2_addons_eclipse") (value "0")
L 07/09/2025 - 21:48:39: [basecommands.smx] "Console<0><Console><Console>" changed cvar (cvar "sv_allow_wait_command") (value "0")
L 07/09/2025 - 21:48:39: [basecommands.smx] "Console<0><Console><Console>" changed cvar (cvar "sv_minrate") (value "100000")
L 07/09/2025 - 21:48:39: [basecommands.smx] "Console<0><Console><Console>" changed cvar (cvar "sv_maxrate") (value "100000")
L 07/09/2025 - 21:48:39: [basecommands.smx] "Console<0><Console><Console>" changed cvar (cvar "sv_minupdaterate") (value "100")
L 07/09/2025 - 21:48:39: [basecommands.smx] "Console<0><Console><Console>" changed cvar (cvar "sv_maxupdaterate") (value "100")
L 07/09/2025 - 21:48:39: [basecommands.smx] "Console<0><Console><Console>" changed cvar (cvar "sv_mincmdrate") (value "100")
L 07/09/2025 - 21:48:39: [basecommands.smx] "Console<0><Console><Console>" changed cvar (cvar "sv_maxcmdrate") (value "100")
L 07/09/2025 - 21:48:39: [basecommands.smx] "Console<0><Console><Console>" changed cvar (cvar "sv_client_min_interp_ratio") (value "-1")
L 07/09/2025 - 21:48:39: [basecommands.smx] "Console<0><Console><Console>" changed cvar (cvar "sv_client_max_interp_ratio") (value "0")
L 07/09/2025 - 21:48:39: [basecommands.smx] "Console<0><Console><Console>" changed cvar (cvar "nb_update_frequency") (value "0.014")
L 07/09/2025 - 21:48:39: [basecommands.smx] "Console<0><Console><Console>" changed cvar (cvar "net_splitpacket_maxrate") (value "50000")
L 07/09/2025 - 21:48:39: [basecommands.smx] "Console<0><Console><Console>" changed cvar (cvar "fps_max") (value "0")
L 07/09/2025 - 21:48:39: [basecommands.smx] "Console<0><Console><Console>" changed cvar (cvar "tick_door_speed") (value "1.3")
L 07/09/2025 - 21:48:39: [basecommands.smx] "Console<0><Console><Console>" changed cvar (cvar "mv_maxplayers") (value "30")
L 07/09/2025 - 21:48:39: [basecommands.smx] "Console<0><Console><Console>" changed cvar (cvar "mp_autoteambalance") (value "0")
L 07/09/2025 - 21:48:39: [basecommands.smx] "Console<0><Console><Console>" changed cvar (cvar "sv_unlag_fixstuck") (value "1")
L 07/09/2025 - 21:48:39: [basecommands.smx] "Console<0><Console><Console>" changed cvar (cvar "z_brawl_chance") (value "0")
L 07/09/2025 - 21:48:39: [basecommands.smx] "Console<0><Console><Console>" changed cvar (cvar "sv_maxunlag") (value "1")
L 07/09/2025 - 21:48:39: [basecommands.smx] "Console<0><Console><Console>" changed cvar (cvar "sv_forcepreload") (value "1")
L 07/09/2025 - 21:48:39: [basecommands.smx] "Console<0><Console><Console>" changed cvar (cvar "sv_client_predict") (value "1")
L 07/09/2025 - 21:48:39: [basecommands.smx] "Console<0><Console><Console>" changed cvar (cvar "sv_client_cmdrate_difference") (value "0")
L 07/09/2025 - 21:48:39: [basecommands.smx] "Console<0><Console><Console>" changed cvar (cvar "sv_max_queries_sec_global") (value "10")
L 07/09/2025 - 21:48:39: [basecommands.smx] "Console<0><Console><Console>" changed cvar (cvar "sv_max_queries_sec") (value "3")
L 07/09/2025 - 21:48:39: [basecommands.smx] "Console<0><Console><Console>" changed cvar (cvar "sv_max_queries_window") (value "10")
L 07/09/2025 - 21:48:39: [basecommands.smx] "Console<0><Console><Console>" changed cvar (cvar "sv_player_stuck_tolerance") (value "5")
L 07/09/2025 - 21:48:39: [basecommands.smx] "Console<0><Console><Console>" changed cvar (cvar "sv_stats") (value "0")
L 07/09/2025 - 21:48:39: [basecommands.smx] "Console<0><Console><Console>" changed cvar (cvar "sv_clockcorrection_msecs") (value "25")
L 07/09/2025 - 21:48:40: [optional/l4d2_saferoom_item_remove.smx] Removed 0 saferoom item(s) (start: 0; end: 0).
L 07/09/2025 - 21:51:48: [optional/autopause.smx] [AutoPause] Player STEAM_1:1:590841514 left the game with -38.450000 time until spawn.
L 07/09/2025 - 21:52:04: SourceMod log file session started (file "/root/Steam/steamapps/common/L4D21/left4dead2/addons/sourcemod/logs/L20250709.log") (Version "1.11.0.6964")
L 07/09/2025 - 21:52:04: [basecommands.smx] "Console<0><Console><Console>" changed cvar (cvar "confogl_match_execcfg_plugins") (value "generalfixes.cfg;confogl_plugins.cfg;sharedplugins.cfg")
L 07/09/2025 - 21:52:04: [basecommands.smx] "Console<0><Console><Console>" changed cvar (cvar "l4d2_addons_eclipse") (value "0")
L 07/09/2025 - 21:52:04: [basecommands.smx] "Console<0><Console><Console>" changed cvar (cvar "sv_allow_wait_command") (value "0")
L 07/09/2025 - 21:52:04: [basecommands.smx] "Console<0><Console><Console>" changed cvar (cvar "sv_minrate") (value "100000")
L 07/09/2025 - 21:52:04: [basecommands.smx] "Console<0><Console><Console>" changed cvar (cvar "sv_maxrate") (value "100000")
L 07/09/2025 - 21:52:04: [basecommands.smx] "Console<0><Console><Console>" changed cvar (cvar "sv_minupdaterate") (value "100")
L 07/09/2025 - 21:52:04: [basecommands.smx] "Console<0><Console><Console>" changed cvar (cvar "sv_maxupdaterate") (value "100")
L 07/09/2025 - 21:52:04: [basecommands.smx] "Console<0><Console><Console>" changed cvar (cvar "sv_mincmdrate") (value "100")
L 07/09/2025 - 21:52:04: [basecommands.smx] "Console<0><Console><Console>" changed cvar (cvar "sv_maxcmdrate") (value "100")
L 07/09/2025 - 21:52:04: [basecommands.smx] "Console<0><Console><Console>" changed cvar (cvar "sv_client_min_interp_ratio") (value "-1")
L 07/09/2025 - 21:52:04: [basecommands.smx] "Console<0><Console><Console>" changed cvar (cvar "sv_client_max_interp_ratio") (value "0")
L 07/09/2025 - 21:52:04: [basecommands.smx] "Console<0><Console><Console>" changed cvar (cvar "nb_update_frequency") (value "0.014")
L 07/09/2025 - 21:52:04: [basecommands.smx] "Console<0><Console><Console>" changed cvar (cvar "net_splitpacket_maxrate") (value "50000")
L 07/09/2025 - 21:52:04: [basecommands.smx] "Console<0><Console><Console>" changed cvar (cvar "fps_max") (value "0")
L 07/09/2025 - 21:52:04: [basecommands.smx] "Console<0><Console><Console>" changed cvar (cvar "tick_door_speed") (value "1.3")
L 07/09/2025 - 21:52:04: [basecommands.smx] "Console<0><Console><Console>" changed cvar (cvar "mv_maxplayers") (value "30")
L 07/09/2025 - 21:52:04: [basecommands.smx] "Console<0><Console><Console>" changed cvar (cvar "mp_autoteambalance") (value "0")
L 07/09/2025 - 21:52:04: [basecommands.smx] "Console<0><Console><Console>" changed cvar (cvar "sv_unlag_fixstuck") (value "1")
L 07/09/2025 - 21:52:04: [basecommands.smx] "Console<0><Console><Console>" changed cvar (cvar "z_brawl_chance") (value "0")
L 07/09/2025 - 21:52:04: [basecommands.smx] "Console<0><Console><Console>" changed cvar (cvar "sv_maxunlag") (value "1")
L 07/09/2025 - 21:52:04: [basecommands.smx] "Console<0><Console><Console>" changed cvar (cvar "sv_forcepreload") (value "1")
L 07/09/2025 - 21:52:04: [basecommands.smx] "Console<0><Console><Console>" changed cvar (cvar "sv_client_predict") (value "1")
L 07/09/2025 - 21:52:04: [basecommands.smx] "Console<0><Console><Console>" changed cvar (cvar "sv_client_cmdrate_difference") (value "0")
L 07/09/2025 - 21:52:04: [basecommands.smx] "Console<0><Console><Console>" changed cvar (cvar "sv_max_queries_sec_global") (value "10")
L 07/09/2025 - 21:52:04: [basecommands.smx] "Console<0><Console><Console>" changed cvar (cvar "sv_max_queries_sec") (value "3")
L 07/09/2025 - 21:52:04: [basecommands.smx] "Console<0><Console><Console>" changed cvar (cvar "sv_max_queries_window") (value "10")
L 07/09/2025 - 21:52:04: [basecommands.smx] "Console<0><Console><Console>" changed cvar (cvar "sv_player_stuck_tolerance") (value "5")
L 07/09/2025 - 21:52:04: [basecommands.smx] "Console<0><Console><Console>" changed cvar (cvar "sv_stats") (value "0")
L 07/09/2025 - 21:52:04: [basecommands.smx] "Console<0><Console><Console>" changed cvar (cvar "sv_clockcorrection_msecs") (value "25")
L 07/09/2025 - 21:52:05: [optional/l4d2_item_hint.smx] 
==========
Warning: You should install "[L4D & L4D2] Use Priority Patch" to fix attached models blocking +USE action (item hint): https://forums.alliedmods.net/showthread.php?t=327511
==========

L 07/09/2025 - 21:52:08: -------- Mapchange to c2m1_highway --------
L 07/09/2025 - 21:52:09: [basecommands.smx] "Console<0><Console><Console>" changed cvar (cvar "confogl_match_execcfg_plugins") (value "generalfixes.cfg;confogl_plugins.cfg;sharedplugins.cfg")
L 07/09/2025 - 21:52:09: [basecommands.smx] "Console<0><Console><Console>" changed cvar (cvar "l4d2_addons_eclipse") (value "0")
L 07/09/2025 - 21:52:09: [basecommands.smx] "Console<0><Console><Console>" changed cvar (cvar "sv_allow_wait_command") (value "0")
L 07/09/2025 - 21:52:09: [basecommands.smx] "Console<0><Console><Console>" changed cvar (cvar "sv_minrate") (value "100000")
L 07/09/2025 - 21:52:09: [basecommands.smx] "Console<0><Console><Console>" changed cvar (cvar "sv_maxrate") (value "100000")
L 07/09/2025 - 21:52:09: [basecommands.smx] "Console<0><Console><Console>" changed cvar (cvar "sv_minupdaterate") (value "100")
L 07/09/2025 - 21:52:09: [basecommands.smx] "Console<0><Console><Console>" changed cvar (cvar "sv_maxupdaterate") (value "100")
L 07/09/2025 - 21:52:09: [basecommands.smx] "Console<0><Console><Console>" changed cvar (cvar "sv_mincmdrate") (value "100")
L 07/09/2025 - 21:52:09: [basecommands.smx] "Console<0><Console><Console>" changed cvar (cvar "sv_maxcmdrate") (value "100")
L 07/09/2025 - 21:52:09: [basecommands.smx] "Console<0><Console><Console>" changed cvar (cvar "sv_client_min_interp_ratio") (value "-1")
L 07/09/2025 - 21:52:09: [basecommands.smx] "Console<0><Console><Console>" changed cvar (cvar "sv_client_max_interp_ratio") (value "0")
L 07/09/2025 - 21:52:09: [basecommands.smx] "Console<0><Console><Console>" changed cvar (cvar "nb_update_frequency") (value "0.014")
L 07/09/2025 - 21:52:09: [basecommands.smx] "Console<0><Console><Console>" changed cvar (cvar "net_splitpacket_maxrate") (value "50000")
L 07/09/2025 - 21:52:09: [basecommands.smx] "Console<0><Console><Console>" changed cvar (cvar "fps_max") (value "0")
L 07/09/2025 - 21:52:09: [basecommands.smx] "Console<0><Console><Console>" changed cvar (cvar "tick_door_speed") (value "1.3")
L 07/09/2025 - 21:52:09: [basecommands.smx] "Console<0><Console><Console>" changed cvar (cvar "mv_maxplayers") (value "30")
L 07/09/2025 - 21:52:09: [basecommands.smx] "Console<0><Console><Console>" changed cvar (cvar "mp_autoteambalance") (value "0")
L 07/09/2025 - 21:52:09: [basecommands.smx] "Console<0><Console><Console>" changed cvar (cvar "sv_unlag_fixstuck") (value "1")
L 07/09/2025 - 21:52:09: [basecommands.smx] "Console<0><Console><Console>" changed cvar (cvar "z_brawl_chance") (value "0")
L 07/09/2025 - 21:52:09: [basecommands.smx] "Console<0><Console><Console>" changed cvar (cvar "sv_maxunlag") (value "1")
L 07/09/2025 - 21:52:09: [basecommands.smx] "Console<0><Console><Console>" changed cvar (cvar "sv_forcepreload") (value "1")
L 07/09/2025 - 21:52:09: [basecommands.smx] "Console<0><Console><Console>" changed cvar (cvar "sv_client_predict") (value "1")
L 07/09/2025 - 21:52:09: [basecommands.smx] "Console<0><Console><Console>" changed cvar (cvar "sv_client_cmdrate_difference") (value "0")
L 07/09/2025 - 21:52:09: [basecommands.smx] "Console<0><Console><Console>" changed cvar (cvar "sv_max_queries_sec_global") (value "10")
L 07/09/2025 - 21:52:09: [basecommands.smx] "Console<0><Console><Console>" changed cvar (cvar "sv_max_queries_sec") (value "3")
L 07/09/2025 - 21:52:09: [basecommands.smx] "Console<0><Console><Console>" changed cvar (cvar "sv_max_queries_window") (value "10")
L 07/09/2025 - 21:52:09: [basecommands.smx] "Console<0><Console><Console>" changed cvar (cvar "sv_player_stuck_tolerance") (value "5")
L 07/09/2025 - 21:52:09: [basecommands.smx] "Console<0><Console><Console>" changed cvar (cvar "sv_stats") (value "0")
L 07/09/2025 - 21:52:09: [basecommands.smx] "Console<0><Console><Console>" changed cvar (cvar "sv_clockcorrection_msecs") (value "25")
L 07/09/2025 - 21:52:11: [optional/l4d2_saferoom_item_remove.smx] Removed 0 saferoom item(s) (start: 0; end: 0).
L 07/09/2025 - 21:55:06: SourceMod log file session started (file "/root/Steam/steamapps/common/L4D21/left4dead2/addons/sourcemod/logs/L20250709.log") (Version "1.12.0.7195")
L 07/09/2025 - 21:55:06: [basecommands.smx] "Console<0><Console><Console>" changed cvar (cvar "confogl_match_execcfg_plugins") (value "generalfixes.cfg;confogl_plugins.cfg;sharedplugins.cfg")
L 07/09/2025 - 21:55:06: [basecommands.smx] "Console<0><Console><Console>" changed cvar (cvar "l4d2_addons_eclipse") (value "0")
L 07/09/2025 - 21:55:06: [basecommands.smx] "Console<0><Console><Console>" changed cvar (cvar "sv_allow_wait_command") (value "0")
L 07/09/2025 - 21:55:06: [basecommands.smx] "Console<0><Console><Console>" changed cvar (cvar "sv_minrate") (value "100000")
L 07/09/2025 - 21:55:06: [basecommands.smx] "Console<0><Console><Console>" changed cvar (cvar "sv_maxrate") (value "100000")
L 07/09/2025 - 21:55:06: [basecommands.smx] "Console<0><Console><Console>" changed cvar (cvar "sv_minupdaterate") (value "100")
L 07/09/2025 - 21:55:06: [basecommands.smx] "Console<0><Console><Console>" changed cvar (cvar "sv_maxupdaterate") (value "100")
L 07/09/2025 - 21:55:06: [basecommands.smx] "Console<0><Console><Console>" changed cvar (cvar "sv_mincmdrate") (value "100")
L 07/09/2025 - 21:55:06: [basecommands.smx] "Console<0><Console><Console>" changed cvar (cvar "sv_maxcmdrate") (value "100")
L 07/09/2025 - 21:55:06: [basecommands.smx] "Console<0><Console><Console>" changed cvar (cvar "sv_client_min_interp_ratio") (value "-1")
L 07/09/2025 - 21:55:06: [basecommands.smx] "Console<0><Console><Console>" changed cvar (cvar "sv_client_max_interp_ratio") (value "0")
L 07/09/2025 - 21:55:06: [basecommands.smx] "Console<0><Console><Console>" changed cvar (cvar "nb_update_frequency") (value "0.014")
L 07/09/2025 - 21:55:06: [basecommands.smx] "Console<0><Console><Console>" changed cvar (cvar "net_splitpacket_maxrate") (value "50000")
L 07/09/2025 - 21:55:06: [basecommands.smx] "Console<0><Console><Console>" changed cvar (cvar "fps_max") (value "0")
L 07/09/2025 - 21:55:06: [basecommands.smx] "Console<0><Console><Console>" changed cvar (cvar "tick_door_speed") (value "1.3")
L 07/09/2025 - 21:55:06: [basecommands.smx] "Console<0><Console><Console>" changed cvar (cvar "mv_maxplayers") (value "30")
L 07/09/2025 - 21:55:06: [basecommands.smx] "Console<0><Console><Console>" changed cvar (cvar "mp_autoteambalance") (value "0")
L 07/09/2025 - 21:55:06: [basecommands.smx] "Console<0><Console><Console>" changed cvar (cvar "sv_unlag_fixstuck") (value "1")
L 07/09/2025 - 21:55:06: [basecommands.smx] "Console<0><Console><Console>" changed cvar (cvar "z_brawl_chance") (value "0")
L 07/09/2025 - 21:55:06: [basecommands.smx] "Console<0><Console><Console>" changed cvar (cvar "sv_maxunlag") (value "1")
L 07/09/2025 - 21:55:06: [basecommands.smx] "Console<0><Console><Console>" changed cvar (cvar "sv_forcepreload") (value "1")
L 07/09/2025 - 21:55:06: [basecommands.smx] "Console<0><Console><Console>" changed cvar (cvar "sv_client_predict") (value "1")
L 07/09/2025 - 21:55:06: [basecommands.smx] "Console<0><Console><Console>" changed cvar (cvar "sv_client_cmdrate_difference") (value "0")
L 07/09/2025 - 21:55:06: [basecommands.smx] "Console<0><Console><Console>" changed cvar (cvar "sv_max_queries_sec_global") (value "10")
L 07/09/2025 - 21:55:06: [basecommands.smx] "Console<0><Console><Console>" changed cvar (cvar "sv_max_queries_sec") (value "3")
L 07/09/2025 - 21:55:06: [basecommands.smx] "Console<0><Console><Console>" changed cvar (cvar "sv_max_queries_window") (value "10")
L 07/09/2025 - 21:55:06: [basecommands.smx] "Console<0><Console><Console>" changed cvar (cvar "sv_player_stuck_tolerance") (value "5")
L 07/09/2025 - 21:55:06: [basecommands.smx] "Console<0><Console><Console>" changed cvar (cvar "sv_stats") (value "0")
L 07/09/2025 - 21:55:06: [basecommands.smx] "Console<0><Console><Console>" changed cvar (cvar "sv_clockcorrection_msecs") (value "25")
L 07/09/2025 - 21:55:07: [optional/l4d2_item_hint.smx] 
==========
Warning: You should install "[L4D & L4D2] Use Priority Patch" to fix attached models blocking +USE action (item hint): https://forums.alliedmods.net/showthread.php?t=327511
==========

L 07/09/2025 - 21:55:10: -------- Mapchange to c2m1_highway --------
L 07/09/2025 - 21:55:12: [basecommands.smx] "Console<0><Console><Console>" changed cvar (cvar "confogl_match_execcfg_plugins") (value "generalfixes.cfg;confogl_plugins.cfg;sharedplugins.cfg")
L 07/09/2025 - 21:55:12: [basecommands.smx] "Console<0><Console><Console>" changed cvar (cvar "l4d2_addons_eclipse") (value "0")
L 07/09/2025 - 21:55:12: [basecommands.smx] "Console<0><Console><Console>" changed cvar (cvar "sv_allow_wait_command") (value "0")
L 07/09/2025 - 21:55:12: [basecommands.smx] "Console<0><Console><Console>" changed cvar (cvar "sv_minrate") (value "100000")
L 07/09/2025 - 21:55:12: [basecommands.smx] "Console<0><Console><Console>" changed cvar (cvar "sv_maxrate") (value "100000")
L 07/09/2025 - 21:55:12: [basecommands.smx] "Console<0><Console><Console>" changed cvar (cvar "sv_minupdaterate") (value "100")
L 07/09/2025 - 21:55:12: [basecommands.smx] "Console<0><Console><Console>" changed cvar (cvar "sv_maxupdaterate") (value "100")
L 07/09/2025 - 21:55:12: [basecommands.smx] "Console<0><Console><Console>" changed cvar (cvar "sv_mincmdrate") (value "100")
L 07/09/2025 - 21:55:12: [basecommands.smx] "Console<0><Console><Console>" changed cvar (cvar "sv_maxcmdrate") (value "100")
L 07/09/2025 - 21:55:12: [basecommands.smx] "Console<0><Console><Console>" changed cvar (cvar "sv_client_min_interp_ratio") (value "-1")
L 07/09/2025 - 21:55:12: [basecommands.smx] "Console<0><Console><Console>" changed cvar (cvar "sv_client_max_interp_ratio") (value "0")
L 07/09/2025 - 21:55:12: [basecommands.smx] "Console<0><Console><Console>" changed cvar (cvar "nb_update_frequency") (value "0.014")
L 07/09/2025 - 21:55:12: [basecommands.smx] "Console<0><Console><Console>" changed cvar (cvar "net_splitpacket_maxrate") (value "50000")
L 07/09/2025 - 21:55:12: [basecommands.smx] "Console<0><Console><Console>" changed cvar (cvar "fps_max") (value "0")
L 07/09/2025 - 21:55:12: [basecommands.smx] "Console<0><Console><Console>" changed cvar (cvar "tick_door_speed") (value "1.3")
L 07/09/2025 - 21:55:12: [basecommands.smx] "Console<0><Console><Console>" changed cvar (cvar "mv_maxplayers") (value "30")
L 07/09/2025 - 21:55:12: [basecommands.smx] "Console<0><Console><Console>" changed cvar (cvar "mp_autoteambalance") (value "0")
L 07/09/2025 - 21:55:12: [basecommands.smx] "Console<0><Console><Console>" changed cvar (cvar "sv_unlag_fixstuck") (value "1")
L 07/09/2025 - 21:55:12: [basecommands.smx] "Console<0><Console><Console>" changed cvar (cvar "z_brawl_chance") (value "0")
L 07/09/2025 - 21:55:12: [basecommands.smx] "Console<0><Console><Console>" changed cvar (cvar "sv_maxunlag") (value "1")
L 07/09/2025 - 21:55:12: [basecommands.smx] "Console<0><Console><Console>" changed cvar (cvar "sv_forcepreload") (value "1")
L 07/09/2025 - 21:55:12: [basecommands.smx] "Console<0><Console><Console>" changed cvar (cvar "sv_client_predict") (value "1")
L 07/09/2025 - 21:55:12: [basecommands.smx] "Console<0><Console><Console>" changed cvar (cvar "sv_client_cmdrate_difference") (value "0")
L 07/09/2025 - 21:55:12: [basecommands.smx] "Console<0><Console><Console>" changed cvar (cvar "sv_max_queries_sec_global") (value "10")
L 07/09/2025 - 21:55:12: [basecommands.smx] "Console<0><Console><Console>" changed cvar (cvar "sv_max_queries_sec") (value "3")
L 07/09/2025 - 21:55:12: [basecommands.smx] "Console<0><Console><Console>" changed cvar (cvar "sv_max_queries_window") (value "10")
L 07/09/2025 - 21:55:12: [basecommands.smx] "Console<0><Console><Console>" changed cvar (cvar "sv_player_stuck_tolerance") (value "5")
L 07/09/2025 - 21:55:12: [basecommands.smx] "Console<0><Console><Console>" changed cvar (cvar "sv_stats") (value "0")
L 07/09/2025 - 21:55:12: [basecommands.smx] "Console<0><Console><Console>" changed cvar (cvar "sv_clockcorrection_msecs") (value "25")
L 07/09/2025 - 21:55:13: [optional/l4d2_saferoom_item_remove.smx] Removed 0 saferoom item(s) (start: 0; end: 0).
L 07/09/2025 - 21:57:07: SourceMod log file session started (file "/root/Steam/steamapps/common/L4D21/left4dead2/addons/sourcemod/logs/L20250709.log") (Version "1.12.0.7195")
L 07/09/2025 - 21:57:07: [fixes/firebulletsfix.smx] Found offset for Weapon_ShootPosition 286
L 07/09/2025 - 21:57:09: [basecommands.smx] "Console<0><Console><Console>" changed cvar (cvar "confogl_match_execcfg_plugins") (value "generalfixes.cfg;confogl_plugins.cfg;sharedplugins.cfg")
L 07/09/2025 - 21:57:09: [basecommands.smx] "Console<0><Console><Console>" changed cvar (cvar "l4d2_addons_eclipse") (value "0")
L 07/09/2025 - 21:57:09: [basecommands.smx] "Console<0><Console><Console>" changed cvar (cvar "sv_allow_wait_command") (value "0")
L 07/09/2025 - 21:57:09: [basecommands.smx] "Console<0><Console><Console>" changed cvar (cvar "sv_minrate") (value "100000")
L 07/09/2025 - 21:57:09: [basecommands.smx] "Console<0><Console><Console>" changed cvar (cvar "sv_maxrate") (value "100000")
L 07/09/2025 - 21:57:09: [basecommands.smx] "Console<0><Console><Console>" changed cvar (cvar "sv_minupdaterate") (value "100")
L 07/09/2025 - 21:57:09: [basecommands.smx] "Console<0><Console><Console>" changed cvar (cvar "sv_maxupdaterate") (value "100")
L 07/09/2025 - 21:57:09: [basecommands.smx] "Console<0><Console><Console>" changed cvar (cvar "sv_mincmdrate") (value "100")
L 07/09/2025 - 21:57:09: [basecommands.smx] "Console<0><Console><Console>" changed cvar (cvar "sv_maxcmdrate") (value "100")
L 07/09/2025 - 21:57:09: [basecommands.smx] "Console<0><Console><Console>" changed cvar (cvar "sv_client_min_interp_ratio") (value "-1")
L 07/09/2025 - 21:57:09: [basecommands.smx] "Console<0><Console><Console>" changed cvar (cvar "sv_client_max_interp_ratio") (value "0")
L 07/09/2025 - 21:57:09: [basecommands.smx] "Console<0><Console><Console>" changed cvar (cvar "nb_update_frequency") (value "0.014")
L 07/09/2025 - 21:57:09: [basecommands.smx] "Console<0><Console><Console>" changed cvar (cvar "net_splitpacket_maxrate") (value "50000")
L 07/09/2025 - 21:57:09: [basecommands.smx] "Console<0><Console><Console>" changed cvar (cvar "net_maxcleartime") (value "0.0001")
L 07/09/2025 - 21:57:09: [basecommands.smx] "Console<0><Console><Console>" changed cvar (cvar "fps_max") (value "0")
L 07/09/2025 - 21:57:09: [basecommands.smx] "Console<0><Console><Console>" changed cvar (cvar "tick_door_speed") (value "1.3")
L 07/09/2025 - 21:57:09: [basecommands.smx] "Console<0><Console><Console>" changed cvar (cvar "mv_maxplayers") (value "30")
L 07/09/2025 - 21:57:09: [basecommands.smx] "Console<0><Console><Console>" changed cvar (cvar "mp_autoteambalance") (value "0")
L 07/09/2025 - 21:57:09: [basecommands.smx] "Console<0><Console><Console>" changed cvar (cvar "sv_unlag_fixstuck") (value "1")
L 07/09/2025 - 21:57:09: [basecommands.smx] "Console<0><Console><Console>" changed cvar (cvar "z_brawl_chance") (value "0")
L 07/09/2025 - 21:57:09: [basecommands.smx] "Console<0><Console><Console>" changed cvar (cvar "sv_maxunlag") (value "1")
L 07/09/2025 - 21:57:09: [basecommands.smx] "Console<0><Console><Console>" changed cvar (cvar "sv_forcepreload") (value "1")
L 07/09/2025 - 21:57:09: [basecommands.smx] "Console<0><Console><Console>" changed cvar (cvar "sv_client_predict") (value "1")
L 07/09/2025 - 21:57:09: [basecommands.smx] "Console<0><Console><Console>" changed cvar (cvar "sv_client_cmdrate_difference") (value "0")
L 07/09/2025 - 21:57:09: [basecommands.smx] "Console<0><Console><Console>" changed cvar (cvar "sv_max_queries_sec_global") (value "10")
L 07/09/2025 - 21:57:09: [basecommands.smx] "Console<0><Console><Console>" changed cvar (cvar "sv_max_queries_sec") (value "3")
L 07/09/2025 - 21:57:09: [basecommands.smx] "Console<0><Console><Console>" changed cvar (cvar "sv_max_queries_window") (value "10")
L 07/09/2025 - 21:57:09: [basecommands.smx] "Console<0><Console><Console>" changed cvar (cvar "sv_player_stuck_tolerance") (value "5")
L 07/09/2025 - 21:57:09: [basecommands.smx] "Console<0><Console><Console>" changed cvar (cvar "sv_stats") (value "0")
L 07/09/2025 - 21:57:09: [basecommands.smx] "Console<0><Console><Console>" changed cvar (cvar "sv_clockcorrection_msecs") (value "25")
L 07/09/2025 - 21:59:45: [fixes/firebulletsfix.smx] Found offset for Weapon_ShootPosition 286
L 07/09/2025 - 21:59:45: [confoglcompmod.smx] [PasswordSystem] Set password on 香甜白子ᕕ(◠ڼ◠)ᕗ, password 
L 07/09/2025 - 21:59:49: -------- Mapchange to c2m1_highway --------
L 07/09/2025 - 21:59:50: [basecommands.smx] "Console<0><Console><Console>" changed cvar (cvar "confogl_match_execcfg_plugins") (value "generalfixes.cfg;confogl_plugins.cfg;sharedplugins.cfg")
L 07/09/2025 - 21:59:50: [basecommands.smx] "Console<0><Console><Console>" changed cvar (cvar "l4d2_addons_eclipse") (value "0")
L 07/09/2025 - 21:59:50: [basecommands.smx] "Console<0><Console><Console>" changed cvar (cvar "sv_allow_wait_command") (value "0")
L 07/09/2025 - 21:59:50: [basecommands.smx] "Console<0><Console><Console>" changed cvar (cvar "sv_minrate") (value "100000")
L 07/09/2025 - 21:59:50: [basecommands.smx] "Console<0><Console><Console>" changed cvar (cvar "sv_maxrate") (value "100000")
L 07/09/2025 - 21:59:50: [basecommands.smx] "Console<0><Console><Console>" changed cvar (cvar "sv_minupdaterate") (value "100")
L 07/09/2025 - 21:59:50: [basecommands.smx] "Console<0><Console><Console>" changed cvar (cvar "sv_maxupdaterate") (value "100")
L 07/09/2025 - 21:59:50: [basecommands.smx] "Console<0><Console><Console>" changed cvar (cvar "sv_mincmdrate") (value "100")
L 07/09/2025 - 21:59:50: [basecommands.smx] "Console<0><Console><Console>" changed cvar (cvar "sv_maxcmdrate") (value "100")
L 07/09/2025 - 21:59:50: [basecommands.smx] "Console<0><Console><Console>" changed cvar (cvar "sv_client_min_interp_ratio") (value "-1")
L 07/09/2025 - 21:59:50: [basecommands.smx] "Console<0><Console><Console>" changed cvar (cvar "sv_client_max_interp_ratio") (value "0")
L 07/09/2025 - 21:59:50: [basecommands.smx] "Console<0><Console><Console>" changed cvar (cvar "nb_update_frequency") (value "0.014")
L 07/09/2025 - 21:59:50: [basecommands.smx] "Console<0><Console><Console>" changed cvar (cvar "net_splitpacket_maxrate") (value "50000")
L 07/09/2025 - 21:59:50: [basecommands.smx] "Console<0><Console><Console>" changed cvar (cvar "net_maxcleartime") (value "0.0001")
L 07/09/2025 - 21:59:50: [basecommands.smx] "Console<0><Console><Console>" changed cvar (cvar "fps_max") (value "0")
L 07/09/2025 - 21:59:50: [basecommands.smx] "Console<0><Console><Console>" changed cvar (cvar "tick_door_speed") (value "1.3")
L 07/09/2025 - 21:59:50: [basecommands.smx] "Console<0><Console><Console>" changed cvar (cvar "mv_maxplayers") (value "30")
L 07/09/2025 - 21:59:50: [basecommands.smx] "Console<0><Console><Console>" changed cvar (cvar "mp_autoteambalance") (value "0")
L 07/09/2025 - 21:59:50: [basecommands.smx] "Console<0><Console><Console>" changed cvar (cvar "sv_unlag_fixstuck") (value "1")
L 07/09/2025 - 21:59:50: [basecommands.smx] "Console<0><Console><Console>" changed cvar (cvar "z_brawl_chance") (value "0")
L 07/09/2025 - 21:59:50: [basecommands.smx] "Console<0><Console><Console>" changed cvar (cvar "sv_maxunlag") (value "1")
L 07/09/2025 - 21:59:50: [basecommands.smx] "Console<0><Console><Console>" changed cvar (cvar "sv_forcepreload") (value "1")
L 07/09/2025 - 21:59:50: [basecommands.smx] "Console<0><Console><Console>" changed cvar (cvar "sv_client_predict") (value "1")
L 07/09/2025 - 21:59:50: [basecommands.smx] "Console<0><Console><Console>" changed cvar (cvar "sv_client_cmdrate_difference") (value "0")
L 07/09/2025 - 21:59:50: [basecommands.smx] "Console<0><Console><Console>" changed cvar (cvar "sv_max_queries_sec_global") (value "10")
L 07/09/2025 - 21:59:50: [basecommands.smx] "Console<0><Console><Console>" changed cvar (cvar "sv_max_queries_sec") (value "3")
L 07/09/2025 - 21:59:50: [basecommands.smx] "Console<0><Console><Console>" changed cvar (cvar "sv_max_queries_window") (value "10")
L 07/09/2025 - 21:59:50: [basecommands.smx] "Console<0><Console><Console>" changed cvar (cvar "sv_player_stuck_tolerance") (value "5")
L 07/09/2025 - 21:59:50: [basecommands.smx] "Console<0><Console><Console>" changed cvar (cvar "sv_stats") (value "0")
L 07/09/2025 - 21:59:50: [basecommands.smx] "Console<0><Console><Console>" changed cvar (cvar "sv_clockcorrection_msecs") (value "25")
L 07/09/2025 - 21:59:51: [optional/l4d2_saferoom_item_remove.smx] Removed 0 saferoom item(s) (start: 0; end: 0).
L 07/09/2025 - 22:11:56: [fixes/firebulletsfix.smx] Found offset for Weapon_ShootPosition 286
L 07/09/2025 - 22:13:39: Log file closed.
L 07/09/2025 - 22:13:52: SourceMod log file session started (file "/root/Steam/steamapps/common/L4D21/left4dead2/addons/sourcemod/logs/L20250709.log") (Version "1.12.0.7195")
L 07/09/2025 - 22:13:52: [fixes/firebulletsfix.smx] Found offset for Weapon_ShootPosition 286
L 07/09/2025 - 22:13:54: [basecommands.smx] "Console<0><Console><Console>" changed cvar (cvar "confogl_match_execcfg_plugins") (value "generalfixes.cfg;confogl_plugins.cfg;sharedplugins.cfg")
L 07/09/2025 - 22:13:54: [basecommands.smx] "Console<0><Console><Console>" changed cvar (cvar "l4d2_addons_eclipse") (value "0")
L 07/09/2025 - 22:13:54: [basecommands.smx] "Console<0><Console><Console>" changed cvar (cvar "sv_allow_wait_command") (value "0")
L 07/09/2025 - 22:13:54: [basecommands.smx] "Console<0><Console><Console>" changed cvar (cvar "sv_minrate") (value "100000")
L 07/09/2025 - 22:13:54: [basecommands.smx] "Console<0><Console><Console>" changed cvar (cvar "sv_maxrate") (value "100000")
L 07/09/2025 - 22:13:54: [basecommands.smx] "Console<0><Console><Console>" changed cvar (cvar "sv_minupdaterate") (value "100")
L 07/09/2025 - 22:13:54: [basecommands.smx] "Console<0><Console><Console>" changed cvar (cvar "sv_maxupdaterate") (value "100")
L 07/09/2025 - 22:13:54: [basecommands.smx] "Console<0><Console><Console>" changed cvar (cvar "sv_mincmdrate") (value "100")
L 07/09/2025 - 22:13:54: [basecommands.smx] "Console<0><Console><Console>" changed cvar (cvar "sv_maxcmdrate") (value "100")
L 07/09/2025 - 22:13:54: [basecommands.smx] "Console<0><Console><Console>" changed cvar (cvar "sv_client_min_interp_ratio") (value "-1")
L 07/09/2025 - 22:13:54: [basecommands.smx] "Console<0><Console><Console>" changed cvar (cvar "sv_client_max_interp_ratio") (value "0")
L 07/09/2025 - 22:13:54: [basecommands.smx] "Console<0><Console><Console>" changed cvar (cvar "nb_update_frequency") (value "0.014")
L 07/09/2025 - 22:13:54: [basecommands.smx] "Console<0><Console><Console>" changed cvar (cvar "net_splitpacket_maxrate") (value "50000")
L 07/09/2025 - 22:13:54: [basecommands.smx] "Console<0><Console><Console>" changed cvar (cvar "net_maxcleartime") (value "0.0001")
L 07/09/2025 - 22:13:54: [basecommands.smx] "Console<0><Console><Console>" changed cvar (cvar "fps_max") (value "0")
L 07/09/2025 - 22:13:54: [basecommands.smx] "Console<0><Console><Console>" changed cvar (cvar "tick_door_speed") (value "1.3")
L 07/09/2025 - 22:13:54: [basecommands.smx] "Console<0><Console><Console>" changed cvar (cvar "mv_maxplayers") (value "30")
L 07/09/2025 - 22:13:54: [basecommands.smx] "Console<0><Console><Console>" changed cvar (cvar "mp_autoteambalance") (value "0")
L 07/09/2025 - 22:13:54: [basecommands.smx] "Console<0><Console><Console>" changed cvar (cvar "sv_unlag_fixstuck") (value "1")
L 07/09/2025 - 22:13:54: [basecommands.smx] "Console<0><Console><Console>" changed cvar (cvar "z_brawl_chance") (value "0")
L 07/09/2025 - 22:13:54: [basecommands.smx] "Console<0><Console><Console>" changed cvar (cvar "sv_maxunlag") (value "1")
L 07/09/2025 - 22:13:54: [basecommands.smx] "Console<0><Console><Console>" changed cvar (cvar "sv_forcepreload") (value "1")
L 07/09/2025 - 22:13:54: [basecommands.smx] "Console<0><Console><Console>" changed cvar (cvar "sv_client_predict") (value "1")
L 07/09/2025 - 22:13:54: [basecommands.smx] "Console<0><Console><Console>" changed cvar (cvar "sv_client_cmdrate_difference") (value "0")
L 07/09/2025 - 22:13:54: [basecommands.smx] "Console<0><Console><Console>" changed cvar (cvar "sv_max_queries_sec_global") (value "10")
L 07/09/2025 - 22:13:54: [basecommands.smx] "Console<0><Console><Console>" changed cvar (cvar "sv_max_queries_sec") (value "3")
L 07/09/2025 - 22:13:54: [basecommands.smx] "Console<0><Console><Console>" changed cvar (cvar "sv_max_queries_window") (value "10")
L 07/09/2025 - 22:13:54: [basecommands.smx] "Console<0><Console><Console>" changed cvar (cvar "sv_player_stuck_tolerance") (value "5")
L 07/09/2025 - 22:13:54: [basecommands.smx] "Console<0><Console><Console>" changed cvar (cvar "sv_stats") (value "0")
L 07/09/2025 - 22:13:54: [basecommands.smx] "Console<0><Console><Console>" changed cvar (cvar "sv_clockcorrection_msecs") (value "25")
L 07/09/2025 - 22:17:46: SourceMod log file session started (file "/root/Steam/steamapps/common/L4D21/left4dead2/addons/sourcemod/logs/L20250709.log") (Version "1.12.0.7195")
L 07/09/2025 - 22:17:46: [fixes/firebulletsfix.smx] Found offset for Weapon_ShootPosition 286
L 07/09/2025 - 22:17:48: [basecommands.smx] "Console<0><Console><Console>" changed cvar (cvar "confogl_match_execcfg_plugins") (value "generalfixes.cfg;confogl_plugins.cfg;sharedplugins.cfg")
L 07/09/2025 - 22:17:48: [basecommands.smx] "Console<0><Console><Console>" changed cvar (cvar "l4d2_addons_eclipse") (value "0")
L 07/09/2025 - 22:17:48: [basecommands.smx] "Console<0><Console><Console>" changed cvar (cvar "sv_allow_wait_command") (value "0")
L 07/09/2025 - 22:17:48: [basecommands.smx] "Console<0><Console><Console>" changed cvar (cvar "sv_minrate") (value "100000")
L 07/09/2025 - 22:17:48: [basecommands.smx] "Console<0><Console><Console>" changed cvar (cvar "sv_maxrate") (value "100000")
L 07/09/2025 - 22:17:48: [basecommands.smx] "Console<0><Console><Console>" changed cvar (cvar "sv_minupdaterate") (value "100")
L 07/09/2025 - 22:17:48: [basecommands.smx] "Console<0><Console><Console>" changed cvar (cvar "sv_maxupdaterate") (value "100")
L 07/09/2025 - 22:17:48: [basecommands.smx] "Console<0><Console><Console>" changed cvar (cvar "sv_mincmdrate") (value "100")
L 07/09/2025 - 22:17:48: [basecommands.smx] "Console<0><Console><Console>" changed cvar (cvar "sv_maxcmdrate") (value "100")
L 07/09/2025 - 22:17:48: [basecommands.smx] "Console<0><Console><Console>" changed cvar (cvar "sv_client_min_interp_ratio") (value "-1")
L 07/09/2025 - 22:17:48: [basecommands.smx] "Console<0><Console><Console>" changed cvar (cvar "sv_client_max_interp_ratio") (value "0")
L 07/09/2025 - 22:17:48: [basecommands.smx] "Console<0><Console><Console>" changed cvar (cvar "nb_update_frequency") (value "0.014")
L 07/09/2025 - 22:17:48: [basecommands.smx] "Console<0><Console><Console>" changed cvar (cvar "net_splitpacket_maxrate") (value "50000")
L 07/09/2025 - 22:17:48: [basecommands.smx] "Console<0><Console><Console>" changed cvar (cvar "net_maxcleartime") (value "0.0001")
L 07/09/2025 - 22:17:48: [basecommands.smx] "Console<0><Console><Console>" changed cvar (cvar "fps_max") (value "0")
L 07/09/2025 - 22:17:48: [basecommands.smx] "Console<0><Console><Console>" changed cvar (cvar "tick_door_speed") (value "1.3")
L 07/09/2025 - 22:17:48: [basecommands.smx] "Console<0><Console><Console>" changed cvar (cvar "mv_maxplayers") (value "30")
L 07/09/2025 - 22:17:48: [basecommands.smx] "Console<0><Console><Console>" changed cvar (cvar "mp_autoteambalance") (value "0")
L 07/09/2025 - 22:17:48: [basecommands.smx] "Console<0><Console><Console>" changed cvar (cvar "sv_unlag_fixstuck") (value "1")
L 07/09/2025 - 22:17:48: [basecommands.smx] "Console<0><Console><Console>" changed cvar (cvar "z_brawl_chance") (value "0")
L 07/09/2025 - 22:17:48: [basecommands.smx] "Console<0><Console><Console>" changed cvar (cvar "sv_maxunlag") (value "1")
L 07/09/2025 - 22:17:48: [basecommands.smx] "Console<0><Console><Console>" changed cvar (cvar "sv_forcepreload") (value "1")
L 07/09/2025 - 22:17:48: [basecommands.smx] "Console<0><Console><Console>" changed cvar (cvar "sv_client_predict") (value "1")
L 07/09/2025 - 22:17:48: [basecommands.smx] "Console<0><Console><Console>" changed cvar (cvar "sv_client_cmdrate_difference") (value "0")
L 07/09/2025 - 22:17:48: [basecommands.smx] "Console<0><Console><Console>" changed cvar (cvar "sv_max_queries_sec_global") (value "10")
L 07/09/2025 - 22:17:48: [basecommands.smx] "Console<0><Console><Console>" changed cvar (cvar "sv_max_queries_sec") (value "3")
L 07/09/2025 - 22:17:48: [basecommands.smx] "Console<0><Console><Console>" changed cvar (cvar "sv_max_queries_window") (value "10")
L 07/09/2025 - 22:17:48: [basecommands.smx] "Console<0><Console><Console>" changed cvar (cvar "sv_player_stuck_tolerance") (value "5")
L 07/09/2025 - 22:17:48: [basecommands.smx] "Console<0><Console><Console>" changed cvar (cvar "sv_stats") (value "0")
L 07/09/2025 - 22:17:48: [basecommands.smx] "Console<0><Console><Console>" changed cvar (cvar "sv_clockcorrection_msecs") (value "25")
L 07/09/2025 - 22:24:24: SourceMod log file session started (file "/root/Steam/steamapps/common/L4D21/left4dead2/addons/sourcemod/logs/L20250709.log") (Version "1.12.0.7195")
L 07/09/2025 - 22:24:24: [fixes/firebulletsfix.smx] Found offset for Weapon_ShootPosition 286
L 07/09/2025 - 22:24:25: [basecommands.smx] "Console<0><Console><Console>" changed cvar (cvar "confogl_match_execcfg_plugins") (value "generalfixes.cfg;confogl_plugins.cfg;sharedplugins.cfg")
L 07/09/2025 - 22:24:25: [basecommands.smx] "Console<0><Console><Console>" changed cvar (cvar "l4d2_addons_eclipse") (value "0")
L 07/09/2025 - 22:24:25: [basecommands.smx] "Console<0><Console><Console>" changed cvar (cvar "sv_allow_wait_command") (value "0")
L 07/09/2025 - 22:24:25: [basecommands.smx] "Console<0><Console><Console>" changed cvar (cvar "sv_minrate") (value "100000")
L 07/09/2025 - 22:24:25: [basecommands.smx] "Console<0><Console><Console>" changed cvar (cvar "sv_maxrate") (value "100000")
L 07/09/2025 - 22:24:25: [basecommands.smx] "Console<0><Console><Console>" changed cvar (cvar "sv_minupdaterate") (value "100")
L 07/09/2025 - 22:24:25: [basecommands.smx] "Console<0><Console><Console>" changed cvar (cvar "sv_maxupdaterate") (value "100")
L 07/09/2025 - 22:24:25: [basecommands.smx] "Console<0><Console><Console>" changed cvar (cvar "sv_mincmdrate") (value "100")
L 07/09/2025 - 22:24:25: [basecommands.smx] "Console<0><Console><Console>" changed cvar (cvar "sv_maxcmdrate") (value "100")
L 07/09/2025 - 22:24:25: [basecommands.smx] "Console<0><Console><Console>" changed cvar (cvar "sv_client_min_interp_ratio") (value "-1")
L 07/09/2025 - 22:24:25: [basecommands.smx] "Console<0><Console><Console>" changed cvar (cvar "sv_client_max_interp_ratio") (value "0")
L 07/09/2025 - 22:24:25: [basecommands.smx] "Console<0><Console><Console>" changed cvar (cvar "nb_update_frequency") (value "0.014")
L 07/09/2025 - 22:24:25: [basecommands.smx] "Console<0><Console><Console>" changed cvar (cvar "net_splitpacket_maxrate") (value "50000")
L 07/09/2025 - 22:24:25: [basecommands.smx] "Console<0><Console><Console>" changed cvar (cvar "net_maxcleartime") (value "0.0001")
L 07/09/2025 - 22:24:25: [basecommands.smx] "Console<0><Console><Console>" changed cvar (cvar "fps_max") (value "0")
L 07/09/2025 - 22:24:25: [basecommands.smx] "Console<0><Console><Console>" changed cvar (cvar "tick_door_speed") (value "1.3")
L 07/09/2025 - 22:24:25: [basecommands.smx] "Console<0><Console><Console>" changed cvar (cvar "mv_maxplayers") (value "30")
L 07/09/2025 - 22:24:25: [basecommands.smx] "Console<0><Console><Console>" changed cvar (cvar "mp_autoteambalance") (value "0")
L 07/09/2025 - 22:24:25: [basecommands.smx] "Console<0><Console><Console>" changed cvar (cvar "sv_unlag_fixstuck") (value "1")
L 07/09/2025 - 22:24:25: [basecommands.smx] "Console<0><Console><Console>" changed cvar (cvar "z_brawl_chance") (value "0")
L 07/09/2025 - 22:24:25: [basecommands.smx] "Console<0><Console><Console>" changed cvar (cvar "sv_maxunlag") (value "1")
L 07/09/2025 - 22:24:25: [basecommands.smx] "Console<0><Console><Console>" changed cvar (cvar "sv_forcepreload") (value "1")
L 07/09/2025 - 22:24:25: [basecommands.smx] "Console<0><Console><Console>" changed cvar (cvar "sv_client_predict") (value "1")
L 07/09/2025 - 22:24:25: [basecommands.smx] "Console<0><Console><Console>" changed cvar (cvar "sv_client_cmdrate_difference") (value "0")
L 07/09/2025 - 22:24:25: [basecommands.smx] "Console<0><Console><Console>" changed cvar (cvar "sv_max_queries_sec_global") (value "10")
L 07/09/2025 - 22:24:25: [basecommands.smx] "Console<0><Console><Console>" changed cvar (cvar "sv_max_queries_sec") (value "3")
L 07/09/2025 - 22:24:25: [basecommands.smx] "Console<0><Console><Console>" changed cvar (cvar "sv_max_queries_window") (value "10")
L 07/09/2025 - 22:24:25: [basecommands.smx] "Console<0><Console><Console>" changed cvar (cvar "sv_player_stuck_tolerance") (value "5")
L 07/09/2025 - 22:24:25: [basecommands.smx] "Console<0><Console><Console>" changed cvar (cvar "sv_stats") (value "0")
L 07/09/2025 - 22:24:25: [basecommands.smx] "Console<0><Console><Console>" changed cvar (cvar "sv_clockcorrection_msecs") (value "25")
L 07/09/2025 - 22:24:26: [fixes/firebulletsfix.smx] Found offset for Weapon_ShootPosition 286
L 07/09/2025 - 22:24:30: -------- Mapchange to c2m1_highway --------
L 07/09/2025 - 22:24:31: [basecommands.smx] "Console<0><Console><Console>" changed cvar (cvar "confogl_match_execcfg_plugins") (value "generalfixes.cfg;confogl_plugins.cfg;sharedplugins.cfg")
L 07/09/2025 - 22:24:31: [basecommands.smx] "Console<0><Console><Console>" changed cvar (cvar "l4d2_addons_eclipse") (value "0")
L 07/09/2025 - 22:24:31: [basecommands.smx] "Console<0><Console><Console>" changed cvar (cvar "sv_allow_wait_command") (value "0")
L 07/09/2025 - 22:24:31: [basecommands.smx] "Console<0><Console><Console>" changed cvar (cvar "sv_minrate") (value "100000")
L 07/09/2025 - 22:24:31: [basecommands.smx] "Console<0><Console><Console>" changed cvar (cvar "sv_maxrate") (value "100000")
L 07/09/2025 - 22:24:31: [basecommands.smx] "Console<0><Console><Console>" changed cvar (cvar "sv_minupdaterate") (value "100")
L 07/09/2025 - 22:24:31: [basecommands.smx] "Console<0><Console><Console>" changed cvar (cvar "sv_maxupdaterate") (value "100")
L 07/09/2025 - 22:24:31: [basecommands.smx] "Console<0><Console><Console>" changed cvar (cvar "sv_mincmdrate") (value "100")
L 07/09/2025 - 22:24:31: [basecommands.smx] "Console<0><Console><Console>" changed cvar (cvar "sv_maxcmdrate") (value "100")
L 07/09/2025 - 22:24:31: [basecommands.smx] "Console<0><Console><Console>" changed cvar (cvar "sv_client_min_interp_ratio") (value "-1")
L 07/09/2025 - 22:24:31: [basecommands.smx] "Console<0><Console><Console>" changed cvar (cvar "sv_client_max_interp_ratio") (value "0")
L 07/09/2025 - 22:24:31: [basecommands.smx] "Console<0><Console><Console>" changed cvar (cvar "nb_update_frequency") (value "0.014")
L 07/09/2025 - 22:24:31: [basecommands.smx] "Console<0><Console><Console>" changed cvar (cvar "net_splitpacket_maxrate") (value "50000")
L 07/09/2025 - 22:24:31: [basecommands.smx] "Console<0><Console><Console>" changed cvar (cvar "net_maxcleartime") (value "0.0001")
L 07/09/2025 - 22:24:31: [basecommands.smx] "Console<0><Console><Console>" changed cvar (cvar "fps_max") (value "0")
L 07/09/2025 - 22:24:31: [basecommands.smx] "Console<0><Console><Console>" changed cvar (cvar "tick_door_speed") (value "1.3")
L 07/09/2025 - 22:24:31: [basecommands.smx] "Console<0><Console><Console>" changed cvar (cvar "mv_maxplayers") (value "30")
L 07/09/2025 - 22:24:31: [basecommands.smx] "Console<0><Console><Console>" changed cvar (cvar "mp_autoteambalance") (value "0")
L 07/09/2025 - 22:24:31: [basecommands.smx] "Console<0><Console><Console>" changed cvar (cvar "sv_unlag_fixstuck") (value "1")
L 07/09/2025 - 22:24:31: [basecommands.smx] "Console<0><Console><Console>" changed cvar (cvar "z_brawl_chance") (value "0")
L 07/09/2025 - 22:24:31: [basecommands.smx] "Console<0><Console><Console>" changed cvar (cvar "sv_maxunlag") (value "1")
L 07/09/2025 - 22:24:31: [basecommands.smx] "Console<0><Console><Console>" changed cvar (cvar "sv_forcepreload") (value "1")
L 07/09/2025 - 22:24:31: [basecommands.smx] "Console<0><Console><Console>" changed cvar (cvar "sv_client_predict") (value "1")
L 07/09/2025 - 22:24:31: [basecommands.smx] "Console<0><Console><Console>" changed cvar (cvar "sv_client_cmdrate_difference") (value "0")
L 07/09/2025 - 22:24:31: [basecommands.smx] "Console<0><Console><Console>" changed cvar (cvar "sv_max_queries_sec_global") (value "10")
L 07/09/2025 - 22:24:31: [basecommands.smx] "Console<0><Console><Console>" changed cvar (cvar "sv_max_queries_sec") (value "3")
L 07/09/2025 - 22:24:31: [basecommands.smx] "Console<0><Console><Console>" changed cvar (cvar "sv_max_queries_window") (value "10")
L 07/09/2025 - 22:24:31: [basecommands.smx] "Console<0><Console><Console>" changed cvar (cvar "sv_player_stuck_tolerance") (value "5")
L 07/09/2025 - 22:24:31: [basecommands.smx] "Console<0><Console><Console>" changed cvar (cvar "sv_stats") (value "0")
L 07/09/2025 - 22:24:31: [basecommands.smx] "Console<0><Console><Console>" changed cvar (cvar "sv_clockcorrection_msecs") (value "25")
L 07/09/2025 - 22:24:32: [optional/l4d2_saferoom_item_remove.smx] Removed 0 saferoom item(s) (start: 0; end: 0).
L 07/09/2025 - 22:29:11: [basecommands.smx] "紙飛行機<2><STEAM_1:1:590841514><>" changed map to "c1m1_hotel"
L 07/09/2025 - 22:29:15: -------- Mapchange to c1m1_hotel --------
L 07/09/2025 - 22:29:16: [basecommands.smx] "Console<0><Console><Console>" changed cvar (cvar "confogl_match_execcfg_plugins") (value "generalfixes.cfg;confogl_plugins.cfg;sharedplugins.cfg")
L 07/09/2025 - 22:29:16: [basecommands.smx] "Console<0><Console><Console>" changed cvar (cvar "l4d2_addons_eclipse") (value "0")
L 07/09/2025 - 22:29:16: [basecommands.smx] "Console<0><Console><Console>" changed cvar (cvar "sv_allow_wait_command") (value "0")
L 07/09/2025 - 22:29:16: [basecommands.smx] "Console<0><Console><Console>" changed cvar (cvar "sv_minrate") (value "100000")
L 07/09/2025 - 22:29:16: [basecommands.smx] "Console<0><Console><Console>" changed cvar (cvar "sv_maxrate") (value "100000")
L 07/09/2025 - 22:29:16: [basecommands.smx] "Console<0><Console><Console>" changed cvar (cvar "sv_minupdaterate") (value "100")
L 07/09/2025 - 22:29:16: [basecommands.smx] "Console<0><Console><Console>" changed cvar (cvar "sv_maxupdaterate") (value "100")
L 07/09/2025 - 22:29:16: [basecommands.smx] "Console<0><Console><Console>" changed cvar (cvar "sv_mincmdrate") (value "100")
L 07/09/2025 - 22:29:16: [basecommands.smx] "Console<0><Console><Console>" changed cvar (cvar "sv_maxcmdrate") (value "100")
L 07/09/2025 - 22:29:16: [basecommands.smx] "Console<0><Console><Console>" changed cvar (cvar "sv_client_min_interp_ratio") (value "-1")
L 07/09/2025 - 22:29:16: [basecommands.smx] "Console<0><Console><Console>" changed cvar (cvar "sv_client_max_interp_ratio") (value "0")
L 07/09/2025 - 22:29:16: [basecommands.smx] "Console<0><Console><Console>" changed cvar (cvar "nb_update_frequency") (value "0.014")
L 07/09/2025 - 22:29:16: [basecommands.smx] "Console<0><Console><Console>" changed cvar (cvar "net_splitpacket_maxrate") (value "50000")
L 07/09/2025 - 22:29:16: [basecommands.smx] "Console<0><Console><Console>" changed cvar (cvar "net_maxcleartime") (value "0.0001")
L 07/09/2025 - 22:29:16: [basecommands.smx] "Console<0><Console><Console>" changed cvar (cvar "fps_max") (value "0")
L 07/09/2025 - 22:29:16: [basecommands.smx] "Console<0><Console><Console>" changed cvar (cvar "tick_door_speed") (value "1.3")
L 07/09/2025 - 22:29:16: [basecommands.smx] "Console<0><Console><Console>" changed cvar (cvar "mv_maxplayers") (value "30")
L 07/09/2025 - 22:29:16: [basecommands.smx] "Console<0><Console><Console>" changed cvar (cvar "mp_autoteambalance") (value "0")
L 07/09/2025 - 22:29:16: [basecommands.smx] "Console<0><Console><Console>" changed cvar (cvar "sv_unlag_fixstuck") (value "1")
L 07/09/2025 - 22:29:16: [basecommands.smx] "Console<0><Console><Console>" changed cvar (cvar "z_brawl_chance") (value "0")
L 07/09/2025 - 22:29:16: [basecommands.smx] "Console<0><Console><Console>" changed cvar (cvar "sv_maxunlag") (value "1")
L 07/09/2025 - 22:29:16: [basecommands.smx] "Console<0><Console><Console>" changed cvar (cvar "sv_forcepreload") (value "1")
L 07/09/2025 - 22:29:16: [basecommands.smx] "Console<0><Console><Console>" changed cvar (cvar "sv_client_predict") (value "1")
L 07/09/2025 - 22:29:16: [basecommands.smx] "Console<0><Console><Console>" changed cvar (cvar "sv_client_cmdrate_difference") (value "0")
L 07/09/2025 - 22:29:16: [basecommands.smx] "Console<0><Console><Console>" changed cvar (cvar "sv_max_queries_sec_global") (value "10")
L 07/09/2025 - 22:29:16: [basecommands.smx] "Console<0><Console><Console>" changed cvar (cvar "sv_max_queries_sec") (value "3")
L 07/09/2025 - 22:29:16: [basecommands.smx] "Console<0><Console><Console>" changed cvar (cvar "sv_max_queries_window") (value "10")
L 07/09/2025 - 22:29:16: [basecommands.smx] "Console<0><Console><Console>" changed cvar (cvar "sv_player_stuck_tolerance") (value "5")
L 07/09/2025 - 22:29:16: [basecommands.smx] "Console<0><Console><Console>" changed cvar (cvar "sv_stats") (value "0")
L 07/09/2025 - 22:29:16: [basecommands.smx] "Console<0><Console><Console>" changed cvar (cvar "sv_clockcorrection_msecs") (value "25")
L 07/09/2025 - 22:29:17: [optional/l4d2_saferoom_item_remove.smx] Removed 4 saferoom item(s) (start: 4; end: 0).
L 07/09/2025 - 22:30:55: SourceMod log file session started (file "/root/Steam/steamapps/common/L4D21/left4dead2/addons/sourcemod/logs/L20250709.log") (Version "1.12.0.7195")
L 07/09/2025 - 22:30:55: [fixes/firebulletsfix.smx] Found offset for Weapon_ShootPosition 286
L 07/09/2025 - 22:30:57: [basecommands.smx] "Console<0><Console><Console>" changed cvar (cvar "confogl_match_execcfg_plugins") (value "generalfixes.cfg;confogl_plugins.cfg;sharedplugins.cfg")
L 07/09/2025 - 22:30:57: [basecommands.smx] "Console<0><Console><Console>" changed cvar (cvar "l4d2_addons_eclipse") (value "0")
L 07/09/2025 - 22:30:57: [basecommands.smx] "Console<0><Console><Console>" changed cvar (cvar "sv_allow_wait_command") (value "0")
L 07/09/2025 - 22:30:57: [basecommands.smx] "Console<0><Console><Console>" changed cvar (cvar "sv_minrate") (value "100000")
L 07/09/2025 - 22:30:57: [basecommands.smx] "Console<0><Console><Console>" changed cvar (cvar "sv_maxrate") (value "100000")
L 07/09/2025 - 22:30:57: [basecommands.smx] "Console<0><Console><Console>" changed cvar (cvar "sv_minupdaterate") (value "100")
L 07/09/2025 - 22:30:57: [basecommands.smx] "Console<0><Console><Console>" changed cvar (cvar "sv_maxupdaterate") (value "100")
L 07/09/2025 - 22:30:57: [basecommands.smx] "Console<0><Console><Console>" changed cvar (cvar "sv_mincmdrate") (value "100")
L 07/09/2025 - 22:30:57: [basecommands.smx] "Console<0><Console><Console>" changed cvar (cvar "sv_maxcmdrate") (value "100")
L 07/09/2025 - 22:30:57: [basecommands.smx] "Console<0><Console><Console>" changed cvar (cvar "sv_client_min_interp_ratio") (value "-1")
L 07/09/2025 - 22:30:57: [basecommands.smx] "Console<0><Console><Console>" changed cvar (cvar "sv_client_max_interp_ratio") (value "0")
L 07/09/2025 - 22:30:57: [basecommands.smx] "Console<0><Console><Console>" changed cvar (cvar "nb_update_frequency") (value "0.014")
L 07/09/2025 - 22:30:57: [basecommands.smx] "Console<0><Console><Console>" changed cvar (cvar "net_splitpacket_maxrate") (value "50000")
L 07/09/2025 - 22:30:57: [basecommands.smx] "Console<0><Console><Console>" changed cvar (cvar "net_maxcleartime") (value "0.0001")
L 07/09/2025 - 22:30:57: [basecommands.smx] "Console<0><Console><Console>" changed cvar (cvar "fps_max") (value "0")
L 07/09/2025 - 22:30:57: [basecommands.smx] "Console<0><Console><Console>" changed cvar (cvar "tick_door_speed") (value "1.3")
L 07/09/2025 - 22:30:57: [basecommands.smx] "Console<0><Console><Console>" changed cvar (cvar "mv_maxplayers") (value "30")
L 07/09/2025 - 22:30:57: [basecommands.smx] "Console<0><Console><Console>" changed cvar (cvar "mp_autoteambalance") (value "0")
L 07/09/2025 - 22:30:57: [basecommands.smx] "Console<0><Console><Console>" changed cvar (cvar "sv_unlag_fixstuck") (value "1")
L 07/09/2025 - 22:30:57: [basecommands.smx] "Console<0><Console><Console>" changed cvar (cvar "z_brawl_chance") (value "0")
L 07/09/2025 - 22:30:57: [basecommands.smx] "Console<0><Console><Console>" changed cvar (cvar "sv_maxunlag") (value "1")
L 07/09/2025 - 22:30:57: [basecommands.smx] "Console<0><Console><Console>" changed cvar (cvar "sv_forcepreload") (value "1")
L 07/09/2025 - 22:30:57: [basecommands.smx] "Console<0><Console><Console>" changed cvar (cvar "sv_client_predict") (value "1")
L 07/09/2025 - 22:30:57: [basecommands.smx] "Console<0><Console><Console>" changed cvar (cvar "sv_client_cmdrate_difference") (value "0")
L 07/09/2025 - 22:30:57: [basecommands.smx] "Console<0><Console><Console>" changed cvar (cvar "sv_max_queries_sec_global") (value "10")
L 07/09/2025 - 22:30:57: [basecommands.smx] "Console<0><Console><Console>" changed cvar (cvar "sv_max_queries_sec") (value "3")
L 07/09/2025 - 22:30:57: [basecommands.smx] "Console<0><Console><Console>" changed cvar (cvar "sv_max_queries_window") (value "10")
L 07/09/2025 - 22:30:57: [basecommands.smx] "Console<0><Console><Console>" changed cvar (cvar "sv_player_stuck_tolerance") (value "5")
L 07/09/2025 - 22:30:57: [basecommands.smx] "Console<0><Console><Console>" changed cvar (cvar "sv_stats") (value "0")
L 07/09/2025 - 22:30:57: [basecommands.smx] "Console<0><Console><Console>" changed cvar (cvar "sv_clockcorrection_msecs") (value "25")
L 07/09/2025 - 22:30:57: [fixes/firebulletsfix.smx] Found offset for Weapon_ShootPosition 286
L 07/09/2025 - 22:31:01: -------- Mapchange to c2m1_highway --------
L 07/09/2025 - 22:31:02: [basecommands.smx] "Console<0><Console><Console>" changed cvar (cvar "confogl_match_execcfg_plugins") (value "generalfixes.cfg;confogl_plugins.cfg;sharedplugins.cfg")
L 07/09/2025 - 22:31:02: [basecommands.smx] "Console<0><Console><Console>" changed cvar (cvar "l4d2_addons_eclipse") (value "0")
L 07/09/2025 - 22:31:02: [basecommands.smx] "Console<0><Console><Console>" changed cvar (cvar "sv_allow_wait_command") (value "0")
L 07/09/2025 - 22:31:02: [basecommands.smx] "Console<0><Console><Console>" changed cvar (cvar "sv_minrate") (value "100000")
L 07/09/2025 - 22:31:02: [basecommands.smx] "Console<0><Console><Console>" changed cvar (cvar "sv_maxrate") (value "100000")
L 07/09/2025 - 22:31:02: [basecommands.smx] "Console<0><Console><Console>" changed cvar (cvar "sv_minupdaterate") (value "100")
L 07/09/2025 - 22:31:02: [basecommands.smx] "Console<0><Console><Console>" changed cvar (cvar "sv_maxupdaterate") (value "100")
L 07/09/2025 - 22:31:02: [basecommands.smx] "Console<0><Console><Console>" changed cvar (cvar "sv_mincmdrate") (value "100")
L 07/09/2025 - 22:31:02: [basecommands.smx] "Console<0><Console><Console>" changed cvar (cvar "sv_maxcmdrate") (value "100")
L 07/09/2025 - 22:31:02: [basecommands.smx] "Console<0><Console><Console>" changed cvar (cvar "sv_client_min_interp_ratio") (value "-1")
L 07/09/2025 - 22:31:02: [basecommands.smx] "Console<0><Console><Console>" changed cvar (cvar "sv_client_max_interp_ratio") (value "0")
L 07/09/2025 - 22:31:02: [basecommands.smx] "Console<0><Console><Console>" changed cvar (cvar "nb_update_frequency") (value "0.014")
L 07/09/2025 - 22:31:02: [basecommands.smx] "Console<0><Console><Console>" changed cvar (cvar "net_splitpacket_maxrate") (value "50000")
L 07/09/2025 - 22:31:02: [basecommands.smx] "Console<0><Console><Console>" changed cvar (cvar "net_maxcleartime") (value "0.0001")
L 07/09/2025 - 22:31:02: [basecommands.smx] "Console<0><Console><Console>" changed cvar (cvar "fps_max") (value "0")
L 07/09/2025 - 22:31:02: [basecommands.smx] "Console<0><Console><Console>" changed cvar (cvar "tick_door_speed") (value "1.3")
L 07/09/2025 - 22:31:02: [basecommands.smx] "Console<0><Console><Console>" changed cvar (cvar "mv_maxplayers") (value "30")
L 07/09/2025 - 22:31:02: [basecommands.smx] "Console<0><Console><Console>" changed cvar (cvar "mp_autoteambalance") (value "0")
L 07/09/2025 - 22:31:02: [basecommands.smx] "Console<0><Console><Console>" changed cvar (cvar "sv_unlag_fixstuck") (value "1")
L 07/09/2025 - 22:31:02: [basecommands.smx] "Console<0><Console><Console>" changed cvar (cvar "z_brawl_chance") (value "0")
L 07/09/2025 - 22:31:02: [basecommands.smx] "Console<0><Console><Console>" changed cvar (cvar "sv_maxunlag") (value "1")
L 07/09/2025 - 22:31:02: [basecommands.smx] "Console<0><Console><Console>" changed cvar (cvar "sv_forcepreload") (value "1")
L 07/09/2025 - 22:31:02: [basecommands.smx] "Console<0><Console><Console>" changed cvar (cvar "sv_client_predict") (value "1")
L 07/09/2025 - 22:31:02: [basecommands.smx] "Console<0><Console><Console>" changed cvar (cvar "sv_client_cmdrate_difference") (value "0")
L 07/09/2025 - 22:31:02: [basecommands.smx] "Console<0><Console><Console>" changed cvar (cvar "sv_max_queries_sec_global") (value "10")
L 07/09/2025 - 22:31:02: [basecommands.smx] "Console<0><Console><Console>" changed cvar (cvar "sv_max_queries_sec") (value "3")
L 07/09/2025 - 22:31:02: [basecommands.smx] "Console<0><Console><Console>" changed cvar (cvar "sv_max_queries_window") (value "10")
L 07/09/2025 - 22:31:02: [basecommands.smx] "Console<0><Console><Console>" changed cvar (cvar "sv_player_stuck_tolerance") (value "5")
L 07/09/2025 - 22:31:02: [basecommands.smx] "Console<0><Console><Console>" changed cvar (cvar "sv_stats") (value "0")
L 07/09/2025 - 22:31:02: [basecommands.smx] "Console<0><Console><Console>" changed cvar (cvar "sv_clockcorrection_msecs") (value "25")
L 07/09/2025 - 22:31:03: [optional/l4d2_saferoom_item_remove.smx] Removed 0 saferoom item(s) (start: 0; end: 0).
L 07/09/2025 - 22:32:12: SourceMod log file session started (file "/root/Steam/steamapps/common/L4D21/left4dead2/addons/sourcemod/logs/L20250709.log") (Version "1.12.0.7195")
L 07/09/2025 - 22:32:12: [fixes/firebulletsfix.smx] Found offset for Weapon_ShootPosition 286
L 07/09/2025 - 22:32:14: [basecommands.smx] "Console<0><Console><Console>" changed cvar (cvar "confogl_match_execcfg_plugins") (value "generalfixes.cfg;confogl_plugins.cfg;sharedplugins.cfg")
L 07/09/2025 - 22:32:14: [basecommands.smx] "Console<0><Console><Console>" changed cvar (cvar "l4d2_addons_eclipse") (value "0")
L 07/09/2025 - 22:32:14: [basecommands.smx] "Console<0><Console><Console>" changed cvar (cvar "sv_allow_wait_command") (value "0")
L 07/09/2025 - 22:32:14: [basecommands.smx] "Console<0><Console><Console>" changed cvar (cvar "sv_minrate") (value "100000")
L 07/09/2025 - 22:32:14: [basecommands.smx] "Console<0><Console><Console>" changed cvar (cvar "sv_maxrate") (value "100000")
L 07/09/2025 - 22:32:14: [basecommands.smx] "Console<0><Console><Console>" changed cvar (cvar "sv_minupdaterate") (value "100")
L 07/09/2025 - 22:32:14: [basecommands.smx] "Console<0><Console><Console>" changed cvar (cvar "sv_maxupdaterate") (value "100")
L 07/09/2025 - 22:32:14: [basecommands.smx] "Console<0><Console><Console>" changed cvar (cvar "sv_mincmdrate") (value "100")
L 07/09/2025 - 22:32:14: [basecommands.smx] "Console<0><Console><Console>" changed cvar (cvar "sv_maxcmdrate") (value "100")
L 07/09/2025 - 22:32:14: [basecommands.smx] "Console<0><Console><Console>" changed cvar (cvar "sv_client_min_interp_ratio") (value "-1")
L 07/09/2025 - 22:32:14: [basecommands.smx] "Console<0><Console><Console>" changed cvar (cvar "sv_client_max_interp_ratio") (value "0")
L 07/09/2025 - 22:32:14: [basecommands.smx] "Console<0><Console><Console>" changed cvar (cvar "nb_update_frequency") (value "0.014")
L 07/09/2025 - 22:32:14: [basecommands.smx] "Console<0><Console><Console>" changed cvar (cvar "net_splitpacket_maxrate") (value "50000")
L 07/09/2025 - 22:32:14: [basecommands.smx] "Console<0><Console><Console>" changed cvar (cvar "net_maxcleartime") (value "0.0001")
L 07/09/2025 - 22:32:14: [basecommands.smx] "Console<0><Console><Console>" changed cvar (cvar "fps_max") (value "0")
L 07/09/2025 - 22:32:14: [basecommands.smx] "Console<0><Console><Console>" changed cvar (cvar "tick_door_speed") (value "1.3")
L 07/09/2025 - 22:32:14: [basecommands.smx] "Console<0><Console><Console>" changed cvar (cvar "mv_maxplayers") (value "30")
L 07/09/2025 - 22:32:14: [basecommands.smx] "Console<0><Console><Console>" changed cvar (cvar "mp_autoteambalance") (value "0")
L 07/09/2025 - 22:32:14: [basecommands.smx] "Console<0><Console><Console>" changed cvar (cvar "sv_unlag_fixstuck") (value "1")
L 07/09/2025 - 22:32:14: [basecommands.smx] "Console<0><Console><Console>" changed cvar (cvar "z_brawl_chance") (value "0")
L 07/09/2025 - 22:32:14: [basecommands.smx] "Console<0><Console><Console>" changed cvar (cvar "sv_maxunlag") (value "1")
L 07/09/2025 - 22:32:14: [basecommands.smx] "Console<0><Console><Console>" changed cvar (cvar "sv_forcepreload") (value "1")
L 07/09/2025 - 22:32:14: [basecommands.smx] "Console<0><Console><Console>" changed cvar (cvar "sv_client_predict") (value "1")
L 07/09/2025 - 22:32:14: [basecommands.smx] "Console<0><Console><Console>" changed cvar (cvar "sv_client_cmdrate_difference") (value "0")
L 07/09/2025 - 22:32:14: [basecommands.smx] "Console<0><Console><Console>" changed cvar (cvar "sv_max_queries_sec_global") (value "10")
L 07/09/2025 - 22:32:14: [basecommands.smx] "Console<0><Console><Console>" changed cvar (cvar "sv_max_queries_sec") (value "3")
L 07/09/2025 - 22:32:14: [basecommands.smx] "Console<0><Console><Console>" changed cvar (cvar "sv_max_queries_window") (value "10")
L 07/09/2025 - 22:32:14: [basecommands.smx] "Console<0><Console><Console>" changed cvar (cvar "sv_player_stuck_tolerance") (value "5")
L 07/09/2025 - 22:32:14: [basecommands.smx] "Console<0><Console><Console>" changed cvar (cvar "sv_stats") (value "0")
L 07/09/2025 - 22:32:14: [basecommands.smx] "Console<0><Console><Console>" changed cvar (cvar "sv_clockcorrection_msecs") (value "25")
L 07/09/2025 - 22:32:14: [fixes/firebulletsfix.smx] Found offset for Weapon_ShootPosition 286
L 07/09/2025 - 22:32:18: -------- Mapchange to c2m1_highway --------
L 07/09/2025 - 22:32:19: [basecommands.smx] "Console<0><Console><Console>" changed cvar (cvar "confogl_match_execcfg_plugins") (value "generalfixes.cfg;confogl_plugins.cfg;sharedplugins.cfg")
L 07/09/2025 - 22:32:19: [basecommands.smx] "Console<0><Console><Console>" changed cvar (cvar "l4d2_addons_eclipse") (value "0")
L 07/09/2025 - 22:32:19: [basecommands.smx] "Console<0><Console><Console>" changed cvar (cvar "sv_allow_wait_command") (value "0")
L 07/09/2025 - 22:32:19: [basecommands.smx] "Console<0><Console><Console>" changed cvar (cvar "sv_minrate") (value "100000")
L 07/09/2025 - 22:32:19: [basecommands.smx] "Console<0><Console><Console>" changed cvar (cvar "sv_maxrate") (value "100000")
L 07/09/2025 - 22:32:19: [basecommands.smx] "Console<0><Console><Console>" changed cvar (cvar "sv_minupdaterate") (value "100")
L 07/09/2025 - 22:32:19: [basecommands.smx] "Console<0><Console><Console>" changed cvar (cvar "sv_maxupdaterate") (value "100")
L 07/09/2025 - 22:32:19: [basecommands.smx] "Console<0><Console><Console>" changed cvar (cvar "sv_mincmdrate") (value "100")
L 07/09/2025 - 22:32:19: [basecommands.smx] "Console<0><Console><Console>" changed cvar (cvar "sv_maxcmdrate") (value "100")
L 07/09/2025 - 22:32:19: [basecommands.smx] "Console<0><Console><Console>" changed cvar (cvar "sv_client_min_interp_ratio") (value "-1")
L 07/09/2025 - 22:32:19: [basecommands.smx] "Console<0><Console><Console>" changed cvar (cvar "sv_client_max_interp_ratio") (value "0")
L 07/09/2025 - 22:32:19: [basecommands.smx] "Console<0><Console><Console>" changed cvar (cvar "nb_update_frequency") (value "0.014")
L 07/09/2025 - 22:32:19: [basecommands.smx] "Console<0><Console><Console>" changed cvar (cvar "net_splitpacket_maxrate") (value "50000")
L 07/09/2025 - 22:32:19: [basecommands.smx] "Console<0><Console><Console>" changed cvar (cvar "net_maxcleartime") (value "0.0001")
L 07/09/2025 - 22:32:19: [basecommands.smx] "Console<0><Console><Console>" changed cvar (cvar "fps_max") (value "0")
L 07/09/2025 - 22:32:19: [basecommands.smx] "Console<0><Console><Console>" changed cvar (cvar "tick_door_speed") (value "1.3")
L 07/09/2025 - 22:32:19: [basecommands.smx] "Console<0><Console><Console>" changed cvar (cvar "mv_maxplayers") (value "30")
L 07/09/2025 - 22:32:19: [basecommands.smx] "Console<0><Console><Console>" changed cvar (cvar "mp_autoteambalance") (value "0")
L 07/09/2025 - 22:32:19: [basecommands.smx] "Console<0><Console><Console>" changed cvar (cvar "sv_unlag_fixstuck") (value "1")
L 07/09/2025 - 22:32:19: [basecommands.smx] "Console<0><Console><Console>" changed cvar (cvar "z_brawl_chance") (value "0")
L 07/09/2025 - 22:32:19: [basecommands.smx] "Console<0><Console><Console>" changed cvar (cvar "sv_maxunlag") (value "1")
L 07/09/2025 - 22:32:19: [basecommands.smx] "Console<0><Console><Console>" changed cvar (cvar "sv_forcepreload") (value "1")
L 07/09/2025 - 22:32:19: [basecommands.smx] "Console<0><Console><Console>" changed cvar (cvar "sv_client_predict") (value "1")
L 07/09/2025 - 22:32:19: [basecommands.smx] "Console<0><Console><Console>" changed cvar (cvar "sv_client_cmdrate_difference") (value "0")
L 07/09/2025 - 22:32:19: [basecommands.smx] "Console<0><Console><Console>" changed cvar (cvar "sv_max_queries_sec_global") (value "10")
L 07/09/2025 - 22:32:19: [basecommands.smx] "Console<0><Console><Console>" changed cvar (cvar "sv_max_queries_sec") (value "3")
L 07/09/2025 - 22:32:19: [basecommands.smx] "Console<0><Console><Console>" changed cvar (cvar "sv_max_queries_window") (value "10")
L 07/09/2025 - 22:32:19: [basecommands.smx] "Console<0><Console><Console>" changed cvar (cvar "sv_player_stuck_tolerance") (value "5")
L 07/09/2025 - 22:32:19: [basecommands.smx] "Console<0><Console><Console>" changed cvar (cvar "sv_stats") (value "0")
L 07/09/2025 - 22:32:19: [basecommands.smx] "Console<0><Console><Console>" changed cvar (cvar "sv_clockcorrection_msecs") (value "25")
L 07/09/2025 - 22:32:20: [optional/l4d2_saferoom_item_remove.smx] Removed 0 saferoom item(s) (start: 0; end: 0).
L 07/09/2025 - 22:36:12: [basecommands.smx] "紙飛行機<2><STEAM_1:1:590841514><>" changed map to "c1m1_hotel"
L 07/09/2025 - 22:36:16: -------- Mapchange to c1m1_hotel --------
L 07/09/2025 - 22:36:16: [basecommands.smx] "Console<0><Console><Console>" changed cvar (cvar "confogl_match_execcfg_plugins") (value "generalfixes.cfg;confogl_plugins.cfg;sharedplugins.cfg")
L 07/09/2025 - 22:36:16: [basecommands.smx] "Console<0><Console><Console>" changed cvar (cvar "l4d2_addons_eclipse") (value "0")
L 07/09/2025 - 22:36:16: [basecommands.smx] "Console<0><Console><Console>" changed cvar (cvar "sv_allow_wait_command") (value "0")
L 07/09/2025 - 22:36:16: [basecommands.smx] "Console<0><Console><Console>" changed cvar (cvar "sv_minrate") (value "100000")
L 07/09/2025 - 22:36:16: [basecommands.smx] "Console<0><Console><Console>" changed cvar (cvar "sv_maxrate") (value "100000")
L 07/09/2025 - 22:36:16: [basecommands.smx] "Console<0><Console><Console>" changed cvar (cvar "sv_minupdaterate") (value "100")
L 07/09/2025 - 22:36:16: [basecommands.smx] "Console<0><Console><Console>" changed cvar (cvar "sv_maxupdaterate") (value "100")
L 07/09/2025 - 22:36:16: [basecommands.smx] "Console<0><Console><Console>" changed cvar (cvar "sv_mincmdrate") (value "100")
L 07/09/2025 - 22:36:16: [basecommands.smx] "Console<0><Console><Console>" changed cvar (cvar "sv_maxcmdrate") (value "100")
L 07/09/2025 - 22:36:16: [basecommands.smx] "Console<0><Console><Console>" changed cvar (cvar "sv_client_min_interp_ratio") (value "-1")
L 07/09/2025 - 22:36:16: [basecommands.smx] "Console<0><Console><Console>" changed cvar (cvar "sv_client_max_interp_ratio") (value "0")
L 07/09/2025 - 22:36:16: [basecommands.smx] "Console<0><Console><Console>" changed cvar (cvar "nb_update_frequency") (value "0.014")
L 07/09/2025 - 22:36:16: [basecommands.smx] "Console<0><Console><Console>" changed cvar (cvar "net_splitpacket_maxrate") (value "50000")
L 07/09/2025 - 22:36:16: [basecommands.smx] "Console<0><Console><Console>" changed cvar (cvar "net_maxcleartime") (value "0.0001")
L 07/09/2025 - 22:36:16: [basecommands.smx] "Console<0><Console><Console>" changed cvar (cvar "fps_max") (value "0")
L 07/09/2025 - 22:36:16: [basecommands.smx] "Console<0><Console><Console>" changed cvar (cvar "tick_door_speed") (value "1.3")
L 07/09/2025 - 22:36:16: [basecommands.smx] "Console<0><Console><Console>" changed cvar (cvar "mv_maxplayers") (value "30")
L 07/09/2025 - 22:36:16: [basecommands.smx] "Console<0><Console><Console>" changed cvar (cvar "mp_autoteambalance") (value "0")
L 07/09/2025 - 22:36:16: [basecommands.smx] "Console<0><Console><Console>" changed cvar (cvar "sv_unlag_fixstuck") (value "1")
L 07/09/2025 - 22:36:16: [basecommands.smx] "Console<0><Console><Console>" changed cvar (cvar "z_brawl_chance") (value "0")
L 07/09/2025 - 22:36:16: [basecommands.smx] "Console<0><Console><Console>" changed cvar (cvar "sv_maxunlag") (value "1")
L 07/09/2025 - 22:36:16: [basecommands.smx] "Console<0><Console><Console>" changed cvar (cvar "sv_forcepreload") (value "1")
L 07/09/2025 - 22:36:16: [basecommands.smx] "Console<0><Console><Console>" changed cvar (cvar "sv_client_predict") (value "1")
L 07/09/2025 - 22:36:16: [basecommands.smx] "Console<0><Console><Console>" changed cvar (cvar "sv_client_cmdrate_difference") (value "0")
L 07/09/2025 - 22:36:16: [basecommands.smx] "Console<0><Console><Console>" changed cvar (cvar "sv_max_queries_sec_global") (value "10")
L 07/09/2025 - 22:36:16: [basecommands.smx] "Console<0><Console><Console>" changed cvar (cvar "sv_max_queries_sec") (value "3")
L 07/09/2025 - 22:36:16: [basecommands.smx] "Console<0><Console><Console>" changed cvar (cvar "sv_max_queries_window") (value "10")
L 07/09/2025 - 22:36:16: [basecommands.smx] "Console<0><Console><Console>" changed cvar (cvar "sv_player_stuck_tolerance") (value "5")
L 07/09/2025 - 22:36:16: [basecommands.smx] "Console<0><Console><Console>" changed cvar (cvar "sv_stats") (value "0")
L 07/09/2025 - 22:36:16: [basecommands.smx] "Console<0><Console><Console>" changed cvar (cvar "sv_clockcorrection_msecs") (value "25")
L 07/09/2025 - 22:36:18: [optional/l4d2_saferoom_item_remove.smx] Removed 4 saferoom item(s) (start: 4; end: 0).
L 07/09/2025 - 22:37:52: SourceMod log file session started (file "/root/Steam/steamapps/common/L4D21/left4dead2/addons/sourcemod/logs/L20250709.log") (Version "1.12.0.7195")
L 07/09/2025 - 22:37:52: [fixes/firebulletsfix.smx] Found offset for Weapon_ShootPosition 286
L 07/09/2025 - 22:37:54: [basecommands.smx] "Console<0><Console><Console>" changed cvar (cvar "confogl_match_execcfg_plugins") (value "generalfixes.cfg;confogl_plugins.cfg;sharedplugins.cfg")
L 07/09/2025 - 22:37:54: [basecommands.smx] "Console<0><Console><Console>" changed cvar (cvar "l4d2_addons_eclipse") (value "0")
L 07/09/2025 - 22:37:54: [basecommands.smx] "Console<0><Console><Console>" changed cvar (cvar "sv_allow_wait_command") (value "0")
L 07/09/2025 - 22:37:54: [basecommands.smx] "Console<0><Console><Console>" changed cvar (cvar "sv_minrate") (value "100000")
L 07/09/2025 - 22:37:54: [basecommands.smx] "Console<0><Console><Console>" changed cvar (cvar "sv_maxrate") (value "100000")
L 07/09/2025 - 22:37:54: [basecommands.smx] "Console<0><Console><Console>" changed cvar (cvar "sv_minupdaterate") (value "100")
L 07/09/2025 - 22:37:54: [basecommands.smx] "Console<0><Console><Console>" changed cvar (cvar "sv_maxupdaterate") (value "100")
L 07/09/2025 - 22:37:54: [basecommands.smx] "Console<0><Console><Console>" changed cvar (cvar "sv_mincmdrate") (value "100")
L 07/09/2025 - 22:37:54: [basecommands.smx] "Console<0><Console><Console>" changed cvar (cvar "sv_maxcmdrate") (value "100")
L 07/09/2025 - 22:37:54: [basecommands.smx] "Console<0><Console><Console>" changed cvar (cvar "sv_client_min_interp_ratio") (value "-1")
L 07/09/2025 - 22:37:54: [basecommands.smx] "Console<0><Console><Console>" changed cvar (cvar "sv_client_max_interp_ratio") (value "0")
L 07/09/2025 - 22:37:54: [basecommands.smx] "Console<0><Console><Console>" changed cvar (cvar "nb_update_frequency") (value "0.014")
L 07/09/2025 - 22:37:54: [basecommands.smx] "Console<0><Console><Console>" changed cvar (cvar "net_splitpacket_maxrate") (value "50000")
L 07/09/2025 - 22:37:54: [basecommands.smx] "Console<0><Console><Console>" changed cvar (cvar "net_maxcleartime") (value "0.0001")
L 07/09/2025 - 22:37:54: [basecommands.smx] "Console<0><Console><Console>" changed cvar (cvar "fps_max") (value "0")
L 07/09/2025 - 22:37:54: [basecommands.smx] "Console<0><Console><Console>" changed cvar (cvar "tick_door_speed") (value "1.3")
L 07/09/2025 - 22:37:54: [basecommands.smx] "Console<0><Console><Console>" changed cvar (cvar "mv_maxplayers") (value "30")
L 07/09/2025 - 22:37:54: [basecommands.smx] "Console<0><Console><Console>" changed cvar (cvar "mp_autoteambalance") (value "0")
L 07/09/2025 - 22:37:54: [basecommands.smx] "Console<0><Console><Console>" changed cvar (cvar "sv_unlag_fixstuck") (value "1")
L 07/09/2025 - 22:37:54: [basecommands.smx] "Console<0><Console><Console>" changed cvar (cvar "z_brawl_chance") (value "0")
L 07/09/2025 - 22:37:54: [basecommands.smx] "Console<0><Console><Console>" changed cvar (cvar "sv_maxunlag") (value "1")
L 07/09/2025 - 22:37:54: [basecommands.smx] "Console<0><Console><Console>" changed cvar (cvar "sv_forcepreload") (value "1")
L 07/09/2025 - 22:37:54: [basecommands.smx] "Console<0><Console><Console>" changed cvar (cvar "sv_client_predict") (value "1")
L 07/09/2025 - 22:37:54: [basecommands.smx] "Console<0><Console><Console>" changed cvar (cvar "sv_client_cmdrate_difference") (value "0")
L 07/09/2025 - 22:37:54: [basecommands.smx] "Console<0><Console><Console>" changed cvar (cvar "sv_max_queries_sec_global") (value "10")
L 07/09/2025 - 22:37:54: [basecommands.smx] "Console<0><Console><Console>" changed cvar (cvar "sv_max_queries_sec") (value "3")
L 07/09/2025 - 22:37:54: [basecommands.smx] "Console<0><Console><Console>" changed cvar (cvar "sv_max_queries_window") (value "10")
L 07/09/2025 - 22:37:54: [basecommands.smx] "Console<0><Console><Console>" changed cvar (cvar "sv_player_stuck_tolerance") (value "5")
L 07/09/2025 - 22:37:54: [basecommands.smx] "Console<0><Console><Console>" changed cvar (cvar "sv_stats") (value "0")
L 07/09/2025 - 22:37:54: [basecommands.smx] "Console<0><Console><Console>" changed cvar (cvar "sv_clockcorrection_msecs") (value "25")
L 07/09/2025 - 22:37:55: [fixes/firebulletsfix.smx] Found offset for Weapon_ShootPosition 286
L 07/09/2025 - 22:37:55: [optional/l4d2_item_hint.smx] 
==========
Warning: You should install "[L4D & L4D2] Use Priority Patch" to fix attached models blocking +USE action (item hint): https://forums.alliedmods.net/showthread.php?t=327511
==========

L 07/09/2025 - 22:37:58: -------- Mapchange to c2m1_highway --------
L 07/09/2025 - 22:38:00: [basecommands.smx] "Console<0><Console><Console>" changed cvar (cvar "confogl_match_execcfg_plugins") (value "generalfixes.cfg;confogl_plugins.cfg;sharedplugins.cfg")
L 07/09/2025 - 22:38:00: [basecommands.smx] "Console<0><Console><Console>" changed cvar (cvar "l4d2_addons_eclipse") (value "0")
L 07/09/2025 - 22:38:00: [basecommands.smx] "Console<0><Console><Console>" changed cvar (cvar "sv_allow_wait_command") (value "0")
L 07/09/2025 - 22:38:00: [basecommands.smx] "Console<0><Console><Console>" changed cvar (cvar "sv_minrate") (value "100000")
L 07/09/2025 - 22:38:00: [basecommands.smx] "Console<0><Console><Console>" changed cvar (cvar "sv_maxrate") (value "100000")
L 07/09/2025 - 22:38:00: [basecommands.smx] "Console<0><Console><Console>" changed cvar (cvar "sv_minupdaterate") (value "100")
L 07/09/2025 - 22:38:00: [basecommands.smx] "Console<0><Console><Console>" changed cvar (cvar "sv_maxupdaterate") (value "100")
L 07/09/2025 - 22:38:00: [basecommands.smx] "Console<0><Console><Console>" changed cvar (cvar "sv_mincmdrate") (value "100")
L 07/09/2025 - 22:38:00: [basecommands.smx] "Console<0><Console><Console>" changed cvar (cvar "sv_maxcmdrate") (value "100")
L 07/09/2025 - 22:38:00: [basecommands.smx] "Console<0><Console><Console>" changed cvar (cvar "sv_client_min_interp_ratio") (value "-1")
L 07/09/2025 - 22:38:00: [basecommands.smx] "Console<0><Console><Console>" changed cvar (cvar "sv_client_max_interp_ratio") (value "0")
L 07/09/2025 - 22:38:00: [basecommands.smx] "Console<0><Console><Console>" changed cvar (cvar "nb_update_frequency") (value "0.014")
L 07/09/2025 - 22:38:00: [basecommands.smx] "Console<0><Console><Console>" changed cvar (cvar "net_splitpacket_maxrate") (value "50000")
L 07/09/2025 - 22:38:00: [basecommands.smx] "Console<0><Console><Console>" changed cvar (cvar "net_maxcleartime") (value "0.0001")
L 07/09/2025 - 22:38:00: [basecommands.smx] "Console<0><Console><Console>" changed cvar (cvar "fps_max") (value "0")
L 07/09/2025 - 22:38:00: [basecommands.smx] "Console<0><Console><Console>" changed cvar (cvar "tick_door_speed") (value "1.3")
L 07/09/2025 - 22:38:00: [basecommands.smx] "Console<0><Console><Console>" changed cvar (cvar "mv_maxplayers") (value "30")
L 07/09/2025 - 22:38:00: [basecommands.smx] "Console<0><Console><Console>" changed cvar (cvar "mp_autoteambalance") (value "0")
L 07/09/2025 - 22:38:00: [basecommands.smx] "Console<0><Console><Console>" changed cvar (cvar "sv_unlag_fixstuck") (value "1")
L 07/09/2025 - 22:38:00: [basecommands.smx] "Console<0><Console><Console>" changed cvar (cvar "z_brawl_chance") (value "0")
L 07/09/2025 - 22:38:00: [basecommands.smx] "Console<0><Console><Console>" changed cvar (cvar "sv_maxunlag") (value "1")
L 07/09/2025 - 22:38:00: [basecommands.smx] "Console<0><Console><Console>" changed cvar (cvar "sv_forcepreload") (value "1")
L 07/09/2025 - 22:38:00: [basecommands.smx] "Console<0><Console><Console>" changed cvar (cvar "sv_client_predict") (value "1")
L 07/09/2025 - 22:38:00: [basecommands.smx] "Console<0><Console><Console>" changed cvar (cvar "sv_client_cmdrate_difference") (value "0")
L 07/09/2025 - 22:38:00: [basecommands.smx] "Console<0><Console><Console>" changed cvar (cvar "sv_max_queries_sec_global") (value "10")
L 07/09/2025 - 22:38:00: [basecommands.smx] "Console<0><Console><Console>" changed cvar (cvar "sv_max_queries_sec") (value "3")
L 07/09/2025 - 22:38:00: [basecommands.smx] "Console<0><Console><Console>" changed cvar (cvar "sv_max_queries_window") (value "10")
L 07/09/2025 - 22:38:00: [basecommands.smx] "Console<0><Console><Console>" changed cvar (cvar "sv_player_stuck_tolerance") (value "5")
L 07/09/2025 - 22:38:00: [basecommands.smx] "Console<0><Console><Console>" changed cvar (cvar "sv_stats") (value "0")
L 07/09/2025 - 22:38:00: [basecommands.smx] "Console<0><Console><Console>" changed cvar (cvar "sv_clockcorrection_msecs") (value "25")
L 07/09/2025 - 22:38:01: [optional/l4d2_saferoom_item_remove.smx] Removed 0 saferoom item(s) (start: 0; end: 0).
L 07/09/2025 - 22:42:16: [basecommands.smx] "紙飛行機<2><STEAM_1:1:590841514><>" changed map to "c1m1_hotel"
L 07/09/2025 - 22:42:20: -------- Mapchange to c1m1_hotel --------
L 07/09/2025 - 22:42:21: [basecommands.smx] "Console<0><Console><Console>" changed cvar (cvar "confogl_match_execcfg_plugins") (value "generalfixes.cfg;confogl_plugins.cfg;sharedplugins.cfg")
L 07/09/2025 - 22:42:21: [basecommands.smx] "Console<0><Console><Console>" changed cvar (cvar "l4d2_addons_eclipse") (value "0")
L 07/09/2025 - 22:42:21: [basecommands.smx] "Console<0><Console><Console>" changed cvar (cvar "sv_allow_wait_command") (value "0")
L 07/09/2025 - 22:42:21: [basecommands.smx] "Console<0><Console><Console>" changed cvar (cvar "sv_minrate") (value "100000")
L 07/09/2025 - 22:42:21: [basecommands.smx] "Console<0><Console><Console>" changed cvar (cvar "sv_maxrate") (value "100000")
L 07/09/2025 - 22:42:21: [basecommands.smx] "Console<0><Console><Console>" changed cvar (cvar "sv_minupdaterate") (value "100")
L 07/09/2025 - 22:42:21: [basecommands.smx] "Console<0><Console><Console>" changed cvar (cvar "sv_maxupdaterate") (value "100")
L 07/09/2025 - 22:42:21: [basecommands.smx] "Console<0><Console><Console>" changed cvar (cvar "sv_mincmdrate") (value "100")
L 07/09/2025 - 22:42:21: [basecommands.smx] "Console<0><Console><Console>" changed cvar (cvar "sv_maxcmdrate") (value "100")
L 07/09/2025 - 22:42:21: [basecommands.smx] "Console<0><Console><Console>" changed cvar (cvar "sv_client_min_interp_ratio") (value "-1")
L 07/09/2025 - 22:42:21: [basecommands.smx] "Console<0><Console><Console>" changed cvar (cvar "sv_client_max_interp_ratio") (value "0")
L 07/09/2025 - 22:42:21: [basecommands.smx] "Console<0><Console><Console>" changed cvar (cvar "nb_update_frequency") (value "0.014")
L 07/09/2025 - 22:42:21: [basecommands.smx] "Console<0><Console><Console>" changed cvar (cvar "net_splitpacket_maxrate") (value "50000")
L 07/09/2025 - 22:42:21: [basecommands.smx] "Console<0><Console><Console>" changed cvar (cvar "net_maxcleartime") (value "0.0001")
L 07/09/2025 - 22:42:21: [basecommands.smx] "Console<0><Console><Console>" changed cvar (cvar "fps_max") (value "0")
L 07/09/2025 - 22:42:21: [basecommands.smx] "Console<0><Console><Console>" changed cvar (cvar "tick_door_speed") (value "1.3")
L 07/09/2025 - 22:42:21: [basecommands.smx] "Console<0><Console><Console>" changed cvar (cvar "mv_maxplayers") (value "30")
L 07/09/2025 - 22:42:21: [basecommands.smx] "Console<0><Console><Console>" changed cvar (cvar "mp_autoteambalance") (value "0")
L 07/09/2025 - 22:42:21: [basecommands.smx] "Console<0><Console><Console>" changed cvar (cvar "sv_unlag_fixstuck") (value "1")
L 07/09/2025 - 22:42:21: [basecommands.smx] "Console<0><Console><Console>" changed cvar (cvar "z_brawl_chance") (value "0")
L 07/09/2025 - 22:42:21: [basecommands.smx] "Console<0><Console><Console>" changed cvar (cvar "sv_maxunlag") (value "1")
L 07/09/2025 - 22:42:21: [basecommands.smx] "Console<0><Console><Console>" changed cvar (cvar "sv_forcepreload") (value "1")
L 07/09/2025 - 22:42:21: [basecommands.smx] "Console<0><Console><Console>" changed cvar (cvar "sv_client_predict") (value "1")
L 07/09/2025 - 22:42:21: [basecommands.smx] "Console<0><Console><Console>" changed cvar (cvar "sv_client_cmdrate_difference") (value "0")
L 07/09/2025 - 22:42:21: [basecommands.smx] "Console<0><Console><Console>" changed cvar (cvar "sv_max_queries_sec_global") (value "10")
L 07/09/2025 - 22:42:21: [basecommands.smx] "Console<0><Console><Console>" changed cvar (cvar "sv_max_queries_sec") (value "3")
L 07/09/2025 - 22:42:21: [basecommands.smx] "Console<0><Console><Console>" changed cvar (cvar "sv_max_queries_window") (value "10")
L 07/09/2025 - 22:42:21: [basecommands.smx] "Console<0><Console><Console>" changed cvar (cvar "sv_player_stuck_tolerance") (value "5")
L 07/09/2025 - 22:42:21: [basecommands.smx] "Console<0><Console><Console>" changed cvar (cvar "sv_stats") (value "0")
L 07/09/2025 - 22:42:21: [basecommands.smx] "Console<0><Console><Console>" changed cvar (cvar "sv_clockcorrection_msecs") (value "25")
L 07/09/2025 - 22:42:22: [optional/l4d2_saferoom_item_remove.smx] Removed 4 saferoom item(s) (start: 4; end: 0).
L 07/09/2025 - 22:45:09: [optional/l4d2_saferoom_item_remove.smx] Removed 4 saferoom item(s) (start: 4; end: 0).
L 07/09/2025 - 22:46:51: [basecommands.smx] "紙飛行機<2><STEAM_1:1:590841514><>" changed map to "c2m2_fairgrounds"
L 07/09/2025 - 22:46:55: -------- Mapchange to c2m2_fairgrounds --------
L 07/09/2025 - 22:46:56: [basecommands.smx] "Console<0><Console><Console>" changed cvar (cvar "confogl_match_execcfg_plugins") (value "generalfixes.cfg;confogl_plugins.cfg;sharedplugins.cfg")
L 07/09/2025 - 22:46:56: [basecommands.smx] "Console<0><Console><Console>" changed cvar (cvar "l4d2_addons_eclipse") (value "0")
L 07/09/2025 - 22:46:56: [basecommands.smx] "Console<0><Console><Console>" changed cvar (cvar "sv_allow_wait_command") (value "0")
L 07/09/2025 - 22:46:56: [basecommands.smx] "Console<0><Console><Console>" changed cvar (cvar "sv_minrate") (value "100000")
L 07/09/2025 - 22:46:56: [basecommands.smx] "Console<0><Console><Console>" changed cvar (cvar "sv_maxrate") (value "100000")
L 07/09/2025 - 22:46:56: [basecommands.smx] "Console<0><Console><Console>" changed cvar (cvar "sv_minupdaterate") (value "100")
L 07/09/2025 - 22:46:56: [basecommands.smx] "Console<0><Console><Console>" changed cvar (cvar "sv_maxupdaterate") (value "100")
L 07/09/2025 - 22:46:56: [basecommands.smx] "Console<0><Console><Console>" changed cvar (cvar "sv_mincmdrate") (value "100")
L 07/09/2025 - 22:46:56: [basecommands.smx] "Console<0><Console><Console>" changed cvar (cvar "sv_maxcmdrate") (value "100")
L 07/09/2025 - 22:46:56: [basecommands.smx] "Console<0><Console><Console>" changed cvar (cvar "sv_client_min_interp_ratio") (value "-1")
L 07/09/2025 - 22:46:56: [basecommands.smx] "Console<0><Console><Console>" changed cvar (cvar "sv_client_max_interp_ratio") (value "0")
L 07/09/2025 - 22:46:56: [basecommands.smx] "Console<0><Console><Console>" changed cvar (cvar "nb_update_frequency") (value "0.014")
L 07/09/2025 - 22:46:56: [basecommands.smx] "Console<0><Console><Console>" changed cvar (cvar "net_splitpacket_maxrate") (value "50000")
L 07/09/2025 - 22:46:56: [basecommands.smx] "Console<0><Console><Console>" changed cvar (cvar "net_maxcleartime") (value "0.0001")
L 07/09/2025 - 22:46:56: [basecommands.smx] "Console<0><Console><Console>" changed cvar (cvar "fps_max") (value "0")
L 07/09/2025 - 22:46:56: [basecommands.smx] "Console<0><Console><Console>" changed cvar (cvar "tick_door_speed") (value "1.3")
L 07/09/2025 - 22:46:56: [basecommands.smx] "Console<0><Console><Console>" changed cvar (cvar "mv_maxplayers") (value "30")
L 07/09/2025 - 22:46:56: [basecommands.smx] "Console<0><Console><Console>" changed cvar (cvar "mp_autoteambalance") (value "0")
L 07/09/2025 - 22:46:56: [basecommands.smx] "Console<0><Console><Console>" changed cvar (cvar "sv_unlag_fixstuck") (value "1")
L 07/09/2025 - 22:46:56: [basecommands.smx] "Console<0><Console><Console>" changed cvar (cvar "z_brawl_chance") (value "0")
L 07/09/2025 - 22:46:56: [basecommands.smx] "Console<0><Console><Console>" changed cvar (cvar "sv_maxunlag") (value "1")
L 07/09/2025 - 22:46:56: [basecommands.smx] "Console<0><Console><Console>" changed cvar (cvar "sv_forcepreload") (value "1")
L 07/09/2025 - 22:46:56: [basecommands.smx] "Console<0><Console><Console>" changed cvar (cvar "sv_client_predict") (value "1")
L 07/09/2025 - 22:46:56: [basecommands.smx] "Console<0><Console><Console>" changed cvar (cvar "sv_client_cmdrate_difference") (value "0")
L 07/09/2025 - 22:46:56: [basecommands.smx] "Console<0><Console><Console>" changed cvar (cvar "sv_max_queries_sec_global") (value "10")
L 07/09/2025 - 22:46:56: [basecommands.smx] "Console<0><Console><Console>" changed cvar (cvar "sv_max_queries_sec") (value "3")
L 07/09/2025 - 22:46:56: [basecommands.smx] "Console<0><Console><Console>" changed cvar (cvar "sv_max_queries_window") (value "10")
L 07/09/2025 - 22:46:56: [basecommands.smx] "Console<0><Console><Console>" changed cvar (cvar "sv_player_stuck_tolerance") (value "5")
L 07/09/2025 - 22:46:56: [basecommands.smx] "Console<0><Console><Console>" changed cvar (cvar "sv_stats") (value "0")
L 07/09/2025 - 22:46:56: [basecommands.smx] "Console<0><Console><Console>" changed cvar (cvar "sv_clockcorrection_msecs") (value "25")
L 07/09/2025 - 22:46:58: [optional/l4d2_saferoom_item_remove.smx] Removed 0 saferoom item(s) (start: 0; end: 0).
L 07/09/2025 - 22:48:20: [basecommands.smx] "紙飛行機<2><STEAM_1:1:590841514><>" changed map to "c2m3_coaster"
L 07/09/2025 - 22:48:24: -------- Mapchange to c2m3_coaster --------
L 07/09/2025 - 22:48:25: [basecommands.smx] "Console<0><Console><Console>" changed cvar (cvar "confogl_match_execcfg_plugins") (value "generalfixes.cfg;confogl_plugins.cfg;sharedplugins.cfg")
L 07/09/2025 - 22:48:25: [basecommands.smx] "Console<0><Console><Console>" changed cvar (cvar "l4d2_addons_eclipse") (value "0")
L 07/09/2025 - 22:48:25: [basecommands.smx] "Console<0><Console><Console>" changed cvar (cvar "sv_allow_wait_command") (value "0")
L 07/09/2025 - 22:48:25: [basecommands.smx] "Console<0><Console><Console>" changed cvar (cvar "sv_minrate") (value "100000")
L 07/09/2025 - 22:48:25: [basecommands.smx] "Console<0><Console><Console>" changed cvar (cvar "sv_maxrate") (value "100000")
L 07/09/2025 - 22:48:25: [basecommands.smx] "Console<0><Console><Console>" changed cvar (cvar "sv_minupdaterate") (value "100")
L 07/09/2025 - 22:48:25: [basecommands.smx] "Console<0><Console><Console>" changed cvar (cvar "sv_maxupdaterate") (value "100")
L 07/09/2025 - 22:48:25: [basecommands.smx] "Console<0><Console><Console>" changed cvar (cvar "sv_mincmdrate") (value "100")
L 07/09/2025 - 22:48:25: [basecommands.smx] "Console<0><Console><Console>" changed cvar (cvar "sv_maxcmdrate") (value "100")
L 07/09/2025 - 22:48:25: [basecommands.smx] "Console<0><Console><Console>" changed cvar (cvar "sv_client_min_interp_ratio") (value "-1")
L 07/09/2025 - 22:48:25: [basecommands.smx] "Console<0><Console><Console>" changed cvar (cvar "sv_client_max_interp_ratio") (value "0")
L 07/09/2025 - 22:48:25: [basecommands.smx] "Console<0><Console><Console>" changed cvar (cvar "nb_update_frequency") (value "0.014")
L 07/09/2025 - 22:48:25: [basecommands.smx] "Console<0><Console><Console>" changed cvar (cvar "net_splitpacket_maxrate") (value "50000")
L 07/09/2025 - 22:48:25: [basecommands.smx] "Console<0><Console><Console>" changed cvar (cvar "net_maxcleartime") (value "0.0001")
L 07/09/2025 - 22:48:25: [basecommands.smx] "Console<0><Console><Console>" changed cvar (cvar "fps_max") (value "0")
L 07/09/2025 - 22:48:25: [basecommands.smx] "Console<0><Console><Console>" changed cvar (cvar "tick_door_speed") (value "1.3")
L 07/09/2025 - 22:48:25: [basecommands.smx] "Console<0><Console><Console>" changed cvar (cvar "mv_maxplayers") (value "30")
L 07/09/2025 - 22:48:25: [basecommands.smx] "Console<0><Console><Console>" changed cvar (cvar "mp_autoteambalance") (value "0")
L 07/09/2025 - 22:48:25: [basecommands.smx] "Console<0><Console><Console>" changed cvar (cvar "sv_unlag_fixstuck") (value "1")
L 07/09/2025 - 22:48:25: [basecommands.smx] "Console<0><Console><Console>" changed cvar (cvar "z_brawl_chance") (value "0")
L 07/09/2025 - 22:48:25: [basecommands.smx] "Console<0><Console><Console>" changed cvar (cvar "sv_maxunlag") (value "1")
L 07/09/2025 - 22:48:25: [basecommands.smx] "Console<0><Console><Console>" changed cvar (cvar "sv_forcepreload") (value "1")
L 07/09/2025 - 22:48:25: [basecommands.smx] "Console<0><Console><Console>" changed cvar (cvar "sv_client_predict") (value "1")
L 07/09/2025 - 22:48:25: [basecommands.smx] "Console<0><Console><Console>" changed cvar (cvar "sv_client_cmdrate_difference") (value "0")
L 07/09/2025 - 22:48:25: [basecommands.smx] "Console<0><Console><Console>" changed cvar (cvar "sv_max_queries_sec_global") (value "10")
L 07/09/2025 - 22:48:25: [basecommands.smx] "Console<0><Console><Console>" changed cvar (cvar "sv_max_queries_sec") (value "3")
L 07/09/2025 - 22:48:25: [basecommands.smx] "Console<0><Console><Console>" changed cvar (cvar "sv_max_queries_window") (value "10")
L 07/09/2025 - 22:48:25: [basecommands.smx] "Console<0><Console><Console>" changed cvar (cvar "sv_player_stuck_tolerance") (value "5")
L 07/09/2025 - 22:48:25: [basecommands.smx] "Console<0><Console><Console>" changed cvar (cvar "sv_stats") (value "0")
L 07/09/2025 - 22:48:25: [basecommands.smx] "Console<0><Console><Console>" changed cvar (cvar "sv_clockcorrection_msecs") (value "25")
L 07/09/2025 - 22:48:26: [optional/l4d2_saferoom_item_remove.smx] Removed 0 saferoom item(s) (start: 0; end: 0).
L 07/09/2025 - 22:49:33: [basecommands.smx] "紙飛行機<2><STEAM_1:1:590841514><>" changed map to "c2m1_highway"
L 07/09/2025 - 22:49:37: -------- Mapchange to c2m1_highway --------
L 07/09/2025 - 22:49:38: [basecommands.smx] "Console<0><Console><Console>" changed cvar (cvar "confogl_match_execcfg_plugins") (value "generalfixes.cfg;confogl_plugins.cfg;sharedplugins.cfg")
L 07/09/2025 - 22:49:38: [basecommands.smx] "Console<0><Console><Console>" changed cvar (cvar "l4d2_addons_eclipse") (value "0")
L 07/09/2025 - 22:49:38: [basecommands.smx] "Console<0><Console><Console>" changed cvar (cvar "sv_allow_wait_command") (value "0")
L 07/09/2025 - 22:49:38: [basecommands.smx] "Console<0><Console><Console>" changed cvar (cvar "sv_minrate") (value "100000")
L 07/09/2025 - 22:49:38: [basecommands.smx] "Console<0><Console><Console>" changed cvar (cvar "sv_maxrate") (value "100000")
L 07/09/2025 - 22:49:38: [basecommands.smx] "Console<0><Console><Console>" changed cvar (cvar "sv_minupdaterate") (value "100")
L 07/09/2025 - 22:49:38: [basecommands.smx] "Console<0><Console><Console>" changed cvar (cvar "sv_maxupdaterate") (value "100")
L 07/09/2025 - 22:49:38: [basecommands.smx] "Console<0><Console><Console>" changed cvar (cvar "sv_mincmdrate") (value "100")
L 07/09/2025 - 22:49:38: [basecommands.smx] "Console<0><Console><Console>" changed cvar (cvar "sv_maxcmdrate") (value "100")
L 07/09/2025 - 22:49:38: [basecommands.smx] "Console<0><Console><Console>" changed cvar (cvar "sv_client_min_interp_ratio") (value "-1")
L 07/09/2025 - 22:49:38: [basecommands.smx] "Console<0><Console><Console>" changed cvar (cvar "sv_client_max_interp_ratio") (value "0")
L 07/09/2025 - 22:49:38: [basecommands.smx] "Console<0><Console><Console>" changed cvar (cvar "nb_update_frequency") (value "0.014")
L 07/09/2025 - 22:49:38: [basecommands.smx] "Console<0><Console><Console>" changed cvar (cvar "net_splitpacket_maxrate") (value "50000")
L 07/09/2025 - 22:49:38: [basecommands.smx] "Console<0><Console><Console>" changed cvar (cvar "net_maxcleartime") (value "0.0001")
L 07/09/2025 - 22:49:38: [basecommands.smx] "Console<0><Console><Console>" changed cvar (cvar "fps_max") (value "0")
L 07/09/2025 - 22:49:38: [basecommands.smx] "Console<0><Console><Console>" changed cvar (cvar "tick_door_speed") (value "1.3")
L 07/09/2025 - 22:49:38: [basecommands.smx] "Console<0><Console><Console>" changed cvar (cvar "mv_maxplayers") (value "30")
L 07/09/2025 - 22:49:38: [basecommands.smx] "Console<0><Console><Console>" changed cvar (cvar "mp_autoteambalance") (value "0")
L 07/09/2025 - 22:49:38: [basecommands.smx] "Console<0><Console><Console>" changed cvar (cvar "sv_unlag_fixstuck") (value "1")
L 07/09/2025 - 22:49:38: [basecommands.smx] "Console<0><Console><Console>" changed cvar (cvar "z_brawl_chance") (value "0")
L 07/09/2025 - 22:49:38: [basecommands.smx] "Console<0><Console><Console>" changed cvar (cvar "sv_maxunlag") (value "1")
L 07/09/2025 - 22:49:38: [basecommands.smx] "Console<0><Console><Console>" changed cvar (cvar "sv_forcepreload") (value "1")
L 07/09/2025 - 22:49:38: [basecommands.smx] "Console<0><Console><Console>" changed cvar (cvar "sv_client_predict") (value "1")
L 07/09/2025 - 22:49:38: [basecommands.smx] "Console<0><Console><Console>" changed cvar (cvar "sv_client_cmdrate_difference") (value "0")
L 07/09/2025 - 22:49:38: [basecommands.smx] "Console<0><Console><Console>" changed cvar (cvar "sv_max_queries_sec_global") (value "10")
L 07/09/2025 - 22:49:38: [basecommands.smx] "Console<0><Console><Console>" changed cvar (cvar "sv_max_queries_sec") (value "3")
L 07/09/2025 - 22:49:38: [basecommands.smx] "Console<0><Console><Console>" changed cvar (cvar "sv_max_queries_window") (value "10")
L 07/09/2025 - 22:49:38: [basecommands.smx] "Console<0><Console><Console>" changed cvar (cvar "sv_player_stuck_tolerance") (value "5")
L 07/09/2025 - 22:49:38: [basecommands.smx] "Console<0><Console><Console>" changed cvar (cvar "sv_stats") (value "0")
L 07/09/2025 - 22:49:38: [basecommands.smx] "Console<0><Console><Console>" changed cvar (cvar "sv_clockcorrection_msecs") (value "25")
L 07/09/2025 - 22:49:39: [optional/l4d2_saferoom_item_remove.smx] Removed 0 saferoom item(s) (start: 0; end: 0).
L 07/09/2025 - 22:50:32: SourceMod log file session started (file "/root/Steam/steamapps/common/L4D21/left4dead2/addons/sourcemod/logs/L20250709.log") (Version "1.12.0.7195")
L 07/09/2025 - 22:50:32: [fixes/firebulletsfix.smx] Found offset for Weapon_ShootPosition 286
L 07/09/2025 - 22:50:33: [basecommands.smx] "Console<0><Console><Console>" changed cvar (cvar "confogl_match_execcfg_plugins") (value "generalfixes.cfg;confogl_plugins.cfg;sharedplugins.cfg")
L 07/09/2025 - 22:50:33: [basecommands.smx] "Console<0><Console><Console>" changed cvar (cvar "l4d2_addons_eclipse") (value "0")
L 07/09/2025 - 22:50:33: [basecommands.smx] "Console<0><Console><Console>" changed cvar (cvar "sv_allow_wait_command") (value "0")
L 07/09/2025 - 22:50:33: [basecommands.smx] "Console<0><Console><Console>" changed cvar (cvar "sv_minrate") (value "100000")
L 07/09/2025 - 22:50:33: [basecommands.smx] "Console<0><Console><Console>" changed cvar (cvar "sv_maxrate") (value "100000")
L 07/09/2025 - 22:50:33: [basecommands.smx] "Console<0><Console><Console>" changed cvar (cvar "sv_minupdaterate") (value "100")
L 07/09/2025 - 22:50:33: [basecommands.smx] "Console<0><Console><Console>" changed cvar (cvar "sv_maxupdaterate") (value "100")
L 07/09/2025 - 22:50:33: [basecommands.smx] "Console<0><Console><Console>" changed cvar (cvar "sv_mincmdrate") (value "100")
L 07/09/2025 - 22:50:33: [basecommands.smx] "Console<0><Console><Console>" changed cvar (cvar "sv_maxcmdrate") (value "100")
L 07/09/2025 - 22:50:33: [basecommands.smx] "Console<0><Console><Console>" changed cvar (cvar "sv_client_min_interp_ratio") (value "-1")
L 07/09/2025 - 22:50:33: [basecommands.smx] "Console<0><Console><Console>" changed cvar (cvar "sv_client_max_interp_ratio") (value "0")
L 07/09/2025 - 22:50:33: [basecommands.smx] "Console<0><Console><Console>" changed cvar (cvar "nb_update_frequency") (value "0.014")
L 07/09/2025 - 22:50:33: [basecommands.smx] "Console<0><Console><Console>" changed cvar (cvar "net_splitpacket_maxrate") (value "50000")
L 07/09/2025 - 22:50:33: [basecommands.smx] "Console<0><Console><Console>" changed cvar (cvar "net_maxcleartime") (value "0.0001")
L 07/09/2025 - 22:50:33: [basecommands.smx] "Console<0><Console><Console>" changed cvar (cvar "fps_max") (value "0")
L 07/09/2025 - 22:50:33: [basecommands.smx] "Console<0><Console><Console>" changed cvar (cvar "tick_door_speed") (value "1.3")
L 07/09/2025 - 22:50:33: [basecommands.smx] "Console<0><Console><Console>" changed cvar (cvar "mv_maxplayers") (value "30")
L 07/09/2025 - 22:50:33: [basecommands.smx] "Console<0><Console><Console>" changed cvar (cvar "mp_autoteambalance") (value "0")
L 07/09/2025 - 22:50:33: [basecommands.smx] "Console<0><Console><Console>" changed cvar (cvar "sv_unlag_fixstuck") (value "1")
L 07/09/2025 - 22:50:33: [basecommands.smx] "Console<0><Console><Console>" changed cvar (cvar "z_brawl_chance") (value "0")
L 07/09/2025 - 22:50:33: [basecommands.smx] "Console<0><Console><Console>" changed cvar (cvar "sv_maxunlag") (value "1")
L 07/09/2025 - 22:50:33: [basecommands.smx] "Console<0><Console><Console>" changed cvar (cvar "sv_forcepreload") (value "1")
L 07/09/2025 - 22:50:33: [basecommands.smx] "Console<0><Console><Console>" changed cvar (cvar "sv_client_predict") (value "1")
L 07/09/2025 - 22:50:33: [basecommands.smx] "Console<0><Console><Console>" changed cvar (cvar "sv_client_cmdrate_difference") (value "0")
L 07/09/2025 - 22:50:33: [basecommands.smx] "Console<0><Console><Console>" changed cvar (cvar "sv_max_queries_sec_global") (value "10")
L 07/09/2025 - 22:50:33: [basecommands.smx] "Console<0><Console><Console>" changed cvar (cvar "sv_max_queries_sec") (value "3")
L 07/09/2025 - 22:50:33: [basecommands.smx] "Console<0><Console><Console>" changed cvar (cvar "sv_max_queries_window") (value "10")
L 07/09/2025 - 22:50:33: [basecommands.smx] "Console<0><Console><Console>" changed cvar (cvar "sv_player_stuck_tolerance") (value "5")
L 07/09/2025 - 22:50:33: [basecommands.smx] "Console<0><Console><Console>" changed cvar (cvar "sv_stats") (value "0")
L 07/09/2025 - 22:50:33: [basecommands.smx] "Console<0><Console><Console>" changed cvar (cvar "sv_clockcorrection_msecs") (value "25")
L 07/09/2025 - 22:50:34: [fixes/firebulletsfix.smx] Found offset for Weapon_ShootPosition 286
L 07/09/2025 - 22:50:34: [optional/l4d2_item_hint.smx] 
==========
Warning: You should install "[L4D & L4D2] Use Priority Patch" to fix attached models blocking +USE action (item hint): https://forums.alliedmods.net/showthread.php?t=327511
==========

L 07/09/2025 - 22:50:38: -------- Mapchange to c2m1_highway --------
L 07/09/2025 - 22:50:39: [basecommands.smx] "Console<0><Console><Console>" changed cvar (cvar "confogl_match_execcfg_plugins") (value "generalfixes.cfg;confogl_plugins.cfg;sharedplugins.cfg")
L 07/09/2025 - 22:50:39: [basecommands.smx] "Console<0><Console><Console>" changed cvar (cvar "l4d2_addons_eclipse") (value "0")
L 07/09/2025 - 22:50:39: [basecommands.smx] "Console<0><Console><Console>" changed cvar (cvar "sv_allow_wait_command") (value "0")
L 07/09/2025 - 22:50:39: [basecommands.smx] "Console<0><Console><Console>" changed cvar (cvar "sv_minrate") (value "100000")
L 07/09/2025 - 22:50:39: [basecommands.smx] "Console<0><Console><Console>" changed cvar (cvar "sv_maxrate") (value "100000")
L 07/09/2025 - 22:50:39: [basecommands.smx] "Console<0><Console><Console>" changed cvar (cvar "sv_minupdaterate") (value "100")
L 07/09/2025 - 22:50:39: [basecommands.smx] "Console<0><Console><Console>" changed cvar (cvar "sv_maxupdaterate") (value "100")
L 07/09/2025 - 22:50:39: [basecommands.smx] "Console<0><Console><Console>" changed cvar (cvar "sv_mincmdrate") (value "100")
L 07/09/2025 - 22:50:39: [basecommands.smx] "Console<0><Console><Console>" changed cvar (cvar "sv_maxcmdrate") (value "100")
L 07/09/2025 - 22:50:39: [basecommands.smx] "Console<0><Console><Console>" changed cvar (cvar "sv_client_min_interp_ratio") (value "-1")
L 07/09/2025 - 22:50:39: [basecommands.smx] "Console<0><Console><Console>" changed cvar (cvar "sv_client_max_interp_ratio") (value "0")
L 07/09/2025 - 22:50:39: [basecommands.smx] "Console<0><Console><Console>" changed cvar (cvar "nb_update_frequency") (value "0.014")
L 07/09/2025 - 22:50:39: [basecommands.smx] "Console<0><Console><Console>" changed cvar (cvar "net_splitpacket_maxrate") (value "50000")
L 07/09/2025 - 22:50:39: [basecommands.smx] "Console<0><Console><Console>" changed cvar (cvar "net_maxcleartime") (value "0.0001")
L 07/09/2025 - 22:50:39: [basecommands.smx] "Console<0><Console><Console>" changed cvar (cvar "fps_max") (value "0")
L 07/09/2025 - 22:50:39: [basecommands.smx] "Console<0><Console><Console>" changed cvar (cvar "tick_door_speed") (value "1.3")
L 07/09/2025 - 22:50:39: [basecommands.smx] "Console<0><Console><Console>" changed cvar (cvar "mv_maxplayers") (value "30")
L 07/09/2025 - 22:50:39: [basecommands.smx] "Console<0><Console><Console>" changed cvar (cvar "mp_autoteambalance") (value "0")
L 07/09/2025 - 22:50:39: [basecommands.smx] "Console<0><Console><Console>" changed cvar (cvar "sv_unlag_fixstuck") (value "1")
L 07/09/2025 - 22:50:39: [basecommands.smx] "Console<0><Console><Console>" changed cvar (cvar "z_brawl_chance") (value "0")
L 07/09/2025 - 22:50:39: [basecommands.smx] "Console<0><Console><Console>" changed cvar (cvar "sv_maxunlag") (value "1")
L 07/09/2025 - 22:50:39: [basecommands.smx] "Console<0><Console><Console>" changed cvar (cvar "sv_forcepreload") (value "1")
L 07/09/2025 - 22:50:39: [basecommands.smx] "Console<0><Console><Console>" changed cvar (cvar "sv_client_predict") (value "1")
L 07/09/2025 - 22:50:39: [basecommands.smx] "Console<0><Console><Console>" changed cvar (cvar "sv_client_cmdrate_difference") (value "0")
L 07/09/2025 - 22:50:39: [basecommands.smx] "Console<0><Console><Console>" changed cvar (cvar "sv_max_queries_sec_global") (value "10")
L 07/09/2025 - 22:50:39: [basecommands.smx] "Console<0><Console><Console>" changed cvar (cvar "sv_max_queries_sec") (value "3")
L 07/09/2025 - 22:50:39: [basecommands.smx] "Console<0><Console><Console>" changed cvar (cvar "sv_max_queries_window") (value "10")
L 07/09/2025 - 22:50:39: [basecommands.smx] "Console<0><Console><Console>" changed cvar (cvar "sv_player_stuck_tolerance") (value "5")
L 07/09/2025 - 22:50:39: [basecommands.smx] "Console<0><Console><Console>" changed cvar (cvar "sv_stats") (value "0")
L 07/09/2025 - 22:50:39: [basecommands.smx] "Console<0><Console><Console>" changed cvar (cvar "sv_clockcorrection_msecs") (value "25")
L 07/09/2025 - 22:50:40: [optional/l4d2_saferoom_item_remove.smx] Removed 0 saferoom item(s) (start: 0; end: 0).
L 07/09/2025 - 23:00:53: SourceMod log file session started (file "/root/Steam/steamapps/common/L4D21/left4dead2/addons/sourcemod/logs/L20250709.log") (Version "1.12.0.7195")
L 07/09/2025 - 23:00:53: [fixes/firebulletsfix.smx] Found offset for Weapon_ShootPosition 286
L 07/09/2025 - 23:00:55: [basecommands.smx] "Console<0><Console><Console>" changed cvar (cvar "confogl_match_execcfg_plugins") (value "generalfixes.cfg;confogl_plugins.cfg;sharedplugins.cfg")
L 07/09/2025 - 23:00:55: [basecommands.smx] "Console<0><Console><Console>" changed cvar (cvar "l4d2_addons_eclipse") (value "0")
L 07/09/2025 - 23:00:55: [basecommands.smx] "Console<0><Console><Console>" changed cvar (cvar "sv_allow_wait_command") (value "0")
L 07/09/2025 - 23:00:55: [basecommands.smx] "Console<0><Console><Console>" changed cvar (cvar "sv_minrate") (value "100000")
L 07/09/2025 - 23:00:55: [basecommands.smx] "Console<0><Console><Console>" changed cvar (cvar "sv_maxrate") (value "100000")
L 07/09/2025 - 23:00:55: [basecommands.smx] "Console<0><Console><Console>" changed cvar (cvar "sv_minupdaterate") (value "100")
L 07/09/2025 - 23:00:55: [basecommands.smx] "Console<0><Console><Console>" changed cvar (cvar "sv_maxupdaterate") (value "100")
L 07/09/2025 - 23:00:55: [basecommands.smx] "Console<0><Console><Console>" changed cvar (cvar "sv_mincmdrate") (value "100")
L 07/09/2025 - 23:00:55: [basecommands.smx] "Console<0><Console><Console>" changed cvar (cvar "sv_maxcmdrate") (value "100")
L 07/09/2025 - 23:00:55: [basecommands.smx] "Console<0><Console><Console>" changed cvar (cvar "sv_client_min_interp_ratio") (value "-1")
L 07/09/2025 - 23:00:55: [basecommands.smx] "Console<0><Console><Console>" changed cvar (cvar "sv_client_max_interp_ratio") (value "0")
L 07/09/2025 - 23:00:55: [basecommands.smx] "Console<0><Console><Console>" changed cvar (cvar "nb_update_frequency") (value "0.014")
L 07/09/2025 - 23:00:55: [basecommands.smx] "Console<0><Console><Console>" changed cvar (cvar "net_splitpacket_maxrate") (value "50000")
L 07/09/2025 - 23:00:55: [basecommands.smx] "Console<0><Console><Console>" changed cvar (cvar "net_maxcleartime") (value "0.0001")
L 07/09/2025 - 23:00:55: [basecommands.smx] "Console<0><Console><Console>" changed cvar (cvar "fps_max") (value "0")
L 07/09/2025 - 23:00:55: [basecommands.smx] "Console<0><Console><Console>" changed cvar (cvar "tick_door_speed") (value "1.3")
L 07/09/2025 - 23:00:55: [basecommands.smx] "Console<0><Console><Console>" changed cvar (cvar "mv_maxplayers") (value "30")
L 07/09/2025 - 23:00:55: [basecommands.smx] "Console<0><Console><Console>" changed cvar (cvar "mp_autoteambalance") (value "0")
L 07/09/2025 - 23:00:55: [basecommands.smx] "Console<0><Console><Console>" changed cvar (cvar "sv_unlag_fixstuck") (value "1")
L 07/09/2025 - 23:00:55: [basecommands.smx] "Console<0><Console><Console>" changed cvar (cvar "z_brawl_chance") (value "0")
L 07/09/2025 - 23:00:55: [basecommands.smx] "Console<0><Console><Console>" changed cvar (cvar "sv_maxunlag") (value "1")
L 07/09/2025 - 23:00:55: [basecommands.smx] "Console<0><Console><Console>" changed cvar (cvar "sv_forcepreload") (value "1")
L 07/09/2025 - 23:00:55: [basecommands.smx] "Console<0><Console><Console>" changed cvar (cvar "sv_client_predict") (value "1")
L 07/09/2025 - 23:00:55: [basecommands.smx] "Console<0><Console><Console>" changed cvar (cvar "sv_client_cmdrate_difference") (value "0")
L 07/09/2025 - 23:00:55: [basecommands.smx] "Console<0><Console><Console>" changed cvar (cvar "sv_max_queries_sec_global") (value "10")
L 07/09/2025 - 23:00:55: [basecommands.smx] "Console<0><Console><Console>" changed cvar (cvar "sv_max_queries_sec") (value "3")
L 07/09/2025 - 23:00:55: [basecommands.smx] "Console<0><Console><Console>" changed cvar (cvar "sv_max_queries_window") (value "10")
L 07/09/2025 - 23:00:55: [basecommands.smx] "Console<0><Console><Console>" changed cvar (cvar "sv_player_stuck_tolerance") (value "5")
L 07/09/2025 - 23:00:55: [basecommands.smx] "Console<0><Console><Console>" changed cvar (cvar "sv_stats") (value "0")
L 07/09/2025 - 23:00:55: [basecommands.smx] "Console<0><Console><Console>" changed cvar (cvar "sv_clockcorrection_msecs") (value "25")
L 07/09/2025 - 23:00:55: [fixes/firebulletsfix.smx] Found offset for Weapon_ShootPosition 286
L 07/09/2025 - 23:00:55: [optional/l4d2_item_hint.smx] 
==========
Warning: You should install "[L4D & L4D2] Use Priority Patch" to fix attached models blocking +USE action (item hint): https://forums.alliedmods.net/showthread.php?t=327511
==========

L 07/09/2025 - 23:00:59: -------- Mapchange to c2m1_highway --------
L 07/09/2025 - 23:01:00: [basecommands.smx] "Console<0><Console><Console>" changed cvar (cvar "confogl_match_execcfg_plugins") (value "generalfixes.cfg;confogl_plugins.cfg;sharedplugins.cfg")
L 07/09/2025 - 23:01:00: [basecommands.smx] "Console<0><Console><Console>" changed cvar (cvar "l4d2_addons_eclipse") (value "0")
L 07/09/2025 - 23:01:00: [basecommands.smx] "Console<0><Console><Console>" changed cvar (cvar "sv_allow_wait_command") (value "0")
L 07/09/2025 - 23:01:00: [basecommands.smx] "Console<0><Console><Console>" changed cvar (cvar "sv_minrate") (value "100000")
L 07/09/2025 - 23:01:00: [basecommands.smx] "Console<0><Console><Console>" changed cvar (cvar "sv_maxrate") (value "100000")
L 07/09/2025 - 23:01:00: [basecommands.smx] "Console<0><Console><Console>" changed cvar (cvar "sv_minupdaterate") (value "100")
L 07/09/2025 - 23:01:00: [basecommands.smx] "Console<0><Console><Console>" changed cvar (cvar "sv_maxupdaterate") (value "100")
L 07/09/2025 - 23:01:00: [basecommands.smx] "Console<0><Console><Console>" changed cvar (cvar "sv_mincmdrate") (value "100")
L 07/09/2025 - 23:01:00: [basecommands.smx] "Console<0><Console><Console>" changed cvar (cvar "sv_maxcmdrate") (value "100")
L 07/09/2025 - 23:01:00: [basecommands.smx] "Console<0><Console><Console>" changed cvar (cvar "sv_client_min_interp_ratio") (value "-1")
L 07/09/2025 - 23:01:00: [basecommands.smx] "Console<0><Console><Console>" changed cvar (cvar "sv_client_max_interp_ratio") (value "0")
L 07/09/2025 - 23:01:00: [basecommands.smx] "Console<0><Console><Console>" changed cvar (cvar "nb_update_frequency") (value "0.014")
L 07/09/2025 - 23:01:00: [basecommands.smx] "Console<0><Console><Console>" changed cvar (cvar "net_splitpacket_maxrate") (value "50000")
L 07/09/2025 - 23:01:00: [basecommands.smx] "Console<0><Console><Console>" changed cvar (cvar "net_maxcleartime") (value "0.0001")
L 07/09/2025 - 23:01:00: [basecommands.smx] "Console<0><Console><Console>" changed cvar (cvar "fps_max") (value "0")
L 07/09/2025 - 23:01:00: [basecommands.smx] "Console<0><Console><Console>" changed cvar (cvar "tick_door_speed") (value "1.3")
L 07/09/2025 - 23:01:00: [basecommands.smx] "Console<0><Console><Console>" changed cvar (cvar "mv_maxplayers") (value "30")
L 07/09/2025 - 23:01:00: [basecommands.smx] "Console<0><Console><Console>" changed cvar (cvar "mp_autoteambalance") (value "0")
L 07/09/2025 - 23:01:00: [basecommands.smx] "Console<0><Console><Console>" changed cvar (cvar "sv_unlag_fixstuck") (value "1")
L 07/09/2025 - 23:01:00: [basecommands.smx] "Console<0><Console><Console>" changed cvar (cvar "z_brawl_chance") (value "0")
L 07/09/2025 - 23:01:00: [basecommands.smx] "Console<0><Console><Console>" changed cvar (cvar "sv_maxunlag") (value "1")
L 07/09/2025 - 23:01:00: [basecommands.smx] "Console<0><Console><Console>" changed cvar (cvar "sv_forcepreload") (value "1")
L 07/09/2025 - 23:01:00: [basecommands.smx] "Console<0><Console><Console>" changed cvar (cvar "sv_client_predict") (value "1")
L 07/09/2025 - 23:01:00: [basecommands.smx] "Console<0><Console><Console>" changed cvar (cvar "sv_client_cmdrate_difference") (value "0")
L 07/09/2025 - 23:01:00: [basecommands.smx] "Console<0><Console><Console>" changed cvar (cvar "sv_max_queries_sec_global") (value "10")
L 07/09/2025 - 23:01:00: [basecommands.smx] "Console<0><Console><Console>" changed cvar (cvar "sv_max_queries_sec") (value "3")
L 07/09/2025 - 23:01:00: [basecommands.smx] "Console<0><Console><Console>" changed cvar (cvar "sv_max_queries_window") (value "10")
L 07/09/2025 - 23:01:00: [basecommands.smx] "Console<0><Console><Console>" changed cvar (cvar "sv_player_stuck_tolerance") (value "5")
L 07/09/2025 - 23:01:00: [basecommands.smx] "Console<0><Console><Console>" changed cvar (cvar "sv_stats") (value "0")
L 07/09/2025 - 23:01:00: [basecommands.smx] "Console<0><Console><Console>" changed cvar (cvar "sv_clockcorrection_msecs") (value "25")
L 07/09/2025 - 23:01:01: [optional/l4d2_saferoom_item_remove.smx] Removed 0 saferoom item(s) (start: 0; end: 0).
L 07/09/2025 - 23:09:34: SourceMod log file session started (file "/root/Steam/steamapps/common/L4D21/left4dead2/addons/sourcemod/logs/L20250709.log") (Version "1.12.0.7195")
L 07/09/2025 - 23:09:34: [fixes/firebulletsfix.smx] Found offset for Weapon_ShootPosition 286
L 07/09/2025 - 23:09:36: [basecommands.smx] "Console<0><Console><Console>" changed cvar (cvar "confogl_match_execcfg_plugins") (value "generalfixes.cfg;confogl_plugins.cfg;sharedplugins.cfg")
L 07/09/2025 - 23:09:36: [basecommands.smx] "Console<0><Console><Console>" changed cvar (cvar "l4d2_addons_eclipse") (value "0")
L 07/09/2025 - 23:09:36: [basecommands.smx] "Console<0><Console><Console>" changed cvar (cvar "sv_allow_wait_command") (value "0")
L 07/09/2025 - 23:09:36: [basecommands.smx] "Console<0><Console><Console>" changed cvar (cvar "sv_minrate") (value "100000")
L 07/09/2025 - 23:09:36: [basecommands.smx] "Console<0><Console><Console>" changed cvar (cvar "sv_maxrate") (value "100000")
L 07/09/2025 - 23:09:36: [basecommands.smx] "Console<0><Console><Console>" changed cvar (cvar "sv_minupdaterate") (value "100")
L 07/09/2025 - 23:09:36: [basecommands.smx] "Console<0><Console><Console>" changed cvar (cvar "sv_maxupdaterate") (value "100")
L 07/09/2025 - 23:09:36: [basecommands.smx] "Console<0><Console><Console>" changed cvar (cvar "sv_mincmdrate") (value "100")
L 07/09/2025 - 23:09:36: [basecommands.smx] "Console<0><Console><Console>" changed cvar (cvar "sv_maxcmdrate") (value "100")
L 07/09/2025 - 23:09:36: [basecommands.smx] "Console<0><Console><Console>" changed cvar (cvar "sv_client_min_interp_ratio") (value "-1")
L 07/09/2025 - 23:09:36: [basecommands.smx] "Console<0><Console><Console>" changed cvar (cvar "sv_client_max_interp_ratio") (value "0")
L 07/09/2025 - 23:09:36: [basecommands.smx] "Console<0><Console><Console>" changed cvar (cvar "nb_update_frequency") (value "0.014")
L 07/09/2025 - 23:09:36: [basecommands.smx] "Console<0><Console><Console>" changed cvar (cvar "net_splitpacket_maxrate") (value "50000")
L 07/09/2025 - 23:09:36: [basecommands.smx] "Console<0><Console><Console>" changed cvar (cvar "net_maxcleartime") (value "0.0001")
L 07/09/2025 - 23:09:36: [basecommands.smx] "Console<0><Console><Console>" changed cvar (cvar "fps_max") (value "0")
L 07/09/2025 - 23:09:36: [basecommands.smx] "Console<0><Console><Console>" changed cvar (cvar "tick_door_speed") (value "1.3")
L 07/09/2025 - 23:09:36: [basecommands.smx] "Console<0><Console><Console>" changed cvar (cvar "mv_maxplayers") (value "30")
L 07/09/2025 - 23:09:36: [basecommands.smx] "Console<0><Console><Console>" changed cvar (cvar "mp_autoteambalance") (value "0")
L 07/09/2025 - 23:09:36: [basecommands.smx] "Console<0><Console><Console>" changed cvar (cvar "sv_unlag_fixstuck") (value "1")
L 07/09/2025 - 23:09:36: [basecommands.smx] "Console<0><Console><Console>" changed cvar (cvar "z_brawl_chance") (value "0")
L 07/09/2025 - 23:09:36: [basecommands.smx] "Console<0><Console><Console>" changed cvar (cvar "sv_maxunlag") (value "1")
L 07/09/2025 - 23:09:36: [basecommands.smx] "Console<0><Console><Console>" changed cvar (cvar "sv_forcepreload") (value "1")
L 07/09/2025 - 23:09:36: [basecommands.smx] "Console<0><Console><Console>" changed cvar (cvar "sv_client_predict") (value "1")
L 07/09/2025 - 23:09:36: [basecommands.smx] "Console<0><Console><Console>" changed cvar (cvar "sv_client_cmdrate_difference") (value "0")
L 07/09/2025 - 23:09:36: [basecommands.smx] "Console<0><Console><Console>" changed cvar (cvar "sv_max_queries_sec_global") (value "10")
L 07/09/2025 - 23:09:36: [basecommands.smx] "Console<0><Console><Console>" changed cvar (cvar "sv_max_queries_sec") (value "3")
L 07/09/2025 - 23:09:36: [basecommands.smx] "Console<0><Console><Console>" changed cvar (cvar "sv_max_queries_window") (value "10")
L 07/09/2025 - 23:09:36: [basecommands.smx] "Console<0><Console><Console>" changed cvar (cvar "sv_player_stuck_tolerance") (value "5")
L 07/09/2025 - 23:09:36: [basecommands.smx] "Console<0><Console><Console>" changed cvar (cvar "sv_stats") (value "0")
L 07/09/2025 - 23:09:36: [basecommands.smx] "Console<0><Console><Console>" changed cvar (cvar "sv_clockcorrection_msecs") (value "25")
L 07/09/2025 - 23:09:37: [fixes/firebulletsfix.smx] Found offset for Weapon_ShootPosition 286
L 07/09/2025 - 23:09:37: [optional/l4d2_item_hint.smx] 
==========
Warning: You should install "[L4D & L4D2] Use Priority Patch" to fix attached models blocking +USE action (item hint): https://forums.alliedmods.net/showthread.php?t=327511
==========

L 07/09/2025 - 23:09:40: -------- Mapchange to c2m1_highway --------
L 07/09/2025 - 23:09:42: [basecommands.smx] "Console<0><Console><Console>" changed cvar (cvar "confogl_match_execcfg_plugins") (value "generalfixes.cfg;confogl_plugins.cfg;sharedplugins.cfg")
L 07/09/2025 - 23:09:42: [basecommands.smx] "Console<0><Console><Console>" changed cvar (cvar "l4d2_addons_eclipse") (value "0")
L 07/09/2025 - 23:09:42: [basecommands.smx] "Console<0><Console><Console>" changed cvar (cvar "sv_allow_wait_command") (value "0")
L 07/09/2025 - 23:09:42: [basecommands.smx] "Console<0><Console><Console>" changed cvar (cvar "sv_minrate") (value "100000")
L 07/09/2025 - 23:09:42: [basecommands.smx] "Console<0><Console><Console>" changed cvar (cvar "sv_maxrate") (value "100000")
L 07/09/2025 - 23:09:42: [basecommands.smx] "Console<0><Console><Console>" changed cvar (cvar "sv_minupdaterate") (value "100")
L 07/09/2025 - 23:09:42: [basecommands.smx] "Console<0><Console><Console>" changed cvar (cvar "sv_maxupdaterate") (value "100")
L 07/09/2025 - 23:09:42: [basecommands.smx] "Console<0><Console><Console>" changed cvar (cvar "sv_mincmdrate") (value "100")
L 07/09/2025 - 23:09:42: [basecommands.smx] "Console<0><Console><Console>" changed cvar (cvar "sv_maxcmdrate") (value "100")
L 07/09/2025 - 23:09:42: [basecommands.smx] "Console<0><Console><Console>" changed cvar (cvar "sv_client_min_interp_ratio") (value "-1")
L 07/09/2025 - 23:09:42: [basecommands.smx] "Console<0><Console><Console>" changed cvar (cvar "sv_client_max_interp_ratio") (value "0")
L 07/09/2025 - 23:09:42: [basecommands.smx] "Console<0><Console><Console>" changed cvar (cvar "nb_update_frequency") (value "0.014")
L 07/09/2025 - 23:09:42: [basecommands.smx] "Console<0><Console><Console>" changed cvar (cvar "net_splitpacket_maxrate") (value "50000")
L 07/09/2025 - 23:09:42: [basecommands.smx] "Console<0><Console><Console>" changed cvar (cvar "net_maxcleartime") (value "0.0001")
L 07/09/2025 - 23:09:42: [basecommands.smx] "Console<0><Console><Console>" changed cvar (cvar "fps_max") (value "0")
L 07/09/2025 - 23:09:42: [basecommands.smx] "Console<0><Console><Console>" changed cvar (cvar "tick_door_speed") (value "1.3")
L 07/09/2025 - 23:09:42: [basecommands.smx] "Console<0><Console><Console>" changed cvar (cvar "mv_maxplayers") (value "30")
L 07/09/2025 - 23:09:42: [basecommands.smx] "Console<0><Console><Console>" changed cvar (cvar "mp_autoteambalance") (value "0")
L 07/09/2025 - 23:09:42: [basecommands.smx] "Console<0><Console><Console>" changed cvar (cvar "sv_unlag_fixstuck") (value "1")
L 07/09/2025 - 23:09:42: [basecommands.smx] "Console<0><Console><Console>" changed cvar (cvar "z_brawl_chance") (value "0")
L 07/09/2025 - 23:09:42: [basecommands.smx] "Console<0><Console><Console>" changed cvar (cvar "sv_maxunlag") (value "1")
L 07/09/2025 - 23:09:42: [basecommands.smx] "Console<0><Console><Console>" changed cvar (cvar "sv_forcepreload") (value "1")
L 07/09/2025 - 23:09:42: [basecommands.smx] "Console<0><Console><Console>" changed cvar (cvar "sv_client_predict") (value "1")
L 07/09/2025 - 23:09:42: [basecommands.smx] "Console<0><Console><Console>" changed cvar (cvar "sv_client_cmdrate_difference") (value "0")
L 07/09/2025 - 23:09:42: [basecommands.smx] "Console<0><Console><Console>" changed cvar (cvar "sv_max_queries_sec_global") (value "10")
L 07/09/2025 - 23:09:42: [basecommands.smx] "Console<0><Console><Console>" changed cvar (cvar "sv_max_queries_sec") (value "3")
L 07/09/2025 - 23:09:42: [basecommands.smx] "Console<0><Console><Console>" changed cvar (cvar "sv_max_queries_window") (value "10")
L 07/09/2025 - 23:09:42: [basecommands.smx] "Console<0><Console><Console>" changed cvar (cvar "sv_player_stuck_tolerance") (value "5")
L 07/09/2025 - 23:09:42: [basecommands.smx] "Console<0><Console><Console>" changed cvar (cvar "sv_stats") (value "0")
L 07/09/2025 - 23:09:42: [basecommands.smx] "Console<0><Console><Console>" changed cvar (cvar "sv_clockcorrection_msecs") (value "25")
L 07/09/2025 - 23:09:43: [optional/l4d2_saferoom_item_remove.smx] Removed 0 saferoom item(s) (start: 0; end: 0).
L 07/09/2025 - 23:19:01: SourceMod log file session started (file "/root/Steam/steamapps/common/L4D21/left4dead2/addons/sourcemod/logs/L20250709.log") (Version "1.12.0.7195")
L 07/09/2025 - 23:19:01: [fixes/firebulletsfix.smx] Found offset for Weapon_ShootPosition 286
L 07/09/2025 - 23:19:03: [basecommands.smx] "Console<0><Console><Console>" changed cvar (cvar "confogl_match_execcfg_plugins") (value "generalfixes.cfg;confogl_plugins.cfg;sharedplugins.cfg")
L 07/09/2025 - 23:19:03: [basecommands.smx] "Console<0><Console><Console>" changed cvar (cvar "l4d2_addons_eclipse") (value "0")
L 07/09/2025 - 23:19:03: [basecommands.smx] "Console<0><Console><Console>" changed cvar (cvar "sv_allow_wait_command") (value "0")
L 07/09/2025 - 23:19:03: [basecommands.smx] "Console<0><Console><Console>" changed cvar (cvar "sv_minrate") (value "100000")
L 07/09/2025 - 23:19:03: [basecommands.smx] "Console<0><Console><Console>" changed cvar (cvar "sv_maxrate") (value "100000")
L 07/09/2025 - 23:19:03: [basecommands.smx] "Console<0><Console><Console>" changed cvar (cvar "sv_minupdaterate") (value "100")
L 07/09/2025 - 23:19:03: [basecommands.smx] "Console<0><Console><Console>" changed cvar (cvar "sv_maxupdaterate") (value "100")
L 07/09/2025 - 23:19:03: [basecommands.smx] "Console<0><Console><Console>" changed cvar (cvar "sv_mincmdrate") (value "100")
L 07/09/2025 - 23:19:03: [basecommands.smx] "Console<0><Console><Console>" changed cvar (cvar "sv_maxcmdrate") (value "100")
L 07/09/2025 - 23:19:03: [basecommands.smx] "Console<0><Console><Console>" changed cvar (cvar "sv_client_min_interp_ratio") (value "-1")
L 07/09/2025 - 23:19:03: [basecommands.smx] "Console<0><Console><Console>" changed cvar (cvar "sv_client_max_interp_ratio") (value "0")
L 07/09/2025 - 23:19:03: [basecommands.smx] "Console<0><Console><Console>" changed cvar (cvar "nb_update_frequency") (value "0.014")
L 07/09/2025 - 23:19:03: [basecommands.smx] "Console<0><Console><Console>" changed cvar (cvar "net_splitpacket_maxrate") (value "50000")
L 07/09/2025 - 23:19:03: [basecommands.smx] "Console<0><Console><Console>" changed cvar (cvar "net_maxcleartime") (value "0.0001")
L 07/09/2025 - 23:19:03: [basecommands.smx] "Console<0><Console><Console>" changed cvar (cvar "fps_max") (value "0")
L 07/09/2025 - 23:19:03: [basecommands.smx] "Console<0><Console><Console>" changed cvar (cvar "tick_door_speed") (value "1.3")
L 07/09/2025 - 23:19:03: [basecommands.smx] "Console<0><Console><Console>" changed cvar (cvar "mv_maxplayers") (value "30")
L 07/09/2025 - 23:19:03: [basecommands.smx] "Console<0><Console><Console>" changed cvar (cvar "mp_autoteambalance") (value "0")
L 07/09/2025 - 23:19:03: [basecommands.smx] "Console<0><Console><Console>" changed cvar (cvar "sv_unlag_fixstuck") (value "1")
L 07/09/2025 - 23:19:03: [basecommands.smx] "Console<0><Console><Console>" changed cvar (cvar "z_brawl_chance") (value "0")
L 07/09/2025 - 23:19:03: [basecommands.smx] "Console<0><Console><Console>" changed cvar (cvar "sv_maxunlag") (value "1")
L 07/09/2025 - 23:19:03: [basecommands.smx] "Console<0><Console><Console>" changed cvar (cvar "sv_forcepreload") (value "1")
L 07/09/2025 - 23:19:03: [basecommands.smx] "Console<0><Console><Console>" changed cvar (cvar "sv_client_predict") (value "1")
L 07/09/2025 - 23:19:03: [basecommands.smx] "Console<0><Console><Console>" changed cvar (cvar "sv_client_cmdrate_difference") (value "0")
L 07/09/2025 - 23:19:03: [basecommands.smx] "Console<0><Console><Console>" changed cvar (cvar "sv_max_queries_sec_global") (value "10")
L 07/09/2025 - 23:19:03: [basecommands.smx] "Console<0><Console><Console>" changed cvar (cvar "sv_max_queries_sec") (value "3")
L 07/09/2025 - 23:19:03: [basecommands.smx] "Console<0><Console><Console>" changed cvar (cvar "sv_max_queries_window") (value "10")
L 07/09/2025 - 23:19:03: [basecommands.smx] "Console<0><Console><Console>" changed cvar (cvar "sv_player_stuck_tolerance") (value "5")
L 07/09/2025 - 23:19:03: [basecommands.smx] "Console<0><Console><Console>" changed cvar (cvar "sv_stats") (value "0")
L 07/09/2025 - 23:19:03: [basecommands.smx] "Console<0><Console><Console>" changed cvar (cvar "sv_clockcorrection_msecs") (value "25")
L 07/09/2025 - 23:19:03: [fixes/firebulletsfix.smx] Found offset for Weapon_ShootPosition 286
L 07/09/2025 - 23:19:03: [optional/l4d2_item_hint.smx] 
==========
Warning: You should install "[L4D & L4D2] Use Priority Patch" to fix attached models blocking +USE action (item hint): https://forums.alliedmods.net/showthread.php?t=327511
==========

L 07/09/2025 - 23:19:07: -------- Mapchange to c2m1_highway --------
L 07/09/2025 - 23:19:08: [basecommands.smx] "Console<0><Console><Console>" changed cvar (cvar "confogl_match_execcfg_plugins") (value "generalfixes.cfg;confogl_plugins.cfg;sharedplugins.cfg")
L 07/09/2025 - 23:19:08: [basecommands.smx] "Console<0><Console><Console>" changed cvar (cvar "l4d2_addons_eclipse") (value "0")
L 07/09/2025 - 23:19:08: [basecommands.smx] "Console<0><Console><Console>" changed cvar (cvar "sv_allow_wait_command") (value "0")
L 07/09/2025 - 23:19:08: [basecommands.smx] "Console<0><Console><Console>" changed cvar (cvar "sv_minrate") (value "100000")
L 07/09/2025 - 23:19:08: [basecommands.smx] "Console<0><Console><Console>" changed cvar (cvar "sv_maxrate") (value "100000")
L 07/09/2025 - 23:19:08: [basecommands.smx] "Console<0><Console><Console>" changed cvar (cvar "sv_minupdaterate") (value "100")
L 07/09/2025 - 23:19:08: [basecommands.smx] "Console<0><Console><Console>" changed cvar (cvar "sv_maxupdaterate") (value "100")
L 07/09/2025 - 23:19:08: [basecommands.smx] "Console<0><Console><Console>" changed cvar (cvar "sv_mincmdrate") (value "100")
L 07/09/2025 - 23:19:08: [basecommands.smx] "Console<0><Console><Console>" changed cvar (cvar "sv_maxcmdrate") (value "100")
L 07/09/2025 - 23:19:08: [basecommands.smx] "Console<0><Console><Console>" changed cvar (cvar "sv_client_min_interp_ratio") (value "-1")
L 07/09/2025 - 23:19:08: [basecommands.smx] "Console<0><Console><Console>" changed cvar (cvar "sv_client_max_interp_ratio") (value "0")
L 07/09/2025 - 23:19:08: [basecommands.smx] "Console<0><Console><Console>" changed cvar (cvar "nb_update_frequency") (value "0.014")
L 07/09/2025 - 23:19:08: [basecommands.smx] "Console<0><Console><Console>" changed cvar (cvar "net_splitpacket_maxrate") (value "50000")
L 07/09/2025 - 23:19:08: [basecommands.smx] "Console<0><Console><Console>" changed cvar (cvar "net_maxcleartime") (value "0.0001")
L 07/09/2025 - 23:19:08: [basecommands.smx] "Console<0><Console><Console>" changed cvar (cvar "fps_max") (value "0")
L 07/09/2025 - 23:19:08: [basecommands.smx] "Console<0><Console><Console>" changed cvar (cvar "tick_door_speed") (value "1.3")
L 07/09/2025 - 23:19:08: [basecommands.smx] "Console<0><Console><Console>" changed cvar (cvar "mv_maxplayers") (value "30")
L 07/09/2025 - 23:19:08: [basecommands.smx] "Console<0><Console><Console>" changed cvar (cvar "mp_autoteambalance") (value "0")
L 07/09/2025 - 23:19:08: [basecommands.smx] "Console<0><Console><Console>" changed cvar (cvar "sv_unlag_fixstuck") (value "1")
L 07/09/2025 - 23:19:08: [basecommands.smx] "Console<0><Console><Console>" changed cvar (cvar "z_brawl_chance") (value "0")
L 07/09/2025 - 23:19:08: [basecommands.smx] "Console<0><Console><Console>" changed cvar (cvar "sv_maxunlag") (value "1")
L 07/09/2025 - 23:19:08: [basecommands.smx] "Console<0><Console><Console>" changed cvar (cvar "sv_forcepreload") (value "1")
L 07/09/2025 - 23:19:08: [basecommands.smx] "Console<0><Console><Console>" changed cvar (cvar "sv_client_predict") (value "1")
L 07/09/2025 - 23:19:08: [basecommands.smx] "Console<0><Console><Console>" changed cvar (cvar "sv_client_cmdrate_difference") (value "0")
L 07/09/2025 - 23:19:08: [basecommands.smx] "Console<0><Console><Console>" changed cvar (cvar "sv_max_queries_sec_global") (value "10")
L 07/09/2025 - 23:19:08: [basecommands.smx] "Console<0><Console><Console>" changed cvar (cvar "sv_max_queries_sec") (value "3")
L 07/09/2025 - 23:19:08: [basecommands.smx] "Console<0><Console><Console>" changed cvar (cvar "sv_max_queries_window") (value "10")
L 07/09/2025 - 23:19:08: [basecommands.smx] "Console<0><Console><Console>" changed cvar (cvar "sv_player_stuck_tolerance") (value "5")
L 07/09/2025 - 23:19:08: [basecommands.smx] "Console<0><Console><Console>" changed cvar (cvar "sv_stats") (value "0")
L 07/09/2025 - 23:19:08: [basecommands.smx] "Console<0><Console><Console>" changed cvar (cvar "sv_clockcorrection_msecs") (value "25")
L 07/09/2025 - 23:19:09: [optional/l4d2_saferoom_item_remove.smx] Removed 0 saferoom item(s) (start: 0; end: 0).
L 07/09/2025 - 23:22:07: SourceMod log file session started (file "/root/Steam/steamapps/common/L4D21/left4dead2/addons/sourcemod/logs/L20250709.log") (Version "1.12.0.7195")
L 07/09/2025 - 23:22:07: [fixes/firebulletsfix.smx] Found offset for Weapon_ShootPosition 286
L 07/09/2025 - 23:22:09: [basecommands.smx] "Console<0><Console><Console>" changed cvar (cvar "confogl_match_execcfg_plugins") (value "generalfixes.cfg;confogl_plugins.cfg;sharedplugins.cfg")
L 07/09/2025 - 23:22:09: [basecommands.smx] "Console<0><Console><Console>" changed cvar (cvar "l4d2_addons_eclipse") (value "0")
L 07/09/2025 - 23:22:09: [basecommands.smx] "Console<0><Console><Console>" changed cvar (cvar "sv_allow_wait_command") (value "0")
L 07/09/2025 - 23:22:09: [basecommands.smx] "Console<0><Console><Console>" changed cvar (cvar "sv_minrate") (value "100000")
L 07/09/2025 - 23:22:09: [basecommands.smx] "Console<0><Console><Console>" changed cvar (cvar "sv_maxrate") (value "100000")
L 07/09/2025 - 23:22:09: [basecommands.smx] "Console<0><Console><Console>" changed cvar (cvar "sv_minupdaterate") (value "100")
L 07/09/2025 - 23:22:09: [basecommands.smx] "Console<0><Console><Console>" changed cvar (cvar "sv_maxupdaterate") (value "100")
L 07/09/2025 - 23:22:09: [basecommands.smx] "Console<0><Console><Console>" changed cvar (cvar "sv_mincmdrate") (value "100")
L 07/09/2025 - 23:22:09: [basecommands.smx] "Console<0><Console><Console>" changed cvar (cvar "sv_maxcmdrate") (value "100")
L 07/09/2025 - 23:22:09: [basecommands.smx] "Console<0><Console><Console>" changed cvar (cvar "sv_client_min_interp_ratio") (value "-1")
L 07/09/2025 - 23:22:09: [basecommands.smx] "Console<0><Console><Console>" changed cvar (cvar "sv_client_max_interp_ratio") (value "0")
L 07/09/2025 - 23:22:09: [basecommands.smx] "Console<0><Console><Console>" changed cvar (cvar "nb_update_frequency") (value "0.014")
L 07/09/2025 - 23:22:09: [basecommands.smx] "Console<0><Console><Console>" changed cvar (cvar "net_splitpacket_maxrate") (value "50000")
L 07/09/2025 - 23:22:09: [basecommands.smx] "Console<0><Console><Console>" changed cvar (cvar "net_maxcleartime") (value "0.0001")
L 07/09/2025 - 23:22:09: [basecommands.smx] "Console<0><Console><Console>" changed cvar (cvar "fps_max") (value "0")
L 07/09/2025 - 23:22:09: [basecommands.smx] "Console<0><Console><Console>" changed cvar (cvar "tick_door_speed") (value "1.3")
L 07/09/2025 - 23:22:09: [basecommands.smx] "Console<0><Console><Console>" changed cvar (cvar "mv_maxplayers") (value "30")
L 07/09/2025 - 23:22:09: [basecommands.smx] "Console<0><Console><Console>" changed cvar (cvar "mp_autoteambalance") (value "0")
L 07/09/2025 - 23:22:09: [basecommands.smx] "Console<0><Console><Console>" changed cvar (cvar "sv_unlag_fixstuck") (value "1")
L 07/09/2025 - 23:22:09: [basecommands.smx] "Console<0><Console><Console>" changed cvar (cvar "z_brawl_chance") (value "0")
L 07/09/2025 - 23:22:09: [basecommands.smx] "Console<0><Console><Console>" changed cvar (cvar "sv_maxunlag") (value "1")
L 07/09/2025 - 23:22:09: [basecommands.smx] "Console<0><Console><Console>" changed cvar (cvar "sv_forcepreload") (value "1")
L 07/09/2025 - 23:22:09: [basecommands.smx] "Console<0><Console><Console>" changed cvar (cvar "sv_client_predict") (value "1")
L 07/09/2025 - 23:22:09: [basecommands.smx] "Console<0><Console><Console>" changed cvar (cvar "sv_client_cmdrate_difference") (value "0")
L 07/09/2025 - 23:22:09: [basecommands.smx] "Console<0><Console><Console>" changed cvar (cvar "sv_max_queries_sec_global") (value "10")
L 07/09/2025 - 23:22:09: [basecommands.smx] "Console<0><Console><Console>" changed cvar (cvar "sv_max_queries_sec") (value "3")
L 07/09/2025 - 23:22:09: [basecommands.smx] "Console<0><Console><Console>" changed cvar (cvar "sv_max_queries_window") (value "10")
L 07/09/2025 - 23:22:09: [basecommands.smx] "Console<0><Console><Console>" changed cvar (cvar "sv_player_stuck_tolerance") (value "5")
L 07/09/2025 - 23:22:09: [basecommands.smx] "Console<0><Console><Console>" changed cvar (cvar "sv_stats") (value "0")
L 07/09/2025 - 23:22:09: [basecommands.smx] "Console<0><Console><Console>" changed cvar (cvar "sv_clockcorrection_msecs") (value "25")
L 07/09/2025 - 23:22:09: [fixes/firebulletsfix.smx] Found offset for Weapon_ShootPosition 286
L 07/09/2025 - 23:22:10: [optional/l4d2_item_hint.smx] 
==========
Warning: You should install "[L4D & L4D2] Use Priority Patch" to fix attached models blocking +USE action (item hint): https://forums.alliedmods.net/showthread.php?t=327511
==========

L 07/09/2025 - 23:22:13: -------- Mapchange to c2m1_highway --------
L 07/09/2025 - 23:22:14: [basecommands.smx] "Console<0><Console><Console>" changed cvar (cvar "confogl_match_execcfg_plugins") (value "generalfixes.cfg;confogl_plugins.cfg;sharedplugins.cfg")
L 07/09/2025 - 23:22:14: [basecommands.smx] "Console<0><Console><Console>" changed cvar (cvar "l4d2_addons_eclipse") (value "0")
L 07/09/2025 - 23:22:14: [basecommands.smx] "Console<0><Console><Console>" changed cvar (cvar "sv_allow_wait_command") (value "0")
L 07/09/2025 - 23:22:14: [basecommands.smx] "Console<0><Console><Console>" changed cvar (cvar "sv_minrate") (value "100000")
L 07/09/2025 - 23:22:14: [basecommands.smx] "Console<0><Console><Console>" changed cvar (cvar "sv_maxrate") (value "100000")
L 07/09/2025 - 23:22:14: [basecommands.smx] "Console<0><Console><Console>" changed cvar (cvar "sv_minupdaterate") (value "100")
L 07/09/2025 - 23:22:14: [basecommands.smx] "Console<0><Console><Console>" changed cvar (cvar "sv_maxupdaterate") (value "100")
L 07/09/2025 - 23:22:14: [basecommands.smx] "Console<0><Console><Console>" changed cvar (cvar "sv_mincmdrate") (value "100")
L 07/09/2025 - 23:22:14: [basecommands.smx] "Console<0><Console><Console>" changed cvar (cvar "sv_maxcmdrate") (value "100")
L 07/09/2025 - 23:22:14: [basecommands.smx] "Console<0><Console><Console>" changed cvar (cvar "sv_client_min_interp_ratio") (value "-1")
L 07/09/2025 - 23:22:14: [basecommands.smx] "Console<0><Console><Console>" changed cvar (cvar "sv_client_max_interp_ratio") (value "0")
L 07/09/2025 - 23:22:14: [basecommands.smx] "Console<0><Console><Console>" changed cvar (cvar "nb_update_frequency") (value "0.014")
L 07/09/2025 - 23:22:14: [basecommands.smx] "Console<0><Console><Console>" changed cvar (cvar "net_splitpacket_maxrate") (value "50000")
L 07/09/2025 - 23:22:14: [basecommands.smx] "Console<0><Console><Console>" changed cvar (cvar "net_maxcleartime") (value "0.0001")
L 07/09/2025 - 23:22:14: [basecommands.smx] "Console<0><Console><Console>" changed cvar (cvar "fps_max") (value "0")
L 07/09/2025 - 23:22:14: [basecommands.smx] "Console<0><Console><Console>" changed cvar (cvar "tick_door_speed") (value "1.3")
L 07/09/2025 - 23:22:14: [basecommands.smx] "Console<0><Console><Console>" changed cvar (cvar "mv_maxplayers") (value "30")
L 07/09/2025 - 23:22:14: [basecommands.smx] "Console<0><Console><Console>" changed cvar (cvar "mp_autoteambalance") (value "0")
L 07/09/2025 - 23:22:14: [basecommands.smx] "Console<0><Console><Console>" changed cvar (cvar "sv_unlag_fixstuck") (value "1")
L 07/09/2025 - 23:22:14: [basecommands.smx] "Console<0><Console><Console>" changed cvar (cvar "z_brawl_chance") (value "0")
L 07/09/2025 - 23:22:14: [basecommands.smx] "Console<0><Console><Console>" changed cvar (cvar "sv_maxunlag") (value "1")
L 07/09/2025 - 23:22:14: [basecommands.smx] "Console<0><Console><Console>" changed cvar (cvar "sv_forcepreload") (value "1")
L 07/09/2025 - 23:22:14: [basecommands.smx] "Console<0><Console><Console>" changed cvar (cvar "sv_client_predict") (value "1")
L 07/09/2025 - 23:22:14: [basecommands.smx] "Console<0><Console><Console>" changed cvar (cvar "sv_client_cmdrate_difference") (value "0")
L 07/09/2025 - 23:22:14: [basecommands.smx] "Console<0><Console><Console>" changed cvar (cvar "sv_max_queries_sec_global") (value "10")
L 07/09/2025 - 23:22:14: [basecommands.smx] "Console<0><Console><Console>" changed cvar (cvar "sv_max_queries_sec") (value "3")
L 07/09/2025 - 23:22:14: [basecommands.smx] "Console<0><Console><Console>" changed cvar (cvar "sv_max_queries_window") (value "10")
L 07/09/2025 - 23:22:14: [basecommands.smx] "Console<0><Console><Console>" changed cvar (cvar "sv_player_stuck_tolerance") (value "5")
L 07/09/2025 - 23:22:14: [basecommands.smx] "Console<0><Console><Console>" changed cvar (cvar "sv_stats") (value "0")
L 07/09/2025 - 23:22:14: [basecommands.smx] "Console<0><Console><Console>" changed cvar (cvar "sv_clockcorrection_msecs") (value "25")
L 07/09/2025 - 23:22:15: [optional/l4d2_saferoom_item_remove.smx] Removed 0 saferoom item(s) (start: 0; end: 0).
L 07/09/2025 - 23:24:46: SourceMod log file session started (file "/root/Steam/steamapps/common/L4D21/left4dead2/addons/sourcemod/logs/L20250709.log") (Version "1.12.0.7195")
L 07/09/2025 - 23:24:46: [fixes/firebulletsfix.smx] Found offset for Weapon_ShootPosition 286
L 07/09/2025 - 23:24:48: [basecommands.smx] "Console<0><Console><Console>" changed cvar (cvar "confogl_match_execcfg_plugins") (value "generalfixes.cfg;confogl_plugins.cfg;sharedplugins.cfg")
L 07/09/2025 - 23:24:48: [basecommands.smx] "Console<0><Console><Console>" changed cvar (cvar "l4d2_addons_eclipse") (value "0")
L 07/09/2025 - 23:24:48: [basecommands.smx] "Console<0><Console><Console>" changed cvar (cvar "sv_allow_wait_command") (value "0")
L 07/09/2025 - 23:24:48: [basecommands.smx] "Console<0><Console><Console>" changed cvar (cvar "sv_minrate") (value "100000")
L 07/09/2025 - 23:24:48: [basecommands.smx] "Console<0><Console><Console>" changed cvar (cvar "sv_maxrate") (value "100000")
L 07/09/2025 - 23:24:48: [basecommands.smx] "Console<0><Console><Console>" changed cvar (cvar "sv_minupdaterate") (value "100")
L 07/09/2025 - 23:24:48: [basecommands.smx] "Console<0><Console><Console>" changed cvar (cvar "sv_maxupdaterate") (value "100")
L 07/09/2025 - 23:24:48: [basecommands.smx] "Console<0><Console><Console>" changed cvar (cvar "sv_mincmdrate") (value "100")
L 07/09/2025 - 23:24:48: [basecommands.smx] "Console<0><Console><Console>" changed cvar (cvar "sv_maxcmdrate") (value "100")
L 07/09/2025 - 23:24:48: [basecommands.smx] "Console<0><Console><Console>" changed cvar (cvar "sv_client_min_interp_ratio") (value "-1")
L 07/09/2025 - 23:24:48: [basecommands.smx] "Console<0><Console><Console>" changed cvar (cvar "sv_client_max_interp_ratio") (value "0")
L 07/09/2025 - 23:24:48: [basecommands.smx] "Console<0><Console><Console>" changed cvar (cvar "nb_update_frequency") (value "0.014")
L 07/09/2025 - 23:24:48: [basecommands.smx] "Console<0><Console><Console>" changed cvar (cvar "net_splitpacket_maxrate") (value "50000")
L 07/09/2025 - 23:24:48: [basecommands.smx] "Console<0><Console><Console>" changed cvar (cvar "net_maxcleartime") (value "0.0001")
L 07/09/2025 - 23:24:48: [basecommands.smx] "Console<0><Console><Console>" changed cvar (cvar "fps_max") (value "0")
L 07/09/2025 - 23:24:48: [basecommands.smx] "Console<0><Console><Console>" changed cvar (cvar "tick_door_speed") (value "1.3")
L 07/09/2025 - 23:24:48: [basecommands.smx] "Console<0><Console><Console>" changed cvar (cvar "mv_maxplayers") (value "30")
L 07/09/2025 - 23:24:48: [basecommands.smx] "Console<0><Console><Console>" changed cvar (cvar "mp_autoteambalance") (value "0")
L 07/09/2025 - 23:24:48: [basecommands.smx] "Console<0><Console><Console>" changed cvar (cvar "sv_unlag_fixstuck") (value "1")
L 07/09/2025 - 23:24:48: [basecommands.smx] "Console<0><Console><Console>" changed cvar (cvar "z_brawl_chance") (value "0")
L 07/09/2025 - 23:24:48: [basecommands.smx] "Console<0><Console><Console>" changed cvar (cvar "sv_maxunlag") (value "1")
L 07/09/2025 - 23:24:48: [basecommands.smx] "Console<0><Console><Console>" changed cvar (cvar "sv_forcepreload") (value "1")
L 07/09/2025 - 23:24:48: [basecommands.smx] "Console<0><Console><Console>" changed cvar (cvar "sv_client_predict") (value "1")
L 07/09/2025 - 23:24:48: [basecommands.smx] "Console<0><Console><Console>" changed cvar (cvar "sv_client_cmdrate_difference") (value "0")
L 07/09/2025 - 23:24:48: [basecommands.smx] "Console<0><Console><Console>" changed cvar (cvar "sv_max_queries_sec_global") (value "10")
L 07/09/2025 - 23:24:48: [basecommands.smx] "Console<0><Console><Console>" changed cvar (cvar "sv_max_queries_sec") (value "3")
L 07/09/2025 - 23:24:48: [basecommands.smx] "Console<0><Console><Console>" changed cvar (cvar "sv_max_queries_window") (value "10")
L 07/09/2025 - 23:24:48: [basecommands.smx] "Console<0><Console><Console>" changed cvar (cvar "sv_player_stuck_tolerance") (value "5")
L 07/09/2025 - 23:24:48: [basecommands.smx] "Console<0><Console><Console>" changed cvar (cvar "sv_stats") (value "0")
L 07/09/2025 - 23:24:48: [basecommands.smx] "Console<0><Console><Console>" changed cvar (cvar "sv_clockcorrection_msecs") (value "25")
L 07/09/2025 - 23:24:48: [fixes/firebulletsfix.smx] Found offset for Weapon_ShootPosition 286
L 07/09/2025 - 23:24:48: [optional/l4d2_item_hint.smx] 
==========
Warning: You should install "[L4D & L4D2] Use Priority Patch" to fix attached models blocking +USE action (item hint): https://forums.alliedmods.net/showthread.php?t=327511
==========

L 07/09/2025 - 23:24:52: -------- Mapchange to c2m1_highway --------
L 07/09/2025 - 23:24:53: [basecommands.smx] "Console<0><Console><Console>" changed cvar (cvar "confogl_match_execcfg_plugins") (value "generalfixes.cfg;confogl_plugins.cfg;sharedplugins.cfg")
L 07/09/2025 - 23:24:53: [basecommands.smx] "Console<0><Console><Console>" changed cvar (cvar "l4d2_addons_eclipse") (value "0")
L 07/09/2025 - 23:24:53: [basecommands.smx] "Console<0><Console><Console>" changed cvar (cvar "sv_allow_wait_command") (value "0")
L 07/09/2025 - 23:24:53: [basecommands.smx] "Console<0><Console><Console>" changed cvar (cvar "sv_minrate") (value "100000")
L 07/09/2025 - 23:24:53: [basecommands.smx] "Console<0><Console><Console>" changed cvar (cvar "sv_maxrate") (value "100000")
L 07/09/2025 - 23:24:53: [basecommands.smx] "Console<0><Console><Console>" changed cvar (cvar "sv_minupdaterate") (value "100")
L 07/09/2025 - 23:24:53: [basecommands.smx] "Console<0><Console><Console>" changed cvar (cvar "sv_maxupdaterate") (value "100")
L 07/09/2025 - 23:24:53: [basecommands.smx] "Console<0><Console><Console>" changed cvar (cvar "sv_mincmdrate") (value "100")
L 07/09/2025 - 23:24:53: [basecommands.smx] "Console<0><Console><Console>" changed cvar (cvar "sv_maxcmdrate") (value "100")
L 07/09/2025 - 23:24:53: [basecommands.smx] "Console<0><Console><Console>" changed cvar (cvar "sv_client_min_interp_ratio") (value "-1")
L 07/09/2025 - 23:24:53: [basecommands.smx] "Console<0><Console><Console>" changed cvar (cvar "sv_client_max_interp_ratio") (value "0")
L 07/09/2025 - 23:24:53: [basecommands.smx] "Console<0><Console><Console>" changed cvar (cvar "nb_update_frequency") (value "0.014")
L 07/09/2025 - 23:24:53: [basecommands.smx] "Console<0><Console><Console>" changed cvar (cvar "net_splitpacket_maxrate") (value "50000")
L 07/09/2025 - 23:24:53: [basecommands.smx] "Console<0><Console><Console>" changed cvar (cvar "net_maxcleartime") (value "0.0001")
L 07/09/2025 - 23:24:53: [basecommands.smx] "Console<0><Console><Console>" changed cvar (cvar "fps_max") (value "0")
L 07/09/2025 - 23:24:53: [basecommands.smx] "Console<0><Console><Console>" changed cvar (cvar "tick_door_speed") (value "1.3")
L 07/09/2025 - 23:24:53: [basecommands.smx] "Console<0><Console><Console>" changed cvar (cvar "mv_maxplayers") (value "30")
L 07/09/2025 - 23:24:53: [basecommands.smx] "Console<0><Console><Console>" changed cvar (cvar "mp_autoteambalance") (value "0")
L 07/09/2025 - 23:24:53: [basecommands.smx] "Console<0><Console><Console>" changed cvar (cvar "sv_unlag_fixstuck") (value "1")
L 07/09/2025 - 23:24:53: [basecommands.smx] "Console<0><Console><Console>" changed cvar (cvar "z_brawl_chance") (value "0")
L 07/09/2025 - 23:24:53: [basecommands.smx] "Console<0><Console><Console>" changed cvar (cvar "sv_maxunlag") (value "1")
L 07/09/2025 - 23:24:53: [basecommands.smx] "Console<0><Console><Console>" changed cvar (cvar "sv_forcepreload") (value "1")
L 07/09/2025 - 23:24:53: [basecommands.smx] "Console<0><Console><Console>" changed cvar (cvar "sv_client_predict") (value "1")
L 07/09/2025 - 23:24:53: [basecommands.smx] "Console<0><Console><Console>" changed cvar (cvar "sv_client_cmdrate_difference") (value "0")
L 07/09/2025 - 23:24:53: [basecommands.smx] "Console<0><Console><Console>" changed cvar (cvar "sv_max_queries_sec_global") (value "10")
L 07/09/2025 - 23:24:53: [basecommands.smx] "Console<0><Console><Console>" changed cvar (cvar "sv_max_queries_sec") (value "3")
L 07/09/2025 - 23:24:53: [basecommands.smx] "Console<0><Console><Console>" changed cvar (cvar "sv_max_queries_window") (value "10")
L 07/09/2025 - 23:24:53: [basecommands.smx] "Console<0><Console><Console>" changed cvar (cvar "sv_player_stuck_tolerance") (value "5")
L 07/09/2025 - 23:24:53: [basecommands.smx] "Console<0><Console><Console>" changed cvar (cvar "sv_stats") (value "0")
L 07/09/2025 - 23:24:53: [basecommands.smx] "Console<0><Console><Console>" changed cvar (cvar "sv_clockcorrection_msecs") (value "25")
L 07/09/2025 - 23:24:54: [optional/l4d2_saferoom_item_remove.smx] Removed 0 saferoom item(s) (start: 0; end: 0).
L 07/09/2025 - 23:27:01: SourceMod log file session started (file "/root/Steam/steamapps/common/L4D21/left4dead2/addons/sourcemod/logs/L20250709.log") (Version "1.12.0.7195")
L 07/09/2025 - 23:27:01: [fixes/firebulletsfix.smx] Found offset for Weapon_ShootPosition 286
L 07/09/2025 - 23:27:03: [basecommands.smx] "Console<0><Console><Console>" changed cvar (cvar "confogl_match_execcfg_plugins") (value "generalfixes.cfg;confogl_plugins.cfg;sharedplugins.cfg")
L 07/09/2025 - 23:27:03: [basecommands.smx] "Console<0><Console><Console>" changed cvar (cvar "l4d2_addons_eclipse") (value "0")
L 07/09/2025 - 23:27:03: [basecommands.smx] "Console<0><Console><Console>" changed cvar (cvar "sv_allow_wait_command") (value "0")
L 07/09/2025 - 23:27:03: [basecommands.smx] "Console<0><Console><Console>" changed cvar (cvar "sv_minrate") (value "100000")
L 07/09/2025 - 23:27:03: [basecommands.smx] "Console<0><Console><Console>" changed cvar (cvar "sv_maxrate") (value "100000")
L 07/09/2025 - 23:27:03: [basecommands.smx] "Console<0><Console><Console>" changed cvar (cvar "sv_minupdaterate") (value "100")
L 07/09/2025 - 23:27:03: [basecommands.smx] "Console<0><Console><Console>" changed cvar (cvar "sv_maxupdaterate") (value "100")
L 07/09/2025 - 23:27:03: [basecommands.smx] "Console<0><Console><Console>" changed cvar (cvar "sv_mincmdrate") (value "100")
L 07/09/2025 - 23:27:03: [basecommands.smx] "Console<0><Console><Console>" changed cvar (cvar "sv_maxcmdrate") (value "100")
L 07/09/2025 - 23:27:03: [basecommands.smx] "Console<0><Console><Console>" changed cvar (cvar "sv_client_min_interp_ratio") (value "-1")
L 07/09/2025 - 23:27:03: [basecommands.smx] "Console<0><Console><Console>" changed cvar (cvar "sv_client_max_interp_ratio") (value "0")
L 07/09/2025 - 23:27:03: [basecommands.smx] "Console<0><Console><Console>" changed cvar (cvar "nb_update_frequency") (value "0.014")
L 07/09/2025 - 23:27:03: [basecommands.smx] "Console<0><Console><Console>" changed cvar (cvar "net_splitpacket_maxrate") (value "50000")
L 07/09/2025 - 23:27:03: [basecommands.smx] "Console<0><Console><Console>" changed cvar (cvar "net_maxcleartime") (value "0.0001")
L 07/09/2025 - 23:27:03: [basecommands.smx] "Console<0><Console><Console>" changed cvar (cvar "fps_max") (value "0")
L 07/09/2025 - 23:27:03: [basecommands.smx] "Console<0><Console><Console>" changed cvar (cvar "tick_door_speed") (value "1.3")
L 07/09/2025 - 23:27:03: [basecommands.smx] "Console<0><Console><Console>" changed cvar (cvar "mv_maxplayers") (value "30")
L 07/09/2025 - 23:27:03: [basecommands.smx] "Console<0><Console><Console>" changed cvar (cvar "mp_autoteambalance") (value "0")
L 07/09/2025 - 23:27:03: [basecommands.smx] "Console<0><Console><Console>" changed cvar (cvar "sv_unlag_fixstuck") (value "1")
L 07/09/2025 - 23:27:03: [basecommands.smx] "Console<0><Console><Console>" changed cvar (cvar "z_brawl_chance") (value "0")
L 07/09/2025 - 23:27:03: [basecommands.smx] "Console<0><Console><Console>" changed cvar (cvar "sv_maxunlag") (value "1")
L 07/09/2025 - 23:27:03: [basecommands.smx] "Console<0><Console><Console>" changed cvar (cvar "sv_forcepreload") (value "1")
L 07/09/2025 - 23:27:03: [basecommands.smx] "Console<0><Console><Console>" changed cvar (cvar "sv_client_predict") (value "1")
L 07/09/2025 - 23:27:03: [basecommands.smx] "Console<0><Console><Console>" changed cvar (cvar "sv_client_cmdrate_difference") (value "0")
L 07/09/2025 - 23:27:03: [basecommands.smx] "Console<0><Console><Console>" changed cvar (cvar "sv_max_queries_sec_global") (value "10")
L 07/09/2025 - 23:27:03: [basecommands.smx] "Console<0><Console><Console>" changed cvar (cvar "sv_max_queries_sec") (value "3")
L 07/09/2025 - 23:27:03: [basecommands.smx] "Console<0><Console><Console>" changed cvar (cvar "sv_max_queries_window") (value "10")
L 07/09/2025 - 23:27:03: [basecommands.smx] "Console<0><Console><Console>" changed cvar (cvar "sv_player_stuck_tolerance") (value "5")
L 07/09/2025 - 23:27:03: [basecommands.smx] "Console<0><Console><Console>" changed cvar (cvar "sv_stats") (value "0")
L 07/09/2025 - 23:27:03: [basecommands.smx] "Console<0><Console><Console>" changed cvar (cvar "sv_clockcorrection_msecs") (value "25")
L 07/09/2025 - 23:27:03: [fixes/firebulletsfix.smx] Found offset for Weapon_ShootPosition 286
L 07/09/2025 - 23:27:03: [optional/l4d2_item_hint.smx] 
==========
Warning: You should install "[L4D & L4D2] Use Priority Patch" to fix attached models blocking +USE action (item hint): https://forums.alliedmods.net/showthread.php?t=327511
==========

L 07/09/2025 - 23:27:07: -------- Mapchange to c2m1_highway --------
L 07/09/2025 - 23:27:08: [basecommands.smx] "Console<0><Console><Console>" changed cvar (cvar "confogl_match_execcfg_plugins") (value "generalfixes.cfg;confogl_plugins.cfg;sharedplugins.cfg")
L 07/09/2025 - 23:27:08: [basecommands.smx] "Console<0><Console><Console>" changed cvar (cvar "l4d2_addons_eclipse") (value "0")
L 07/09/2025 - 23:27:08: [basecommands.smx] "Console<0><Console><Console>" changed cvar (cvar "sv_allow_wait_command") (value "0")
L 07/09/2025 - 23:27:08: [basecommands.smx] "Console<0><Console><Console>" changed cvar (cvar "sv_minrate") (value "100000")
L 07/09/2025 - 23:27:08: [basecommands.smx] "Console<0><Console><Console>" changed cvar (cvar "sv_maxrate") (value "100000")
L 07/09/2025 - 23:27:08: [basecommands.smx] "Console<0><Console><Console>" changed cvar (cvar "sv_minupdaterate") (value "100")
L 07/09/2025 - 23:27:08: [basecommands.smx] "Console<0><Console><Console>" changed cvar (cvar "sv_maxupdaterate") (value "100")
L 07/09/2025 - 23:27:08: [basecommands.smx] "Console<0><Console><Console>" changed cvar (cvar "sv_mincmdrate") (value "100")
L 07/09/2025 - 23:27:08: [basecommands.smx] "Console<0><Console><Console>" changed cvar (cvar "sv_maxcmdrate") (value "100")
L 07/09/2025 - 23:27:08: [basecommands.smx] "Console<0><Console><Console>" changed cvar (cvar "sv_client_min_interp_ratio") (value "-1")
L 07/09/2025 - 23:27:08: [basecommands.smx] "Console<0><Console><Console>" changed cvar (cvar "sv_client_max_interp_ratio") (value "0")
L 07/09/2025 - 23:27:08: [basecommands.smx] "Console<0><Console><Console>" changed cvar (cvar "nb_update_frequency") (value "0.014")
L 07/09/2025 - 23:27:08: [basecommands.smx] "Console<0><Console><Console>" changed cvar (cvar "net_splitpacket_maxrate") (value "50000")
L 07/09/2025 - 23:27:08: [basecommands.smx] "Console<0><Console><Console>" changed cvar (cvar "net_maxcleartime") (value "0.0001")
L 07/09/2025 - 23:27:08: [basecommands.smx] "Console<0><Console><Console>" changed cvar (cvar "fps_max") (value "0")
L 07/09/2025 - 23:27:08: [basecommands.smx] "Console<0><Console><Console>" changed cvar (cvar "tick_door_speed") (value "1.3")
L 07/09/2025 - 23:27:08: [basecommands.smx] "Console<0><Console><Console>" changed cvar (cvar "mv_maxplayers") (value "30")
L 07/09/2025 - 23:27:08: [basecommands.smx] "Console<0><Console><Console>" changed cvar (cvar "mp_autoteambalance") (value "0")
L 07/09/2025 - 23:27:08: [basecommands.smx] "Console<0><Console><Console>" changed cvar (cvar "sv_unlag_fixstuck") (value "1")
L 07/09/2025 - 23:27:08: [basecommands.smx] "Console<0><Console><Console>" changed cvar (cvar "z_brawl_chance") (value "0")
L 07/09/2025 - 23:27:08: [basecommands.smx] "Console<0><Console><Console>" changed cvar (cvar "sv_maxunlag") (value "1")
L 07/09/2025 - 23:27:08: [basecommands.smx] "Console<0><Console><Console>" changed cvar (cvar "sv_forcepreload") (value "1")
L 07/09/2025 - 23:27:08: [basecommands.smx] "Console<0><Console><Console>" changed cvar (cvar "sv_client_predict") (value "1")
L 07/09/2025 - 23:27:08: [basecommands.smx] "Console<0><Console><Console>" changed cvar (cvar "sv_client_cmdrate_difference") (value "0")
L 07/09/2025 - 23:27:08: [basecommands.smx] "Console<0><Console><Console>" changed cvar (cvar "sv_max_queries_sec_global") (value "10")
L 07/09/2025 - 23:27:08: [basecommands.smx] "Console<0><Console><Console>" changed cvar (cvar "sv_max_queries_sec") (value "3")
L 07/09/2025 - 23:27:08: [basecommands.smx] "Console<0><Console><Console>" changed cvar (cvar "sv_max_queries_window") (value "10")
L 07/09/2025 - 23:27:08: [basecommands.smx] "Console<0><Console><Console>" changed cvar (cvar "sv_player_stuck_tolerance") (value "5")
L 07/09/2025 - 23:27:08: [basecommands.smx] "Console<0><Console><Console>" changed cvar (cvar "sv_stats") (value "0")
L 07/09/2025 - 23:27:08: [basecommands.smx] "Console<0><Console><Console>" changed cvar (cvar "sv_clockcorrection_msecs") (value "25")
L 07/09/2025 - 23:27:08: [basecommands.smx] "Console<0><Console><Console>" changed cvar (cvar "survivor_max_incapacitated_count") (value "2")
L 07/09/2025 - 23:27:10: [optional/l4d2_saferoom_item_remove.smx] Removed 0 saferoom item(s) (start: 0; end: 0).
L 07/09/2025 - 23:28:26: SourceMod log file session started (file "/root/Steam/steamapps/common/L4D21/left4dead2/addons/sourcemod/logs/L20250709.log") (Version "1.12.0.7195")
L 07/09/2025 - 23:28:26: [fixes/firebulletsfix.smx] Found offset for Weapon_ShootPosition 286
L 07/09/2025 - 23:28:28: [basecommands.smx] "Console<0><Console><Console>" changed cvar (cvar "confogl_match_execcfg_plugins") (value "generalfixes.cfg;confogl_plugins.cfg;sharedplugins.cfg")
L 07/09/2025 - 23:28:28: [basecommands.smx] "Console<0><Console><Console>" changed cvar (cvar "l4d2_addons_eclipse") (value "0")
L 07/09/2025 - 23:28:28: [basecommands.smx] "Console<0><Console><Console>" changed cvar (cvar "sv_allow_wait_command") (value "0")
L 07/09/2025 - 23:28:28: [basecommands.smx] "Console<0><Console><Console>" changed cvar (cvar "sv_minrate") (value "100000")
L 07/09/2025 - 23:28:28: [basecommands.smx] "Console<0><Console><Console>" changed cvar (cvar "sv_maxrate") (value "100000")
L 07/09/2025 - 23:28:28: [basecommands.smx] "Console<0><Console><Console>" changed cvar (cvar "sv_minupdaterate") (value "100")
L 07/09/2025 - 23:28:28: [basecommands.smx] "Console<0><Console><Console>" changed cvar (cvar "sv_maxupdaterate") (value "100")
L 07/09/2025 - 23:28:28: [basecommands.smx] "Console<0><Console><Console>" changed cvar (cvar "sv_mincmdrate") (value "100")
L 07/09/2025 - 23:28:28: [basecommands.smx] "Console<0><Console><Console>" changed cvar (cvar "sv_maxcmdrate") (value "100")
L 07/09/2025 - 23:28:28: [basecommands.smx] "Console<0><Console><Console>" changed cvar (cvar "sv_client_min_interp_ratio") (value "-1")
L 07/09/2025 - 23:28:28: [basecommands.smx] "Console<0><Console><Console>" changed cvar (cvar "sv_client_max_interp_ratio") (value "0")
L 07/09/2025 - 23:28:28: [basecommands.smx] "Console<0><Console><Console>" changed cvar (cvar "nb_update_frequency") (value "0.014")
L 07/09/2025 - 23:28:28: [basecommands.smx] "Console<0><Console><Console>" changed cvar (cvar "net_splitpacket_maxrate") (value "50000")
L 07/09/2025 - 23:28:28: [basecommands.smx] "Console<0><Console><Console>" changed cvar (cvar "net_maxcleartime") (value "0.0001")
L 07/09/2025 - 23:28:28: [basecommands.smx] "Console<0><Console><Console>" changed cvar (cvar "fps_max") (value "0")
L 07/09/2025 - 23:28:28: [basecommands.smx] "Console<0><Console><Console>" changed cvar (cvar "tick_door_speed") (value "1.3")
L 07/09/2025 - 23:28:28: [basecommands.smx] "Console<0><Console><Console>" changed cvar (cvar "mv_maxplayers") (value "30")
L 07/09/2025 - 23:28:28: [basecommands.smx] "Console<0><Console><Console>" changed cvar (cvar "mp_autoteambalance") (value "0")
L 07/09/2025 - 23:28:28: [basecommands.smx] "Console<0><Console><Console>" changed cvar (cvar "sv_unlag_fixstuck") (value "1")
L 07/09/2025 - 23:28:28: [basecommands.smx] "Console<0><Console><Console>" changed cvar (cvar "z_brawl_chance") (value "0")
L 07/09/2025 - 23:28:28: [basecommands.smx] "Console<0><Console><Console>" changed cvar (cvar "sv_maxunlag") (value "1")
L 07/09/2025 - 23:28:28: [basecommands.smx] "Console<0><Console><Console>" changed cvar (cvar "sv_forcepreload") (value "1")
L 07/09/2025 - 23:28:28: [basecommands.smx] "Console<0><Console><Console>" changed cvar (cvar "sv_client_predict") (value "1")
L 07/09/2025 - 23:28:28: [basecommands.smx] "Console<0><Console><Console>" changed cvar (cvar "sv_client_cmdrate_difference") (value "0")
L 07/09/2025 - 23:28:28: [basecommands.smx] "Console<0><Console><Console>" changed cvar (cvar "sv_max_queries_sec_global") (value "10")
L 07/09/2025 - 23:28:28: [basecommands.smx] "Console<0><Console><Console>" changed cvar (cvar "sv_max_queries_sec") (value "3")
L 07/09/2025 - 23:28:28: [basecommands.smx] "Console<0><Console><Console>" changed cvar (cvar "sv_max_queries_window") (value "10")
L 07/09/2025 - 23:28:28: [basecommands.smx] "Console<0><Console><Console>" changed cvar (cvar "sv_player_stuck_tolerance") (value "5")
L 07/09/2025 - 23:28:28: [basecommands.smx] "Console<0><Console><Console>" changed cvar (cvar "sv_stats") (value "0")
L 07/09/2025 - 23:28:28: [basecommands.smx] "Console<0><Console><Console>" changed cvar (cvar "sv_clockcorrection_msecs") (value "25")
L 07/09/2025 - 23:28:29: [fixes/firebulletsfix.smx] Found offset for Weapon_ShootPosition 286
L 07/09/2025 - 23:28:29: [optional/l4d2_item_hint.smx] 
==========
Warning: You should install "[L4D & L4D2] Use Priority Patch" to fix attached models blocking +USE action (item hint): https://forums.alliedmods.net/showthread.php?t=327511
==========

L 07/09/2025 - 23:28:33: -------- Mapchange to c2m1_highway --------
L 07/09/2025 - 23:28:34: [basecommands.smx] "Console<0><Console><Console>" changed cvar (cvar "confogl_match_execcfg_plugins") (value "generalfixes.cfg;confogl_plugins.cfg;sharedplugins.cfg")
L 07/09/2025 - 23:28:34: [basecommands.smx] "Console<0><Console><Console>" changed cvar (cvar "l4d2_addons_eclipse") (value "0")
L 07/09/2025 - 23:28:34: [basecommands.smx] "Console<0><Console><Console>" changed cvar (cvar "sv_allow_wait_command") (value "0")
L 07/09/2025 - 23:28:34: [basecommands.smx] "Console<0><Console><Console>" changed cvar (cvar "sv_minrate") (value "100000")
L 07/09/2025 - 23:28:34: [basecommands.smx] "Console<0><Console><Console>" changed cvar (cvar "sv_maxrate") (value "100000")
L 07/09/2025 - 23:28:34: [basecommands.smx] "Console<0><Console><Console>" changed cvar (cvar "sv_minupdaterate") (value "100")
L 07/09/2025 - 23:28:34: [basecommands.smx] "Console<0><Console><Console>" changed cvar (cvar "sv_maxupdaterate") (value "100")
L 07/09/2025 - 23:28:34: [basecommands.smx] "Console<0><Console><Console>" changed cvar (cvar "sv_mincmdrate") (value "100")
L 07/09/2025 - 23:28:34: [basecommands.smx] "Console<0><Console><Console>" changed cvar (cvar "sv_maxcmdrate") (value "100")
L 07/09/2025 - 23:28:34: [basecommands.smx] "Console<0><Console><Console>" changed cvar (cvar "sv_client_min_interp_ratio") (value "-1")
L 07/09/2025 - 23:28:34: [basecommands.smx] "Console<0><Console><Console>" changed cvar (cvar "sv_client_max_interp_ratio") (value "0")
L 07/09/2025 - 23:28:34: [basecommands.smx] "Console<0><Console><Console>" changed cvar (cvar "nb_update_frequency") (value "0.014")
L 07/09/2025 - 23:28:34: [basecommands.smx] "Console<0><Console><Console>" changed cvar (cvar "net_splitpacket_maxrate") (value "50000")
L 07/09/2025 - 23:28:34: [basecommands.smx] "Console<0><Console><Console>" changed cvar (cvar "net_maxcleartime") (value "0.0001")
L 07/09/2025 - 23:28:34: [basecommands.smx] "Console<0><Console><Console>" changed cvar (cvar "fps_max") (value "0")
L 07/09/2025 - 23:28:34: [basecommands.smx] "Console<0><Console><Console>" changed cvar (cvar "tick_door_speed") (value "1.3")
L 07/09/2025 - 23:28:34: [basecommands.smx] "Console<0><Console><Console>" changed cvar (cvar "mv_maxplayers") (value "30")
L 07/09/2025 - 23:28:34: [basecommands.smx] "Console<0><Console><Console>" changed cvar (cvar "mp_autoteambalance") (value "0")
L 07/09/2025 - 23:28:34: [basecommands.smx] "Console<0><Console><Console>" changed cvar (cvar "sv_unlag_fixstuck") (value "1")
L 07/09/2025 - 23:28:34: [basecommands.smx] "Console<0><Console><Console>" changed cvar (cvar "z_brawl_chance") (value "0")
L 07/09/2025 - 23:28:34: [basecommands.smx] "Console<0><Console><Console>" changed cvar (cvar "sv_maxunlag") (value "1")
L 07/09/2025 - 23:28:34: [basecommands.smx] "Console<0><Console><Console>" changed cvar (cvar "sv_forcepreload") (value "1")
L 07/09/2025 - 23:28:34: [basecommands.smx] "Console<0><Console><Console>" changed cvar (cvar "sv_client_predict") (value "1")
L 07/09/2025 - 23:28:34: [basecommands.smx] "Console<0><Console><Console>" changed cvar (cvar "sv_client_cmdrate_difference") (value "0")
L 07/09/2025 - 23:28:34: [basecommands.smx] "Console<0><Console><Console>" changed cvar (cvar "sv_max_queries_sec_global") (value "10")
L 07/09/2025 - 23:28:34: [basecommands.smx] "Console<0><Console><Console>" changed cvar (cvar "sv_max_queries_sec") (value "3")
L 07/09/2025 - 23:28:34: [basecommands.smx] "Console<0><Console><Console>" changed cvar (cvar "sv_max_queries_window") (value "10")
L 07/09/2025 - 23:28:34: [basecommands.smx] "Console<0><Console><Console>" changed cvar (cvar "sv_player_stuck_tolerance") (value "5")
L 07/09/2025 - 23:28:34: [basecommands.smx] "Console<0><Console><Console>" changed cvar (cvar "sv_stats") (value "0")
L 07/09/2025 - 23:28:34: [basecommands.smx] "Console<0><Console><Console>" changed cvar (cvar "sv_clockcorrection_msecs") (value "25")
L 07/09/2025 - 23:28:34: [basecommands.smx] "Console<0><Console><Console>" changed cvar (cvar "survivor_max_incapacitated_count") (value "2")
L 07/09/2025 - 23:28:35: [optional/l4d2_saferoom_item_remove.smx] Removed 0 saferoom item(s) (start: 0; end: 0).
L 07/09/2025 - 23:39:43: Log file closed.
L 07/09/2025 - 23:43:02: SourceMod log file session started (file "/root/Steam/steamapps/common/L4D21/left4dead2/addons/sourcemod/logs/L20250709.log") (Version "1.12.0.7195")
L 07/09/2025 - 23:43:02: [fixes/firebulletsfix.smx] Found offset for Weapon_ShootPosition 286
L 07/09/2025 - 23:43:04: [basecommands.smx] "Console<0><Console><Console>" changed cvar (cvar "confogl_match_execcfg_plugins") (value "generalfixes.cfg;confogl_plugins.cfg;sharedplugins.cfg")
L 07/09/2025 - 23:43:04: [basecommands.smx] "Console<0><Console><Console>" changed cvar (cvar "l4d2_addons_eclipse") (value "0")
L 07/09/2025 - 23:43:04: [basecommands.smx] "Console<0><Console><Console>" changed cvar (cvar "sv_allow_wait_command") (value "0")
L 07/09/2025 - 23:43:04: [basecommands.smx] "Console<0><Console><Console>" changed cvar (cvar "sv_minrate") (value "100000")
L 07/09/2025 - 23:43:04: [basecommands.smx] "Console<0><Console><Console>" changed cvar (cvar "sv_maxrate") (value "100000")
L 07/09/2025 - 23:43:04: [basecommands.smx] "Console<0><Console><Console>" changed cvar (cvar "sv_minupdaterate") (value "100")
L 07/09/2025 - 23:43:04: [basecommands.smx] "Console<0><Console><Console>" changed cvar (cvar "sv_maxupdaterate") (value "100")
L 07/09/2025 - 23:43:04: [basecommands.smx] "Console<0><Console><Console>" changed cvar (cvar "sv_mincmdrate") (value "100")
L 07/09/2025 - 23:43:04: [basecommands.smx] "Console<0><Console><Console>" changed cvar (cvar "sv_maxcmdrate") (value "100")
L 07/09/2025 - 23:43:04: [basecommands.smx] "Console<0><Console><Console>" changed cvar (cvar "sv_client_min_interp_ratio") (value "-1")
L 07/09/2025 - 23:43:04: [basecommands.smx] "Console<0><Console><Console>" changed cvar (cvar "sv_client_max_interp_ratio") (value "0")
L 07/09/2025 - 23:43:04: [basecommands.smx] "Console<0><Console><Console>" changed cvar (cvar "nb_update_frequency") (value "0.014")
L 07/09/2025 - 23:43:04: [basecommands.smx] "Console<0><Console><Console>" changed cvar (cvar "net_splitpacket_maxrate") (value "50000")
L 07/09/2025 - 23:43:04: [basecommands.smx] "Console<0><Console><Console>" changed cvar (cvar "net_maxcleartime") (value "0.0001")
L 07/09/2025 - 23:43:04: [basecommands.smx] "Console<0><Console><Console>" changed cvar (cvar "fps_max") (value "0")
L 07/09/2025 - 23:43:04: [basecommands.smx] "Console<0><Console><Console>" changed cvar (cvar "tick_door_speed") (value "1.3")
L 07/09/2025 - 23:43:04: [basecommands.smx] "Console<0><Console><Console>" changed cvar (cvar "mv_maxplayers") (value "30")
L 07/09/2025 - 23:43:04: [basecommands.smx] "Console<0><Console><Console>" changed cvar (cvar "mp_autoteambalance") (value "0")
L 07/09/2025 - 23:43:04: [basecommands.smx] "Console<0><Console><Console>" changed cvar (cvar "sv_unlag_fixstuck") (value "1")
L 07/09/2025 - 23:43:04: [basecommands.smx] "Console<0><Console><Console>" changed cvar (cvar "z_brawl_chance") (value "0")
L 07/09/2025 - 23:43:04: [basecommands.smx] "Console<0><Console><Console>" changed cvar (cvar "sv_maxunlag") (value "1")
L 07/09/2025 - 23:43:04: [basecommands.smx] "Console<0><Console><Console>" changed cvar (cvar "sv_forcepreload") (value "1")
L 07/09/2025 - 23:43:04: [basecommands.smx] "Console<0><Console><Console>" changed cvar (cvar "sv_client_predict") (value "1")
L 07/09/2025 - 23:43:04: [basecommands.smx] "Console<0><Console><Console>" changed cvar (cvar "sv_client_cmdrate_difference") (value "0")
L 07/09/2025 - 23:43:04: [basecommands.smx] "Console<0><Console><Console>" changed cvar (cvar "sv_max_queries_sec_global") (value "10")
L 07/09/2025 - 23:43:04: [basecommands.smx] "Console<0><Console><Console>" changed cvar (cvar "sv_max_queries_sec") (value "3")
L 07/09/2025 - 23:43:04: [basecommands.smx] "Console<0><Console><Console>" changed cvar (cvar "sv_max_queries_window") (value "10")
L 07/09/2025 - 23:43:04: [basecommands.smx] "Console<0><Console><Console>" changed cvar (cvar "sv_player_stuck_tolerance") (value "5")
L 07/09/2025 - 23:43:04: [basecommands.smx] "Console<0><Console><Console>" changed cvar (cvar "sv_stats") (value "0")
L 07/09/2025 - 23:43:04: [basecommands.smx] "Console<0><Console><Console>" changed cvar (cvar "sv_clockcorrection_msecs") (value "25")
L 07/09/2025 - 23:43:05: [fixes/firebulletsfix.smx] Found offset for Weapon_ShootPosition 286
L 07/09/2025 - 23:43:05: [optional/l4d2_item_hint.smx] 
==========
Warning: You should install "[L4D & L4D2] Use Priority Patch" to fix attached models blocking +USE action (item hint): https://forums.alliedmods.net/showthread.php?t=327511
==========

L 07/09/2025 - 23:43:09: -------- Mapchange to c2m1_highway --------
L 07/09/2025 - 23:43:10: [basecommands.smx] "Console<0><Console><Console>" changed cvar (cvar "confogl_match_execcfg_plugins") (value "generalfixes.cfg;confogl_plugins.cfg;sharedplugins.cfg")
L 07/09/2025 - 23:43:10: [basecommands.smx] "Console<0><Console><Console>" changed cvar (cvar "l4d2_addons_eclipse") (value "0")
L 07/09/2025 - 23:43:10: [basecommands.smx] "Console<0><Console><Console>" changed cvar (cvar "sv_allow_wait_command") (value "0")
L 07/09/2025 - 23:43:10: [basecommands.smx] "Console<0><Console><Console>" changed cvar (cvar "sv_minrate") (value "100000")
L 07/09/2025 - 23:43:10: [basecommands.smx] "Console<0><Console><Console>" changed cvar (cvar "sv_maxrate") (value "100000")
L 07/09/2025 - 23:43:10: [basecommands.smx] "Console<0><Console><Console>" changed cvar (cvar "sv_minupdaterate") (value "100")
L 07/09/2025 - 23:43:10: [basecommands.smx] "Console<0><Console><Console>" changed cvar (cvar "sv_maxupdaterate") (value "100")
L 07/09/2025 - 23:43:10: [basecommands.smx] "Console<0><Console><Console>" changed cvar (cvar "sv_mincmdrate") (value "100")
L 07/09/2025 - 23:43:10: [basecommands.smx] "Console<0><Console><Console>" changed cvar (cvar "sv_maxcmdrate") (value "100")
L 07/09/2025 - 23:43:10: [basecommands.smx] "Console<0><Console><Console>" changed cvar (cvar "sv_client_min_interp_ratio") (value "-1")
L 07/09/2025 - 23:43:10: [basecommands.smx] "Console<0><Console><Console>" changed cvar (cvar "sv_client_max_interp_ratio") (value "0")
L 07/09/2025 - 23:43:10: [basecommands.smx] "Console<0><Console><Console>" changed cvar (cvar "nb_update_frequency") (value "0.014")
L 07/09/2025 - 23:43:10: [basecommands.smx] "Console<0><Console><Console>" changed cvar (cvar "net_splitpacket_maxrate") (value "50000")
L 07/09/2025 - 23:43:10: [basecommands.smx] "Console<0><Console><Console>" changed cvar (cvar "net_maxcleartime") (value "0.0001")
L 07/09/2025 - 23:43:10: [basecommands.smx] "Console<0><Console><Console>" changed cvar (cvar "fps_max") (value "0")
L 07/09/2025 - 23:43:10: [basecommands.smx] "Console<0><Console><Console>" changed cvar (cvar "tick_door_speed") (value "1.3")
L 07/09/2025 - 23:43:10: [basecommands.smx] "Console<0><Console><Console>" changed cvar (cvar "mv_maxplayers") (value "30")
L 07/09/2025 - 23:43:10: [basecommands.smx] "Console<0><Console><Console>" changed cvar (cvar "mp_autoteambalance") (value "0")
L 07/09/2025 - 23:43:10: [basecommands.smx] "Console<0><Console><Console>" changed cvar (cvar "sv_unlag_fixstuck") (value "1")
L 07/09/2025 - 23:43:10: [basecommands.smx] "Console<0><Console><Console>" changed cvar (cvar "z_brawl_chance") (value "0")
L 07/09/2025 - 23:43:10: [basecommands.smx] "Console<0><Console><Console>" changed cvar (cvar "sv_maxunlag") (value "1")
L 07/09/2025 - 23:43:10: [basecommands.smx] "Console<0><Console><Console>" changed cvar (cvar "sv_forcepreload") (value "1")
L 07/09/2025 - 23:43:10: [basecommands.smx] "Console<0><Console><Console>" changed cvar (cvar "sv_client_predict") (value "1")
L 07/09/2025 - 23:43:10: [basecommands.smx] "Console<0><Console><Console>" changed cvar (cvar "sv_client_cmdrate_difference") (value "0")
L 07/09/2025 - 23:43:10: [basecommands.smx] "Console<0><Console><Console>" changed cvar (cvar "sv_max_queries_sec_global") (value "10")
L 07/09/2025 - 23:43:10: [basecommands.smx] "Console<0><Console><Console>" changed cvar (cvar "sv_max_queries_sec") (value "3")
L 07/09/2025 - 23:43:10: [basecommands.smx] "Console<0><Console><Console>" changed cvar (cvar "sv_max_queries_window") (value "10")
L 07/09/2025 - 23:43:10: [basecommands.smx] "Console<0><Console><Console>" changed cvar (cvar "sv_player_stuck_tolerance") (value "5")
L 07/09/2025 - 23:43:10: [basecommands.smx] "Console<0><Console><Console>" changed cvar (cvar "sv_stats") (value "0")
L 07/09/2025 - 23:43:10: [basecommands.smx] "Console<0><Console><Console>" changed cvar (cvar "sv_clockcorrection_msecs") (value "25")
L 07/09/2025 - 23:43:10: [basecommands.smx] "Console<0><Console><Console>" changed cvar (cvar "survivor_max_incapacitated_count") (value "2")
L 07/09/2025 - 23:43:11: [optional/l4d2_saferoom_item_remove.smx] Removed 0 saferoom item(s) (start: 0; end: 0).
L 07/09/2025 - 23:43:27: SourceMod log file session started (file "/root/Steam/steamapps/common/L4D21/left4dead2/addons/sourcemod/logs/L20250709.log") (Version "1.12.0.7195")
L 07/09/2025 - 23:43:27: [fixes/firebulletsfix.smx] Found offset for Weapon_ShootPosition 286
L 07/09/2025 - 23:43:29: [basecommands.smx] "Console<0><Console><Console>" changed cvar (cvar "confogl_match_execcfg_plugins") (value "generalfixes.cfg;confogl_plugins.cfg;sharedplugins.cfg")
L 07/09/2025 - 23:43:29: [basecommands.smx] "Console<0><Console><Console>" changed cvar (cvar "l4d2_addons_eclipse") (value "0")
L 07/09/2025 - 23:43:29: [basecommands.smx] "Console<0><Console><Console>" changed cvar (cvar "sv_allow_wait_command") (value "0")
L 07/09/2025 - 23:43:29: [basecommands.smx] "Console<0><Console><Console>" changed cvar (cvar "sv_minrate") (value "100000")
L 07/09/2025 - 23:43:29: [basecommands.smx] "Console<0><Console><Console>" changed cvar (cvar "sv_maxrate") (value "100000")
L 07/09/2025 - 23:43:29: [basecommands.smx] "Console<0><Console><Console>" changed cvar (cvar "sv_minupdaterate") (value "100")
L 07/09/2025 - 23:43:29: [basecommands.smx] "Console<0><Console><Console>" changed cvar (cvar "sv_maxupdaterate") (value "100")
L 07/09/2025 - 23:43:29: [basecommands.smx] "Console<0><Console><Console>" changed cvar (cvar "sv_mincmdrate") (value "100")
L 07/09/2025 - 23:43:29: [basecommands.smx] "Console<0><Console><Console>" changed cvar (cvar "sv_maxcmdrate") (value "100")
L 07/09/2025 - 23:43:29: [basecommands.smx] "Console<0><Console><Console>" changed cvar (cvar "sv_client_min_interp_ratio") (value "-1")
L 07/09/2025 - 23:43:29: [basecommands.smx] "Console<0><Console><Console>" changed cvar (cvar "sv_client_max_interp_ratio") (value "0")
L 07/09/2025 - 23:43:29: [basecommands.smx] "Console<0><Console><Console>" changed cvar (cvar "nb_update_frequency") (value "0.014")
L 07/09/2025 - 23:43:29: [basecommands.smx] "Console<0><Console><Console>" changed cvar (cvar "net_splitpacket_maxrate") (value "50000")
L 07/09/2025 - 23:43:29: [basecommands.smx] "Console<0><Console><Console>" changed cvar (cvar "net_maxcleartime") (value "0.0001")
L 07/09/2025 - 23:43:29: [basecommands.smx] "Console<0><Console><Console>" changed cvar (cvar "fps_max") (value "0")
L 07/09/2025 - 23:43:29: [basecommands.smx] "Console<0><Console><Console>" changed cvar (cvar "tick_door_speed") (value "1.3")
L 07/09/2025 - 23:43:29: [basecommands.smx] "Console<0><Console><Console>" changed cvar (cvar "mv_maxplayers") (value "30")
L 07/09/2025 - 23:43:29: [basecommands.smx] "Console<0><Console><Console>" changed cvar (cvar "mp_autoteambalance") (value "0")
L 07/09/2025 - 23:43:29: [basecommands.smx] "Console<0><Console><Console>" changed cvar (cvar "sv_unlag_fixstuck") (value "1")
L 07/09/2025 - 23:43:29: [basecommands.smx] "Console<0><Console><Console>" changed cvar (cvar "z_brawl_chance") (value "0")
L 07/09/2025 - 23:43:29: [basecommands.smx] "Console<0><Console><Console>" changed cvar (cvar "sv_maxunlag") (value "1")
L 07/09/2025 - 23:43:29: [basecommands.smx] "Console<0><Console><Console>" changed cvar (cvar "sv_forcepreload") (value "1")
L 07/09/2025 - 23:43:29: [basecommands.smx] "Console<0><Console><Console>" changed cvar (cvar "sv_client_predict") (value "1")
L 07/09/2025 - 23:43:29: [basecommands.smx] "Console<0><Console><Console>" changed cvar (cvar "sv_client_cmdrate_difference") (value "0")
L 07/09/2025 - 23:43:29: [basecommands.smx] "Console<0><Console><Console>" changed cvar (cvar "sv_max_queries_sec_global") (value "10")
L 07/09/2025 - 23:43:29: [basecommands.smx] "Console<0><Console><Console>" changed cvar (cvar "sv_max_queries_sec") (value "3")
L 07/09/2025 - 23:43:29: [basecommands.smx] "Console<0><Console><Console>" changed cvar (cvar "sv_max_queries_window") (value "10")
L 07/09/2025 - 23:43:29: [basecommands.smx] "Console<0><Console><Console>" changed cvar (cvar "sv_player_stuck_tolerance") (value "5")
L 07/09/2025 - 23:43:29: [basecommands.smx] "Console<0><Console><Console>" changed cvar (cvar "sv_stats") (value "0")
L 07/09/2025 - 23:43:29: [basecommands.smx] "Console<0><Console><Console>" changed cvar (cvar "sv_clockcorrection_msecs") (value "25")
L 07/09/2025 - 23:43:30: [fixes/firebulletsfix.smx] Found offset for Weapon_ShootPosition 286
L 07/09/2025 - 23:43:30: [optional/l4d2_item_hint.smx] 
==========
Warning: You should install "[L4D & L4D2] Use Priority Patch" to fix attached models blocking +USE action (item hint): https://forums.alliedmods.net/showthread.php?t=327511
==========

L 07/09/2025 - 23:43:34: -------- Mapchange to c2m1_highway --------
L 07/09/2025 - 23:43:35: [basecommands.smx] "Console<0><Console><Console>" changed cvar (cvar "confogl_match_execcfg_plugins") (value "generalfixes.cfg;confogl_plugins.cfg;sharedplugins.cfg")
L 07/09/2025 - 23:43:35: [basecommands.smx] "Console<0><Console><Console>" changed cvar (cvar "l4d2_addons_eclipse") (value "0")
L 07/09/2025 - 23:43:35: [basecommands.smx] "Console<0><Console><Console>" changed cvar (cvar "sv_allow_wait_command") (value "0")
L 07/09/2025 - 23:43:35: [basecommands.smx] "Console<0><Console><Console>" changed cvar (cvar "sv_minrate") (value "100000")
L 07/09/2025 - 23:43:35: [basecommands.smx] "Console<0><Console><Console>" changed cvar (cvar "sv_maxrate") (value "100000")
L 07/09/2025 - 23:43:35: [basecommands.smx] "Console<0><Console><Console>" changed cvar (cvar "sv_minupdaterate") (value "100")
L 07/09/2025 - 23:43:35: [basecommands.smx] "Console<0><Console><Console>" changed cvar (cvar "sv_maxupdaterate") (value "100")
L 07/09/2025 - 23:43:35: [basecommands.smx] "Console<0><Console><Console>" changed cvar (cvar "sv_mincmdrate") (value "100")
L 07/09/2025 - 23:43:35: [basecommands.smx] "Console<0><Console><Console>" changed cvar (cvar "sv_maxcmdrate") (value "100")
L 07/09/2025 - 23:43:35: [basecommands.smx] "Console<0><Console><Console>" changed cvar (cvar "sv_client_min_interp_ratio") (value "-1")
L 07/09/2025 - 23:43:35: [basecommands.smx] "Console<0><Console><Console>" changed cvar (cvar "sv_client_max_interp_ratio") (value "0")
L 07/09/2025 - 23:43:35: [basecommands.smx] "Console<0><Console><Console>" changed cvar (cvar "nb_update_frequency") (value "0.014")
L 07/09/2025 - 23:43:35: [basecommands.smx] "Console<0><Console><Console>" changed cvar (cvar "net_splitpacket_maxrate") (value "50000")
L 07/09/2025 - 23:43:35: [basecommands.smx] "Console<0><Console><Console>" changed cvar (cvar "net_maxcleartime") (value "0.0001")
L 07/09/2025 - 23:43:35: [basecommands.smx] "Console<0><Console><Console>" changed cvar (cvar "fps_max") (value "0")
L 07/09/2025 - 23:43:35: [basecommands.smx] "Console<0><Console><Console>" changed cvar (cvar "tick_door_speed") (value "1.3")
L 07/09/2025 - 23:43:35: [basecommands.smx] "Console<0><Console><Console>" changed cvar (cvar "mv_maxplayers") (value "30")
L 07/09/2025 - 23:43:35: [basecommands.smx] "Console<0><Console><Console>" changed cvar (cvar "mp_autoteambalance") (value "0")
L 07/09/2025 - 23:43:35: [basecommands.smx] "Console<0><Console><Console>" changed cvar (cvar "sv_unlag_fixstuck") (value "1")
L 07/09/2025 - 23:43:35: [basecommands.smx] "Console<0><Console><Console>" changed cvar (cvar "z_brawl_chance") (value "0")
L 07/09/2025 - 23:43:35: [basecommands.smx] "Console<0><Console><Console>" changed cvar (cvar "sv_maxunlag") (value "1")
L 07/09/2025 - 23:43:35: [basecommands.smx] "Console<0><Console><Console>" changed cvar (cvar "sv_forcepreload") (value "1")
L 07/09/2025 - 23:43:35: [basecommands.smx] "Console<0><Console><Console>" changed cvar (cvar "sv_client_predict") (value "1")
L 07/09/2025 - 23:43:35: [basecommands.smx] "Console<0><Console><Console>" changed cvar (cvar "sv_client_cmdrate_difference") (value "0")
L 07/09/2025 - 23:43:35: [basecommands.smx] "Console<0><Console><Console>" changed cvar (cvar "sv_max_queries_sec_global") (value "10")
L 07/09/2025 - 23:43:35: [basecommands.smx] "Console<0><Console><Console>" changed cvar (cvar "sv_max_queries_sec") (value "3")
L 07/09/2025 - 23:43:35: [basecommands.smx] "Console<0><Console><Console>" changed cvar (cvar "sv_max_queries_window") (value "10")
L 07/09/2025 - 23:43:35: [basecommands.smx] "Console<0><Console><Console>" changed cvar (cvar "sv_player_stuck_tolerance") (value "5")
L 07/09/2025 - 23:43:35: [basecommands.smx] "Console<0><Console><Console>" changed cvar (cvar "sv_stats") (value "0")
L 07/09/2025 - 23:43:35: [basecommands.smx] "Console<0><Console><Console>" changed cvar (cvar "sv_clockcorrection_msecs") (value "25")
L 07/09/2025 - 23:43:35: [basecommands.smx] "Console<0><Console><Console>" changed cvar (cvar "survivor_max_incapacitated_count") (value "2")
L 07/09/2025 - 23:43:37: [optional/l4d2_saferoom_item_remove.smx] Removed 0 saferoom item(s) (start: 0; end: 0).
L 07/09/2025 - 23:45:26: [optional/l4d2_saferoom_item_remove.smx] Removed 0 saferoom item(s) (start: 0; end: 0).
L 07/09/2025 - 23:46:44: SourceMod log file session started (file "/root/Steam/steamapps/common/L4D21/left4dead2/addons/sourcemod/logs/L20250709.log") (Version "1.12.0.7195")
L 07/09/2025 - 23:46:44: [fixes/firebulletsfix.smx] Found offset for Weapon_ShootPosition 286
L 07/09/2025 - 23:46:47: [basecommands.smx] "Console<0><Console><Console>" changed cvar (cvar "confogl_match_execcfg_plugins") (value "generalfixes.cfg;confogl_plugins.cfg;sharedplugins.cfg")
L 07/09/2025 - 23:46:47: [basecommands.smx] "Console<0><Console><Console>" changed cvar (cvar "l4d2_addons_eclipse") (value "0")
L 07/09/2025 - 23:46:47: [basecommands.smx] "Console<0><Console><Console>" changed cvar (cvar "sv_allow_wait_command") (value "0")
L 07/09/2025 - 23:46:47: [basecommands.smx] "Console<0><Console><Console>" changed cvar (cvar "sv_minrate") (value "100000")
L 07/09/2025 - 23:46:47: [basecommands.smx] "Console<0><Console><Console>" changed cvar (cvar "sv_maxrate") (value "100000")
L 07/09/2025 - 23:46:47: [basecommands.smx] "Console<0><Console><Console>" changed cvar (cvar "sv_minupdaterate") (value "100")
L 07/09/2025 - 23:46:47: [basecommands.smx] "Console<0><Console><Console>" changed cvar (cvar "sv_maxupdaterate") (value "100")
L 07/09/2025 - 23:46:47: [basecommands.smx] "Console<0><Console><Console>" changed cvar (cvar "sv_mincmdrate") (value "100")
L 07/09/2025 - 23:46:47: [basecommands.smx] "Console<0><Console><Console>" changed cvar (cvar "sv_maxcmdrate") (value "100")
L 07/09/2025 - 23:46:47: [basecommands.smx] "Console<0><Console><Console>" changed cvar (cvar "sv_client_min_interp_ratio") (value "-1")
L 07/09/2025 - 23:46:47: [basecommands.smx] "Console<0><Console><Console>" changed cvar (cvar "sv_client_max_interp_ratio") (value "0")
L 07/09/2025 - 23:46:47: [basecommands.smx] "Console<0><Console><Console>" changed cvar (cvar "nb_update_frequency") (value "0.014")
L 07/09/2025 - 23:46:47: [basecommands.smx] "Console<0><Console><Console>" changed cvar (cvar "net_splitpacket_maxrate") (value "50000")
L 07/09/2025 - 23:46:47: [basecommands.smx] "Console<0><Console><Console>" changed cvar (cvar "net_maxcleartime") (value "0.0001")
L 07/09/2025 - 23:46:47: [basecommands.smx] "Console<0><Console><Console>" changed cvar (cvar "fps_max") (value "0")
L 07/09/2025 - 23:46:47: [basecommands.smx] "Console<0><Console><Console>" changed cvar (cvar "tick_door_speed") (value "1.3")
L 07/09/2025 - 23:46:47: [basecommands.smx] "Console<0><Console><Console>" changed cvar (cvar "mv_maxplayers") (value "30")
L 07/09/2025 - 23:46:47: [basecommands.smx] "Console<0><Console><Console>" changed cvar (cvar "mp_autoteambalance") (value "0")
L 07/09/2025 - 23:46:47: [basecommands.smx] "Console<0><Console><Console>" changed cvar (cvar "sv_unlag_fixstuck") (value "1")
L 07/09/2025 - 23:46:47: [basecommands.smx] "Console<0><Console><Console>" changed cvar (cvar "z_brawl_chance") (value "0")
L 07/09/2025 - 23:46:47: [basecommands.smx] "Console<0><Console><Console>" changed cvar (cvar "sv_maxunlag") (value "1")
L 07/09/2025 - 23:46:47: [basecommands.smx] "Console<0><Console><Console>" changed cvar (cvar "sv_forcepreload") (value "1")
L 07/09/2025 - 23:46:47: [basecommands.smx] "Console<0><Console><Console>" changed cvar (cvar "sv_client_predict") (value "1")
L 07/09/2025 - 23:46:47: [basecommands.smx] "Console<0><Console><Console>" changed cvar (cvar "sv_client_cmdrate_difference") (value "0")
L 07/09/2025 - 23:46:47: [basecommands.smx] "Console<0><Console><Console>" changed cvar (cvar "sv_max_queries_sec_global") (value "10")
L 07/09/2025 - 23:46:47: [basecommands.smx] "Console<0><Console><Console>" changed cvar (cvar "sv_max_queries_sec") (value "3")
L 07/09/2025 - 23:46:47: [basecommands.smx] "Console<0><Console><Console>" changed cvar (cvar "sv_max_queries_window") (value "10")
L 07/09/2025 - 23:46:47: [basecommands.smx] "Console<0><Console><Console>" changed cvar (cvar "sv_player_stuck_tolerance") (value "5")
L 07/09/2025 - 23:46:47: [basecommands.smx] "Console<0><Console><Console>" changed cvar (cvar "sv_stats") (value "0")
L 07/09/2025 - 23:46:47: [basecommands.smx] "Console<0><Console><Console>" changed cvar (cvar "sv_clockcorrection_msecs") (value "25")
L 07/09/2025 - 23:46:47: [fixes/firebulletsfix.smx] Found offset for Weapon_ShootPosition 286
L 07/09/2025 - 23:46:47: [optional/l4d2_item_hint.smx] 
==========
Warning: You should install "[L4D & L4D2] Use Priority Patch" to fix attached models blocking +USE action (item hint): https://forums.alliedmods.net/showthread.php?t=327511
==========

L 07/09/2025 - 23:46:51: -------- Mapchange to c2m1_highway --------
L 07/09/2025 - 23:46:52: [basecommands.smx] "Console<0><Console><Console>" changed cvar (cvar "confogl_match_execcfg_plugins") (value "generalfixes.cfg;confogl_plugins.cfg;sharedplugins.cfg")
L 07/09/2025 - 23:46:52: [basecommands.smx] "Console<0><Console><Console>" changed cvar (cvar "l4d2_addons_eclipse") (value "0")
L 07/09/2025 - 23:46:52: [basecommands.smx] "Console<0><Console><Console>" changed cvar (cvar "sv_allow_wait_command") (value "0")
L 07/09/2025 - 23:46:52: [basecommands.smx] "Console<0><Console><Console>" changed cvar (cvar "sv_minrate") (value "100000")
L 07/09/2025 - 23:46:52: [basecommands.smx] "Console<0><Console><Console>" changed cvar (cvar "sv_maxrate") (value "100000")
L 07/09/2025 - 23:46:52: [basecommands.smx] "Console<0><Console><Console>" changed cvar (cvar "sv_minupdaterate") (value "100")
L 07/09/2025 - 23:46:52: [basecommands.smx] "Console<0><Console><Console>" changed cvar (cvar "sv_maxupdaterate") (value "100")
L 07/09/2025 - 23:46:52: [basecommands.smx] "Console<0><Console><Console>" changed cvar (cvar "sv_mincmdrate") (value "100")
L 07/09/2025 - 23:46:52: [basecommands.smx] "Console<0><Console><Console>" changed cvar (cvar "sv_maxcmdrate") (value "100")
L 07/09/2025 - 23:46:52: [basecommands.smx] "Console<0><Console><Console>" changed cvar (cvar "sv_client_min_interp_ratio") (value "-1")
L 07/09/2025 - 23:46:52: [basecommands.smx] "Console<0><Console><Console>" changed cvar (cvar "sv_client_max_interp_ratio") (value "0")
L 07/09/2025 - 23:46:52: [basecommands.smx] "Console<0><Console><Console>" changed cvar (cvar "nb_update_frequency") (value "0.014")
L 07/09/2025 - 23:46:52: [basecommands.smx] "Console<0><Console><Console>" changed cvar (cvar "net_splitpacket_maxrate") (value "50000")
L 07/09/2025 - 23:46:52: [basecommands.smx] "Console<0><Console><Console>" changed cvar (cvar "net_maxcleartime") (value "0.0001")
L 07/09/2025 - 23:46:52: [basecommands.smx] "Console<0><Console><Console>" changed cvar (cvar "fps_max") (value "0")
L 07/09/2025 - 23:46:52: [basecommands.smx] "Console<0><Console><Console>" changed cvar (cvar "tick_door_speed") (value "1.3")
L 07/09/2025 - 23:46:52: [basecommands.smx] "Console<0><Console><Console>" changed cvar (cvar "mv_maxplayers") (value "30")
L 07/09/2025 - 23:46:52: [basecommands.smx] "Console<0><Console><Console>" changed cvar (cvar "mp_autoteambalance") (value "0")
L 07/09/2025 - 23:46:52: [basecommands.smx] "Console<0><Console><Console>" changed cvar (cvar "sv_unlag_fixstuck") (value "1")
L 07/09/2025 - 23:46:52: [basecommands.smx] "Console<0><Console><Console>" changed cvar (cvar "z_brawl_chance") (value "0")
L 07/09/2025 - 23:46:52: [basecommands.smx] "Console<0><Console><Console>" changed cvar (cvar "sv_maxunlag") (value "1")
L 07/09/2025 - 23:46:52: [basecommands.smx] "Console<0><Console><Console>" changed cvar (cvar "sv_forcepreload") (value "1")
L 07/09/2025 - 23:46:52: [basecommands.smx] "Console<0><Console><Console>" changed cvar (cvar "sv_client_predict") (value "1")
L 07/09/2025 - 23:46:52: [basecommands.smx] "Console<0><Console><Console>" changed cvar (cvar "sv_client_cmdrate_difference") (value "0")
L 07/09/2025 - 23:46:52: [basecommands.smx] "Console<0><Console><Console>" changed cvar (cvar "sv_max_queries_sec_global") (value "10")
L 07/09/2025 - 23:46:52: [basecommands.smx] "Console<0><Console><Console>" changed cvar (cvar "sv_max_queries_sec") (value "3")
L 07/09/2025 - 23:46:52: [basecommands.smx] "Console<0><Console><Console>" changed cvar (cvar "sv_max_queries_window") (value "10")
L 07/09/2025 - 23:46:52: [basecommands.smx] "Console<0><Console><Console>" changed cvar (cvar "sv_player_stuck_tolerance") (value "5")
L 07/09/2025 - 23:46:52: [basecommands.smx] "Console<0><Console><Console>" changed cvar (cvar "sv_stats") (value "0")
L 07/09/2025 - 23:46:52: [basecommands.smx] "Console<0><Console><Console>" changed cvar (cvar "sv_clockcorrection_msecs") (value "25")
L 07/09/2025 - 23:46:52: [basecommands.smx] "Console<0><Console><Console>" changed cvar (cvar "survivor_max_incapacitated_count") (value "2")
L 07/09/2025 - 23:46:53: [optional/l4d2_saferoom_item_remove.smx] Removed 0 saferoom item(s) (start: 0; end: 0).
L 07/09/2025 - 23:52:29: [basecommands.smx] "紙飛行機<2><STEAM_1:1:590841514><>" changed map to "c1m1_hotel"
L 07/09/2025 - 23:52:33: -------- Mapchange to c1m1_hotel --------
L 07/09/2025 - 23:52:34: [basecommands.smx] "Console<0><Console><Console>" changed cvar (cvar "confogl_match_execcfg_plugins") (value "generalfixes.cfg;confogl_plugins.cfg;sharedplugins.cfg")
L 07/09/2025 - 23:52:34: [basecommands.smx] "Console<0><Console><Console>" changed cvar (cvar "l4d2_addons_eclipse") (value "0")
L 07/09/2025 - 23:52:34: [basecommands.smx] "Console<0><Console><Console>" changed cvar (cvar "sv_allow_wait_command") (value "0")
L 07/09/2025 - 23:52:34: [basecommands.smx] "Console<0><Console><Console>" changed cvar (cvar "sv_minrate") (value "100000")
L 07/09/2025 - 23:52:34: [basecommands.smx] "Console<0><Console><Console>" changed cvar (cvar "sv_maxrate") (value "100000")
L 07/09/2025 - 23:52:34: [basecommands.smx] "Console<0><Console><Console>" changed cvar (cvar "sv_minupdaterate") (value "100")
L 07/09/2025 - 23:52:34: [basecommands.smx] "Console<0><Console><Console>" changed cvar (cvar "sv_maxupdaterate") (value "100")
L 07/09/2025 - 23:52:34: [basecommands.smx] "Console<0><Console><Console>" changed cvar (cvar "sv_mincmdrate") (value "100")
L 07/09/2025 - 23:52:34: [basecommands.smx] "Console<0><Console><Console>" changed cvar (cvar "sv_maxcmdrate") (value "100")
L 07/09/2025 - 23:52:34: [basecommands.smx] "Console<0><Console><Console>" changed cvar (cvar "sv_client_min_interp_ratio") (value "-1")
L 07/09/2025 - 23:52:34: [basecommands.smx] "Console<0><Console><Console>" changed cvar (cvar "sv_client_max_interp_ratio") (value "0")
L 07/09/2025 - 23:52:34: [basecommands.smx] "Console<0><Console><Console>" changed cvar (cvar "nb_update_frequency") (value "0.014")
L 07/09/2025 - 23:52:34: [basecommands.smx] "Console<0><Console><Console>" changed cvar (cvar "net_splitpacket_maxrate") (value "50000")
L 07/09/2025 - 23:52:34: [basecommands.smx] "Console<0><Console><Console>" changed cvar (cvar "net_maxcleartime") (value "0.0001")
L 07/09/2025 - 23:52:34: [basecommands.smx] "Console<0><Console><Console>" changed cvar (cvar "fps_max") (value "0")
L 07/09/2025 - 23:52:34: [basecommands.smx] "Console<0><Console><Console>" changed cvar (cvar "tick_door_speed") (value "1.3")
L 07/09/2025 - 23:52:34: [basecommands.smx] "Console<0><Console><Console>" changed cvar (cvar "mv_maxplayers") (value "30")
L 07/09/2025 - 23:52:34: [basecommands.smx] "Console<0><Console><Console>" changed cvar (cvar "mp_autoteambalance") (value "0")
L 07/09/2025 - 23:52:34: [basecommands.smx] "Console<0><Console><Console>" changed cvar (cvar "sv_unlag_fixstuck") (value "1")
L 07/09/2025 - 23:52:34: [basecommands.smx] "Console<0><Console><Console>" changed cvar (cvar "z_brawl_chance") (value "0")
L 07/09/2025 - 23:52:34: [basecommands.smx] "Console<0><Console><Console>" changed cvar (cvar "sv_maxunlag") (value "1")
L 07/09/2025 - 23:52:34: [basecommands.smx] "Console<0><Console><Console>" changed cvar (cvar "sv_forcepreload") (value "1")
L 07/09/2025 - 23:52:34: [basecommands.smx] "Console<0><Console><Console>" changed cvar (cvar "sv_client_predict") (value "1")
L 07/09/2025 - 23:52:34: [basecommands.smx] "Console<0><Console><Console>" changed cvar (cvar "sv_client_cmdrate_difference") (value "0")
L 07/09/2025 - 23:52:34: [basecommands.smx] "Console<0><Console><Console>" changed cvar (cvar "sv_max_queries_sec_global") (value "10")
L 07/09/2025 - 23:52:34: [basecommands.smx] "Console<0><Console><Console>" changed cvar (cvar "sv_max_queries_sec") (value "3")
L 07/09/2025 - 23:52:34: [basecommands.smx] "Console<0><Console><Console>" changed cvar (cvar "sv_max_queries_window") (value "10")
L 07/09/2025 - 23:52:34: [basecommands.smx] "Console<0><Console><Console>" changed cvar (cvar "sv_player_stuck_tolerance") (value "5")
L 07/09/2025 - 23:52:34: [basecommands.smx] "Console<0><Console><Console>" changed cvar (cvar "sv_stats") (value "0")
L 07/09/2025 - 23:52:34: [basecommands.smx] "Console<0><Console><Console>" changed cvar (cvar "sv_clockcorrection_msecs") (value "25")
L 07/09/2025 - 23:52:34: [basecommands.smx] "Console<0><Console><Console>" changed cvar (cvar "survivor_max_incapacitated_count") (value "2")
L 07/09/2025 - 23:52:36: [optional/l4d2_saferoom_item_remove.smx] Removed 4 saferoom item(s) (start: 4; end: 0).
L 07/09/2025 - 23:53:31: SourceMod log file session started (file "/root/Steam/steamapps/common/L4D21/left4dead2/addons/sourcemod/logs/L20250709.log") (Version "1.12.0.7195")
L 07/09/2025 - 23:53:31: [fixes/firebulletsfix.smx] Found offset for Weapon_ShootPosition 286
L 07/09/2025 - 23:53:33: [basecommands.smx] "Console<0><Console><Console>" changed cvar (cvar "confogl_match_execcfg_plugins") (value "generalfixes.cfg;confogl_plugins.cfg;sharedplugins.cfg")
L 07/09/2025 - 23:53:33: [basecommands.smx] "Console<0><Console><Console>" changed cvar (cvar "l4d2_addons_eclipse") (value "0")
L 07/09/2025 - 23:53:33: [basecommands.smx] "Console<0><Console><Console>" changed cvar (cvar "sv_allow_wait_command") (value "0")
L 07/09/2025 - 23:53:33: [basecommands.smx] "Console<0><Console><Console>" changed cvar (cvar "sv_minrate") (value "100000")
L 07/09/2025 - 23:53:33: [basecommands.smx] "Console<0><Console><Console>" changed cvar (cvar "sv_maxrate") (value "100000")
L 07/09/2025 - 23:53:33: [basecommands.smx] "Console<0><Console><Console>" changed cvar (cvar "sv_minupdaterate") (value "100")
L 07/09/2025 - 23:53:33: [basecommands.smx] "Console<0><Console><Console>" changed cvar (cvar "sv_maxupdaterate") (value "100")
L 07/09/2025 - 23:53:33: [basecommands.smx] "Console<0><Console><Console>" changed cvar (cvar "sv_mincmdrate") (value "100")
L 07/09/2025 - 23:53:33: [basecommands.smx] "Console<0><Console><Console>" changed cvar (cvar "sv_maxcmdrate") (value "100")
L 07/09/2025 - 23:53:33: [basecommands.smx] "Console<0><Console><Console>" changed cvar (cvar "sv_client_min_interp_ratio") (value "-1")
L 07/09/2025 - 23:53:33: [basecommands.smx] "Console<0><Console><Console>" changed cvar (cvar "sv_client_max_interp_ratio") (value "0")
L 07/09/2025 - 23:53:33: [basecommands.smx] "Console<0><Console><Console>" changed cvar (cvar "nb_update_frequency") (value "0.014")
L 07/09/2025 - 23:53:33: [basecommands.smx] "Console<0><Console><Console>" changed cvar (cvar "net_splitpacket_maxrate") (value "50000")
L 07/09/2025 - 23:53:33: [basecommands.smx] "Console<0><Console><Console>" changed cvar (cvar "net_maxcleartime") (value "0.0001")
L 07/09/2025 - 23:53:33: [basecommands.smx] "Console<0><Console><Console>" changed cvar (cvar "fps_max") (value "0")
L 07/09/2025 - 23:53:33: [basecommands.smx] "Console<0><Console><Console>" changed cvar (cvar "tick_door_speed") (value "1.3")
L 07/09/2025 - 23:53:33: [basecommands.smx] "Console<0><Console><Console>" changed cvar (cvar "mv_maxplayers") (value "30")
L 07/09/2025 - 23:53:33: [basecommands.smx] "Console<0><Console><Console>" changed cvar (cvar "mp_autoteambalance") (value "0")
L 07/09/2025 - 23:53:33: [basecommands.smx] "Console<0><Console><Console>" changed cvar (cvar "sv_unlag_fixstuck") (value "1")
L 07/09/2025 - 23:53:33: [basecommands.smx] "Console<0><Console><Console>" changed cvar (cvar "z_brawl_chance") (value "0")
L 07/09/2025 - 23:53:33: [basecommands.smx] "Console<0><Console><Console>" changed cvar (cvar "sv_maxunlag") (value "1")
L 07/09/2025 - 23:53:33: [basecommands.smx] "Console<0><Console><Console>" changed cvar (cvar "sv_forcepreload") (value "1")
L 07/09/2025 - 23:53:33: [basecommands.smx] "Console<0><Console><Console>" changed cvar (cvar "sv_client_predict") (value "1")
L 07/09/2025 - 23:53:33: [basecommands.smx] "Console<0><Console><Console>" changed cvar (cvar "sv_client_cmdrate_difference") (value "0")
L 07/09/2025 - 23:53:33: [basecommands.smx] "Console<0><Console><Console>" changed cvar (cvar "sv_max_queries_sec_global") (value "10")
L 07/09/2025 - 23:53:33: [basecommands.smx] "Console<0><Console><Console>" changed cvar (cvar "sv_max_queries_sec") (value "3")
L 07/09/2025 - 23:53:33: [basecommands.smx] "Console<0><Console><Console>" changed cvar (cvar "sv_max_queries_window") (value "10")
L 07/09/2025 - 23:53:33: [basecommands.smx] "Console<0><Console><Console>" changed cvar (cvar "sv_player_stuck_tolerance") (value "5")
L 07/09/2025 - 23:53:33: [basecommands.smx] "Console<0><Console><Console>" changed cvar (cvar "sv_stats") (value "0")
L 07/09/2025 - 23:53:33: [basecommands.smx] "Console<0><Console><Console>" changed cvar (cvar "sv_clockcorrection_msecs") (value "25")
L 07/09/2025 - 23:53:34: [fixes/firebulletsfix.smx] Found offset for Weapon_ShootPosition 286
L 07/09/2025 - 23:53:34: [optional/l4d2_item_hint.smx] 
==========
Warning: You should install "[L4D & L4D2] Use Priority Patch" to fix attached models blocking +USE action (item hint): https://forums.alliedmods.net/showthread.php?t=327511
==========

L 07/09/2025 - 23:53:38: -------- Mapchange to c2m1_highway --------
L 07/09/2025 - 23:53:39: [basecommands.smx] "Console<0><Console><Console>" changed cvar (cvar "confogl_match_execcfg_plugins") (value "generalfixes.cfg;confogl_plugins.cfg;sharedplugins.cfg")
L 07/09/2025 - 23:53:39: [basecommands.smx] "Console<0><Console><Console>" changed cvar (cvar "l4d2_addons_eclipse") (value "0")
L 07/09/2025 - 23:53:39: [basecommands.smx] "Console<0><Console><Console>" changed cvar (cvar "sv_allow_wait_command") (value "0")
L 07/09/2025 - 23:53:39: [basecommands.smx] "Console<0><Console><Console>" changed cvar (cvar "sv_minrate") (value "100000")
L 07/09/2025 - 23:53:39: [basecommands.smx] "Console<0><Console><Console>" changed cvar (cvar "sv_maxrate") (value "100000")
L 07/09/2025 - 23:53:39: [basecommands.smx] "Console<0><Console><Console>" changed cvar (cvar "sv_minupdaterate") (value "100")
L 07/09/2025 - 23:53:39: [basecommands.smx] "Console<0><Console><Console>" changed cvar (cvar "sv_maxupdaterate") (value "100")
L 07/09/2025 - 23:53:39: [basecommands.smx] "Console<0><Console><Console>" changed cvar (cvar "sv_mincmdrate") (value "100")
L 07/09/2025 - 23:53:39: [basecommands.smx] "Console<0><Console><Console>" changed cvar (cvar "sv_maxcmdrate") (value "100")
L 07/09/2025 - 23:53:39: [basecommands.smx] "Console<0><Console><Console>" changed cvar (cvar "sv_client_min_interp_ratio") (value "-1")
L 07/09/2025 - 23:53:39: [basecommands.smx] "Console<0><Console><Console>" changed cvar (cvar "sv_client_max_interp_ratio") (value "0")
L 07/09/2025 - 23:53:39: [basecommands.smx] "Console<0><Console><Console>" changed cvar (cvar "nb_update_frequency") (value "0.014")
L 07/09/2025 - 23:53:39: [basecommands.smx] "Console<0><Console><Console>" changed cvar (cvar "net_splitpacket_maxrate") (value "50000")
L 07/09/2025 - 23:53:39: [basecommands.smx] "Console<0><Console><Console>" changed cvar (cvar "net_maxcleartime") (value "0.0001")
L 07/09/2025 - 23:53:39: [basecommands.smx] "Console<0><Console><Console>" changed cvar (cvar "fps_max") (value "0")
L 07/09/2025 - 23:53:39: [basecommands.smx] "Console<0><Console><Console>" changed cvar (cvar "tick_door_speed") (value "1.3")
L 07/09/2025 - 23:53:39: [basecommands.smx] "Console<0><Console><Console>" changed cvar (cvar "mv_maxplayers") (value "30")
L 07/09/2025 - 23:53:39: [basecommands.smx] "Console<0><Console><Console>" changed cvar (cvar "mp_autoteambalance") (value "0")
L 07/09/2025 - 23:53:39: [basecommands.smx] "Console<0><Console><Console>" changed cvar (cvar "sv_unlag_fixstuck") (value "1")
L 07/09/2025 - 23:53:39: [basecommands.smx] "Console<0><Console><Console>" changed cvar (cvar "z_brawl_chance") (value "0")
L 07/09/2025 - 23:53:39: [basecommands.smx] "Console<0><Console><Console>" changed cvar (cvar "sv_maxunlag") (value "1")
L 07/09/2025 - 23:53:39: [basecommands.smx] "Console<0><Console><Console>" changed cvar (cvar "sv_forcepreload") (value "1")
L 07/09/2025 - 23:53:39: [basecommands.smx] "Console<0><Console><Console>" changed cvar (cvar "sv_client_predict") (value "1")
L 07/09/2025 - 23:53:39: [basecommands.smx] "Console<0><Console><Console>" changed cvar (cvar "sv_client_cmdrate_difference") (value "0")
L 07/09/2025 - 23:53:39: [basecommands.smx] "Console<0><Console><Console>" changed cvar (cvar "sv_max_queries_sec_global") (value "10")
L 07/09/2025 - 23:53:39: [basecommands.smx] "Console<0><Console><Console>" changed cvar (cvar "sv_max_queries_sec") (value "3")
L 07/09/2025 - 23:53:39: [basecommands.smx] "Console<0><Console><Console>" changed cvar (cvar "sv_max_queries_window") (value "10")
L 07/09/2025 - 23:53:39: [basecommands.smx] "Console<0><Console><Console>" changed cvar (cvar "sv_player_stuck_tolerance") (value "5")
L 07/09/2025 - 23:53:39: [basecommands.smx] "Console<0><Console><Console>" changed cvar (cvar "sv_stats") (value "0")
L 07/09/2025 - 23:53:39: [basecommands.smx] "Console<0><Console><Console>" changed cvar (cvar "sv_clockcorrection_msecs") (value "25")
L 07/09/2025 - 23:53:39: [basecommands.smx] "Console<0><Console><Console>" changed cvar (cvar "survivor_max_incapacitated_count") (value "2")
L 07/09/2025 - 23:53:40: [optional/l4d2_saferoom_item_remove.smx] Removed 0 saferoom item(s) (start: 0; end: 0).
