L 07/14/2025 - 11:40:32: SourceMod log file session started (file "/root/Steam/steamapps/common/L4D21/left4dead2/addons/sourcemod/logs/L20250714.log") (Version "1.12.0.7195")
L 07/14/2025 - 11:40:32: [fixes/firebulletsfix.smx] Found offset for Weapon_ShootPosition 286
L 07/14/2025 - 11:40:32: [confoglcompmod.smx] [PasswordSystem] Set password on 慧心老师, password 
L 07/14/2025 - 11:40:32: [optional/l4d2_item_hint.smx] 
==========
Warning: You should install "[L4D & L4D2] Use Priority Patch" to fix attached models blocking +USE action (item hint): https://forums.alliedmods.net/showthread.php?t=327511
==========

L 07/14/2025 - 11:40:32: [optional/chat-processor.smx] Message formats generated for game 'left4dead2'.
L 07/14/2025 - 11:40:32: [optional/chat-processor.smx] Successfully hooked a SayText2 chat hook.
L 07/14/2025 - 11:40:36: -------- Mapchange to c2m1_highway --------
L 07/14/2025 - 11:40:38: [basecommands.smx] "Console<0><Console><Console>" changed cvar (cvar "confogl_match_execcfg_plugins") (value "generalfixes.cfg;confogl_plugins.cfg;sharedplugins.cfg")
L 07/14/2025 - 11:40:38: [basecommands.smx] "Console<0><Console><Console>" changed cvar (cvar "l4d2_addons_eclipse") (value "0")
L 07/14/2025 - 11:40:38: [basecommands.smx] "Console<0><Console><Console>" changed cvar (cvar "sv_allow_wait_command") (value "0")
L 07/14/2025 - 11:40:38: [basecommands.smx] "Console<0><Console><Console>" changed cvar (cvar "sv_minrate") (value "100000")
L 07/14/2025 - 11:40:38: [basecommands.smx] "Console<0><Console><Console>" changed cvar (cvar "sv_maxrate") (value "100000")
L 07/14/2025 - 11:40:38: [basecommands.smx] "Console<0><Console><Console>" changed cvar (cvar "sv_minupdaterate") (value "100")
L 07/14/2025 - 11:40:38: [basecommands.smx] "Console<0><Console><Console>" changed cvar (cvar "sv_maxupdaterate") (value "100")
L 07/14/2025 - 11:40:38: [basecommands.smx] "Console<0><Console><Console>" changed cvar (cvar "sv_mincmdrate") (value "100")
L 07/14/2025 - 11:40:38: [basecommands.smx] "Console<0><Console><Console>" changed cvar (cvar "sv_maxcmdrate") (value "100")
L 07/14/2025 - 11:40:38: [basecommands.smx] "Console<0><Console><Console>" changed cvar (cvar "sv_client_min_interp_ratio") (value "-1")
L 07/14/2025 - 11:40:38: [basecommands.smx] "Console<0><Console><Console>" changed cvar (cvar "sv_client_max_interp_ratio") (value "0")
L 07/14/2025 - 11:40:38: [basecommands.smx] "Console<0><Console><Console>" changed cvar (cvar "nb_update_frequency") (value "0.014")
L 07/14/2025 - 11:40:38: [basecommands.smx] "Console<0><Console><Console>" changed cvar (cvar "net_splitpacket_maxrate") (value "50000")
L 07/14/2025 - 11:40:38: [basecommands.smx] "Console<0><Console><Console>" changed cvar (cvar "net_maxcleartime") (value "0.0001")
L 07/14/2025 - 11:40:38: [basecommands.smx] "Console<0><Console><Console>" changed cvar (cvar "fps_max") (value "0")
L 07/14/2025 - 11:40:38: [basecommands.smx] "Console<0><Console><Console>" changed cvar (cvar "tick_door_speed") (value "1.3")
L 07/14/2025 - 11:40:38: [basecommands.smx] "Console<0><Console><Console>" changed cvar (cvar "mv_maxplayers") (value "30")
L 07/14/2025 - 11:40:38: [basecommands.smx] "Console<0><Console><Console>" changed cvar (cvar "mp_autoteambalance") (value "0")
L 07/14/2025 - 11:40:38: [basecommands.smx] "Console<0><Console><Console>" changed cvar (cvar "sv_unlag_fixstuck") (value "1")
L 07/14/2025 - 11:40:38: [basecommands.smx] "Console<0><Console><Console>" changed cvar (cvar "z_brawl_chance") (value "0")
L 07/14/2025 - 11:40:38: [basecommands.smx] "Console<0><Console><Console>" changed cvar (cvar "sv_maxunlag") (value "1")
L 07/14/2025 - 11:40:38: [basecommands.smx] "Console<0><Console><Console>" changed cvar (cvar "sv_forcepreload") (value "1")
L 07/14/2025 - 11:40:38: [basecommands.smx] "Console<0><Console><Console>" changed cvar (cvar "sv_client_predict") (value "1")
L 07/14/2025 - 11:40:38: [basecommands.smx] "Console<0><Console><Console>" changed cvar (cvar "sv_client_cmdrate_difference") (value "0")
L 07/14/2025 - 11:40:38: [basecommands.smx] "Console<0><Console><Console>" changed cvar (cvar "sv_max_queries_sec_global") (value "10")
L 07/14/2025 - 11:40:38: [basecommands.smx] "Console<0><Console><Console>" changed cvar (cvar "sv_max_queries_sec") (value "3")
L 07/14/2025 - 11:40:38: [basecommands.smx] "Console<0><Console><Console>" changed cvar (cvar "sv_max_queries_window") (value "10")
L 07/14/2025 - 11:40:38: [basecommands.smx] "Console<0><Console><Console>" changed cvar (cvar "sv_player_stuck_tolerance") (value "5")
L 07/14/2025 - 11:40:38: [basecommands.smx] "Console<0><Console><Console>" changed cvar (cvar "sv_stats") (value "0")
L 07/14/2025 - 11:40:38: [basecommands.smx] "Console<0><Console><Console>" changed cvar (cvar "sv_clockcorrection_msecs") (value "25")
L 07/14/2025 - 11:40:38: [optional/chat-processor.smx] Message formats generated for game 'left4dead2'.
L 07/14/2025 - 11:40:38: [optional/chat-processor.smx] Successfully hooked a SayText2 chat hook.
L 07/14/2025 - 11:40:39: [optional/l4d2_saferoom_item_remove.smx] Removed 0 saferoom item(s) (start: 0; end: 0).
L 07/14/2025 - 11:45:57: [optional/l4d2_saferoom_item_remove.smx] Removed 0 saferoom item(s) (start: 0; end: 0).
L 07/14/2025 - 11:50:03: SourceMod log file session started (file "/root/Steam/steamapps/common/L4D21/left4dead2/addons/sourcemod/logs/L20250714.log") (Version "1.12.0.7195")
L 07/14/2025 - 11:50:03: [fixes/firebulletsfix.smx] Found offset for Weapon_ShootPosition 286
L 07/14/2025 - 11:50:06: [basecommands.smx] "Console<0><Console><Console>" changed cvar (cvar "confogl_match_execcfg_plugins") (value "generalfixes.cfg;confogl_plugins.cfg;sharedplugins.cfg")
L 07/14/2025 - 11:50:06: [basecommands.smx] "Console<0><Console><Console>" changed cvar (cvar "l4d2_addons_eclipse") (value "0")
L 07/14/2025 - 11:50:06: [basecommands.smx] "Console<0><Console><Console>" changed cvar (cvar "sv_allow_wait_command") (value "0")
L 07/14/2025 - 11:50:06: [basecommands.smx] "Console<0><Console><Console>" changed cvar (cvar "sv_minrate") (value "100000")
L 07/14/2025 - 11:50:06: [basecommands.smx] "Console<0><Console><Console>" changed cvar (cvar "sv_maxrate") (value "100000")
L 07/14/2025 - 11:50:06: [basecommands.smx] "Console<0><Console><Console>" changed cvar (cvar "sv_minupdaterate") (value "100")
L 07/14/2025 - 11:50:06: [basecommands.smx] "Console<0><Console><Console>" changed cvar (cvar "sv_maxupdaterate") (value "100")
L 07/14/2025 - 11:50:06: [basecommands.smx] "Console<0><Console><Console>" changed cvar (cvar "sv_mincmdrate") (value "100")
L 07/14/2025 - 11:50:06: [basecommands.smx] "Console<0><Console><Console>" changed cvar (cvar "sv_maxcmdrate") (value "100")
L 07/14/2025 - 11:50:06: [basecommands.smx] "Console<0><Console><Console>" changed cvar (cvar "sv_client_min_interp_ratio") (value "-1")
L 07/14/2025 - 11:50:06: [basecommands.smx] "Console<0><Console><Console>" changed cvar (cvar "sv_client_max_interp_ratio") (value "0")
L 07/14/2025 - 11:50:06: [basecommands.smx] "Console<0><Console><Console>" changed cvar (cvar "nb_update_frequency") (value "0.014")
L 07/14/2025 - 11:50:06: [basecommands.smx] "Console<0><Console><Console>" changed cvar (cvar "net_splitpacket_maxrate") (value "50000")
L 07/14/2025 - 11:50:06: [basecommands.smx] "Console<0><Console><Console>" changed cvar (cvar "net_maxcleartime") (value "0.0001")
L 07/14/2025 - 11:50:06: [basecommands.smx] "Console<0><Console><Console>" changed cvar (cvar "fps_max") (value "0")
L 07/14/2025 - 11:50:06: [basecommands.smx] "Console<0><Console><Console>" changed cvar (cvar "tick_door_speed") (value "1.3")
L 07/14/2025 - 11:50:06: [basecommands.smx] "Console<0><Console><Console>" changed cvar (cvar "mv_maxplayers") (value "30")
L 07/14/2025 - 11:50:06: [basecommands.smx] "Console<0><Console><Console>" changed cvar (cvar "mp_autoteambalance") (value "0")
L 07/14/2025 - 11:50:06: [basecommands.smx] "Console<0><Console><Console>" changed cvar (cvar "sv_unlag_fixstuck") (value "1")
L 07/14/2025 - 11:50:06: [basecommands.smx] "Console<0><Console><Console>" changed cvar (cvar "z_brawl_chance") (value "0")
L 07/14/2025 - 11:50:06: [basecommands.smx] "Console<0><Console><Console>" changed cvar (cvar "sv_maxunlag") (value "1")
L 07/14/2025 - 11:50:06: [basecommands.smx] "Console<0><Console><Console>" changed cvar (cvar "sv_forcepreload") (value "1")
L 07/14/2025 - 11:50:06: [basecommands.smx] "Console<0><Console><Console>" changed cvar (cvar "sv_client_predict") (value "1")
L 07/14/2025 - 11:50:06: [basecommands.smx] "Console<0><Console><Console>" changed cvar (cvar "sv_client_cmdrate_difference") (value "0")
L 07/14/2025 - 11:50:06: [basecommands.smx] "Console<0><Console><Console>" changed cvar (cvar "sv_max_queries_sec_global") (value "10")
L 07/14/2025 - 11:50:06: [basecommands.smx] "Console<0><Console><Console>" changed cvar (cvar "sv_max_queries_sec") (value "3")
L 07/14/2025 - 11:50:06: [basecommands.smx] "Console<0><Console><Console>" changed cvar (cvar "sv_max_queries_window") (value "10")
L 07/14/2025 - 11:50:06: [basecommands.smx] "Console<0><Console><Console>" changed cvar (cvar "sv_player_stuck_tolerance") (value "5")
L 07/14/2025 - 11:50:06: [basecommands.smx] "Console<0><Console><Console>" changed cvar (cvar "sv_stats") (value "0")
L 07/14/2025 - 11:50:06: [basecommands.smx] "Console<0><Console><Console>" changed cvar (cvar "sv_clockcorrection_msecs") (value "25")
L 07/14/2025 - 11:50:06: [basecommands.smx] "Console<0><Console><Console>" changed cvar (cvar "survivor_max_incapacitated_count") (value "2")
L 07/14/2025 - 11:50:06: [fixes/firebulletsfix.smx] Found offset for Weapon_ShootPosition 286
L 07/14/2025 - 11:50:07: [optional/l4d2_item_hint.smx] 
==========
Warning: You should install "[L4D & L4D2] Use Priority Patch" to fix attached models blocking +USE action (item hint): https://forums.alliedmods.net/showthread.php?t=327511
==========

L 07/14/2025 - 11:50:07: [GEOIP] GeoIP2 database loaded: GeoLite2-Country (2023-12-22 14:46:10 UTC) (/root/Steam/steamapps/common/L4D21/left4dead2/addons/sourcemod/configs/geoip/GeoLite2-Country.mmdb)
L 07/14/2025 - 11:50:07: [GEOIP] GeoIP2 supported languages: de en es fr ja pt-BR ru zh-CN
L 07/14/2025 - 11:50:07: [GEOIP] Your database is older than 90 days. You should consider downloading a newer version from e.g. https://dev.maxmind.com/geoip/geolite2-free-geolocation-data
L 07/14/2025 - 11:50:07: [optional/chat-processor.smx] Message formats generated for game 'left4dead2'.
L 07/14/2025 - 11:50:07: [optional/chat-processor.smx] Successfully hooked a SayText2 chat hook.
L 07/14/2025 - 11:50:11: -------- Mapchange to c2m1_highway --------
L 07/14/2025 - 11:50:12: [basecommands.smx] "Console<0><Console><Console>" changed cvar (cvar "confogl_match_execcfg_plugins") (value "generalfixes.cfg;confogl_plugins.cfg;sharedplugins.cfg")
L 07/14/2025 - 11:50:12: [basecommands.smx] "Console<0><Console><Console>" changed cvar (cvar "l4d2_addons_eclipse") (value "0")
L 07/14/2025 - 11:50:12: [basecommands.smx] "Console<0><Console><Console>" changed cvar (cvar "sv_allow_wait_command") (value "0")
L 07/14/2025 - 11:50:12: [basecommands.smx] "Console<0><Console><Console>" changed cvar (cvar "sv_minrate") (value "100000")
L 07/14/2025 - 11:50:12: [basecommands.smx] "Console<0><Console><Console>" changed cvar (cvar "sv_maxrate") (value "100000")
L 07/14/2025 - 11:50:12: [basecommands.smx] "Console<0><Console><Console>" changed cvar (cvar "sv_minupdaterate") (value "100")
L 07/14/2025 - 11:50:12: [basecommands.smx] "Console<0><Console><Console>" changed cvar (cvar "sv_maxupdaterate") (value "100")
L 07/14/2025 - 11:50:12: [basecommands.smx] "Console<0><Console><Console>" changed cvar (cvar "sv_mincmdrate") (value "100")
L 07/14/2025 - 11:50:12: [basecommands.smx] "Console<0><Console><Console>" changed cvar (cvar "sv_maxcmdrate") (value "100")
L 07/14/2025 - 11:50:12: [basecommands.smx] "Console<0><Console><Console>" changed cvar (cvar "sv_client_min_interp_ratio") (value "-1")
L 07/14/2025 - 11:50:12: [basecommands.smx] "Console<0><Console><Console>" changed cvar (cvar "sv_client_max_interp_ratio") (value "0")
L 07/14/2025 - 11:50:12: [basecommands.smx] "Console<0><Console><Console>" changed cvar (cvar "nb_update_frequency") (value "0.014")
L 07/14/2025 - 11:50:12: [basecommands.smx] "Console<0><Console><Console>" changed cvar (cvar "net_splitpacket_maxrate") (value "50000")
L 07/14/2025 - 11:50:12: [basecommands.smx] "Console<0><Console><Console>" changed cvar (cvar "net_maxcleartime") (value "0.0001")
L 07/14/2025 - 11:50:12: [basecommands.smx] "Console<0><Console><Console>" changed cvar (cvar "fps_max") (value "0")
L 07/14/2025 - 11:50:12: [basecommands.smx] "Console<0><Console><Console>" changed cvar (cvar "tick_door_speed") (value "1.3")
L 07/14/2025 - 11:50:12: [basecommands.smx] "Console<0><Console><Console>" changed cvar (cvar "mv_maxplayers") (value "30")
L 07/14/2025 - 11:50:12: [basecommands.smx] "Console<0><Console><Console>" changed cvar (cvar "mp_autoteambalance") (value "0")
L 07/14/2025 - 11:50:12: [basecommands.smx] "Console<0><Console><Console>" changed cvar (cvar "sv_unlag_fixstuck") (value "1")
L 07/14/2025 - 11:50:12: [basecommands.smx] "Console<0><Console><Console>" changed cvar (cvar "z_brawl_chance") (value "0")
L 07/14/2025 - 11:50:12: [basecommands.smx] "Console<0><Console><Console>" changed cvar (cvar "sv_maxunlag") (value "1")
L 07/14/2025 - 11:50:12: [basecommands.smx] "Console<0><Console><Console>" changed cvar (cvar "sv_forcepreload") (value "1")
L 07/14/2025 - 11:50:12: [basecommands.smx] "Console<0><Console><Console>" changed cvar (cvar "sv_client_predict") (value "1")
L 07/14/2025 - 11:50:12: [basecommands.smx] "Console<0><Console><Console>" changed cvar (cvar "sv_client_cmdrate_difference") (value "0")
L 07/14/2025 - 11:50:12: [basecommands.smx] "Console<0><Console><Console>" changed cvar (cvar "sv_max_queries_sec_global") (value "10")
L 07/14/2025 - 11:50:12: [basecommands.smx] "Console<0><Console><Console>" changed cvar (cvar "sv_max_queries_sec") (value "3")
L 07/14/2025 - 11:50:12: [basecommands.smx] "Console<0><Console><Console>" changed cvar (cvar "sv_max_queries_window") (value "10")
L 07/14/2025 - 11:50:12: [basecommands.smx] "Console<0><Console><Console>" changed cvar (cvar "sv_player_stuck_tolerance") (value "5")
L 07/14/2025 - 11:50:12: [basecommands.smx] "Console<0><Console><Console>" changed cvar (cvar "sv_stats") (value "0")
L 07/14/2025 - 11:50:12: [basecommands.smx] "Console<0><Console><Console>" changed cvar (cvar "sv_clockcorrection_msecs") (value "25")
L 07/14/2025 - 11:50:12: [optional/chat-processor.smx] Message formats generated for game 'left4dead2'.
L 07/14/2025 - 11:50:12: [optional/chat-processor.smx] Successfully hooked a SayText2 chat hook.
L 07/14/2025 - 11:50:13: [optional/l4d2_saferoom_item_remove.smx] Removed 0 saferoom item(s) (start: 0; end: 0).
L 07/14/2025 - 12:20:00: [fixes/firebulletsfix.smx] Found offset for Weapon_ShootPosition 286
L 07/14/2025 - 12:20:00: [confoglcompmod.smx] [PasswordSystem] Set password on low, password 
L 07/14/2025 - 12:20:00: [confoglcompmod.smx] [PasswordSystem] Set password on 若能化作基米, password 
L 07/14/2025 - 12:20:01: [basecommands.smx] "Console<0><Console><Console>" changed cvar (cvar "survivor_max_incapacitated_count") (value "2")
L 07/14/2025 - 12:20:26: [fixes/firebulletsfix.smx] Found offset for Weapon_ShootPosition 286
L 07/14/2025 - 12:20:26: [confoglcompmod.smx] [PasswordSystem] Set password on low, password 
L 07/14/2025 - 12:20:26: [confoglcompmod.smx] [PasswordSystem] Set password on 若能化作基米, password 
L 07/14/2025 - 12:20:26: [optional/l4d2_item_hint.smx] 
==========
Warning: You should install "[L4D & L4D2] Use Priority Patch" to fix attached models blocking +USE action (item hint): https://forums.alliedmods.net/showthread.php?t=327511
==========

L 07/14/2025 - 12:20:26: [optional/chat-processor.smx] Message formats generated for game 'left4dead2'.
L 07/14/2025 - 12:20:26: [optional/chat-processor.smx] Successfully hooked a SayText2 chat hook.
L 07/14/2025 - 12:20:30: -------- Mapchange to c2m1_highway --------
L 07/14/2025 - 12:20:31: [basecommands.smx] "Console<0><Console><Console>" changed cvar (cvar "confogl_match_execcfg_plugins") (value "generalfixes.cfg;confogl_plugins.cfg;sharedplugins.cfg")
L 07/14/2025 - 12:20:31: [basecommands.smx] "Console<0><Console><Console>" changed cvar (cvar "l4d2_addons_eclipse") (value "0")
L 07/14/2025 - 12:20:31: [basecommands.smx] "Console<0><Console><Console>" changed cvar (cvar "sv_allow_wait_command") (value "0")
L 07/14/2025 - 12:20:31: [basecommands.smx] "Console<0><Console><Console>" changed cvar (cvar "sv_minrate") (value "100000")
L 07/14/2025 - 12:20:31: [basecommands.smx] "Console<0><Console><Console>" changed cvar (cvar "sv_maxrate") (value "100000")
L 07/14/2025 - 12:20:31: [basecommands.smx] "Console<0><Console><Console>" changed cvar (cvar "sv_minupdaterate") (value "100")
L 07/14/2025 - 12:20:31: [basecommands.smx] "Console<0><Console><Console>" changed cvar (cvar "sv_maxupdaterate") (value "100")
L 07/14/2025 - 12:20:31: [basecommands.smx] "Console<0><Console><Console>" changed cvar (cvar "sv_mincmdrate") (value "100")
L 07/14/2025 - 12:20:31: [basecommands.smx] "Console<0><Console><Console>" changed cvar (cvar "sv_maxcmdrate") (value "100")
L 07/14/2025 - 12:20:31: [basecommands.smx] "Console<0><Console><Console>" changed cvar (cvar "sv_client_min_interp_ratio") (value "-1")
L 07/14/2025 - 12:20:31: [basecommands.smx] "Console<0><Console><Console>" changed cvar (cvar "sv_client_max_interp_ratio") (value "0")
L 07/14/2025 - 12:20:31: [basecommands.smx] "Console<0><Console><Console>" changed cvar (cvar "nb_update_frequency") (value "0.014")
L 07/14/2025 - 12:20:31: [basecommands.smx] "Console<0><Console><Console>" changed cvar (cvar "net_splitpacket_maxrate") (value "50000")
L 07/14/2025 - 12:20:31: [basecommands.smx] "Console<0><Console><Console>" changed cvar (cvar "net_maxcleartime") (value "0.0001")
L 07/14/2025 - 12:20:31: [basecommands.smx] "Console<0><Console><Console>" changed cvar (cvar "fps_max") (value "0")
L 07/14/2025 - 12:20:31: [basecommands.smx] "Console<0><Console><Console>" changed cvar (cvar "tick_door_speed") (value "1.3")
L 07/14/2025 - 12:20:31: [basecommands.smx] "Console<0><Console><Console>" changed cvar (cvar "mv_maxplayers") (value "30")
L 07/14/2025 - 12:20:31: [basecommands.smx] "Console<0><Console><Console>" changed cvar (cvar "mp_autoteambalance") (value "0")
L 07/14/2025 - 12:20:31: [basecommands.smx] "Console<0><Console><Console>" changed cvar (cvar "sv_unlag_fixstuck") (value "1")
L 07/14/2025 - 12:20:31: [basecommands.smx] "Console<0><Console><Console>" changed cvar (cvar "z_brawl_chance") (value "0")
L 07/14/2025 - 12:20:31: [basecommands.smx] "Console<0><Console><Console>" changed cvar (cvar "sv_maxunlag") (value "1")
L 07/14/2025 - 12:20:31: [basecommands.smx] "Console<0><Console><Console>" changed cvar (cvar "sv_forcepreload") (value "1")
L 07/14/2025 - 12:20:31: [basecommands.smx] "Console<0><Console><Console>" changed cvar (cvar "sv_client_predict") (value "1")
L 07/14/2025 - 12:20:31: [basecommands.smx] "Console<0><Console><Console>" changed cvar (cvar "sv_client_cmdrate_difference") (value "0")
L 07/14/2025 - 12:20:31: [basecommands.smx] "Console<0><Console><Console>" changed cvar (cvar "sv_max_queries_sec_global") (value "10")
L 07/14/2025 - 12:20:31: [basecommands.smx] "Console<0><Console><Console>" changed cvar (cvar "sv_max_queries_sec") (value "3")
L 07/14/2025 - 12:20:31: [basecommands.smx] "Console<0><Console><Console>" changed cvar (cvar "sv_max_queries_window") (value "10")
L 07/14/2025 - 12:20:31: [basecommands.smx] "Console<0><Console><Console>" changed cvar (cvar "sv_player_stuck_tolerance") (value "5")
L 07/14/2025 - 12:20:31: [basecommands.smx] "Console<0><Console><Console>" changed cvar (cvar "sv_stats") (value "0")
L 07/14/2025 - 12:20:31: [basecommands.smx] "Console<0><Console><Console>" changed cvar (cvar "sv_clockcorrection_msecs") (value "25")
L 07/14/2025 - 12:20:32: [optional/chat-processor.smx] Message formats generated for game 'left4dead2'.
L 07/14/2025 - 12:20:32: [optional/chat-processor.smx] Successfully hooked a SayText2 chat hook.
L 07/14/2025 - 12:20:33: [optional/l4d2_saferoom_item_remove.smx] Removed 0 saferoom item(s) (start: 0; end: 0).
L 07/14/2025 - 12:21:04: [CUSTOM_FAKELAG] Lagging player index 1 with net address 123.4.46.121:32105 for 120.0ms
L 07/14/2025 - 12:23:05: [CUSTOM_FAKELAG] Lagging player index 1 with net address 123.4.46.121:32105 for 20.0ms
L 07/14/2025 - 12:23:35: [optional/l4d2_saferoom_item_remove.smx] Removed 0 saferoom item(s) (start: 0; end: 0).
L 07/14/2025 - 12:23:46: [CUSTOM_FAKELAG] Lagging player index 1 with net address 123.4.46.121:32105 for 90.0ms
L 07/14/2025 - 12:27:41: -------- Mapchange to c2m2_fairgrounds --------
L 07/14/2025 - 12:27:42: [basecommands.smx] "Console<0><Console><Console>" changed cvar (cvar "confogl_match_execcfg_plugins") (value "generalfixes.cfg;confogl_plugins.cfg;sharedplugins.cfg")
L 07/14/2025 - 12:27:42: [basecommands.smx] "Console<0><Console><Console>" changed cvar (cvar "l4d2_addons_eclipse") (value "0")
L 07/14/2025 - 12:27:42: [basecommands.smx] "Console<0><Console><Console>" changed cvar (cvar "sv_allow_wait_command") (value "0")
L 07/14/2025 - 12:27:42: [basecommands.smx] "Console<0><Console><Console>" changed cvar (cvar "sv_minrate") (value "100000")
L 07/14/2025 - 12:27:42: [basecommands.smx] "Console<0><Console><Console>" changed cvar (cvar "sv_maxrate") (value "100000")
L 07/14/2025 - 12:27:42: [basecommands.smx] "Console<0><Console><Console>" changed cvar (cvar "sv_minupdaterate") (value "100")
L 07/14/2025 - 12:27:42: [basecommands.smx] "Console<0><Console><Console>" changed cvar (cvar "sv_maxupdaterate") (value "100")
L 07/14/2025 - 12:27:42: [basecommands.smx] "Console<0><Console><Console>" changed cvar (cvar "sv_mincmdrate") (value "100")
L 07/14/2025 - 12:27:42: [basecommands.smx] "Console<0><Console><Console>" changed cvar (cvar "sv_maxcmdrate") (value "100")
L 07/14/2025 - 12:27:42: [basecommands.smx] "Console<0><Console><Console>" changed cvar (cvar "sv_client_min_interp_ratio") (value "-1")
L 07/14/2025 - 12:27:42: [basecommands.smx] "Console<0><Console><Console>" changed cvar (cvar "sv_client_max_interp_ratio") (value "0")
L 07/14/2025 - 12:27:42: [basecommands.smx] "Console<0><Console><Console>" changed cvar (cvar "nb_update_frequency") (value "0.014")
L 07/14/2025 - 12:27:42: [basecommands.smx] "Console<0><Console><Console>" changed cvar (cvar "net_splitpacket_maxrate") (value "50000")
L 07/14/2025 - 12:27:42: [basecommands.smx] "Console<0><Console><Console>" changed cvar (cvar "net_maxcleartime") (value "0.0001")
L 07/14/2025 - 12:27:42: [basecommands.smx] "Console<0><Console><Console>" changed cvar (cvar "fps_max") (value "0")
L 07/14/2025 - 12:27:42: [basecommands.smx] "Console<0><Console><Console>" changed cvar (cvar "tick_door_speed") (value "1.3")
L 07/14/2025 - 12:27:42: [basecommands.smx] "Console<0><Console><Console>" changed cvar (cvar "mv_maxplayers") (value "30")
L 07/14/2025 - 12:27:42: [basecommands.smx] "Console<0><Console><Console>" changed cvar (cvar "mp_autoteambalance") (value "0")
L 07/14/2025 - 12:27:42: [basecommands.smx] "Console<0><Console><Console>" changed cvar (cvar "sv_unlag_fixstuck") (value "1")
L 07/14/2025 - 12:27:42: [basecommands.smx] "Console<0><Console><Console>" changed cvar (cvar "z_brawl_chance") (value "0")
L 07/14/2025 - 12:27:42: [basecommands.smx] "Console<0><Console><Console>" changed cvar (cvar "sv_maxunlag") (value "1")
L 07/14/2025 - 12:27:42: [basecommands.smx] "Console<0><Console><Console>" changed cvar (cvar "sv_forcepreload") (value "1")
L 07/14/2025 - 12:27:42: [basecommands.smx] "Console<0><Console><Console>" changed cvar (cvar "sv_client_predict") (value "1")
L 07/14/2025 - 12:27:42: [basecommands.smx] "Console<0><Console><Console>" changed cvar (cvar "sv_client_cmdrate_difference") (value "0")
L 07/14/2025 - 12:27:42: [basecommands.smx] "Console<0><Console><Console>" changed cvar (cvar "sv_max_queries_sec_global") (value "10")
L 07/14/2025 - 12:27:42: [basecommands.smx] "Console<0><Console><Console>" changed cvar (cvar "sv_max_queries_sec") (value "3")
L 07/14/2025 - 12:27:42: [basecommands.smx] "Console<0><Console><Console>" changed cvar (cvar "sv_max_queries_window") (value "10")
L 07/14/2025 - 12:27:42: [basecommands.smx] "Console<0><Console><Console>" changed cvar (cvar "sv_player_stuck_tolerance") (value "5")
L 07/14/2025 - 12:27:42: [basecommands.smx] "Console<0><Console><Console>" changed cvar (cvar "sv_stats") (value "0")
L 07/14/2025 - 12:27:42: [basecommands.smx] "Console<0><Console><Console>" changed cvar (cvar "sv_clockcorrection_msecs") (value "25")
L 07/14/2025 - 12:27:42: [optional/chat-processor.smx] Message formats generated for game 'left4dead2'.
L 07/14/2025 - 12:27:42: [optional/chat-processor.smx] Successfully hooked a SayText2 chat hook.
L 07/14/2025 - 12:27:44: [optional/l4d2_saferoom_item_remove.smx] Removed 0 saferoom item(s) (start: 0; end: 0).
L 07/14/2025 - 12:30:53: [optional/l4d2_saferoom_item_remove.smx] Removed 0 saferoom item(s) (start: 0; end: 0).
L 07/14/2025 - 12:33:40: -------- Mapchange to c2m3_coaster --------
L 07/14/2025 - 12:33:42: [basecommands.smx] "Console<0><Console><Console>" changed cvar (cvar "confogl_match_execcfg_plugins") (value "generalfixes.cfg;confogl_plugins.cfg;sharedplugins.cfg")
L 07/14/2025 - 12:33:42: [basecommands.smx] "Console<0><Console><Console>" changed cvar (cvar "l4d2_addons_eclipse") (value "0")
L 07/14/2025 - 12:33:42: [basecommands.smx] "Console<0><Console><Console>" changed cvar (cvar "sv_allow_wait_command") (value "0")
L 07/14/2025 - 12:33:42: [basecommands.smx] "Console<0><Console><Console>" changed cvar (cvar "sv_minrate") (value "100000")
L 07/14/2025 - 12:33:42: [basecommands.smx] "Console<0><Console><Console>" changed cvar (cvar "sv_maxrate") (value "100000")
L 07/14/2025 - 12:33:42: [basecommands.smx] "Console<0><Console><Console>" changed cvar (cvar "sv_minupdaterate") (value "100")
L 07/14/2025 - 12:33:42: [basecommands.smx] "Console<0><Console><Console>" changed cvar (cvar "sv_maxupdaterate") (value "100")
L 07/14/2025 - 12:33:42: [basecommands.smx] "Console<0><Console><Console>" changed cvar (cvar "sv_mincmdrate") (value "100")
L 07/14/2025 - 12:33:42: [basecommands.smx] "Console<0><Console><Console>" changed cvar (cvar "sv_maxcmdrate") (value "100")
L 07/14/2025 - 12:33:42: [basecommands.smx] "Console<0><Console><Console>" changed cvar (cvar "sv_client_min_interp_ratio") (value "-1")
L 07/14/2025 - 12:33:42: [basecommands.smx] "Console<0><Console><Console>" changed cvar (cvar "sv_client_max_interp_ratio") (value "0")
L 07/14/2025 - 12:33:42: [basecommands.smx] "Console<0><Console><Console>" changed cvar (cvar "nb_update_frequency") (value "0.014")
L 07/14/2025 - 12:33:42: [basecommands.smx] "Console<0><Console><Console>" changed cvar (cvar "net_splitpacket_maxrate") (value "50000")
L 07/14/2025 - 12:33:42: [basecommands.smx] "Console<0><Console><Console>" changed cvar (cvar "net_maxcleartime") (value "0.0001")
L 07/14/2025 - 12:33:42: [basecommands.smx] "Console<0><Console><Console>" changed cvar (cvar "fps_max") (value "0")
L 07/14/2025 - 12:33:42: [basecommands.smx] "Console<0><Console><Console>" changed cvar (cvar "tick_door_speed") (value "1.3")
L 07/14/2025 - 12:33:42: [basecommands.smx] "Console<0><Console><Console>" changed cvar (cvar "mv_maxplayers") (value "30")
L 07/14/2025 - 12:33:42: [basecommands.smx] "Console<0><Console><Console>" changed cvar (cvar "mp_autoteambalance") (value "0")
L 07/14/2025 - 12:33:42: [basecommands.smx] "Console<0><Console><Console>" changed cvar (cvar "sv_unlag_fixstuck") (value "1")
L 07/14/2025 - 12:33:42: [basecommands.smx] "Console<0><Console><Console>" changed cvar (cvar "z_brawl_chance") (value "0")
L 07/14/2025 - 12:33:42: [basecommands.smx] "Console<0><Console><Console>" changed cvar (cvar "sv_maxunlag") (value "1")
L 07/14/2025 - 12:33:42: [basecommands.smx] "Console<0><Console><Console>" changed cvar (cvar "sv_forcepreload") (value "1")
L 07/14/2025 - 12:33:42: [basecommands.smx] "Console<0><Console><Console>" changed cvar (cvar "sv_client_predict") (value "1")
L 07/14/2025 - 12:33:42: [basecommands.smx] "Console<0><Console><Console>" changed cvar (cvar "sv_client_cmdrate_difference") (value "0")
L 07/14/2025 - 12:33:42: [basecommands.smx] "Console<0><Console><Console>" changed cvar (cvar "sv_max_queries_sec_global") (value "10")
L 07/14/2025 - 12:33:42: [basecommands.smx] "Console<0><Console><Console>" changed cvar (cvar "sv_max_queries_sec") (value "3")
L 07/14/2025 - 12:33:42: [basecommands.smx] "Console<0><Console><Console>" changed cvar (cvar "sv_max_queries_window") (value "10")
L 07/14/2025 - 12:33:42: [basecommands.smx] "Console<0><Console><Console>" changed cvar (cvar "sv_player_stuck_tolerance") (value "5")
L 07/14/2025 - 12:33:42: [basecommands.smx] "Console<0><Console><Console>" changed cvar (cvar "sv_stats") (value "0")
L 07/14/2025 - 12:33:42: [basecommands.smx] "Console<0><Console><Console>" changed cvar (cvar "sv_clockcorrection_msecs") (value "25")
L 07/14/2025 - 12:33:42: [optional/chat-processor.smx] Message formats generated for game 'left4dead2'.
L 07/14/2025 - 12:33:42: [optional/chat-processor.smx] Successfully hooked a SayText2 chat hook.
L 07/14/2025 - 12:33:43: [optional/l4d2_saferoom_item_remove.smx] Removed 0 saferoom item(s) (start: 0; end: 0).
L 07/14/2025 - 12:36:51: [optional/l4d2_saferoom_item_remove.smx] Removed 0 saferoom item(s) (start: 0; end: 0).
L 07/14/2025 - 12:39:24: -------- Mapchange to c2m4_barns --------
L 07/14/2025 - 12:39:26: [basecommands.smx] "Console<0><Console><Console>" changed cvar (cvar "confogl_match_execcfg_plugins") (value "generalfixes.cfg;confogl_plugins.cfg;sharedplugins.cfg")
L 07/14/2025 - 12:39:26: [basecommands.smx] "Console<0><Console><Console>" changed cvar (cvar "l4d2_addons_eclipse") (value "0")
L 07/14/2025 - 12:39:26: [basecommands.smx] "Console<0><Console><Console>" changed cvar (cvar "sv_allow_wait_command") (value "0")
L 07/14/2025 - 12:39:26: [basecommands.smx] "Console<0><Console><Console>" changed cvar (cvar "sv_minrate") (value "100000")
L 07/14/2025 - 12:39:26: [basecommands.smx] "Console<0><Console><Console>" changed cvar (cvar "sv_maxrate") (value "100000")
L 07/14/2025 - 12:39:26: [basecommands.smx] "Console<0><Console><Console>" changed cvar (cvar "sv_minupdaterate") (value "100")
L 07/14/2025 - 12:39:26: [basecommands.smx] "Console<0><Console><Console>" changed cvar (cvar "sv_maxupdaterate") (value "100")
L 07/14/2025 - 12:39:26: [basecommands.smx] "Console<0><Console><Console>" changed cvar (cvar "sv_mincmdrate") (value "100")
L 07/14/2025 - 12:39:26: [basecommands.smx] "Console<0><Console><Console>" changed cvar (cvar "sv_maxcmdrate") (value "100")
L 07/14/2025 - 12:39:26: [basecommands.smx] "Console<0><Console><Console>" changed cvar (cvar "sv_client_min_interp_ratio") (value "-1")
L 07/14/2025 - 12:39:26: [basecommands.smx] "Console<0><Console><Console>" changed cvar (cvar "sv_client_max_interp_ratio") (value "0")
L 07/14/2025 - 12:39:26: [basecommands.smx] "Console<0><Console><Console>" changed cvar (cvar "nb_update_frequency") (value "0.014")
L 07/14/2025 - 12:39:26: [basecommands.smx] "Console<0><Console><Console>" changed cvar (cvar "net_splitpacket_maxrate") (value "50000")
L 07/14/2025 - 12:39:26: [basecommands.smx] "Console<0><Console><Console>" changed cvar (cvar "net_maxcleartime") (value "0.0001")
L 07/14/2025 - 12:39:26: [basecommands.smx] "Console<0><Console><Console>" changed cvar (cvar "fps_max") (value "0")
L 07/14/2025 - 12:39:26: [basecommands.smx] "Console<0><Console><Console>" changed cvar (cvar "tick_door_speed") (value "1.3")
L 07/14/2025 - 12:39:26: [basecommands.smx] "Console<0><Console><Console>" changed cvar (cvar "mv_maxplayers") (value "30")
L 07/14/2025 - 12:39:26: [basecommands.smx] "Console<0><Console><Console>" changed cvar (cvar "mp_autoteambalance") (value "0")
L 07/14/2025 - 12:39:26: [basecommands.smx] "Console<0><Console><Console>" changed cvar (cvar "sv_unlag_fixstuck") (value "1")
L 07/14/2025 - 12:39:26: [basecommands.smx] "Console<0><Console><Console>" changed cvar (cvar "z_brawl_chance") (value "0")
L 07/14/2025 - 12:39:26: [basecommands.smx] "Console<0><Console><Console>" changed cvar (cvar "sv_maxunlag") (value "1")
L 07/14/2025 - 12:39:26: [basecommands.smx] "Console<0><Console><Console>" changed cvar (cvar "sv_forcepreload") (value "1")
L 07/14/2025 - 12:39:26: [basecommands.smx] "Console<0><Console><Console>" changed cvar (cvar "sv_client_predict") (value "1")
L 07/14/2025 - 12:39:26: [basecommands.smx] "Console<0><Console><Console>" changed cvar (cvar "sv_client_cmdrate_difference") (value "0")
L 07/14/2025 - 12:39:26: [basecommands.smx] "Console<0><Console><Console>" changed cvar (cvar "sv_max_queries_sec_global") (value "10")
L 07/14/2025 - 12:39:26: [basecommands.smx] "Console<0><Console><Console>" changed cvar (cvar "sv_max_queries_sec") (value "3")
L 07/14/2025 - 12:39:26: [basecommands.smx] "Console<0><Console><Console>" changed cvar (cvar "sv_max_queries_window") (value "10")
L 07/14/2025 - 12:39:26: [basecommands.smx] "Console<0><Console><Console>" changed cvar (cvar "sv_player_stuck_tolerance") (value "5")
L 07/14/2025 - 12:39:26: [basecommands.smx] "Console<0><Console><Console>" changed cvar (cvar "sv_stats") (value "0")
L 07/14/2025 - 12:39:26: [basecommands.smx] "Console<0><Console><Console>" changed cvar (cvar "sv_clockcorrection_msecs") (value "25")
L 07/14/2025 - 12:39:26: [optional/chat-processor.smx] Message formats generated for game 'left4dead2'.
L 07/14/2025 - 12:39:26: [optional/chat-processor.smx] Successfully hooked a SayText2 chat hook.
L 07/14/2025 - 12:39:27: [optional/l4d2_saferoom_item_remove.smx] Removed 0 saferoom item(s) (start: 0; end: 0).
L 07/14/2025 - 12:40:15: SourceMod log file session started (file "/root/Steam/steamapps/common/L4D21/left4dead2/addons/sourcemod/logs/L20250714.log") (Version "1.12.0.7195")
L 07/14/2025 - 12:40:15: [fixes/firebulletsfix.smx] Found offset for Weapon_ShootPosition 286
L 07/14/2025 - 12:40:17: [basecommands.smx] "Console<0><Console><Console>" changed cvar (cvar "confogl_match_execcfg_plugins") (value "generalfixes.cfg;confogl_plugins.cfg;sharedplugins.cfg")
L 07/14/2025 - 12:40:17: [basecommands.smx] "Console<0><Console><Console>" changed cvar (cvar "l4d2_addons_eclipse") (value "0")
L 07/14/2025 - 12:40:17: [basecommands.smx] "Console<0><Console><Console>" changed cvar (cvar "sv_allow_wait_command") (value "0")
L 07/14/2025 - 12:40:17: [basecommands.smx] "Console<0><Console><Console>" changed cvar (cvar "sv_minrate") (value "100000")
L 07/14/2025 - 12:40:17: [basecommands.smx] "Console<0><Console><Console>" changed cvar (cvar "sv_maxrate") (value "100000")
L 07/14/2025 - 12:40:17: [basecommands.smx] "Console<0><Console><Console>" changed cvar (cvar "sv_minupdaterate") (value "100")
L 07/14/2025 - 12:40:17: [basecommands.smx] "Console<0><Console><Console>" changed cvar (cvar "sv_maxupdaterate") (value "100")
L 07/14/2025 - 12:40:17: [basecommands.smx] "Console<0><Console><Console>" changed cvar (cvar "sv_mincmdrate") (value "100")
L 07/14/2025 - 12:40:17: [basecommands.smx] "Console<0><Console><Console>" changed cvar (cvar "sv_maxcmdrate") (value "100")
L 07/14/2025 - 12:40:17: [basecommands.smx] "Console<0><Console><Console>" changed cvar (cvar "sv_client_min_interp_ratio") (value "-1")
L 07/14/2025 - 12:40:17: [basecommands.smx] "Console<0><Console><Console>" changed cvar (cvar "sv_client_max_interp_ratio") (value "0")
L 07/14/2025 - 12:40:17: [basecommands.smx] "Console<0><Console><Console>" changed cvar (cvar "nb_update_frequency") (value "0.014")
L 07/14/2025 - 12:40:17: [basecommands.smx] "Console<0><Console><Console>" changed cvar (cvar "net_splitpacket_maxrate") (value "50000")
L 07/14/2025 - 12:40:17: [basecommands.smx] "Console<0><Console><Console>" changed cvar (cvar "net_maxcleartime") (value "0.0001")
L 07/14/2025 - 12:40:17: [basecommands.smx] "Console<0><Console><Console>" changed cvar (cvar "fps_max") (value "0")
L 07/14/2025 - 12:40:17: [basecommands.smx] "Console<0><Console><Console>" changed cvar (cvar "tick_door_speed") (value "1.3")
L 07/14/2025 - 12:40:17: [basecommands.smx] "Console<0><Console><Console>" changed cvar (cvar "mv_maxplayers") (value "30")
L 07/14/2025 - 12:40:17: [basecommands.smx] "Console<0><Console><Console>" changed cvar (cvar "mp_autoteambalance") (value "0")
L 07/14/2025 - 12:40:17: [basecommands.smx] "Console<0><Console><Console>" changed cvar (cvar "sv_unlag_fixstuck") (value "1")
L 07/14/2025 - 12:40:17: [basecommands.smx] "Console<0><Console><Console>" changed cvar (cvar "z_brawl_chance") (value "0")
L 07/14/2025 - 12:40:17: [basecommands.smx] "Console<0><Console><Console>" changed cvar (cvar "sv_maxunlag") (value "1")
L 07/14/2025 - 12:40:17: [basecommands.smx] "Console<0><Console><Console>" changed cvar (cvar "sv_forcepreload") (value "1")
L 07/14/2025 - 12:40:17: [basecommands.smx] "Console<0><Console><Console>" changed cvar (cvar "sv_client_predict") (value "1")
L 07/14/2025 - 12:40:17: [basecommands.smx] "Console<0><Console><Console>" changed cvar (cvar "sv_client_cmdrate_difference") (value "0")
L 07/14/2025 - 12:40:17: [basecommands.smx] "Console<0><Console><Console>" changed cvar (cvar "sv_max_queries_sec_global") (value "10")
L 07/14/2025 - 12:40:17: [basecommands.smx] "Console<0><Console><Console>" changed cvar (cvar "sv_max_queries_sec") (value "3")
L 07/14/2025 - 12:40:17: [basecommands.smx] "Console<0><Console><Console>" changed cvar (cvar "sv_max_queries_window") (value "10")
L 07/14/2025 - 12:40:17: [basecommands.smx] "Console<0><Console><Console>" changed cvar (cvar "sv_player_stuck_tolerance") (value "5")
L 07/14/2025 - 12:40:17: [basecommands.smx] "Console<0><Console><Console>" changed cvar (cvar "sv_stats") (value "0")
L 07/14/2025 - 12:40:17: [basecommands.smx] "Console<0><Console><Console>" changed cvar (cvar "sv_clockcorrection_msecs") (value "25")
L 07/14/2025 - 12:40:17: [basecommands.smx] "Console<0><Console><Console>" changed cvar (cvar "survivor_max_incapacitated_count") (value "2")
L 07/14/2025 - 12:40:18: [fixes/firebulletsfix.smx] Found offset for Weapon_ShootPosition 286
L 07/14/2025 - 12:40:18: [optional/l4d2_item_hint.smx] 
==========
Warning: You should install "[L4D & L4D2] Use Priority Patch" to fix attached models blocking +USE action (item hint): https://forums.alliedmods.net/showthread.php?t=327511
==========

L 07/14/2025 - 12:40:18: [GEOIP] GeoIP2 database loaded: GeoLite2-Country (2023-12-22 14:46:10 UTC) (/root/Steam/steamapps/common/L4D21/left4dead2/addons/sourcemod/configs/geoip/GeoLite2-Country.mmdb)
L 07/14/2025 - 12:40:18: [GEOIP] GeoIP2 supported languages: de en es fr ja pt-BR ru zh-CN
L 07/14/2025 - 12:40:18: [GEOIP] Your database is older than 90 days. You should consider downloading a newer version from e.g. https://dev.maxmind.com/geoip/geolite2-free-geolocation-data
L 07/14/2025 - 12:40:19: [optional/chat-processor.smx] Message formats generated for game 'left4dead2'.
L 07/14/2025 - 12:40:19: [optional/chat-processor.smx] Successfully hooked a SayText2 chat hook.
L 07/14/2025 - 12:40:22: -------- Mapchange to c2m1_highway --------
L 07/14/2025 - 12:40:24: [basecommands.smx] "Console<0><Console><Console>" changed cvar (cvar "confogl_match_execcfg_plugins") (value "generalfixes.cfg;confogl_plugins.cfg;sharedplugins.cfg")
L 07/14/2025 - 12:40:24: [basecommands.smx] "Console<0><Console><Console>" changed cvar (cvar "l4d2_addons_eclipse") (value "0")
L 07/14/2025 - 12:40:24: [basecommands.smx] "Console<0><Console><Console>" changed cvar (cvar "sv_allow_wait_command") (value "0")
L 07/14/2025 - 12:40:24: [basecommands.smx] "Console<0><Console><Console>" changed cvar (cvar "sv_minrate") (value "100000")
L 07/14/2025 - 12:40:24: [basecommands.smx] "Console<0><Console><Console>" changed cvar (cvar "sv_maxrate") (value "100000")
L 07/14/2025 - 12:40:24: [basecommands.smx] "Console<0><Console><Console>" changed cvar (cvar "sv_minupdaterate") (value "100")
L 07/14/2025 - 12:40:24: [basecommands.smx] "Console<0><Console><Console>" changed cvar (cvar "sv_maxupdaterate") (value "100")
L 07/14/2025 - 12:40:24: [basecommands.smx] "Console<0><Console><Console>" changed cvar (cvar "sv_mincmdrate") (value "100")
L 07/14/2025 - 12:40:24: [basecommands.smx] "Console<0><Console><Console>" changed cvar (cvar "sv_maxcmdrate") (value "100")
L 07/14/2025 - 12:40:24: [basecommands.smx] "Console<0><Console><Console>" changed cvar (cvar "sv_client_min_interp_ratio") (value "-1")
L 07/14/2025 - 12:40:24: [basecommands.smx] "Console<0><Console><Console>" changed cvar (cvar "sv_client_max_interp_ratio") (value "0")
L 07/14/2025 - 12:40:24: [basecommands.smx] "Console<0><Console><Console>" changed cvar (cvar "nb_update_frequency") (value "0.014")
L 07/14/2025 - 12:40:24: [basecommands.smx] "Console<0><Console><Console>" changed cvar (cvar "net_splitpacket_maxrate") (value "50000")
L 07/14/2025 - 12:40:24: [basecommands.smx] "Console<0><Console><Console>" changed cvar (cvar "net_maxcleartime") (value "0.0001")
L 07/14/2025 - 12:40:24: [basecommands.smx] "Console<0><Console><Console>" changed cvar (cvar "fps_max") (value "0")
L 07/14/2025 - 12:40:24: [basecommands.smx] "Console<0><Console><Console>" changed cvar (cvar "tick_door_speed") (value "1.3")
L 07/14/2025 - 12:40:24: [basecommands.smx] "Console<0><Console><Console>" changed cvar (cvar "mv_maxplayers") (value "30")
L 07/14/2025 - 12:40:24: [basecommands.smx] "Console<0><Console><Console>" changed cvar (cvar "mp_autoteambalance") (value "0")
L 07/14/2025 - 12:40:24: [basecommands.smx] "Console<0><Console><Console>" changed cvar (cvar "sv_unlag_fixstuck") (value "1")
L 07/14/2025 - 12:40:24: [basecommands.smx] "Console<0><Console><Console>" changed cvar (cvar "z_brawl_chance") (value "0")
L 07/14/2025 - 12:40:24: [basecommands.smx] "Console<0><Console><Console>" changed cvar (cvar "sv_maxunlag") (value "1")
L 07/14/2025 - 12:40:24: [basecommands.smx] "Console<0><Console><Console>" changed cvar (cvar "sv_forcepreload") (value "1")
L 07/14/2025 - 12:40:24: [basecommands.smx] "Console<0><Console><Console>" changed cvar (cvar "sv_client_predict") (value "1")
L 07/14/2025 - 12:40:24: [basecommands.smx] "Console<0><Console><Console>" changed cvar (cvar "sv_client_cmdrate_difference") (value "0")
L 07/14/2025 - 12:40:24: [basecommands.smx] "Console<0><Console><Console>" changed cvar (cvar "sv_max_queries_sec_global") (value "10")
L 07/14/2025 - 12:40:24: [basecommands.smx] "Console<0><Console><Console>" changed cvar (cvar "sv_max_queries_sec") (value "3")
L 07/14/2025 - 12:40:24: [basecommands.smx] "Console<0><Console><Console>" changed cvar (cvar "sv_max_queries_window") (value "10")
L 07/14/2025 - 12:40:24: [basecommands.smx] "Console<0><Console><Console>" changed cvar (cvar "sv_player_stuck_tolerance") (value "5")
L 07/14/2025 - 12:40:24: [basecommands.smx] "Console<0><Console><Console>" changed cvar (cvar "sv_stats") (value "0")
L 07/14/2025 - 12:40:24: [basecommands.smx] "Console<0><Console><Console>" changed cvar (cvar "sv_clockcorrection_msecs") (value "25")
L 07/14/2025 - 12:40:24: [optional/chat-processor.smx] Message formats generated for game 'left4dead2'.
L 07/14/2025 - 12:40:24: [optional/chat-processor.smx] Successfully hooked a SayText2 chat hook.
L 07/14/2025 - 12:40:25: [optional/l4d2_saferoom_item_remove.smx] Removed 0 saferoom item(s) (start: 0; end: 0).
L 07/14/2025 - 13:42:40: [fixes/firebulletsfix.smx] Found offset for Weapon_ShootPosition 286
L 07/14/2025 - 13:42:41: [confoglcompmod.smx] [PasswordSystem] Set password on ❀Salvation.洛琪希❀, password 
L 07/14/2025 - 13:42:41: [optional/l4d2_tank_reset_iron.smx] [Logger] 创建了一个新logger：index: 0 name: tank_reset_iron
L 07/14/2025 - 13:42:41: [optional/l4d2_item_hint.smx] 
==========
Warning: You should install "[L4D & L4D2] Use Priority Patch" to fix attached models blocking +USE action (item hint): https://forums.alliedmods.net/showthread.php?t=327511
==========

L 07/14/2025 - 13:42:41: [optional/chat-processor.smx] Message formats generated for game 'left4dead2'.
L 07/14/2025 - 13:42:41: [optional/chat-processor.smx] Successfully hooked a SayText2 chat hook.
L 07/14/2025 - 13:42:41: [basecommands.smx] "Console<0><Console><Console>" changed cvar (cvar "z_frustration_lifetime") (value "999999")
L 07/14/2025 - 13:42:41: [basecommands.smx] "Console<0><Console><Console>" changed cvar (cvar "sb_stop") (value "1")
L 07/14/2025 - 13:42:41: [basecommands.smx] "Console<0><Console><Console>" changed cvar (cvar "director_no_death_check") (value "1")
L 07/14/2025 - 13:42:41: [basecommands.smx] "Console<0><Console><Console>" changed cvar (cvar "versus_force_start_time") (value "5")
L 07/14/2025 - 13:42:41: [basecommands.smx] "Console<0><Console><Console>" changed cvar (cvar "z_frustration_lifetime") (value "999999")
L 07/14/2025 - 13:42:41: [basecommands.smx] "Console<0><Console><Console>" changed cvar (cvar "sb_stop") (value "1")
L 07/14/2025 - 13:42:41: [basecommands.smx] "Console<0><Console><Console>" changed cvar (cvar "director_no_death_check") (value "1")
L 07/14/2025 - 13:42:41: [basecommands.smx] "Console<0><Console><Console>" changed cvar (cvar "versus_force_start_time") (value "5")
L 07/14/2025 - 13:42:45: -------- Mapchange to c2m1_highway --------
L 07/14/2025 - 13:42:46: [basecommands.smx] "Console<0><Console><Console>" changed cvar (cvar "confogl_match_execcfg_plugins") (value "generalfixes.cfg;confogl_plugins.cfg;sharedplugins.cfg")
L 07/14/2025 - 13:42:46: [basecommands.smx] "Console<0><Console><Console>" changed cvar (cvar "l4d2_addons_eclipse") (value "0")
L 07/14/2025 - 13:42:46: [basecommands.smx] "Console<0><Console><Console>" changed cvar (cvar "sv_allow_wait_command") (value "0")
L 07/14/2025 - 13:42:46: [basecommands.smx] "Console<0><Console><Console>" changed cvar (cvar "sv_minrate") (value "100000")
L 07/14/2025 - 13:42:46: [basecommands.smx] "Console<0><Console><Console>" changed cvar (cvar "sv_maxrate") (value "100000")
L 07/14/2025 - 13:42:46: [basecommands.smx] "Console<0><Console><Console>" changed cvar (cvar "sv_minupdaterate") (value "100")
L 07/14/2025 - 13:42:46: [basecommands.smx] "Console<0><Console><Console>" changed cvar (cvar "sv_maxupdaterate") (value "100")
L 07/14/2025 - 13:42:46: [basecommands.smx] "Console<0><Console><Console>" changed cvar (cvar "sv_mincmdrate") (value "100")
L 07/14/2025 - 13:42:46: [basecommands.smx] "Console<0><Console><Console>" changed cvar (cvar "sv_maxcmdrate") (value "100")
L 07/14/2025 - 13:42:46: [basecommands.smx] "Console<0><Console><Console>" changed cvar (cvar "sv_client_min_interp_ratio") (value "-1")
L 07/14/2025 - 13:42:46: [basecommands.smx] "Console<0><Console><Console>" changed cvar (cvar "sv_client_max_interp_ratio") (value "0")
L 07/14/2025 - 13:42:46: [basecommands.smx] "Console<0><Console><Console>" changed cvar (cvar "nb_update_frequency") (value "0.014")
L 07/14/2025 - 13:42:46: [basecommands.smx] "Console<0><Console><Console>" changed cvar (cvar "net_splitpacket_maxrate") (value "50000")
L 07/14/2025 - 13:42:46: [basecommands.smx] "Console<0><Console><Console>" changed cvar (cvar "net_maxcleartime") (value "0.0001")
L 07/14/2025 - 13:42:46: [basecommands.smx] "Console<0><Console><Console>" changed cvar (cvar "fps_max") (value "0")
L 07/14/2025 - 13:42:46: [basecommands.smx] "Console<0><Console><Console>" changed cvar (cvar "tick_door_speed") (value "1.3")
L 07/14/2025 - 13:42:46: [basecommands.smx] "Console<0><Console><Console>" changed cvar (cvar "mv_maxplayers") (value "30")
L 07/14/2025 - 13:42:46: [basecommands.smx] "Console<0><Console><Console>" changed cvar (cvar "mp_autoteambalance") (value "0")
L 07/14/2025 - 13:42:46: [basecommands.smx] "Console<0><Console><Console>" changed cvar (cvar "sv_unlag_fixstuck") (value "1")
L 07/14/2025 - 13:42:46: [basecommands.smx] "Console<0><Console><Console>" changed cvar (cvar "z_brawl_chance") (value "0")
L 07/14/2025 - 13:42:46: [basecommands.smx] "Console<0><Console><Console>" changed cvar (cvar "sv_maxunlag") (value "1")
L 07/14/2025 - 13:42:46: [basecommands.smx] "Console<0><Console><Console>" changed cvar (cvar "sv_forcepreload") (value "1")
L 07/14/2025 - 13:42:46: [basecommands.smx] "Console<0><Console><Console>" changed cvar (cvar "sv_client_predict") (value "1")
L 07/14/2025 - 13:42:46: [basecommands.smx] "Console<0><Console><Console>" changed cvar (cvar "sv_client_cmdrate_difference") (value "0")
L 07/14/2025 - 13:42:46: [basecommands.smx] "Console<0><Console><Console>" changed cvar (cvar "sv_max_queries_sec_global") (value "10")
L 07/14/2025 - 13:42:46: [basecommands.smx] "Console<0><Console><Console>" changed cvar (cvar "sv_max_queries_sec") (value "3")
L 07/14/2025 - 13:42:46: [basecommands.smx] "Console<0><Console><Console>" changed cvar (cvar "sv_max_queries_window") (value "10")
L 07/14/2025 - 13:42:46: [basecommands.smx] "Console<0><Console><Console>" changed cvar (cvar "sv_player_stuck_tolerance") (value "5")
L 07/14/2025 - 13:42:46: [basecommands.smx] "Console<0><Console><Console>" changed cvar (cvar "sv_stats") (value "0")
L 07/14/2025 - 13:42:46: [basecommands.smx] "Console<0><Console><Console>" changed cvar (cvar "sv_clockcorrection_msecs") (value "25")
L 07/14/2025 - 13:42:46: [basecommands.smx] "Console<0><Console><Console>" changed cvar (cvar "z_frustration_lifetime") (value "999999")
L 07/14/2025 - 13:42:46: [basecommands.smx] "Console<0><Console><Console>" changed cvar (cvar "sb_stop") (value "1")
L 07/14/2025 - 13:42:46: [basecommands.smx] "Console<0><Console><Console>" changed cvar (cvar "director_no_death_check") (value "1")
L 07/14/2025 - 13:42:46: [basecommands.smx] "Console<0><Console><Console>" changed cvar (cvar "versus_force_start_time") (value "5")
L 07/14/2025 - 13:42:47: [optional/chat-processor.smx] Message formats generated for game 'left4dead2'.
L 07/14/2025 - 13:42:47: [optional/chat-processor.smx] Successfully hooked a SayText2 chat hook.
L 07/14/2025 - 13:42:48: [optional/l4d2_saferoom_item_remove.smx] Removed 0 saferoom item(s) (start: 0; end: 0).
L 07/14/2025 - 13:43:14: [basecommands.smx] "Console<0><Console><Console>" changed map to "l4d_dbd2dc_anna_is_gone" (input "l4d_dbd2dc_anna_is_gone")
L 07/14/2025 - 13:43:55: -------- Mapchange to l4d_dbd2dc_anna_is_gone --------
L 07/14/2025 - 13:43:57: [basecommands.smx] "Console<0><Console><Console>" changed cvar (cvar "confogl_match_execcfg_plugins") (value "generalfixes.cfg;confogl_plugins.cfg;sharedplugins.cfg")
L 07/14/2025 - 13:43:57: [basecommands.smx] "Console<0><Console><Console>" changed cvar (cvar "l4d2_addons_eclipse") (value "0")
L 07/14/2025 - 13:43:57: [basecommands.smx] "Console<0><Console><Console>" changed cvar (cvar "sv_allow_wait_command") (value "0")
L 07/14/2025 - 13:43:57: [basecommands.smx] "Console<0><Console><Console>" changed cvar (cvar "sv_minrate") (value "100000")
L 07/14/2025 - 13:43:57: [basecommands.smx] "Console<0><Console><Console>" changed cvar (cvar "sv_maxrate") (value "100000")
L 07/14/2025 - 13:43:57: [basecommands.smx] "Console<0><Console><Console>" changed cvar (cvar "sv_minupdaterate") (value "100")
L 07/14/2025 - 13:43:57: [basecommands.smx] "Console<0><Console><Console>" changed cvar (cvar "sv_maxupdaterate") (value "100")
L 07/14/2025 - 13:43:57: [basecommands.smx] "Console<0><Console><Console>" changed cvar (cvar "sv_mincmdrate") (value "100")
L 07/14/2025 - 13:43:57: [basecommands.smx] "Console<0><Console><Console>" changed cvar (cvar "sv_maxcmdrate") (value "100")
L 07/14/2025 - 13:43:57: [basecommands.smx] "Console<0><Console><Console>" changed cvar (cvar "sv_client_min_interp_ratio") (value "-1")
L 07/14/2025 - 13:43:57: [basecommands.smx] "Console<0><Console><Console>" changed cvar (cvar "sv_client_max_interp_ratio") (value "0")
L 07/14/2025 - 13:43:57: [basecommands.smx] "Console<0><Console><Console>" changed cvar (cvar "nb_update_frequency") (value "0.014")
L 07/14/2025 - 13:43:57: [basecommands.smx] "Console<0><Console><Console>" changed cvar (cvar "net_splitpacket_maxrate") (value "50000")
L 07/14/2025 - 13:43:57: [basecommands.smx] "Console<0><Console><Console>" changed cvar (cvar "net_maxcleartime") (value "0.0001")
L 07/14/2025 - 13:43:57: [basecommands.smx] "Console<0><Console><Console>" changed cvar (cvar "fps_max") (value "0")
L 07/14/2025 - 13:43:57: [basecommands.smx] "Console<0><Console><Console>" changed cvar (cvar "tick_door_speed") (value "1.3")
L 07/14/2025 - 13:43:57: [basecommands.smx] "Console<0><Console><Console>" changed cvar (cvar "mv_maxplayers") (value "30")
L 07/14/2025 - 13:43:57: [basecommands.smx] "Console<0><Console><Console>" changed cvar (cvar "mp_autoteambalance") (value "0")
L 07/14/2025 - 13:43:57: [basecommands.smx] "Console<0><Console><Console>" changed cvar (cvar "sv_unlag_fixstuck") (value "1")
L 07/14/2025 - 13:43:57: [basecommands.smx] "Console<0><Console><Console>" changed cvar (cvar "z_brawl_chance") (value "0")
L 07/14/2025 - 13:43:57: [basecommands.smx] "Console<0><Console><Console>" changed cvar (cvar "sv_maxunlag") (value "1")
L 07/14/2025 - 13:43:57: [basecommands.smx] "Console<0><Console><Console>" changed cvar (cvar "sv_forcepreload") (value "1")
L 07/14/2025 - 13:43:57: [basecommands.smx] "Console<0><Console><Console>" changed cvar (cvar "sv_client_predict") (value "1")
L 07/14/2025 - 13:43:57: [basecommands.smx] "Console<0><Console><Console>" changed cvar (cvar "sv_client_cmdrate_difference") (value "0")
L 07/14/2025 - 13:43:57: [basecommands.smx] "Console<0><Console><Console>" changed cvar (cvar "sv_max_queries_sec_global") (value "10")
L 07/14/2025 - 13:43:57: [basecommands.smx] "Console<0><Console><Console>" changed cvar (cvar "sv_max_queries_sec") (value "3")
L 07/14/2025 - 13:43:57: [basecommands.smx] "Console<0><Console><Console>" changed cvar (cvar "sv_max_queries_window") (value "10")
L 07/14/2025 - 13:43:57: [basecommands.smx] "Console<0><Console><Console>" changed cvar (cvar "sv_player_stuck_tolerance") (value "5")
L 07/14/2025 - 13:43:57: [basecommands.smx] "Console<0><Console><Console>" changed cvar (cvar "sv_stats") (value "0")
L 07/14/2025 - 13:43:57: [basecommands.smx] "Console<0><Console><Console>" changed cvar (cvar "sv_clockcorrection_msecs") (value "25")
L 07/14/2025 - 13:43:57: [basecommands.smx] "Console<0><Console><Console>" changed cvar (cvar "z_frustration_lifetime") (value "999999")
L 07/14/2025 - 13:43:57: [basecommands.smx] "Console<0><Console><Console>" changed cvar (cvar "sb_stop") (value "1")
L 07/14/2025 - 13:43:57: [basecommands.smx] "Console<0><Console><Console>" changed cvar (cvar "director_no_death_check") (value "1")
L 07/14/2025 - 13:43:57: [basecommands.smx] "Console<0><Console><Console>" changed cvar (cvar "versus_force_start_time") (value "5")
L 07/14/2025 - 13:43:57: [optional/chat-processor.smx] Message formats generated for game 'left4dead2'.
L 07/14/2025 - 13:43:57: [optional/chat-processor.smx] Successfully hooked a SayText2 chat hook.
L 07/14/2025 - 13:43:58: [optional/l4d2_saferoom_item_remove.smx] Removed 4 saferoom item(s) (start: 2; end: 2).
L 07/14/2025 - 13:48:26: -------- Mapchange to l4d_dbd2dc_anna_is_gone --------
L 07/14/2025 - 13:48:27: [basecommands.smx] "Console<0><Console><Console>" changed cvar (cvar "confogl_match_execcfg_plugins") (value "generalfixes.cfg;confogl_plugins.cfg;sharedplugins.cfg")
L 07/14/2025 - 13:48:27: [basecommands.smx] "Console<0><Console><Console>" changed cvar (cvar "l4d2_addons_eclipse") (value "0")
L 07/14/2025 - 13:48:27: [basecommands.smx] "Console<0><Console><Console>" changed cvar (cvar "sv_allow_wait_command") (value "0")
L 07/14/2025 - 13:48:27: [basecommands.smx] "Console<0><Console><Console>" changed cvar (cvar "sv_minrate") (value "100000")
L 07/14/2025 - 13:48:27: [basecommands.smx] "Console<0><Console><Console>" changed cvar (cvar "sv_maxrate") (value "100000")
L 07/14/2025 - 13:48:27: [basecommands.smx] "Console<0><Console><Console>" changed cvar (cvar "sv_minupdaterate") (value "100")
L 07/14/2025 - 13:48:27: [basecommands.smx] "Console<0><Console><Console>" changed cvar (cvar "sv_maxupdaterate") (value "100")
L 07/14/2025 - 13:48:27: [basecommands.smx] "Console<0><Console><Console>" changed cvar (cvar "sv_mincmdrate") (value "100")
L 07/14/2025 - 13:48:27: [basecommands.smx] "Console<0><Console><Console>" changed cvar (cvar "sv_maxcmdrate") (value "100")
L 07/14/2025 - 13:48:27: [basecommands.smx] "Console<0><Console><Console>" changed cvar (cvar "sv_client_min_interp_ratio") (value "-1")
L 07/14/2025 - 13:48:27: [basecommands.smx] "Console<0><Console><Console>" changed cvar (cvar "sv_client_max_interp_ratio") (value "0")
L 07/14/2025 - 13:48:27: [basecommands.smx] "Console<0><Console><Console>" changed cvar (cvar "nb_update_frequency") (value "0.014")
L 07/14/2025 - 13:48:27: [basecommands.smx] "Console<0><Console><Console>" changed cvar (cvar "net_splitpacket_maxrate") (value "50000")
L 07/14/2025 - 13:48:27: [basecommands.smx] "Console<0><Console><Console>" changed cvar (cvar "net_maxcleartime") (value "0.0001")
L 07/14/2025 - 13:48:27: [basecommands.smx] "Console<0><Console><Console>" changed cvar (cvar "fps_max") (value "0")
L 07/14/2025 - 13:48:27: [basecommands.smx] "Console<0><Console><Console>" changed cvar (cvar "tick_door_speed") (value "1.3")
L 07/14/2025 - 13:48:27: [basecommands.smx] "Console<0><Console><Console>" changed cvar (cvar "mv_maxplayers") (value "30")
L 07/14/2025 - 13:48:27: [basecommands.smx] "Console<0><Console><Console>" changed cvar (cvar "mp_autoteambalance") (value "0")
L 07/14/2025 - 13:48:27: [basecommands.smx] "Console<0><Console><Console>" changed cvar (cvar "sv_unlag_fixstuck") (value "1")
L 07/14/2025 - 13:48:27: [basecommands.smx] "Console<0><Console><Console>" changed cvar (cvar "z_brawl_chance") (value "0")
L 07/14/2025 - 13:48:27: [basecommands.smx] "Console<0><Console><Console>" changed cvar (cvar "sv_maxunlag") (value "1")
L 07/14/2025 - 13:48:27: [basecommands.smx] "Console<0><Console><Console>" changed cvar (cvar "sv_forcepreload") (value "1")
L 07/14/2025 - 13:48:27: [basecommands.smx] "Console<0><Console><Console>" changed cvar (cvar "sv_client_predict") (value "1")
L 07/14/2025 - 13:48:27: [basecommands.smx] "Console<0><Console><Console>" changed cvar (cvar "sv_client_cmdrate_difference") (value "0")
L 07/14/2025 - 13:48:27: [basecommands.smx] "Console<0><Console><Console>" changed cvar (cvar "sv_max_queries_sec_global") (value "10")
L 07/14/2025 - 13:48:27: [basecommands.smx] "Console<0><Console><Console>" changed cvar (cvar "sv_max_queries_sec") (value "3")
L 07/14/2025 - 13:48:27: [basecommands.smx] "Console<0><Console><Console>" changed cvar (cvar "sv_max_queries_window") (value "10")
L 07/14/2025 - 13:48:27: [basecommands.smx] "Console<0><Console><Console>" changed cvar (cvar "sv_player_stuck_tolerance") (value "5")
L 07/14/2025 - 13:48:27: [basecommands.smx] "Console<0><Console><Console>" changed cvar (cvar "sv_stats") (value "0")
L 07/14/2025 - 13:48:27: [basecommands.smx] "Console<0><Console><Console>" changed cvar (cvar "sv_clockcorrection_msecs") (value "25")
L 07/14/2025 - 13:48:27: [basecommands.smx] "Console<0><Console><Console>" changed cvar (cvar "z_frustration_lifetime") (value "999999")
L 07/14/2025 - 13:48:27: [basecommands.smx] "Console<0><Console><Console>" changed cvar (cvar "sb_stop") (value "1")
L 07/14/2025 - 13:48:27: [basecommands.smx] "Console<0><Console><Console>" changed cvar (cvar "director_no_death_check") (value "1")
L 07/14/2025 - 13:48:27: [basecommands.smx] "Console<0><Console><Console>" changed cvar (cvar "versus_force_start_time") (value "5")
L 07/14/2025 - 13:48:27: [optional/chat-processor.smx] Message formats generated for game 'left4dead2'.
L 07/14/2025 - 13:48:27: [optional/chat-processor.smx] Successfully hooked a SayText2 chat hook.
L 07/14/2025 - 13:48:29: [optional/l4d2_saferoom_item_remove.smx] Removed 4 saferoom item(s) (start: 2; end: 2).
L 07/14/2025 - 13:52:55: SourceMod log file session started (file "/root/Steam/steamapps/common/L4D21/left4dead2/addons/sourcemod/logs/L20250714.log") (Version "1.12.0.7195")
L 07/14/2025 - 13:52:55: [fixes/firebulletsfix.smx] Found offset for Weapon_ShootPosition 286
L 07/14/2025 - 13:52:57: [basecommands.smx] "Console<0><Console><Console>" changed cvar (cvar "confogl_match_execcfg_plugins") (value "generalfixes.cfg;confogl_plugins.cfg;sharedplugins.cfg")
L 07/14/2025 - 13:52:57: [basecommands.smx] "Console<0><Console><Console>" changed cvar (cvar "l4d2_addons_eclipse") (value "0")
L 07/14/2025 - 13:52:57: [basecommands.smx] "Console<0><Console><Console>" changed cvar (cvar "sv_allow_wait_command") (value "0")
L 07/14/2025 - 13:52:57: [basecommands.smx] "Console<0><Console><Console>" changed cvar (cvar "sv_minrate") (value "100000")
L 07/14/2025 - 13:52:57: [basecommands.smx] "Console<0><Console><Console>" changed cvar (cvar "sv_maxrate") (value "100000")
L 07/14/2025 - 13:52:57: [basecommands.smx] "Console<0><Console><Console>" changed cvar (cvar "sv_minupdaterate") (value "100")
L 07/14/2025 - 13:52:57: [basecommands.smx] "Console<0><Console><Console>" changed cvar (cvar "sv_maxupdaterate") (value "100")
L 07/14/2025 - 13:52:57: [basecommands.smx] "Console<0><Console><Console>" changed cvar (cvar "sv_mincmdrate") (value "100")
L 07/14/2025 - 13:52:57: [basecommands.smx] "Console<0><Console><Console>" changed cvar (cvar "sv_maxcmdrate") (value "100")
L 07/14/2025 - 13:52:57: [basecommands.smx] "Console<0><Console><Console>" changed cvar (cvar "sv_client_min_interp_ratio") (value "-1")
L 07/14/2025 - 13:52:57: [basecommands.smx] "Console<0><Console><Console>" changed cvar (cvar "sv_client_max_interp_ratio") (value "0")
L 07/14/2025 - 13:52:57: [basecommands.smx] "Console<0><Console><Console>" changed cvar (cvar "nb_update_frequency") (value "0.014")
L 07/14/2025 - 13:52:57: [basecommands.smx] "Console<0><Console><Console>" changed cvar (cvar "net_splitpacket_maxrate") (value "50000")
L 07/14/2025 - 13:52:57: [basecommands.smx] "Console<0><Console><Console>" changed cvar (cvar "net_maxcleartime") (value "0.0001")
L 07/14/2025 - 13:52:57: [basecommands.smx] "Console<0><Console><Console>" changed cvar (cvar "fps_max") (value "0")
L 07/14/2025 - 13:52:57: [basecommands.smx] "Console<0><Console><Console>" changed cvar (cvar "tick_door_speed") (value "1.3")
L 07/14/2025 - 13:52:57: [basecommands.smx] "Console<0><Console><Console>" changed cvar (cvar "mv_maxplayers") (value "30")
L 07/14/2025 - 13:52:57: [basecommands.smx] "Console<0><Console><Console>" changed cvar (cvar "mp_autoteambalance") (value "0")
L 07/14/2025 - 13:52:57: [basecommands.smx] "Console<0><Console><Console>" changed cvar (cvar "sv_unlag_fixstuck") (value "1")
L 07/14/2025 - 13:52:57: [basecommands.smx] "Console<0><Console><Console>" changed cvar (cvar "z_brawl_chance") (value "0")
L 07/14/2025 - 13:52:57: [basecommands.smx] "Console<0><Console><Console>" changed cvar (cvar "sv_maxunlag") (value "1")
L 07/14/2025 - 13:52:57: [basecommands.smx] "Console<0><Console><Console>" changed cvar (cvar "sv_forcepreload") (value "1")
L 07/14/2025 - 13:52:57: [basecommands.smx] "Console<0><Console><Console>" changed cvar (cvar "sv_client_predict") (value "1")
L 07/14/2025 - 13:52:57: [basecommands.smx] "Console<0><Console><Console>" changed cvar (cvar "sv_client_cmdrate_difference") (value "0")
L 07/14/2025 - 13:52:57: [basecommands.smx] "Console<0><Console><Console>" changed cvar (cvar "sv_max_queries_sec_global") (value "10")
L 07/14/2025 - 13:52:57: [basecommands.smx] "Console<0><Console><Console>" changed cvar (cvar "sv_max_queries_sec") (value "3")
L 07/14/2025 - 13:52:57: [basecommands.smx] "Console<0><Console><Console>" changed cvar (cvar "sv_max_queries_window") (value "10")
L 07/14/2025 - 13:52:57: [basecommands.smx] "Console<0><Console><Console>" changed cvar (cvar "sv_player_stuck_tolerance") (value "5")
L 07/14/2025 - 13:52:57: [basecommands.smx] "Console<0><Console><Console>" changed cvar (cvar "sv_stats") (value "0")
L 07/14/2025 - 13:52:57: [basecommands.smx] "Console<0><Console><Console>" changed cvar (cvar "sv_clockcorrection_msecs") (value "25")
L 07/14/2025 - 13:52:57: [basecommands.smx] "Console<0><Console><Console>" changed cvar (cvar "survivor_max_incapacitated_count") (value "2")
L 07/14/2025 - 13:52:58: [fixes/firebulletsfix.smx] Found offset for Weapon_ShootPosition 286
L 07/14/2025 - 13:52:58: [optional/l4d2_item_hint.smx] 
==========
Warning: You should install "[L4D & L4D2] Use Priority Patch" to fix attached models blocking +USE action (item hint): https://forums.alliedmods.net/showthread.php?t=327511
==========

L 07/14/2025 - 13:52:58: [GEOIP] GeoIP2 database loaded: GeoLite2-Country (2023-12-22 14:46:10 UTC) (/root/Steam/steamapps/common/L4D21/left4dead2/addons/sourcemod/configs/geoip/GeoLite2-Country.mmdb)
L 07/14/2025 - 13:52:58: [GEOIP] GeoIP2 supported languages: de en es fr ja pt-BR ru zh-CN
L 07/14/2025 - 13:52:58: [GEOIP] Your database is older than 90 days. You should consider downloading a newer version from e.g. https://dev.maxmind.com/geoip/geolite2-free-geolocation-data
L 07/14/2025 - 13:52:59: [optional/chat-processor.smx] Message formats generated for game 'left4dead2'.
L 07/14/2025 - 13:52:59: [optional/chat-processor.smx] Successfully hooked a SayText2 chat hook.
L 07/14/2025 - 13:53:02: -------- Mapchange to c2m1_highway --------
L 07/14/2025 - 13:53:04: [basecommands.smx] "Console<0><Console><Console>" changed cvar (cvar "confogl_match_execcfg_plugins") (value "generalfixes.cfg;confogl_plugins.cfg;sharedplugins.cfg")
L 07/14/2025 - 13:53:04: [basecommands.smx] "Console<0><Console><Console>" changed cvar (cvar "l4d2_addons_eclipse") (value "0")
L 07/14/2025 - 13:53:04: [basecommands.smx] "Console<0><Console><Console>" changed cvar (cvar "sv_allow_wait_command") (value "0")
L 07/14/2025 - 13:53:04: [basecommands.smx] "Console<0><Console><Console>" changed cvar (cvar "sv_minrate") (value "100000")
L 07/14/2025 - 13:53:04: [basecommands.smx] "Console<0><Console><Console>" changed cvar (cvar "sv_maxrate") (value "100000")
L 07/14/2025 - 13:53:04: [basecommands.smx] "Console<0><Console><Console>" changed cvar (cvar "sv_minupdaterate") (value "100")
L 07/14/2025 - 13:53:04: [basecommands.smx] "Console<0><Console><Console>" changed cvar (cvar "sv_maxupdaterate") (value "100")
L 07/14/2025 - 13:53:04: [basecommands.smx] "Console<0><Console><Console>" changed cvar (cvar "sv_mincmdrate") (value "100")
L 07/14/2025 - 13:53:04: [basecommands.smx] "Console<0><Console><Console>" changed cvar (cvar "sv_maxcmdrate") (value "100")
L 07/14/2025 - 13:53:04: [basecommands.smx] "Console<0><Console><Console>" changed cvar (cvar "sv_client_min_interp_ratio") (value "-1")
L 07/14/2025 - 13:53:04: [basecommands.smx] "Console<0><Console><Console>" changed cvar (cvar "sv_client_max_interp_ratio") (value "0")
L 07/14/2025 - 13:53:04: [basecommands.smx] "Console<0><Console><Console>" changed cvar (cvar "nb_update_frequency") (value "0.014")
L 07/14/2025 - 13:53:04: [basecommands.smx] "Console<0><Console><Console>" changed cvar (cvar "net_splitpacket_maxrate") (value "50000")
L 07/14/2025 - 13:53:04: [basecommands.smx] "Console<0><Console><Console>" changed cvar (cvar "net_maxcleartime") (value "0.0001")
L 07/14/2025 - 13:53:04: [basecommands.smx] "Console<0><Console><Console>" changed cvar (cvar "fps_max") (value "0")
L 07/14/2025 - 13:53:04: [basecommands.smx] "Console<0><Console><Console>" changed cvar (cvar "tick_door_speed") (value "1.3")
L 07/14/2025 - 13:53:04: [basecommands.smx] "Console<0><Console><Console>" changed cvar (cvar "mv_maxplayers") (value "30")
L 07/14/2025 - 13:53:04: [basecommands.smx] "Console<0><Console><Console>" changed cvar (cvar "mp_autoteambalance") (value "0")
L 07/14/2025 - 13:53:04: [basecommands.smx] "Console<0><Console><Console>" changed cvar (cvar "sv_unlag_fixstuck") (value "1")
L 07/14/2025 - 13:53:04: [basecommands.smx] "Console<0><Console><Console>" changed cvar (cvar "z_brawl_chance") (value "0")
L 07/14/2025 - 13:53:04: [basecommands.smx] "Console<0><Console><Console>" changed cvar (cvar "sv_maxunlag") (value "1")
L 07/14/2025 - 13:53:04: [basecommands.smx] "Console<0><Console><Console>" changed cvar (cvar "sv_forcepreload") (value "1")
L 07/14/2025 - 13:53:04: [basecommands.smx] "Console<0><Console><Console>" changed cvar (cvar "sv_client_predict") (value "1")
L 07/14/2025 - 13:53:04: [basecommands.smx] "Console<0><Console><Console>" changed cvar (cvar "sv_client_cmdrate_difference") (value "0")
L 07/14/2025 - 13:53:04: [basecommands.smx] "Console<0><Console><Console>" changed cvar (cvar "sv_max_queries_sec_global") (value "10")
L 07/14/2025 - 13:53:04: [basecommands.smx] "Console<0><Console><Console>" changed cvar (cvar "sv_max_queries_sec") (value "3")
L 07/14/2025 - 13:53:04: [basecommands.smx] "Console<0><Console><Console>" changed cvar (cvar "sv_max_queries_window") (value "10")
L 07/14/2025 - 13:53:04: [basecommands.smx] "Console<0><Console><Console>" changed cvar (cvar "sv_player_stuck_tolerance") (value "5")
L 07/14/2025 - 13:53:04: [basecommands.smx] "Console<0><Console><Console>" changed cvar (cvar "sv_stats") (value "0")
L 07/14/2025 - 13:53:04: [basecommands.smx] "Console<0><Console><Console>" changed cvar (cvar "sv_clockcorrection_msecs") (value "25")
L 07/14/2025 - 13:53:04: [optional/chat-processor.smx] Message formats generated for game 'left4dead2'.
L 07/14/2025 - 13:53:04: [optional/chat-processor.smx] Successfully hooked a SayText2 chat hook.
L 07/14/2025 - 13:53:05: [optional/l4d2_saferoom_item_remove.smx] Removed 0 saferoom item(s) (start: 0; end: 0).
L 07/14/2025 - 13:58:46: SourceMod log file session started (file "/root/Steam/steamapps/common/L4D21/left4dead2/addons/sourcemod/logs/L20250714.log") (Version "1.12.0.7195")
L 07/14/2025 - 13:58:46: [fixes/firebulletsfix.smx] Found offset for Weapon_ShootPosition 286
L 07/14/2025 - 13:58:49: [basecommands.smx] "Console<0><Console><Console>" changed cvar (cvar "confogl_match_execcfg_plugins") (value "generalfixes.cfg;confogl_plugins.cfg;sharedplugins.cfg")
L 07/14/2025 - 13:58:49: [basecommands.smx] "Console<0><Console><Console>" changed cvar (cvar "l4d2_addons_eclipse") (value "0")
L 07/14/2025 - 13:58:49: [basecommands.smx] "Console<0><Console><Console>" changed cvar (cvar "sv_allow_wait_command") (value "0")
L 07/14/2025 - 13:58:49: [basecommands.smx] "Console<0><Console><Console>" changed cvar (cvar "sv_minrate") (value "100000")
L 07/14/2025 - 13:58:49: [basecommands.smx] "Console<0><Console><Console>" changed cvar (cvar "sv_maxrate") (value "100000")
L 07/14/2025 - 13:58:49: [basecommands.smx] "Console<0><Console><Console>" changed cvar (cvar "sv_minupdaterate") (value "100")
L 07/14/2025 - 13:58:49: [basecommands.smx] "Console<0><Console><Console>" changed cvar (cvar "sv_maxupdaterate") (value "100")
L 07/14/2025 - 13:58:49: [basecommands.smx] "Console<0><Console><Console>" changed cvar (cvar "sv_mincmdrate") (value "100")
L 07/14/2025 - 13:58:49: [basecommands.smx] "Console<0><Console><Console>" changed cvar (cvar "sv_maxcmdrate") (value "100")
L 07/14/2025 - 13:58:49: [basecommands.smx] "Console<0><Console><Console>" changed cvar (cvar "sv_client_min_interp_ratio") (value "-1")
L 07/14/2025 - 13:58:49: [basecommands.smx] "Console<0><Console><Console>" changed cvar (cvar "sv_client_max_interp_ratio") (value "0")
L 07/14/2025 - 13:58:49: [basecommands.smx] "Console<0><Console><Console>" changed cvar (cvar "nb_update_frequency") (value "0.014")
L 07/14/2025 - 13:58:49: [basecommands.smx] "Console<0><Console><Console>" changed cvar (cvar "net_splitpacket_maxrate") (value "50000")
L 07/14/2025 - 13:58:49: [basecommands.smx] "Console<0><Console><Console>" changed cvar (cvar "net_maxcleartime") (value "0.0001")
L 07/14/2025 - 13:58:49: [basecommands.smx] "Console<0><Console><Console>" changed cvar (cvar "fps_max") (value "0")
L 07/14/2025 - 13:58:49: [basecommands.smx] "Console<0><Console><Console>" changed cvar (cvar "tick_door_speed") (value "1.3")
L 07/14/2025 - 13:58:49: [basecommands.smx] "Console<0><Console><Console>" changed cvar (cvar "mv_maxplayers") (value "30")
L 07/14/2025 - 13:58:49: [basecommands.smx] "Console<0><Console><Console>" changed cvar (cvar "mp_autoteambalance") (value "0")
L 07/14/2025 - 13:58:49: [basecommands.smx] "Console<0><Console><Console>" changed cvar (cvar "sv_unlag_fixstuck") (value "1")
L 07/14/2025 - 13:58:49: [basecommands.smx] "Console<0><Console><Console>" changed cvar (cvar "z_brawl_chance") (value "0")
L 07/14/2025 - 13:58:49: [basecommands.smx] "Console<0><Console><Console>" changed cvar (cvar "sv_maxunlag") (value "1")
L 07/14/2025 - 13:58:49: [basecommands.smx] "Console<0><Console><Console>" changed cvar (cvar "sv_forcepreload") (value "1")
L 07/14/2025 - 13:58:49: [basecommands.smx] "Console<0><Console><Console>" changed cvar (cvar "sv_client_predict") (value "1")
L 07/14/2025 - 13:58:49: [basecommands.smx] "Console<0><Console><Console>" changed cvar (cvar "sv_client_cmdrate_difference") (value "0")
L 07/14/2025 - 13:58:49: [basecommands.smx] "Console<0><Console><Console>" changed cvar (cvar "sv_max_queries_sec_global") (value "10")
L 07/14/2025 - 13:58:49: [basecommands.smx] "Console<0><Console><Console>" changed cvar (cvar "sv_max_queries_sec") (value "3")
L 07/14/2025 - 13:58:49: [basecommands.smx] "Console<0><Console><Console>" changed cvar (cvar "sv_max_queries_window") (value "10")
L 07/14/2025 - 13:58:49: [basecommands.smx] "Console<0><Console><Console>" changed cvar (cvar "sv_player_stuck_tolerance") (value "5")
L 07/14/2025 - 13:58:49: [basecommands.smx] "Console<0><Console><Console>" changed cvar (cvar "sv_stats") (value "0")
L 07/14/2025 - 13:58:49: [basecommands.smx] "Console<0><Console><Console>" changed cvar (cvar "sv_clockcorrection_msecs") (value "25")
L 07/14/2025 - 13:58:49: [basecommands.smx] "Console<0><Console><Console>" changed cvar (cvar "survivor_max_incapacitated_count") (value "2")
L 07/14/2025 - 13:58:50: [fixes/firebulletsfix.smx] Found offset for Weapon_ShootPosition 286
L 07/14/2025 - 13:58:50: [optional/l4d2_item_hint.smx] 
==========
Warning: You should install "[L4D & L4D2] Use Priority Patch" to fix attached models blocking +USE action (item hint): https://forums.alliedmods.net/showthread.php?t=327511
==========

L 07/14/2025 - 13:58:50: [GEOIP] GeoIP2 database loaded: GeoLite2-Country (2023-12-22 14:46:10 UTC) (/root/Steam/steamapps/common/L4D21/left4dead2/addons/sourcemod/configs/geoip/GeoLite2-Country.mmdb)
L 07/14/2025 - 13:58:50: [GEOIP] GeoIP2 supported languages: de en es fr ja pt-BR ru zh-CN
L 07/14/2025 - 13:58:50: [GEOIP] Your database is older than 90 days. You should consider downloading a newer version from e.g. https://dev.maxmind.com/geoip/geolite2-free-geolocation-data
L 07/14/2025 - 13:58:50: [optional/chat-processor.smx] Message formats generated for game 'left4dead2'.
L 07/14/2025 - 13:58:50: [optional/chat-processor.smx] Successfully hooked a SayText2 chat hook.
L 07/14/2025 - 13:58:54: -------- Mapchange to c2m1_highway --------
L 07/14/2025 - 13:58:55: [basecommands.smx] "Console<0><Console><Console>" changed cvar (cvar "confogl_match_execcfg_plugins") (value "generalfixes.cfg;confogl_plugins.cfg;sharedplugins.cfg")
L 07/14/2025 - 13:58:55: [basecommands.smx] "Console<0><Console><Console>" changed cvar (cvar "l4d2_addons_eclipse") (value "0")
L 07/14/2025 - 13:58:55: [basecommands.smx] "Console<0><Console><Console>" changed cvar (cvar "sv_allow_wait_command") (value "0")
L 07/14/2025 - 13:58:55: [basecommands.smx] "Console<0><Console><Console>" changed cvar (cvar "sv_minrate") (value "100000")
L 07/14/2025 - 13:58:55: [basecommands.smx] "Console<0><Console><Console>" changed cvar (cvar "sv_maxrate") (value "100000")
L 07/14/2025 - 13:58:55: [basecommands.smx] "Console<0><Console><Console>" changed cvar (cvar "sv_minupdaterate") (value "100")
L 07/14/2025 - 13:58:55: [basecommands.smx] "Console<0><Console><Console>" changed cvar (cvar "sv_maxupdaterate") (value "100")
L 07/14/2025 - 13:58:55: [basecommands.smx] "Console<0><Console><Console>" changed cvar (cvar "sv_mincmdrate") (value "100")
L 07/14/2025 - 13:58:55: [basecommands.smx] "Console<0><Console><Console>" changed cvar (cvar "sv_maxcmdrate") (value "100")
L 07/14/2025 - 13:58:55: [basecommands.smx] "Console<0><Console><Console>" changed cvar (cvar "sv_client_min_interp_ratio") (value "-1")
L 07/14/2025 - 13:58:55: [basecommands.smx] "Console<0><Console><Console>" changed cvar (cvar "sv_client_max_interp_ratio") (value "0")
L 07/14/2025 - 13:58:55: [basecommands.smx] "Console<0><Console><Console>" changed cvar (cvar "nb_update_frequency") (value "0.014")
L 07/14/2025 - 13:58:55: [basecommands.smx] "Console<0><Console><Console>" changed cvar (cvar "net_splitpacket_maxrate") (value "50000")
L 07/14/2025 - 13:58:55: [basecommands.smx] "Console<0><Console><Console>" changed cvar (cvar "net_maxcleartime") (value "0.0001")
L 07/14/2025 - 13:58:55: [basecommands.smx] "Console<0><Console><Console>" changed cvar (cvar "fps_max") (value "0")
L 07/14/2025 - 13:58:55: [basecommands.smx] "Console<0><Console><Console>" changed cvar (cvar "tick_door_speed") (value "1.3")
L 07/14/2025 - 13:58:55: [basecommands.smx] "Console<0><Console><Console>" changed cvar (cvar "mv_maxplayers") (value "30")
L 07/14/2025 - 13:58:55: [basecommands.smx] "Console<0><Console><Console>" changed cvar (cvar "mp_autoteambalance") (value "0")
L 07/14/2025 - 13:58:55: [basecommands.smx] "Console<0><Console><Console>" changed cvar (cvar "sv_unlag_fixstuck") (value "1")
L 07/14/2025 - 13:58:55: [basecommands.smx] "Console<0><Console><Console>" changed cvar (cvar "z_brawl_chance") (value "0")
L 07/14/2025 - 13:58:55: [basecommands.smx] "Console<0><Console><Console>" changed cvar (cvar "sv_maxunlag") (value "1")
L 07/14/2025 - 13:58:55: [basecommands.smx] "Console<0><Console><Console>" changed cvar (cvar "sv_forcepreload") (value "1")
L 07/14/2025 - 13:58:55: [basecommands.smx] "Console<0><Console><Console>" changed cvar (cvar "sv_client_predict") (value "1")
L 07/14/2025 - 13:58:55: [basecommands.smx] "Console<0><Console><Console>" changed cvar (cvar "sv_client_cmdrate_difference") (value "0")
L 07/14/2025 - 13:58:55: [basecommands.smx] "Console<0><Console><Console>" changed cvar (cvar "sv_max_queries_sec_global") (value "10")
L 07/14/2025 - 13:58:55: [basecommands.smx] "Console<0><Console><Console>" changed cvar (cvar "sv_max_queries_sec") (value "3")
L 07/14/2025 - 13:58:55: [basecommands.smx] "Console<0><Console><Console>" changed cvar (cvar "sv_max_queries_window") (value "10")
L 07/14/2025 - 13:58:55: [basecommands.smx] "Console<0><Console><Console>" changed cvar (cvar "sv_player_stuck_tolerance") (value "5")
L 07/14/2025 - 13:58:55: [basecommands.smx] "Console<0><Console><Console>" changed cvar (cvar "sv_stats") (value "0")
L 07/14/2025 - 13:58:55: [basecommands.smx] "Console<0><Console><Console>" changed cvar (cvar "sv_clockcorrection_msecs") (value "25")
L 07/14/2025 - 13:58:55: [optional/chat-processor.smx] Message formats generated for game 'left4dead2'.
L 07/14/2025 - 13:58:55: [optional/chat-processor.smx] Successfully hooked a SayText2 chat hook.
L 07/14/2025 - 13:58:56: [optional/l4d2_saferoom_item_remove.smx] Removed 0 saferoom item(s) (start: 0; end: 0).
L 07/14/2025 - 15:30:31: SourceMod log file session started (file "/root/Steam/steamapps/common/L4D21/left4dead2/addons/sourcemod/logs/L20250714.log") (Version "1.12.0.7195")
L 07/14/2025 - 15:30:31: [fixes/firebulletsfix.smx] Found offset for Weapon_ShootPosition 286
L 07/14/2025 - 15:30:33: [basecommands.smx] "Console<0><Console><Console>" changed cvar (cvar "confogl_match_execcfg_plugins") (value "generalfixes.cfg;confogl_plugins.cfg;sharedplugins.cfg")
L 07/14/2025 - 15:30:33: [basecommands.smx] "Console<0><Console><Console>" changed cvar (cvar "l4d2_addons_eclipse") (value "0")
L 07/14/2025 - 15:30:33: [basecommands.smx] "Console<0><Console><Console>" changed cvar (cvar "sv_allow_wait_command") (value "0")
L 07/14/2025 - 15:30:33: [basecommands.smx] "Console<0><Console><Console>" changed cvar (cvar "sv_minrate") (value "100000")
L 07/14/2025 - 15:30:33: [basecommands.smx] "Console<0><Console><Console>" changed cvar (cvar "sv_maxrate") (value "100000")
L 07/14/2025 - 15:30:33: [basecommands.smx] "Console<0><Console><Console>" changed cvar (cvar "sv_minupdaterate") (value "100")
L 07/14/2025 - 15:30:33: [basecommands.smx] "Console<0><Console><Console>" changed cvar (cvar "sv_maxupdaterate") (value "100")
L 07/14/2025 - 15:30:33: [basecommands.smx] "Console<0><Console><Console>" changed cvar (cvar "sv_mincmdrate") (value "100")
L 07/14/2025 - 15:30:33: [basecommands.smx] "Console<0><Console><Console>" changed cvar (cvar "sv_maxcmdrate") (value "100")
L 07/14/2025 - 15:30:33: [basecommands.smx] "Console<0><Console><Console>" changed cvar (cvar "sv_client_min_interp_ratio") (value "-1")
L 07/14/2025 - 15:30:33: [basecommands.smx] "Console<0><Console><Console>" changed cvar (cvar "sv_client_max_interp_ratio") (value "0")
L 07/14/2025 - 15:30:33: [basecommands.smx] "Console<0><Console><Console>" changed cvar (cvar "nb_update_frequency") (value "0.014")
L 07/14/2025 - 15:30:33: [basecommands.smx] "Console<0><Console><Console>" changed cvar (cvar "net_splitpacket_maxrate") (value "50000")
L 07/14/2025 - 15:30:33: [basecommands.smx] "Console<0><Console><Console>" changed cvar (cvar "net_maxcleartime") (value "0.0001")
L 07/14/2025 - 15:30:33: [basecommands.smx] "Console<0><Console><Console>" changed cvar (cvar "fps_max") (value "0")
L 07/14/2025 - 15:30:33: [basecommands.smx] "Console<0><Console><Console>" changed cvar (cvar "tick_door_speed") (value "1.3")
L 07/14/2025 - 15:30:33: [basecommands.smx] "Console<0><Console><Console>" changed cvar (cvar "mv_maxplayers") (value "30")
L 07/14/2025 - 15:30:33: [basecommands.smx] "Console<0><Console><Console>" changed cvar (cvar "mp_autoteambalance") (value "0")
L 07/14/2025 - 15:30:33: [basecommands.smx] "Console<0><Console><Console>" changed cvar (cvar "sv_unlag_fixstuck") (value "1")
L 07/14/2025 - 15:30:33: [basecommands.smx] "Console<0><Console><Console>" changed cvar (cvar "z_brawl_chance") (value "0")
L 07/14/2025 - 15:30:33: [basecommands.smx] "Console<0><Console><Console>" changed cvar (cvar "sv_maxunlag") (value "1")
L 07/14/2025 - 15:30:33: [basecommands.smx] "Console<0><Console><Console>" changed cvar (cvar "sv_forcepreload") (value "1")
L 07/14/2025 - 15:30:33: [basecommands.smx] "Console<0><Console><Console>" changed cvar (cvar "sv_client_predict") (value "1")
L 07/14/2025 - 15:30:33: [basecommands.smx] "Console<0><Console><Console>" changed cvar (cvar "sv_client_cmdrate_difference") (value "0")
L 07/14/2025 - 15:30:33: [basecommands.smx] "Console<0><Console><Console>" changed cvar (cvar "sv_max_queries_sec_global") (value "10")
L 07/14/2025 - 15:30:33: [basecommands.smx] "Console<0><Console><Console>" changed cvar (cvar "sv_max_queries_sec") (value "3")
L 07/14/2025 - 15:30:33: [basecommands.smx] "Console<0><Console><Console>" changed cvar (cvar "sv_max_queries_window") (value "10")
L 07/14/2025 - 15:30:33: [basecommands.smx] "Console<0><Console><Console>" changed cvar (cvar "sv_player_stuck_tolerance") (value "5")
L 07/14/2025 - 15:30:33: [basecommands.smx] "Console<0><Console><Console>" changed cvar (cvar "sv_stats") (value "0")
L 07/14/2025 - 15:30:33: [basecommands.smx] "Console<0><Console><Console>" changed cvar (cvar "sv_clockcorrection_msecs") (value "25")
L 07/14/2025 - 15:30:33: [basecommands.smx] "Console<0><Console><Console>" changed cvar (cvar "survivor_max_incapacitated_count") (value "2")
L 07/14/2025 - 15:30:34: [fixes/firebulletsfix.smx] Found offset for Weapon_ShootPosition 286
L 07/14/2025 - 15:30:34: [optional/l4d2_item_hint.smx] 
==========
Warning: You should install "[L4D & L4D2] Use Priority Patch" to fix attached models blocking +USE action (item hint): https://forums.alliedmods.net/showthread.php?t=327511
==========

L 07/14/2025 - 15:30:34: [GEOIP] GeoIP2 database loaded: GeoLite2-Country (2023-12-22 14:46:10 UTC) (/root/Steam/steamapps/common/L4D21/left4dead2/addons/sourcemod/configs/geoip/GeoLite2-Country.mmdb)
L 07/14/2025 - 15:30:34: [GEOIP] GeoIP2 supported languages: de en es fr ja pt-BR ru zh-CN
L 07/14/2025 - 15:30:34: [GEOIP] Your database is older than 90 days. You should consider downloading a newer version from e.g. https://dev.maxmind.com/geoip/geolite2-free-geolocation-data
L 07/14/2025 - 15:30:35: [optional/chat-processor.smx] Message formats generated for game 'left4dead2'.
L 07/14/2025 - 15:30:35: [optional/chat-processor.smx] Successfully hooked a SayText2 chat hook.
L 07/14/2025 - 15:30:38: -------- Mapchange to c2m1_highway --------
L 07/14/2025 - 15:30:40: [basecommands.smx] "Console<0><Console><Console>" changed cvar (cvar "confogl_match_execcfg_plugins") (value "generalfixes.cfg;confogl_plugins.cfg;sharedplugins.cfg")
L 07/14/2025 - 15:30:40: [basecommands.smx] "Console<0><Console><Console>" changed cvar (cvar "l4d2_addons_eclipse") (value "0")
L 07/14/2025 - 15:30:40: [basecommands.smx] "Console<0><Console><Console>" changed cvar (cvar "sv_allow_wait_command") (value "0")
L 07/14/2025 - 15:30:40: [basecommands.smx] "Console<0><Console><Console>" changed cvar (cvar "sv_minrate") (value "100000")
L 07/14/2025 - 15:30:40: [basecommands.smx] "Console<0><Console><Console>" changed cvar (cvar "sv_maxrate") (value "100000")
L 07/14/2025 - 15:30:40: [basecommands.smx] "Console<0><Console><Console>" changed cvar (cvar "sv_minupdaterate") (value "100")
L 07/14/2025 - 15:30:40: [basecommands.smx] "Console<0><Console><Console>" changed cvar (cvar "sv_maxupdaterate") (value "100")
L 07/14/2025 - 15:30:40: [basecommands.smx] "Console<0><Console><Console>" changed cvar (cvar "sv_mincmdrate") (value "100")
L 07/14/2025 - 15:30:40: [basecommands.smx] "Console<0><Console><Console>" changed cvar (cvar "sv_maxcmdrate") (value "100")
L 07/14/2025 - 15:30:40: [basecommands.smx] "Console<0><Console><Console>" changed cvar (cvar "sv_client_min_interp_ratio") (value "-1")
L 07/14/2025 - 15:30:40: [basecommands.smx] "Console<0><Console><Console>" changed cvar (cvar "sv_client_max_interp_ratio") (value "0")
L 07/14/2025 - 15:30:40: [basecommands.smx] "Console<0><Console><Console>" changed cvar (cvar "nb_update_frequency") (value "0.014")
L 07/14/2025 - 15:30:40: [basecommands.smx] "Console<0><Console><Console>" changed cvar (cvar "net_splitpacket_maxrate") (value "50000")
L 07/14/2025 - 15:30:40: [basecommands.smx] "Console<0><Console><Console>" changed cvar (cvar "net_maxcleartime") (value "0.0001")
L 07/14/2025 - 15:30:40: [basecommands.smx] "Console<0><Console><Console>" changed cvar (cvar "fps_max") (value "0")
L 07/14/2025 - 15:30:40: [basecommands.smx] "Console<0><Console><Console>" changed cvar (cvar "tick_door_speed") (value "1.3")
L 07/14/2025 - 15:30:40: [basecommands.smx] "Console<0><Console><Console>" changed cvar (cvar "mv_maxplayers") (value "30")
L 07/14/2025 - 15:30:40: [basecommands.smx] "Console<0><Console><Console>" changed cvar (cvar "mp_autoteambalance") (value "0")
L 07/14/2025 - 15:30:40: [basecommands.smx] "Console<0><Console><Console>" changed cvar (cvar "sv_unlag_fixstuck") (value "1")
L 07/14/2025 - 15:30:40: [basecommands.smx] "Console<0><Console><Console>" changed cvar (cvar "z_brawl_chance") (value "0")
L 07/14/2025 - 15:30:40: [basecommands.smx] "Console<0><Console><Console>" changed cvar (cvar "sv_maxunlag") (value "1")
L 07/14/2025 - 15:30:40: [basecommands.smx] "Console<0><Console><Console>" changed cvar (cvar "sv_forcepreload") (value "1")
L 07/14/2025 - 15:30:40: [basecommands.smx] "Console<0><Console><Console>" changed cvar (cvar "sv_client_predict") (value "1")
L 07/14/2025 - 15:30:40: [basecommands.smx] "Console<0><Console><Console>" changed cvar (cvar "sv_client_cmdrate_difference") (value "0")
L 07/14/2025 - 15:30:40: [basecommands.smx] "Console<0><Console><Console>" changed cvar (cvar "sv_max_queries_sec_global") (value "10")
L 07/14/2025 - 15:30:40: [basecommands.smx] "Console<0><Console><Console>" changed cvar (cvar "sv_max_queries_sec") (value "3")
L 07/14/2025 - 15:30:40: [basecommands.smx] "Console<0><Console><Console>" changed cvar (cvar "sv_max_queries_window") (value "10")
L 07/14/2025 - 15:30:40: [basecommands.smx] "Console<0><Console><Console>" changed cvar (cvar "sv_player_stuck_tolerance") (value "5")
L 07/14/2025 - 15:30:40: [basecommands.smx] "Console<0><Console><Console>" changed cvar (cvar "sv_stats") (value "0")
L 07/14/2025 - 15:30:40: [basecommands.smx] "Console<0><Console><Console>" changed cvar (cvar "sv_clockcorrection_msecs") (value "25")
L 07/14/2025 - 15:30:40: [optional/chat-processor.smx] Message formats generated for game 'left4dead2'.
L 07/14/2025 - 15:30:40: [optional/chat-processor.smx] Successfully hooked a SayText2 chat hook.
L 07/14/2025 - 15:30:41: [optional/l4d2_saferoom_item_remove.smx] Removed 0 saferoom item(s) (start: 0; end: 0).
L 07/14/2025 - 15:47:29: [fixes/firebulletsfix.smx] Found offset for Weapon_ShootPosition 286
L 07/14/2025 - 15:47:29: [confoglcompmod.smx] [PasswordSystem] Set password on 慧心老师, password 
L 07/14/2025 - 15:47:29: [confoglcompmod.smx] [PasswordSystem] Set password on 蝴蝶忍, password 
L 07/14/2025 - 15:47:29: [optional/l4d2_item_hint.smx] 
==========
Warning: You should install "[L4D & L4D2] Use Priority Patch" to fix attached models blocking +USE action (item hint): https://forums.alliedmods.net/showthread.php?t=327511
==========

L 07/14/2025 - 15:47:30: [optional/chat-processor.smx] Message formats generated for game 'left4dead2'.
L 07/14/2025 - 15:47:30: [optional/chat-processor.smx] Successfully hooked a SayText2 chat hook.
L 07/14/2025 - 15:47:33: -------- Mapchange to c2m1_highway --------
L 07/14/2025 - 15:47:35: [basecommands.smx] "Console<0><Console><Console>" changed cvar (cvar "confogl_match_execcfg_plugins") (value "generalfixes.cfg;confogl_plugins.cfg;sharedplugins.cfg")
L 07/14/2025 - 15:47:35: [basecommands.smx] "Console<0><Console><Console>" changed cvar (cvar "l4d2_addons_eclipse") (value "0")
L 07/14/2025 - 15:47:35: [basecommands.smx] "Console<0><Console><Console>" changed cvar (cvar "sv_allow_wait_command") (value "0")
L 07/14/2025 - 15:47:35: [basecommands.smx] "Console<0><Console><Console>" changed cvar (cvar "sv_minrate") (value "100000")
L 07/14/2025 - 15:47:35: [basecommands.smx] "Console<0><Console><Console>" changed cvar (cvar "sv_maxrate") (value "100000")
L 07/14/2025 - 15:47:35: [basecommands.smx] "Console<0><Console><Console>" changed cvar (cvar "sv_minupdaterate") (value "100")
L 07/14/2025 - 15:47:35: [basecommands.smx] "Console<0><Console><Console>" changed cvar (cvar "sv_maxupdaterate") (value "100")
L 07/14/2025 - 15:47:35: [basecommands.smx] "Console<0><Console><Console>" changed cvar (cvar "sv_mincmdrate") (value "100")
L 07/14/2025 - 15:47:35: [basecommands.smx] "Console<0><Console><Console>" changed cvar (cvar "sv_maxcmdrate") (value "100")
L 07/14/2025 - 15:47:35: [basecommands.smx] "Console<0><Console><Console>" changed cvar (cvar "sv_client_min_interp_ratio") (value "-1")
L 07/14/2025 - 15:47:35: [basecommands.smx] "Console<0><Console><Console>" changed cvar (cvar "sv_client_max_interp_ratio") (value "0")
L 07/14/2025 - 15:47:35: [basecommands.smx] "Console<0><Console><Console>" changed cvar (cvar "nb_update_frequency") (value "0.014")
L 07/14/2025 - 15:47:35: [basecommands.smx] "Console<0><Console><Console>" changed cvar (cvar "net_splitpacket_maxrate") (value "50000")
L 07/14/2025 - 15:47:35: [basecommands.smx] "Console<0><Console><Console>" changed cvar (cvar "net_maxcleartime") (value "0.0001")
L 07/14/2025 - 15:47:35: [basecommands.smx] "Console<0><Console><Console>" changed cvar (cvar "fps_max") (value "0")
L 07/14/2025 - 15:47:35: [basecommands.smx] "Console<0><Console><Console>" changed cvar (cvar "tick_door_speed") (value "1.3")
L 07/14/2025 - 15:47:35: [basecommands.smx] "Console<0><Console><Console>" changed cvar (cvar "mv_maxplayers") (value "30")
L 07/14/2025 - 15:47:35: [basecommands.smx] "Console<0><Console><Console>" changed cvar (cvar "mp_autoteambalance") (value "0")
L 07/14/2025 - 15:47:35: [basecommands.smx] "Console<0><Console><Console>" changed cvar (cvar "sv_unlag_fixstuck") (value "1")
L 07/14/2025 - 15:47:35: [basecommands.smx] "Console<0><Console><Console>" changed cvar (cvar "z_brawl_chance") (value "0")
L 07/14/2025 - 15:47:35: [basecommands.smx] "Console<0><Console><Console>" changed cvar (cvar "sv_maxunlag") (value "1")
L 07/14/2025 - 15:47:35: [basecommands.smx] "Console<0><Console><Console>" changed cvar (cvar "sv_forcepreload") (value "1")
L 07/14/2025 - 15:47:35: [basecommands.smx] "Console<0><Console><Console>" changed cvar (cvar "sv_client_predict") (value "1")
L 07/14/2025 - 15:47:35: [basecommands.smx] "Console<0><Console><Console>" changed cvar (cvar "sv_client_cmdrate_difference") (value "0")
L 07/14/2025 - 15:47:35: [basecommands.smx] "Console<0><Console><Console>" changed cvar (cvar "sv_max_queries_sec_global") (value "10")
L 07/14/2025 - 15:47:35: [basecommands.smx] "Console<0><Console><Console>" changed cvar (cvar "sv_max_queries_sec") (value "3")
L 07/14/2025 - 15:47:35: [basecommands.smx] "Console<0><Console><Console>" changed cvar (cvar "sv_max_queries_window") (value "10")
L 07/14/2025 - 15:47:35: [basecommands.smx] "Console<0><Console><Console>" changed cvar (cvar "sv_player_stuck_tolerance") (value "5")
L 07/14/2025 - 15:47:35: [basecommands.smx] "Console<0><Console><Console>" changed cvar (cvar "sv_stats") (value "0")
L 07/14/2025 - 15:47:35: [basecommands.smx] "Console<0><Console><Console>" changed cvar (cvar "sv_clockcorrection_msecs") (value "25")
L 07/14/2025 - 15:47:35: [optional/chat-processor.smx] Message formats generated for game 'left4dead2'.
L 07/14/2025 - 15:47:35: [optional/chat-processor.smx] Successfully hooked a SayText2 chat hook.
L 07/14/2025 - 15:47:36: [optional/l4d2_saferoom_item_remove.smx] Removed 0 saferoom item(s) (start: 0; end: 0).
L 07/14/2025 - 15:51:35: [optional/l4d2_saferoom_item_remove.smx] Removed 0 saferoom item(s) (start: 0; end: 0).
L 07/14/2025 - 15:54:35: -------- Mapchange to c2m2_fairgrounds --------
L 07/14/2025 - 15:54:37: [basecommands.smx] "Console<0><Console><Console>" changed cvar (cvar "confogl_match_execcfg_plugins") (value "generalfixes.cfg;confogl_plugins.cfg;sharedplugins.cfg")
L 07/14/2025 - 15:54:37: [basecommands.smx] "Console<0><Console><Console>" changed cvar (cvar "l4d2_addons_eclipse") (value "0")
L 07/14/2025 - 15:54:37: [basecommands.smx] "Console<0><Console><Console>" changed cvar (cvar "sv_allow_wait_command") (value "0")
L 07/14/2025 - 15:54:37: [basecommands.smx] "Console<0><Console><Console>" changed cvar (cvar "sv_minrate") (value "100000")
L 07/14/2025 - 15:54:37: [basecommands.smx] "Console<0><Console><Console>" changed cvar (cvar "sv_maxrate") (value "100000")
L 07/14/2025 - 15:54:37: [basecommands.smx] "Console<0><Console><Console>" changed cvar (cvar "sv_minupdaterate") (value "100")
L 07/14/2025 - 15:54:37: [basecommands.smx] "Console<0><Console><Console>" changed cvar (cvar "sv_maxupdaterate") (value "100")
L 07/14/2025 - 15:54:37: [basecommands.smx] "Console<0><Console><Console>" changed cvar (cvar "sv_mincmdrate") (value "100")
L 07/14/2025 - 15:54:37: [basecommands.smx] "Console<0><Console><Console>" changed cvar (cvar "sv_maxcmdrate") (value "100")
L 07/14/2025 - 15:54:37: [basecommands.smx] "Console<0><Console><Console>" changed cvar (cvar "sv_client_min_interp_ratio") (value "-1")
L 07/14/2025 - 15:54:37: [basecommands.smx] "Console<0><Console><Console>" changed cvar (cvar "sv_client_max_interp_ratio") (value "0")
L 07/14/2025 - 15:54:37: [basecommands.smx] "Console<0><Console><Console>" changed cvar (cvar "nb_update_frequency") (value "0.014")
L 07/14/2025 - 15:54:37: [basecommands.smx] "Console<0><Console><Console>" changed cvar (cvar "net_splitpacket_maxrate") (value "50000")
L 07/14/2025 - 15:54:37: [basecommands.smx] "Console<0><Console><Console>" changed cvar (cvar "net_maxcleartime") (value "0.0001")
L 07/14/2025 - 15:54:37: [basecommands.smx] "Console<0><Console><Console>" changed cvar (cvar "fps_max") (value "0")
L 07/14/2025 - 15:54:37: [basecommands.smx] "Console<0><Console><Console>" changed cvar (cvar "tick_door_speed") (value "1.3")
L 07/14/2025 - 15:54:37: [basecommands.smx] "Console<0><Console><Console>" changed cvar (cvar "mv_maxplayers") (value "30")
L 07/14/2025 - 15:54:37: [basecommands.smx] "Console<0><Console><Console>" changed cvar (cvar "mp_autoteambalance") (value "0")
L 07/14/2025 - 15:54:37: [basecommands.smx] "Console<0><Console><Console>" changed cvar (cvar "sv_unlag_fixstuck") (value "1")
L 07/14/2025 - 15:54:37: [basecommands.smx] "Console<0><Console><Console>" changed cvar (cvar "z_brawl_chance") (value "0")
L 07/14/2025 - 15:54:37: [basecommands.smx] "Console<0><Console><Console>" changed cvar (cvar "sv_maxunlag") (value "1")
L 07/14/2025 - 15:54:37: [basecommands.smx] "Console<0><Console><Console>" changed cvar (cvar "sv_forcepreload") (value "1")
L 07/14/2025 - 15:54:37: [basecommands.smx] "Console<0><Console><Console>" changed cvar (cvar "sv_client_predict") (value "1")
L 07/14/2025 - 15:54:37: [basecommands.smx] "Console<0><Console><Console>" changed cvar (cvar "sv_client_cmdrate_difference") (value "0")
L 07/14/2025 - 15:54:37: [basecommands.smx] "Console<0><Console><Console>" changed cvar (cvar "sv_max_queries_sec_global") (value "10")
L 07/14/2025 - 15:54:37: [basecommands.smx] "Console<0><Console><Console>" changed cvar (cvar "sv_max_queries_sec") (value "3")
L 07/14/2025 - 15:54:37: [basecommands.smx] "Console<0><Console><Console>" changed cvar (cvar "sv_max_queries_window") (value "10")
L 07/14/2025 - 15:54:37: [basecommands.smx] "Console<0><Console><Console>" changed cvar (cvar "sv_player_stuck_tolerance") (value "5")
L 07/14/2025 - 15:54:37: [basecommands.smx] "Console<0><Console><Console>" changed cvar (cvar "sv_stats") (value "0")
L 07/14/2025 - 15:54:37: [basecommands.smx] "Console<0><Console><Console>" changed cvar (cvar "sv_clockcorrection_msecs") (value "25")
L 07/14/2025 - 15:54:37: [optional/chat-processor.smx] Message formats generated for game 'left4dead2'.
L 07/14/2025 - 15:54:37: [optional/chat-processor.smx] Successfully hooked a SayText2 chat hook.
L 07/14/2025 - 15:54:38: [optional/l4d2_saferoom_item_remove.smx] Removed 0 saferoom item(s) (start: 0; end: 0).
L 07/14/2025 - 15:55:13: [playercommands.smx] "慧心老师<2><STEAM_1:1:801237070><>" slapped "慧心老师<2><STEAM_1:1:801237070><>" (damage "0")
L 07/14/2025 - 15:55:13: [playercommands.smx] "慧心老师<2><STEAM_1:1:801237070><>" slapped "慧心老师<2><STEAM_1:1:801237070><>" (damage "0")
L 07/14/2025 - 15:55:13: [playercommands.smx] "慧心老师<2><STEAM_1:1:801237070><>" slapped "慧心老师<2><STEAM_1:1:801237070><>" (damage "0")
L 07/14/2025 - 15:55:14: [playercommands.smx] "慧心老师<2><STEAM_1:1:801237070><>" slapped "慧心老师<2><STEAM_1:1:801237070><>" (damage "0")
L 07/14/2025 - 15:55:14: [playercommands.smx] "慧心老师<2><STEAM_1:1:801237070><>" slapped "慧心老师<2><STEAM_1:1:801237070><>" (damage "0")
L 07/14/2025 - 15:55:14: [playercommands.smx] "慧心老师<2><STEAM_1:1:801237070><>" slapped "慧心老师<2><STEAM_1:1:801237070><>" (damage "0")
L 07/14/2025 - 15:55:14: [playercommands.smx] "慧心老师<2><STEAM_1:1:801237070><>" slapped "慧心老师<2><STEAM_1:1:801237070><>" (damage "0")
L 07/14/2025 - 15:55:14: [playercommands.smx] "慧心老师<2><STEAM_1:1:801237070><>" slapped "慧心老师<2><STEAM_1:1:801237070><>" (damage "0")
L 07/14/2025 - 15:55:14: [playercommands.smx] "慧心老师<2><STEAM_1:1:801237070><>" slapped "慧心老师<2><STEAM_1:1:801237070><>" (damage "0")
L 07/14/2025 - 15:55:15: [playercommands.smx] "慧心老师<2><STEAM_1:1:801237070><>" slapped "慧心老师<2><STEAM_1:1:801237070><>" (damage "0")
L 07/14/2025 - 15:55:15: [playercommands.smx] "慧心老师<2><STEAM_1:1:801237070><>" slapped "慧心老师<2><STEAM_1:1:801237070><>" (damage "0")
L 07/14/2025 - 15:55:15: [playercommands.smx] "慧心老师<2><STEAM_1:1:801237070><>" slapped "慧心老师<2><STEAM_1:1:801237070><>" (damage "0")
L 07/14/2025 - 15:55:15: [playercommands.smx] "慧心老师<2><STEAM_1:1:801237070><>" slapped "慧心老师<2><STEAM_1:1:801237070><>" (damage "0")
L 07/14/2025 - 15:55:15: [playercommands.smx] "慧心老师<2><STEAM_1:1:801237070><>" slapped "慧心老师<2><STEAM_1:1:801237070><>" (damage "0")
L 07/14/2025 - 15:55:24: [playercommands.smx] "慧心老师<2><STEAM_1:1:801237070><>" slapped "慧心老师<2><STEAM_1:1:801237070><>" (damage "0")
L 07/14/2025 - 15:55:24: [playercommands.smx] "慧心老师<2><STEAM_1:1:801237070><>" slapped "慧心老师<2><STEAM_1:1:801237070><>" (damage "0")
L 07/14/2025 - 15:55:25: [playercommands.smx] "慧心老师<2><STEAM_1:1:801237070><>" slapped "慧心老师<2><STEAM_1:1:801237070><>" (damage "0")
L 07/14/2025 - 15:55:25: [playercommands.smx] "慧心老师<2><STEAM_1:1:801237070><>" slapped "慧心老师<2><STEAM_1:1:801237070><>" (damage "0")
L 07/14/2025 - 15:55:25: [playercommands.smx] "慧心老师<2><STEAM_1:1:801237070><>" slapped "慧心老师<2><STEAM_1:1:801237070><>" (damage "0")
L 07/14/2025 - 15:59:07: [optional/l4d2_saferoom_item_remove.smx] Removed 0 saferoom item(s) (start: 0; end: 0).
L 07/14/2025 - 15:59:35: [playercommands.smx] "慧心老师<2><STEAM_1:1:801237070><>" slapped "猫尾草<3><STEAM_1:0:841848408><>" (damage "0")
L 07/14/2025 - 15:59:35: [playercommands.smx] "慧心老师<2><STEAM_1:1:801237070><>" slapped "猫尾草<3><STEAM_1:0:841848408><>" (damage "0")
L 07/14/2025 - 15:59:35: [playercommands.smx] "慧心老师<2><STEAM_1:1:801237070><>" slapped "猫尾草<3><STEAM_1:0:841848408><>" (damage "0")
L 07/14/2025 - 15:59:35: [playercommands.smx] "慧心老师<2><STEAM_1:1:801237070><>" slapped "猫尾草<3><STEAM_1:0:841848408><>" (damage "0")
L 07/14/2025 - 15:59:42: [playercommands.smx] "慧心老师<2><STEAM_1:1:801237070><>" slapped "猫尾草<3><STEAM_1:0:841848408><>" (damage "0")
L 07/14/2025 - 15:59:42: [playercommands.smx] "慧心老师<2><STEAM_1:1:801237070><>" slapped "猫尾草<3><STEAM_1:0:841848408><>" (damage "0")
L 07/14/2025 - 15:59:42: [playercommands.smx] "慧心老师<2><STEAM_1:1:801237070><>" slapped "猫尾草<3><STEAM_1:0:841848408><>" (damage "0")
L 07/14/2025 - 15:59:43: [playercommands.smx] "慧心老师<2><STEAM_1:1:801237070><>" slapped "猫尾草<3><STEAM_1:0:841848408><>" (damage "0")
L 07/14/2025 - 15:59:43: [playercommands.smx] "慧心老师<2><STEAM_1:1:801237070><>" slapped "猫尾草<3><STEAM_1:0:841848408><>" (damage "0")
L 07/14/2025 - 15:59:43: [playercommands.smx] "慧心老师<2><STEAM_1:1:801237070><>" slapped "猫尾草<3><STEAM_1:0:841848408><>" (damage "0")
L 07/14/2025 - 15:59:43: [playercommands.smx] "慧心老师<2><STEAM_1:1:801237070><>" slapped "猫尾草<3><STEAM_1:0:841848408><>" (damage "0")
L 07/14/2025 - 15:59:43: [playercommands.smx] "慧心老师<2><STEAM_1:1:801237070><>" slapped "猫尾草<3><STEAM_1:0:841848408><>" (damage "0")
L 07/14/2025 - 16:00:35: [playercommands.smx] "慧心老师<2><STEAM_1:1:801237070><>" slapped "猫尾草<3><STEAM_1:0:841848408><>" (damage "0")
L 07/14/2025 - 16:01:12: [playercommands.smx] "慧心老师<2><STEAM_1:1:801237070><>" slapped "猫尾草<3><STEAM_1:0:841848408><>" (damage "0")
L 07/14/2025 - 16:01:13: [playercommands.smx] "慧心老师<2><STEAM_1:1:801237070><>" slapped "慧心老师<2><STEAM_1:1:801237070><>" (damage "0")
L 07/14/2025 - 16:01:13: [playercommands.smx] "慧心老师<2><STEAM_1:1:801237070><>" slapped "慧心老师<2><STEAM_1:1:801237070><>" (damage "0")
L 07/14/2025 - 16:01:13: [playercommands.smx] "慧心老师<2><STEAM_1:1:801237070><>" slapped "慧心老师<2><STEAM_1:1:801237070><>" (damage "0")
L 07/14/2025 - 16:01:16: [playercommands.smx] "慧心老师<2><STEAM_1:1:801237070><>" slapped "猫尾草<3><STEAM_1:0:841848408><>" (damage "0")
L 07/14/2025 - 16:01:16: [playercommands.smx] "慧心老师<2><STEAM_1:1:801237070><>" slapped "猫尾草<3><STEAM_1:0:841848408><>" (damage "0")
L 07/14/2025 - 16:01:16: [playercommands.smx] "慧心老师<2><STEAM_1:1:801237070><>" slapped "猫尾草<3><STEAM_1:0:841848408><>" (damage "0")
L 07/14/2025 - 16:01:16: [playercommands.smx] "慧心老师<2><STEAM_1:1:801237070><>" slapped "猫尾草<3><STEAM_1:0:841848408><>" (damage "0")
L 07/14/2025 - 16:01:16: [playercommands.smx] "慧心老师<2><STEAM_1:1:801237070><>" slapped "猫尾草<3><STEAM_1:0:841848408><>" (damage "0")
L 07/14/2025 - 16:04:16: -------- Mapchange to c2m3_coaster --------
L 07/14/2025 - 16:04:17: [basecommands.smx] "Console<0><Console><Console>" changed cvar (cvar "confogl_match_execcfg_plugins") (value "generalfixes.cfg;confogl_plugins.cfg;sharedplugins.cfg")
L 07/14/2025 - 16:04:17: [basecommands.smx] "Console<0><Console><Console>" changed cvar (cvar "l4d2_addons_eclipse") (value "0")
L 07/14/2025 - 16:04:17: [basecommands.smx] "Console<0><Console><Console>" changed cvar (cvar "sv_allow_wait_command") (value "0")
L 07/14/2025 - 16:04:17: [basecommands.smx] "Console<0><Console><Console>" changed cvar (cvar "sv_minrate") (value "100000")
L 07/14/2025 - 16:04:17: [basecommands.smx] "Console<0><Console><Console>" changed cvar (cvar "sv_maxrate") (value "100000")
L 07/14/2025 - 16:04:17: [basecommands.smx] "Console<0><Console><Console>" changed cvar (cvar "sv_minupdaterate") (value "100")
L 07/14/2025 - 16:04:17: [basecommands.smx] "Console<0><Console><Console>" changed cvar (cvar "sv_maxupdaterate") (value "100")
L 07/14/2025 - 16:04:17: [basecommands.smx] "Console<0><Console><Console>" changed cvar (cvar "sv_mincmdrate") (value "100")
L 07/14/2025 - 16:04:17: [basecommands.smx] "Console<0><Console><Console>" changed cvar (cvar "sv_maxcmdrate") (value "100")
L 07/14/2025 - 16:04:17: [basecommands.smx] "Console<0><Console><Console>" changed cvar (cvar "sv_client_min_interp_ratio") (value "-1")
L 07/14/2025 - 16:04:17: [basecommands.smx] "Console<0><Console><Console>" changed cvar (cvar "sv_client_max_interp_ratio") (value "0")
L 07/14/2025 - 16:04:17: [basecommands.smx] "Console<0><Console><Console>" changed cvar (cvar "nb_update_frequency") (value "0.014")
L 07/14/2025 - 16:04:17: [basecommands.smx] "Console<0><Console><Console>" changed cvar (cvar "net_splitpacket_maxrate") (value "50000")
L 07/14/2025 - 16:04:17: [basecommands.smx] "Console<0><Console><Console>" changed cvar (cvar "net_maxcleartime") (value "0.0001")
L 07/14/2025 - 16:04:17: [basecommands.smx] "Console<0><Console><Console>" changed cvar (cvar "fps_max") (value "0")
L 07/14/2025 - 16:04:17: [basecommands.smx] "Console<0><Console><Console>" changed cvar (cvar "tick_door_speed") (value "1.3")
L 07/14/2025 - 16:04:17: [basecommands.smx] "Console<0><Console><Console>" changed cvar (cvar "mv_maxplayers") (value "30")
L 07/14/2025 - 16:04:17: [basecommands.smx] "Console<0><Console><Console>" changed cvar (cvar "mp_autoteambalance") (value "0")
L 07/14/2025 - 16:04:17: [basecommands.smx] "Console<0><Console><Console>" changed cvar (cvar "sv_unlag_fixstuck") (value "1")
L 07/14/2025 - 16:04:17: [basecommands.smx] "Console<0><Console><Console>" changed cvar (cvar "z_brawl_chance") (value "0")
L 07/14/2025 - 16:04:17: [basecommands.smx] "Console<0><Console><Console>" changed cvar (cvar "sv_maxunlag") (value "1")
L 07/14/2025 - 16:04:17: [basecommands.smx] "Console<0><Console><Console>" changed cvar (cvar "sv_forcepreload") (value "1")
L 07/14/2025 - 16:04:17: [basecommands.smx] "Console<0><Console><Console>" changed cvar (cvar "sv_client_predict") (value "1")
L 07/14/2025 - 16:04:17: [basecommands.smx] "Console<0><Console><Console>" changed cvar (cvar "sv_client_cmdrate_difference") (value "0")
L 07/14/2025 - 16:04:17: [basecommands.smx] "Console<0><Console><Console>" changed cvar (cvar "sv_max_queries_sec_global") (value "10")
L 07/14/2025 - 16:04:17: [basecommands.smx] "Console<0><Console><Console>" changed cvar (cvar "sv_max_queries_sec") (value "3")
L 07/14/2025 - 16:04:17: [basecommands.smx] "Console<0><Console><Console>" changed cvar (cvar "sv_max_queries_window") (value "10")
L 07/14/2025 - 16:04:17: [basecommands.smx] "Console<0><Console><Console>" changed cvar (cvar "sv_player_stuck_tolerance") (value "5")
L 07/14/2025 - 16:04:17: [basecommands.smx] "Console<0><Console><Console>" changed cvar (cvar "sv_stats") (value "0")
L 07/14/2025 - 16:04:17: [basecommands.smx] "Console<0><Console><Console>" changed cvar (cvar "sv_clockcorrection_msecs") (value "25")
L 07/14/2025 - 16:04:18: [optional/chat-processor.smx] Message formats generated for game 'left4dead2'.
L 07/14/2025 - 16:04:18: [optional/chat-processor.smx] Successfully hooked a SayText2 chat hook.
L 07/14/2025 - 16:04:19: [optional/l4d2_saferoom_item_remove.smx] Removed 0 saferoom item(s) (start: 0; end: 0).
L 07/14/2025 - 16:04:58: [playercommands.smx] "慧心老师<2><STEAM_1:1:801237070><>" slapped "慧心老师<2><STEAM_1:1:801237070><>" (damage "0")
L 07/14/2025 - 16:04:58: [playercommands.smx] "慧心老师<2><STEAM_1:1:801237070><>" slapped "慧心老师<2><STEAM_1:1:801237070><>" (damage "0")
L 07/14/2025 - 16:04:59: [playercommands.smx] "慧心老师<2><STEAM_1:1:801237070><>" slapped "慧心老师<2><STEAM_1:1:801237070><>" (damage "0")
L 07/14/2025 - 16:04:59: [playercommands.smx] "慧心老师<2><STEAM_1:1:801237070><>" slapped "慧心老师<2><STEAM_1:1:801237070><>" (damage "0")
L 07/14/2025 - 16:04:59: [playercommands.smx] "慧心老师<2><STEAM_1:1:801237070><>" slapped "慧心老师<2><STEAM_1:1:801237070><>" (damage "0")
L 07/14/2025 - 16:04:59: [playercommands.smx] "慧心老师<2><STEAM_1:1:801237070><>" slapped "慧心老师<2><STEAM_1:1:801237070><>" (damage "0")
L 07/14/2025 - 16:05:00: [playercommands.smx] "慧心老师<2><STEAM_1:1:801237070><>" slapped "慧心老师<2><STEAM_1:1:801237070><>" (damage "0")
L 07/14/2025 - 16:05:00: [playercommands.smx] "慧心老师<2><STEAM_1:1:801237070><>" slapped "慧心老师<2><STEAM_1:1:801237070><>" (damage "0")
L 07/14/2025 - 16:05:00: [playercommands.smx] "慧心老师<2><STEAM_1:1:801237070><>" slapped "慧心老师<2><STEAM_1:1:801237070><>" (damage "0")
L 07/14/2025 - 16:05:00: [playercommands.smx] "慧心老师<2><STEAM_1:1:801237070><>" slapped "慧心老师<2><STEAM_1:1:801237070><>" (damage "0")
L 07/14/2025 - 16:05:00: [playercommands.smx] "慧心老师<2><STEAM_1:1:801237070><>" slapped "慧心老师<2><STEAM_1:1:801237070><>" (damage "0")
L 07/14/2025 - 16:05:01: [playercommands.smx] "慧心老师<2><STEAM_1:1:801237070><>" slapped "慧心老师<2><STEAM_1:1:801237070><>" (damage "0")
L 07/14/2025 - 16:05:01: [playercommands.smx] "慧心老师<2><STEAM_1:1:801237070><>" slapped "慧心老师<2><STEAM_1:1:801237070><>" (damage "0")
L 07/14/2025 - 16:05:01: [playercommands.smx] "慧心老师<2><STEAM_1:1:801237070><>" slapped "慧心老师<2><STEAM_1:1:801237070><>" (damage "0")
L 07/14/2025 - 16:05:01: [playercommands.smx] "慧心老师<2><STEAM_1:1:801237070><>" slapped "慧心老师<2><STEAM_1:1:801237070><>" (damage "0")
L 07/14/2025 - 16:05:01: [playercommands.smx] "慧心老师<2><STEAM_1:1:801237070><>" slapped "慧心老师<2><STEAM_1:1:801237070><>" (damage "0")
L 07/14/2025 - 16:05:02: [playercommands.smx] "慧心老师<2><STEAM_1:1:801237070><>" slapped "慧心老师<2><STEAM_1:1:801237070><>" (damage "0")
L 07/14/2025 - 16:05:02: [playercommands.smx] "慧心老师<2><STEAM_1:1:801237070><>" slapped "慧心老师<2><STEAM_1:1:801237070><>" (damage "0")
L 07/14/2025 - 16:05:02: [playercommands.smx] "慧心老师<2><STEAM_1:1:801237070><>" slapped "慧心老师<2><STEAM_1:1:801237070><>" (damage "0")
L 07/14/2025 - 16:05:03: [playercommands.smx] "慧心老师<2><STEAM_1:1:801237070><>" slapped "慧心老师<2><STEAM_1:1:801237070><>" (damage "0")
L 07/14/2025 - 16:05:04: [playercommands.smx] "慧心老师<2><STEAM_1:1:801237070><>" slapped "慧心老师<2><STEAM_1:1:801237070><>" (damage "0")
L 07/14/2025 - 16:05:04: [playercommands.smx] "慧心老师<2><STEAM_1:1:801237070><>" slapped "慧心老师<2><STEAM_1:1:801237070><>" (damage "0")
L 07/14/2025 - 16:05:06: [playercommands.smx] "慧心老师<2><STEAM_1:1:801237070><>" slapped "慧心老师<2><STEAM_1:1:801237070><>" (damage "0")
L 07/14/2025 - 16:05:06: [playercommands.smx] "慧心老师<2><STEAM_1:1:801237070><>" slapped "慧心老师<2><STEAM_1:1:801237070><>" (damage "0")
L 07/14/2025 - 16:05:13: [playercommands.smx] "慧心老师<2><STEAM_1:1:801237070><>" slapped "慧心老师<2><STEAM_1:1:801237070><>" (damage "0")
L 07/14/2025 - 16:05:13: [playercommands.smx] "慧心老师<2><STEAM_1:1:801237070><>" slapped "慧心老师<2><STEAM_1:1:801237070><>" (damage "0")
L 07/14/2025 - 16:05:14: [playercommands.smx] "慧心老师<2><STEAM_1:1:801237070><>" slapped "慧心老师<2><STEAM_1:1:801237070><>" (damage "0")
L 07/14/2025 - 16:05:14: [playercommands.smx] "慧心老师<2><STEAM_1:1:801237070><>" slapped "慧心老师<2><STEAM_1:1:801237070><>" (damage "0")
L 07/14/2025 - 16:05:14: [playercommands.smx] "慧心老师<2><STEAM_1:1:801237070><>" slapped "慧心老师<2><STEAM_1:1:801237070><>" (damage "0")
L 07/14/2025 - 16:07:11: [optional/l4d2_saferoom_item_remove.smx] Removed 0 saferoom item(s) (start: 0; end: 0).
L 07/14/2025 - 16:07:21: [playercommands.smx] "(S)慧心老师<2><STEAM_1:1:801237070><>" slapped "纯<22><STEAM_1:1:677701278><>" (damage "0")
L 07/14/2025 - 16:07:21: [playercommands.smx] "(S)慧心老师<2><STEAM_1:1:801237070><>" slapped "纯<22><STEAM_1:1:677701278><>" (damage "0")
L 07/14/2025 - 16:07:21: [playercommands.smx] "(S)慧心老师<2><STEAM_1:1:801237070><>" slapped "纯<22><STEAM_1:1:677701278><>" (damage "0")
L 07/14/2025 - 16:07:21: [playercommands.smx] "(S)慧心老师<2><STEAM_1:1:801237070><>" slapped "纯<22><STEAM_1:1:677701278><>" (damage "0")
L 07/14/2025 - 16:07:21: [playercommands.smx] "(S)慧心老师<2><STEAM_1:1:801237070><>" slapped "纯<22><STEAM_1:1:677701278><>" (damage "0")
L 07/14/2025 - 16:07:21: [playercommands.smx] "(S)慧心老师<2><STEAM_1:1:801237070><>" slapped "纯<22><STEAM_1:1:677701278><>" (damage "0")
L 07/14/2025 - 16:07:22: [playercommands.smx] "(S)慧心老师<2><STEAM_1:1:801237070><>" slapped "纯<22><STEAM_1:1:677701278><>" (damage "0")
L 07/14/2025 - 16:07:22: [playercommands.smx] "(S)慧心老师<2><STEAM_1:1:801237070><>" slapped "纯<22><STEAM_1:1:677701278><>" (damage "0")
L 07/14/2025 - 16:07:22: [playercommands.smx] "(S)慧心老师<2><STEAM_1:1:801237070><>" slapped "纯<22><STEAM_1:1:677701278><>" (damage "0")
L 07/14/2025 - 16:07:22: [playercommands.smx] "(S)慧心老师<2><STEAM_1:1:801237070><>" slapped "纯<22><STEAM_1:1:677701278><>" (damage "0")
L 07/14/2025 - 16:07:22: [playercommands.smx] "(S)慧心老师<2><STEAM_1:1:801237070><>" slapped "纯<22><STEAM_1:1:677701278><>" (damage "0")
L 07/14/2025 - 16:07:22: [playercommands.smx] "(S)慧心老师<2><STEAM_1:1:801237070><>" slapped "纯<22><STEAM_1:1:677701278><>" (damage "0")
L 07/14/2025 - 16:07:23: [playercommands.smx] "(S)慧心老师<2><STEAM_1:1:801237070><>" slapped "纯<22><STEAM_1:1:677701278><>" (damage "0")
L 07/14/2025 - 16:07:23: [playercommands.smx] "(S)慧心老师<2><STEAM_1:1:801237070><>" slapped "纯<22><STEAM_1:1:677701278><>" (damage "0")
L 07/14/2025 - 16:07:23: [playercommands.smx] "(S)慧心老师<2><STEAM_1:1:801237070><>" slapped "纯<22><STEAM_1:1:677701278><>" (damage "0")
L 07/14/2025 - 16:07:23: [playercommands.smx] "(S)慧心老师<2><STEAM_1:1:801237070><>" slapped "纯<22><STEAM_1:1:677701278><>" (damage "0")
L 07/14/2025 - 16:07:23: [playercommands.smx] "(S)慧心老师<2><STEAM_1:1:801237070><>" slapped "纯<22><STEAM_1:1:677701278><>" (damage "0")
L 07/14/2025 - 16:12:02: -------- Mapchange to c2m4_barns --------
L 07/14/2025 - 16:12:03: [basecommands.smx] "Console<0><Console><Console>" changed cvar (cvar "confogl_match_execcfg_plugins") (value "generalfixes.cfg;confogl_plugins.cfg;sharedplugins.cfg")
L 07/14/2025 - 16:12:03: [basecommands.smx] "Console<0><Console><Console>" changed cvar (cvar "l4d2_addons_eclipse") (value "0")
L 07/14/2025 - 16:12:03: [basecommands.smx] "Console<0><Console><Console>" changed cvar (cvar "sv_allow_wait_command") (value "0")
L 07/14/2025 - 16:12:03: [basecommands.smx] "Console<0><Console><Console>" changed cvar (cvar "sv_minrate") (value "100000")
L 07/14/2025 - 16:12:03: [basecommands.smx] "Console<0><Console><Console>" changed cvar (cvar "sv_maxrate") (value "100000")
L 07/14/2025 - 16:12:03: [basecommands.smx] "Console<0><Console><Console>" changed cvar (cvar "sv_minupdaterate") (value "100")
L 07/14/2025 - 16:12:03: [basecommands.smx] "Console<0><Console><Console>" changed cvar (cvar "sv_maxupdaterate") (value "100")
L 07/14/2025 - 16:12:03: [basecommands.smx] "Console<0><Console><Console>" changed cvar (cvar "sv_mincmdrate") (value "100")
L 07/14/2025 - 16:12:03: [basecommands.smx] "Console<0><Console><Console>" changed cvar (cvar "sv_maxcmdrate") (value "100")
L 07/14/2025 - 16:12:03: [basecommands.smx] "Console<0><Console><Console>" changed cvar (cvar "sv_client_min_interp_ratio") (value "-1")
L 07/14/2025 - 16:12:03: [basecommands.smx] "Console<0><Console><Console>" changed cvar (cvar "sv_client_max_interp_ratio") (value "0")
L 07/14/2025 - 16:12:03: [basecommands.smx] "Console<0><Console><Console>" changed cvar (cvar "nb_update_frequency") (value "0.014")
L 07/14/2025 - 16:12:03: [basecommands.smx] "Console<0><Console><Console>" changed cvar (cvar "net_splitpacket_maxrate") (value "50000")
L 07/14/2025 - 16:12:03: [basecommands.smx] "Console<0><Console><Console>" changed cvar (cvar "net_maxcleartime") (value "0.0001")
L 07/14/2025 - 16:12:03: [basecommands.smx] "Console<0><Console><Console>" changed cvar (cvar "fps_max") (value "0")
L 07/14/2025 - 16:12:03: [basecommands.smx] "Console<0><Console><Console>" changed cvar (cvar "tick_door_speed") (value "1.3")
L 07/14/2025 - 16:12:03: [basecommands.smx] "Console<0><Console><Console>" changed cvar (cvar "mv_maxplayers") (value "30")
L 07/14/2025 - 16:12:03: [basecommands.smx] "Console<0><Console><Console>" changed cvar (cvar "mp_autoteambalance") (value "0")
L 07/14/2025 - 16:12:03: [basecommands.smx] "Console<0><Console><Console>" changed cvar (cvar "sv_unlag_fixstuck") (value "1")
L 07/14/2025 - 16:12:03: [basecommands.smx] "Console<0><Console><Console>" changed cvar (cvar "z_brawl_chance") (value "0")
L 07/14/2025 - 16:12:03: [basecommands.smx] "Console<0><Console><Console>" changed cvar (cvar "sv_maxunlag") (value "1")
L 07/14/2025 - 16:12:03: [basecommands.smx] "Console<0><Console><Console>" changed cvar (cvar "sv_forcepreload") (value "1")
L 07/14/2025 - 16:12:03: [basecommands.smx] "Console<0><Console><Console>" changed cvar (cvar "sv_client_predict") (value "1")
L 07/14/2025 - 16:12:03: [basecommands.smx] "Console<0><Console><Console>" changed cvar (cvar "sv_client_cmdrate_difference") (value "0")
L 07/14/2025 - 16:12:03: [basecommands.smx] "Console<0><Console><Console>" changed cvar (cvar "sv_max_queries_sec_global") (value "10")
L 07/14/2025 - 16:12:03: [basecommands.smx] "Console<0><Console><Console>" changed cvar (cvar "sv_max_queries_sec") (value "3")
L 07/14/2025 - 16:12:03: [basecommands.smx] "Console<0><Console><Console>" changed cvar (cvar "sv_max_queries_window") (value "10")
L 07/14/2025 - 16:12:03: [basecommands.smx] "Console<0><Console><Console>" changed cvar (cvar "sv_player_stuck_tolerance") (value "5")
L 07/14/2025 - 16:12:03: [basecommands.smx] "Console<0><Console><Console>" changed cvar (cvar "sv_stats") (value "0")
L 07/14/2025 - 16:12:03: [basecommands.smx] "Console<0><Console><Console>" changed cvar (cvar "sv_clockcorrection_msecs") (value "25")
L 07/14/2025 - 16:12:04: [optional/chat-processor.smx] Message formats generated for game 'left4dead2'.
L 07/14/2025 - 16:12:04: [optional/chat-processor.smx] Successfully hooked a SayText2 chat hook.
L 07/14/2025 - 16:12:05: [optional/l4d2_saferoom_item_remove.smx] Removed 0 saferoom item(s) (start: 0; end: 0).
L 07/14/2025 - 16:12:45: -------- Mapchange to c3m1_plankcountry --------
L 07/14/2025 - 16:12:46: [basecommands.smx] "Console<0><Console><Console>" changed cvar (cvar "confogl_match_execcfg_plugins") (value "generalfixes.cfg;confogl_plugins.cfg;sharedplugins.cfg")
L 07/14/2025 - 16:12:46: [basecommands.smx] "Console<0><Console><Console>" changed cvar (cvar "l4d2_addons_eclipse") (value "0")
L 07/14/2025 - 16:12:46: [basecommands.smx] "Console<0><Console><Console>" changed cvar (cvar "sv_allow_wait_command") (value "0")
L 07/14/2025 - 16:12:46: [basecommands.smx] "Console<0><Console><Console>" changed cvar (cvar "sv_minrate") (value "100000")
L 07/14/2025 - 16:12:46: [basecommands.smx] "Console<0><Console><Console>" changed cvar (cvar "sv_maxrate") (value "100000")
L 07/14/2025 - 16:12:46: [basecommands.smx] "Console<0><Console><Console>" changed cvar (cvar "sv_minupdaterate") (value "100")
L 07/14/2025 - 16:12:46: [basecommands.smx] "Console<0><Console><Console>" changed cvar (cvar "sv_maxupdaterate") (value "100")
L 07/14/2025 - 16:12:46: [basecommands.smx] "Console<0><Console><Console>" changed cvar (cvar "sv_mincmdrate") (value "100")
L 07/14/2025 - 16:12:46: [basecommands.smx] "Console<0><Console><Console>" changed cvar (cvar "sv_maxcmdrate") (value "100")
L 07/14/2025 - 16:12:46: [basecommands.smx] "Console<0><Console><Console>" changed cvar (cvar "sv_client_min_interp_ratio") (value "-1")
L 07/14/2025 - 16:12:46: [basecommands.smx] "Console<0><Console><Console>" changed cvar (cvar "sv_client_max_interp_ratio") (value "0")
L 07/14/2025 - 16:12:46: [basecommands.smx] "Console<0><Console><Console>" changed cvar (cvar "nb_update_frequency") (value "0.014")
L 07/14/2025 - 16:12:46: [basecommands.smx] "Console<0><Console><Console>" changed cvar (cvar "net_splitpacket_maxrate") (value "50000")
L 07/14/2025 - 16:12:46: [basecommands.smx] "Console<0><Console><Console>" changed cvar (cvar "net_maxcleartime") (value "0.0001")
L 07/14/2025 - 16:12:46: [basecommands.smx] "Console<0><Console><Console>" changed cvar (cvar "fps_max") (value "0")
L 07/14/2025 - 16:12:46: [basecommands.smx] "Console<0><Console><Console>" changed cvar (cvar "tick_door_speed") (value "1.3")
L 07/14/2025 - 16:12:46: [basecommands.smx] "Console<0><Console><Console>" changed cvar (cvar "mv_maxplayers") (value "30")
L 07/14/2025 - 16:12:46: [basecommands.smx] "Console<0><Console><Console>" changed cvar (cvar "mp_autoteambalance") (value "0")
L 07/14/2025 - 16:12:46: [basecommands.smx] "Console<0><Console><Console>" changed cvar (cvar "sv_unlag_fixstuck") (value "1")
L 07/14/2025 - 16:12:46: [basecommands.smx] "Console<0><Console><Console>" changed cvar (cvar "z_brawl_chance") (value "0")
L 07/14/2025 - 16:12:46: [basecommands.smx] "Console<0><Console><Console>" changed cvar (cvar "sv_maxunlag") (value "1")
L 07/14/2025 - 16:12:46: [basecommands.smx] "Console<0><Console><Console>" changed cvar (cvar "sv_forcepreload") (value "1")
L 07/14/2025 - 16:12:46: [basecommands.smx] "Console<0><Console><Console>" changed cvar (cvar "sv_client_predict") (value "1")
L 07/14/2025 - 16:12:46: [basecommands.smx] "Console<0><Console><Console>" changed cvar (cvar "sv_client_cmdrate_difference") (value "0")
L 07/14/2025 - 16:12:46: [basecommands.smx] "Console<0><Console><Console>" changed cvar (cvar "sv_max_queries_sec_global") (value "10")
L 07/14/2025 - 16:12:46: [basecommands.smx] "Console<0><Console><Console>" changed cvar (cvar "sv_max_queries_sec") (value "3")
L 07/14/2025 - 16:12:46: [basecommands.smx] "Console<0><Console><Console>" changed cvar (cvar "sv_max_queries_window") (value "10")
L 07/14/2025 - 16:12:46: [basecommands.smx] "Console<0><Console><Console>" changed cvar (cvar "sv_player_stuck_tolerance") (value "5")
L 07/14/2025 - 16:12:46: [basecommands.smx] "Console<0><Console><Console>" changed cvar (cvar "sv_stats") (value "0")
L 07/14/2025 - 16:12:46: [basecommands.smx] "Console<0><Console><Console>" changed cvar (cvar "sv_clockcorrection_msecs") (value "25")
L 07/14/2025 - 16:12:47: [optional/chat-processor.smx] Message formats generated for game 'left4dead2'.
L 07/14/2025 - 16:12:47: [optional/chat-processor.smx] Successfully hooked a SayText2 chat hook.
L 07/14/2025 - 16:12:48: [optional/l4d2_saferoom_item_remove.smx] Removed 0 saferoom item(s) (start: 0; end: 0).
L 07/14/2025 - 16:18:51: [optional/l4d2_saferoom_item_remove.smx] Removed 0 saferoom item(s) (start: 0; end: 0).
L 07/14/2025 - 16:21:42: -------- Mapchange to c3m2_swamp --------
L 07/14/2025 - 16:21:44: [basecommands.smx] "Console<0><Console><Console>" changed cvar (cvar "confogl_match_execcfg_plugins") (value "generalfixes.cfg;confogl_plugins.cfg;sharedplugins.cfg")
L 07/14/2025 - 16:21:44: [basecommands.smx] "Console<0><Console><Console>" changed cvar (cvar "l4d2_addons_eclipse") (value "0")
L 07/14/2025 - 16:21:44: [basecommands.smx] "Console<0><Console><Console>" changed cvar (cvar "sv_allow_wait_command") (value "0")
L 07/14/2025 - 16:21:44: [basecommands.smx] "Console<0><Console><Console>" changed cvar (cvar "sv_minrate") (value "100000")
L 07/14/2025 - 16:21:44: [basecommands.smx] "Console<0><Console><Console>" changed cvar (cvar "sv_maxrate") (value "100000")
L 07/14/2025 - 16:21:44: [basecommands.smx] "Console<0><Console><Console>" changed cvar (cvar "sv_minupdaterate") (value "100")
L 07/14/2025 - 16:21:44: [basecommands.smx] "Console<0><Console><Console>" changed cvar (cvar "sv_maxupdaterate") (value "100")
L 07/14/2025 - 16:21:44: [basecommands.smx] "Console<0><Console><Console>" changed cvar (cvar "sv_mincmdrate") (value "100")
L 07/14/2025 - 16:21:44: [basecommands.smx] "Console<0><Console><Console>" changed cvar (cvar "sv_maxcmdrate") (value "100")
L 07/14/2025 - 16:21:44: [basecommands.smx] "Console<0><Console><Console>" changed cvar (cvar "sv_client_min_interp_ratio") (value "-1")
L 07/14/2025 - 16:21:44: [basecommands.smx] "Console<0><Console><Console>" changed cvar (cvar "sv_client_max_interp_ratio") (value "0")
L 07/14/2025 - 16:21:44: [basecommands.smx] "Console<0><Console><Console>" changed cvar (cvar "nb_update_frequency") (value "0.014")
L 07/14/2025 - 16:21:44: [basecommands.smx] "Console<0><Console><Console>" changed cvar (cvar "net_splitpacket_maxrate") (value "50000")
L 07/14/2025 - 16:21:44: [basecommands.smx] "Console<0><Console><Console>" changed cvar (cvar "net_maxcleartime") (value "0.0001")
L 07/14/2025 - 16:21:44: [basecommands.smx] "Console<0><Console><Console>" changed cvar (cvar "fps_max") (value "0")
L 07/14/2025 - 16:21:44: [basecommands.smx] "Console<0><Console><Console>" changed cvar (cvar "tick_door_speed") (value "1.3")
L 07/14/2025 - 16:21:44: [basecommands.smx] "Console<0><Console><Console>" changed cvar (cvar "mv_maxplayers") (value "30")
L 07/14/2025 - 16:21:44: [basecommands.smx] "Console<0><Console><Console>" changed cvar (cvar "mp_autoteambalance") (value "0")
L 07/14/2025 - 16:21:44: [basecommands.smx] "Console<0><Console><Console>" changed cvar (cvar "sv_unlag_fixstuck") (value "1")
L 07/14/2025 - 16:21:44: [basecommands.smx] "Console<0><Console><Console>" changed cvar (cvar "z_brawl_chance") (value "0")
L 07/14/2025 - 16:21:44: [basecommands.smx] "Console<0><Console><Console>" changed cvar (cvar "sv_maxunlag") (value "1")
L 07/14/2025 - 16:21:44: [basecommands.smx] "Console<0><Console><Console>" changed cvar (cvar "sv_forcepreload") (value "1")
L 07/14/2025 - 16:21:44: [basecommands.smx] "Console<0><Console><Console>" changed cvar (cvar "sv_client_predict") (value "1")
L 07/14/2025 - 16:21:44: [basecommands.smx] "Console<0><Console><Console>" changed cvar (cvar "sv_client_cmdrate_difference") (value "0")
L 07/14/2025 - 16:21:44: [basecommands.smx] "Console<0><Console><Console>" changed cvar (cvar "sv_max_queries_sec_global") (value "10")
L 07/14/2025 - 16:21:44: [basecommands.smx] "Console<0><Console><Console>" changed cvar (cvar "sv_max_queries_sec") (value "3")
L 07/14/2025 - 16:21:44: [basecommands.smx] "Console<0><Console><Console>" changed cvar (cvar "sv_max_queries_window") (value "10")
L 07/14/2025 - 16:21:44: [basecommands.smx] "Console<0><Console><Console>" changed cvar (cvar "sv_player_stuck_tolerance") (value "5")
L 07/14/2025 - 16:21:44: [basecommands.smx] "Console<0><Console><Console>" changed cvar (cvar "sv_stats") (value "0")
L 07/14/2025 - 16:21:44: [basecommands.smx] "Console<0><Console><Console>" changed cvar (cvar "sv_clockcorrection_msecs") (value "25")
L 07/14/2025 - 16:21:44: [optional/chat-processor.smx] Message formats generated for game 'left4dead2'.
L 07/14/2025 - 16:21:44: [optional/chat-processor.smx] Successfully hooked a SayText2 chat hook.
L 07/14/2025 - 16:21:45: [optional/l4d2_saferoom_item_remove.smx] Removed 0 saferoom item(s) (start: 0; end: 0).
L 07/14/2025 - 16:26:19: [optional/l4d2_saferoom_item_remove.smx] Removed 0 saferoom item(s) (start: 0; end: 0).
L 07/14/2025 - 16:30:28: -------- Mapchange to c3m3_shantytown --------
L 07/14/2025 - 16:30:30: [basecommands.smx] "Console<0><Console><Console>" changed cvar (cvar "confogl_match_execcfg_plugins") (value "generalfixes.cfg;confogl_plugins.cfg;sharedplugins.cfg")
L 07/14/2025 - 16:30:30: [basecommands.smx] "Console<0><Console><Console>" changed cvar (cvar "l4d2_addons_eclipse") (value "0")
L 07/14/2025 - 16:30:30: [basecommands.smx] "Console<0><Console><Console>" changed cvar (cvar "sv_allow_wait_command") (value "0")
L 07/14/2025 - 16:30:30: [basecommands.smx] "Console<0><Console><Console>" changed cvar (cvar "sv_minrate") (value "100000")
L 07/14/2025 - 16:30:30: [basecommands.smx] "Console<0><Console><Console>" changed cvar (cvar "sv_maxrate") (value "100000")
L 07/14/2025 - 16:30:30: [basecommands.smx] "Console<0><Console><Console>" changed cvar (cvar "sv_minupdaterate") (value "100")
L 07/14/2025 - 16:30:30: [basecommands.smx] "Console<0><Console><Console>" changed cvar (cvar "sv_maxupdaterate") (value "100")
L 07/14/2025 - 16:30:30: [basecommands.smx] "Console<0><Console><Console>" changed cvar (cvar "sv_mincmdrate") (value "100")
L 07/14/2025 - 16:30:30: [basecommands.smx] "Console<0><Console><Console>" changed cvar (cvar "sv_maxcmdrate") (value "100")
L 07/14/2025 - 16:30:30: [basecommands.smx] "Console<0><Console><Console>" changed cvar (cvar "sv_client_min_interp_ratio") (value "-1")
L 07/14/2025 - 16:30:30: [basecommands.smx] "Console<0><Console><Console>" changed cvar (cvar "sv_client_max_interp_ratio") (value "0")
L 07/14/2025 - 16:30:30: [basecommands.smx] "Console<0><Console><Console>" changed cvar (cvar "nb_update_frequency") (value "0.014")
L 07/14/2025 - 16:30:30: [basecommands.smx] "Console<0><Console><Console>" changed cvar (cvar "net_splitpacket_maxrate") (value "50000")
L 07/14/2025 - 16:30:30: [basecommands.smx] "Console<0><Console><Console>" changed cvar (cvar "net_maxcleartime") (value "0.0001")
L 07/14/2025 - 16:30:30: [basecommands.smx] "Console<0><Console><Console>" changed cvar (cvar "fps_max") (value "0")
L 07/14/2025 - 16:30:30: [basecommands.smx] "Console<0><Console><Console>" changed cvar (cvar "tick_door_speed") (value "1.3")
L 07/14/2025 - 16:30:30: [basecommands.smx] "Console<0><Console><Console>" changed cvar (cvar "mv_maxplayers") (value "30")
L 07/14/2025 - 16:30:30: [basecommands.smx] "Console<0><Console><Console>" changed cvar (cvar "mp_autoteambalance") (value "0")
L 07/14/2025 - 16:30:30: [basecommands.smx] "Console<0><Console><Console>" changed cvar (cvar "sv_unlag_fixstuck") (value "1")
L 07/14/2025 - 16:30:30: [basecommands.smx] "Console<0><Console><Console>" changed cvar (cvar "z_brawl_chance") (value "0")
L 07/14/2025 - 16:30:30: [basecommands.smx] "Console<0><Console><Console>" changed cvar (cvar "sv_maxunlag") (value "1")
L 07/14/2025 - 16:30:30: [basecommands.smx] "Console<0><Console><Console>" changed cvar (cvar "sv_forcepreload") (value "1")
L 07/14/2025 - 16:30:30: [basecommands.smx] "Console<0><Console><Console>" changed cvar (cvar "sv_client_predict") (value "1")
L 07/14/2025 - 16:30:30: [basecommands.smx] "Console<0><Console><Console>" changed cvar (cvar "sv_client_cmdrate_difference") (value "0")
L 07/14/2025 - 16:30:30: [basecommands.smx] "Console<0><Console><Console>" changed cvar (cvar "sv_max_queries_sec_global") (value "10")
L 07/14/2025 - 16:30:30: [basecommands.smx] "Console<0><Console><Console>" changed cvar (cvar "sv_max_queries_sec") (value "3")
L 07/14/2025 - 16:30:30: [basecommands.smx] "Console<0><Console><Console>" changed cvar (cvar "sv_max_queries_window") (value "10")
L 07/14/2025 - 16:30:30: [basecommands.smx] "Console<0><Console><Console>" changed cvar (cvar "sv_player_stuck_tolerance") (value "5")
L 07/14/2025 - 16:30:30: [basecommands.smx] "Console<0><Console><Console>" changed cvar (cvar "sv_stats") (value "0")
L 07/14/2025 - 16:30:30: [basecommands.smx] "Console<0><Console><Console>" changed cvar (cvar "sv_clockcorrection_msecs") (value "25")
L 07/14/2025 - 16:30:30: [optional/chat-processor.smx] Message formats generated for game 'left4dead2'.
L 07/14/2025 - 16:30:30: [optional/chat-processor.smx] Successfully hooked a SayText2 chat hook.
L 07/14/2025 - 16:30:31: [optional/l4d2_saferoom_item_remove.smx] Removed 0 saferoom item(s) (start: 0; end: 0).
L 07/14/2025 - 16:34:48: SourceMod log file session started (file "/root/Steam/steamapps/common/L4D21/left4dead2/addons/sourcemod/logs/L20250714.log") (Version "1.12.0.7195")
L 07/14/2025 - 16:34:48: [fixes/firebulletsfix.smx] Found offset for Weapon_ShootPosition 286
L 07/14/2025 - 16:34:50: [basecommands.smx] "Console<0><Console><Console>" changed cvar (cvar "confogl_match_execcfg_plugins") (value "generalfixes.cfg;confogl_plugins.cfg;sharedplugins.cfg")
L 07/14/2025 - 16:34:50: [basecommands.smx] "Console<0><Console><Console>" changed cvar (cvar "l4d2_addons_eclipse") (value "0")
L 07/14/2025 - 16:34:50: [basecommands.smx] "Console<0><Console><Console>" changed cvar (cvar "sv_allow_wait_command") (value "0")
L 07/14/2025 - 16:34:50: [basecommands.smx] "Console<0><Console><Console>" changed cvar (cvar "sv_minrate") (value "100000")
L 07/14/2025 - 16:34:50: [basecommands.smx] "Console<0><Console><Console>" changed cvar (cvar "sv_maxrate") (value "100000")
L 07/14/2025 - 16:34:50: [basecommands.smx] "Console<0><Console><Console>" changed cvar (cvar "sv_minupdaterate") (value "100")
L 07/14/2025 - 16:34:50: [basecommands.smx] "Console<0><Console><Console>" changed cvar (cvar "sv_maxupdaterate") (value "100")
L 07/14/2025 - 16:34:50: [basecommands.smx] "Console<0><Console><Console>" changed cvar (cvar "sv_mincmdrate") (value "100")
L 07/14/2025 - 16:34:50: [basecommands.smx] "Console<0><Console><Console>" changed cvar (cvar "sv_maxcmdrate") (value "100")
L 07/14/2025 - 16:34:50: [basecommands.smx] "Console<0><Console><Console>" changed cvar (cvar "sv_client_min_interp_ratio") (value "-1")
L 07/14/2025 - 16:34:50: [basecommands.smx] "Console<0><Console><Console>" changed cvar (cvar "sv_client_max_interp_ratio") (value "0")
L 07/14/2025 - 16:34:50: [basecommands.smx] "Console<0><Console><Console>" changed cvar (cvar "nb_update_frequency") (value "0.014")
L 07/14/2025 - 16:34:50: [basecommands.smx] "Console<0><Console><Console>" changed cvar (cvar "net_splitpacket_maxrate") (value "50000")
L 07/14/2025 - 16:34:50: [basecommands.smx] "Console<0><Console><Console>" changed cvar (cvar "net_maxcleartime") (value "0.0001")
L 07/14/2025 - 16:34:50: [basecommands.smx] "Console<0><Console><Console>" changed cvar (cvar "fps_max") (value "0")
L 07/14/2025 - 16:34:50: [basecommands.smx] "Console<0><Console><Console>" changed cvar (cvar "tick_door_speed") (value "1.3")
L 07/14/2025 - 16:34:50: [basecommands.smx] "Console<0><Console><Console>" changed cvar (cvar "mv_maxplayers") (value "30")
L 07/14/2025 - 16:34:50: [basecommands.smx] "Console<0><Console><Console>" changed cvar (cvar "mp_autoteambalance") (value "0")
L 07/14/2025 - 16:34:50: [basecommands.smx] "Console<0><Console><Console>" changed cvar (cvar "sv_unlag_fixstuck") (value "1")
L 07/14/2025 - 16:34:50: [basecommands.smx] "Console<0><Console><Console>" changed cvar (cvar "z_brawl_chance") (value "0")
L 07/14/2025 - 16:34:50: [basecommands.smx] "Console<0><Console><Console>" changed cvar (cvar "sv_maxunlag") (value "1")
L 07/14/2025 - 16:34:50: [basecommands.smx] "Console<0><Console><Console>" changed cvar (cvar "sv_forcepreload") (value "1")
L 07/14/2025 - 16:34:50: [basecommands.smx] "Console<0><Console><Console>" changed cvar (cvar "sv_client_predict") (value "1")
L 07/14/2025 - 16:34:50: [basecommands.smx] "Console<0><Console><Console>" changed cvar (cvar "sv_client_cmdrate_difference") (value "0")
L 07/14/2025 - 16:34:50: [basecommands.smx] "Console<0><Console><Console>" changed cvar (cvar "sv_max_queries_sec_global") (value "10")
L 07/14/2025 - 16:34:50: [basecommands.smx] "Console<0><Console><Console>" changed cvar (cvar "sv_max_queries_sec") (value "3")
L 07/14/2025 - 16:34:50: [basecommands.smx] "Console<0><Console><Console>" changed cvar (cvar "sv_max_queries_window") (value "10")
L 07/14/2025 - 16:34:50: [basecommands.smx] "Console<0><Console><Console>" changed cvar (cvar "sv_player_stuck_tolerance") (value "5")
L 07/14/2025 - 16:34:50: [basecommands.smx] "Console<0><Console><Console>" changed cvar (cvar "sv_stats") (value "0")
L 07/14/2025 - 16:34:50: [basecommands.smx] "Console<0><Console><Console>" changed cvar (cvar "sv_clockcorrection_msecs") (value "25")
L 07/14/2025 - 16:34:50: [basecommands.smx] "Console<0><Console><Console>" changed cvar (cvar "survivor_max_incapacitated_count") (value "2")
L 07/14/2025 - 16:34:51: [fixes/firebulletsfix.smx] Found offset for Weapon_ShootPosition 286
L 07/14/2025 - 16:34:51: [optional/l4d2_item_hint.smx] 
==========
Warning: You should install "[L4D & L4D2] Use Priority Patch" to fix attached models blocking +USE action (item hint): https://forums.alliedmods.net/showthread.php?t=327511
==========

L 07/14/2025 - 16:34:51: [GEOIP] GeoIP2 database loaded: GeoLite2-Country (2023-12-22 14:46:10 UTC) (/root/Steam/steamapps/common/L4D21/left4dead2/addons/sourcemod/configs/geoip/GeoLite2-Country.mmdb)
L 07/14/2025 - 16:34:51: [GEOIP] GeoIP2 supported languages: de en es fr ja pt-BR ru zh-CN
L 07/14/2025 - 16:34:51: [GEOIP] Your database is older than 90 days. You should consider downloading a newer version from e.g. https://dev.maxmind.com/geoip/geolite2-free-geolocation-data
L 07/14/2025 - 16:34:52: [optional/chat-processor.smx] Message formats generated for game 'left4dead2'.
L 07/14/2025 - 16:34:52: [optional/chat-processor.smx] Successfully hooked a SayText2 chat hook.
L 07/14/2025 - 16:34:55: -------- Mapchange to c2m1_highway --------
L 07/14/2025 - 16:34:56: [basecommands.smx] "Console<0><Console><Console>" changed cvar (cvar "confogl_match_execcfg_plugins") (value "generalfixes.cfg;confogl_plugins.cfg;sharedplugins.cfg")
L 07/14/2025 - 16:34:56: [basecommands.smx] "Console<0><Console><Console>" changed cvar (cvar "l4d2_addons_eclipse") (value "0")
L 07/14/2025 - 16:34:56: [basecommands.smx] "Console<0><Console><Console>" changed cvar (cvar "sv_allow_wait_command") (value "0")
L 07/14/2025 - 16:34:56: [basecommands.smx] "Console<0><Console><Console>" changed cvar (cvar "sv_minrate") (value "100000")
L 07/14/2025 - 16:34:56: [basecommands.smx] "Console<0><Console><Console>" changed cvar (cvar "sv_maxrate") (value "100000")
L 07/14/2025 - 16:34:56: [basecommands.smx] "Console<0><Console><Console>" changed cvar (cvar "sv_minupdaterate") (value "100")
L 07/14/2025 - 16:34:56: [basecommands.smx] "Console<0><Console><Console>" changed cvar (cvar "sv_maxupdaterate") (value "100")
L 07/14/2025 - 16:34:56: [basecommands.smx] "Console<0><Console><Console>" changed cvar (cvar "sv_mincmdrate") (value "100")
L 07/14/2025 - 16:34:56: [basecommands.smx] "Console<0><Console><Console>" changed cvar (cvar "sv_maxcmdrate") (value "100")
L 07/14/2025 - 16:34:56: [basecommands.smx] "Console<0><Console><Console>" changed cvar (cvar "sv_client_min_interp_ratio") (value "-1")
L 07/14/2025 - 16:34:56: [basecommands.smx] "Console<0><Console><Console>" changed cvar (cvar "sv_client_max_interp_ratio") (value "0")
L 07/14/2025 - 16:34:56: [basecommands.smx] "Console<0><Console><Console>" changed cvar (cvar "nb_update_frequency") (value "0.014")
L 07/14/2025 - 16:34:56: [basecommands.smx] "Console<0><Console><Console>" changed cvar (cvar "net_splitpacket_maxrate") (value "50000")
L 07/14/2025 - 16:34:56: [basecommands.smx] "Console<0><Console><Console>" changed cvar (cvar "net_maxcleartime") (value "0.0001")
L 07/14/2025 - 16:34:56: [basecommands.smx] "Console<0><Console><Console>" changed cvar (cvar "fps_max") (value "0")
L 07/14/2025 - 16:34:56: [basecommands.smx] "Console<0><Console><Console>" changed cvar (cvar "tick_door_speed") (value "1.3")
L 07/14/2025 - 16:34:56: [basecommands.smx] "Console<0><Console><Console>" changed cvar (cvar "mv_maxplayers") (value "30")
L 07/14/2025 - 16:34:56: [basecommands.smx] "Console<0><Console><Console>" changed cvar (cvar "mp_autoteambalance") (value "0")
L 07/14/2025 - 16:34:56: [basecommands.smx] "Console<0><Console><Console>" changed cvar (cvar "sv_unlag_fixstuck") (value "1")
L 07/14/2025 - 16:34:56: [basecommands.smx] "Console<0><Console><Console>" changed cvar (cvar "z_brawl_chance") (value "0")
L 07/14/2025 - 16:34:56: [basecommands.smx] "Console<0><Console><Console>" changed cvar (cvar "sv_maxunlag") (value "1")
L 07/14/2025 - 16:34:56: [basecommands.smx] "Console<0><Console><Console>" changed cvar (cvar "sv_forcepreload") (value "1")
L 07/14/2025 - 16:34:56: [basecommands.smx] "Console<0><Console><Console>" changed cvar (cvar "sv_client_predict") (value "1")
L 07/14/2025 - 16:34:56: [basecommands.smx] "Console<0><Console><Console>" changed cvar (cvar "sv_client_cmdrate_difference") (value "0")
L 07/14/2025 - 16:34:56: [basecommands.smx] "Console<0><Console><Console>" changed cvar (cvar "sv_max_queries_sec_global") (value "10")
L 07/14/2025 - 16:34:56: [basecommands.smx] "Console<0><Console><Console>" changed cvar (cvar "sv_max_queries_sec") (value "3")
L 07/14/2025 - 16:34:56: [basecommands.smx] "Console<0><Console><Console>" changed cvar (cvar "sv_max_queries_window") (value "10")
L 07/14/2025 - 16:34:56: [basecommands.smx] "Console<0><Console><Console>" changed cvar (cvar "sv_player_stuck_tolerance") (value "5")
L 07/14/2025 - 16:34:56: [basecommands.smx] "Console<0><Console><Console>" changed cvar (cvar "sv_stats") (value "0")
L 07/14/2025 - 16:34:56: [basecommands.smx] "Console<0><Console><Console>" changed cvar (cvar "sv_clockcorrection_msecs") (value "25")
L 07/14/2025 - 16:34:57: [optional/chat-processor.smx] Message formats generated for game 'left4dead2'.
L 07/14/2025 - 16:34:57: [optional/chat-processor.smx] Successfully hooked a SayText2 chat hook.
L 07/14/2025 - 16:34:57: [optional/l4d2_saferoom_item_remove.smx] Removed 0 saferoom item(s) (start: 0; end: 0).
L 07/14/2025 - 16:39:25: Log file closed.
L 07/14/2025 - 18:20:06: SourceMod log file session started (file "/root/Steam/steamapps/common/L4D21/left4dead2/addons/sourcemod/logs/L20250714.log") (Version "1.12.0.7195")
L 07/14/2025 - 18:20:06: [fixes/firebulletsfix.smx] Found offset for Weapon_ShootPosition 286
L 07/14/2025 - 18:20:10: [basecommands.smx] "Console<0><Console><Console>" changed cvar (cvar "confogl_match_execcfg_plugins") (value "generalfixes.cfg;confogl_plugins.cfg;sharedplugins.cfg")
L 07/14/2025 - 18:20:10: [basecommands.smx] "Console<0><Console><Console>" changed cvar (cvar "l4d2_addons_eclipse") (value "0")
L 07/14/2025 - 18:20:10: [basecommands.smx] "Console<0><Console><Console>" changed cvar (cvar "sv_allow_wait_command") (value "0")
L 07/14/2025 - 18:20:10: [basecommands.smx] "Console<0><Console><Console>" changed cvar (cvar "sv_minrate") (value "100000")
L 07/14/2025 - 18:20:10: [basecommands.smx] "Console<0><Console><Console>" changed cvar (cvar "sv_maxrate") (value "100000")
L 07/14/2025 - 18:20:10: [basecommands.smx] "Console<0><Console><Console>" changed cvar (cvar "sv_minupdaterate") (value "100")
L 07/14/2025 - 18:20:10: [basecommands.smx] "Console<0><Console><Console>" changed cvar (cvar "sv_maxupdaterate") (value "100")
L 07/14/2025 - 18:20:10: [basecommands.smx] "Console<0><Console><Console>" changed cvar (cvar "sv_mincmdrate") (value "100")
L 07/14/2025 - 18:20:10: [basecommands.smx] "Console<0><Console><Console>" changed cvar (cvar "sv_maxcmdrate") (value "100")
L 07/14/2025 - 18:20:10: [basecommands.smx] "Console<0><Console><Console>" changed cvar (cvar "sv_client_min_interp_ratio") (value "-1")
L 07/14/2025 - 18:20:10: [basecommands.smx] "Console<0><Console><Console>" changed cvar (cvar "sv_client_max_interp_ratio") (value "0")
L 07/14/2025 - 18:20:10: [basecommands.smx] "Console<0><Console><Console>" changed cvar (cvar "nb_update_frequency") (value "0.014")
L 07/14/2025 - 18:20:10: [basecommands.smx] "Console<0><Console><Console>" changed cvar (cvar "net_splitpacket_maxrate") (value "50000")
L 07/14/2025 - 18:20:10: [basecommands.smx] "Console<0><Console><Console>" changed cvar (cvar "net_maxcleartime") (value "0.0001")
L 07/14/2025 - 18:20:10: [basecommands.smx] "Console<0><Console><Console>" changed cvar (cvar "fps_max") (value "0")
L 07/14/2025 - 18:20:10: [basecommands.smx] "Console<0><Console><Console>" changed cvar (cvar "tick_door_speed") (value "1.3")
L 07/14/2025 - 18:20:10: [basecommands.smx] "Console<0><Console><Console>" changed cvar (cvar "mv_maxplayers") (value "30")
L 07/14/2025 - 18:20:10: [basecommands.smx] "Console<0><Console><Console>" changed cvar (cvar "mp_autoteambalance") (value "0")
L 07/14/2025 - 18:20:10: [basecommands.smx] "Console<0><Console><Console>" changed cvar (cvar "sv_unlag_fixstuck") (value "1")
L 07/14/2025 - 18:20:10: [basecommands.smx] "Console<0><Console><Console>" changed cvar (cvar "z_brawl_chance") (value "0")
L 07/14/2025 - 18:20:10: [basecommands.smx] "Console<0><Console><Console>" changed cvar (cvar "sv_maxunlag") (value "1")
L 07/14/2025 - 18:20:10: [basecommands.smx] "Console<0><Console><Console>" changed cvar (cvar "sv_forcepreload") (value "1")
L 07/14/2025 - 18:20:10: [basecommands.smx] "Console<0><Console><Console>" changed cvar (cvar "sv_client_predict") (value "1")
L 07/14/2025 - 18:20:10: [basecommands.smx] "Console<0><Console><Console>" changed cvar (cvar "sv_client_cmdrate_difference") (value "0")
L 07/14/2025 - 18:20:10: [basecommands.smx] "Console<0><Console><Console>" changed cvar (cvar "sv_max_queries_sec_global") (value "10")
L 07/14/2025 - 18:20:10: [basecommands.smx] "Console<0><Console><Console>" changed cvar (cvar "sv_max_queries_sec") (value "3")
L 07/14/2025 - 18:20:10: [basecommands.smx] "Console<0><Console><Console>" changed cvar (cvar "sv_max_queries_window") (value "10")
L 07/14/2025 - 18:20:10: [basecommands.smx] "Console<0><Console><Console>" changed cvar (cvar "sv_player_stuck_tolerance") (value "5")
L 07/14/2025 - 18:20:10: [basecommands.smx] "Console<0><Console><Console>" changed cvar (cvar "sv_stats") (value "0")
L 07/14/2025 - 18:20:10: [basecommands.smx] "Console<0><Console><Console>" changed cvar (cvar "sv_clockcorrection_msecs") (value "25")
L 07/14/2025 - 18:20:10: [basecommands.smx] "Console<0><Console><Console>" changed cvar (cvar "survivor_max_incapacitated_count") (value "2")
L 07/14/2025 - 18:20:10: [fixes/firebulletsfix.smx] Found offset for Weapon_ShootPosition 286
L 07/14/2025 - 18:20:11: [optional/l4d2_item_hint.smx] 
==========
Warning: You should install "[L4D & L4D2] Use Priority Patch" to fix attached models blocking +USE action (item hint): https://forums.alliedmods.net/showthread.php?t=327511
==========

L 07/14/2025 - 18:20:11: [GEOIP] GeoIP2 database loaded: GeoLite2-Country (2023-12-22 14:46:10 UTC) (/root/Steam/steamapps/common/L4D21/left4dead2/addons/sourcemod/configs/geoip/GeoLite2-Country.mmdb)
L 07/14/2025 - 18:20:11: [GEOIP] GeoIP2 supported languages: de en es fr ja pt-BR ru zh-CN
L 07/14/2025 - 18:20:11: [GEOIP] Your database is older than 90 days. You should consider downloading a newer version from e.g. https://dev.maxmind.com/geoip/geolite2-free-geolocation-data
L 07/14/2025 - 18:20:12: [optional/chat-processor.smx] Message formats generated for game 'left4dead2'.
L 07/14/2025 - 18:20:12: [optional/chat-processor.smx] Successfully hooked a SayText2 chat hook.
L 07/14/2025 - 18:20:15: -------- Mapchange to c2m1_highway --------
L 07/14/2025 - 18:20:17: [basecommands.smx] "Console<0><Console><Console>" changed cvar (cvar "confogl_match_execcfg_plugins") (value "generalfixes.cfg;confogl_plugins.cfg;sharedplugins.cfg")
L 07/14/2025 - 18:20:17: [basecommands.smx] "Console<0><Console><Console>" changed cvar (cvar "l4d2_addons_eclipse") (value "0")
L 07/14/2025 - 18:20:17: [basecommands.smx] "Console<0><Console><Console>" changed cvar (cvar "sv_allow_wait_command") (value "0")
L 07/14/2025 - 18:20:17: [basecommands.smx] "Console<0><Console><Console>" changed cvar (cvar "sv_minrate") (value "100000")
L 07/14/2025 - 18:20:17: [basecommands.smx] "Console<0><Console><Console>" changed cvar (cvar "sv_maxrate") (value "100000")
L 07/14/2025 - 18:20:17: [basecommands.smx] "Console<0><Console><Console>" changed cvar (cvar "sv_minupdaterate") (value "100")
L 07/14/2025 - 18:20:17: [basecommands.smx] "Console<0><Console><Console>" changed cvar (cvar "sv_maxupdaterate") (value "100")
L 07/14/2025 - 18:20:17: [basecommands.smx] "Console<0><Console><Console>" changed cvar (cvar "sv_mincmdrate") (value "100")
L 07/14/2025 - 18:20:17: [basecommands.smx] "Console<0><Console><Console>" changed cvar (cvar "sv_maxcmdrate") (value "100")
L 07/14/2025 - 18:20:17: [basecommands.smx] "Console<0><Console><Console>" changed cvar (cvar "sv_client_min_interp_ratio") (value "-1")
L 07/14/2025 - 18:20:17: [basecommands.smx] "Console<0><Console><Console>" changed cvar (cvar "sv_client_max_interp_ratio") (value "0")
L 07/14/2025 - 18:20:17: [basecommands.smx] "Console<0><Console><Console>" changed cvar (cvar "nb_update_frequency") (value "0.014")
L 07/14/2025 - 18:20:17: [basecommands.smx] "Console<0><Console><Console>" changed cvar (cvar "net_splitpacket_maxrate") (value "50000")
L 07/14/2025 - 18:20:17: [basecommands.smx] "Console<0><Console><Console>" changed cvar (cvar "net_maxcleartime") (value "0.0001")
L 07/14/2025 - 18:20:17: [basecommands.smx] "Console<0><Console><Console>" changed cvar (cvar "fps_max") (value "0")
L 07/14/2025 - 18:20:17: [basecommands.smx] "Console<0><Console><Console>" changed cvar (cvar "tick_door_speed") (value "1.3")
L 07/14/2025 - 18:20:17: [basecommands.smx] "Console<0><Console><Console>" changed cvar (cvar "mv_maxplayers") (value "30")
L 07/14/2025 - 18:20:17: [basecommands.smx] "Console<0><Console><Console>" changed cvar (cvar "mp_autoteambalance") (value "0")
L 07/14/2025 - 18:20:17: [basecommands.smx] "Console<0><Console><Console>" changed cvar (cvar "sv_unlag_fixstuck") (value "1")
L 07/14/2025 - 18:20:17: [basecommands.smx] "Console<0><Console><Console>" changed cvar (cvar "z_brawl_chance") (value "0")
L 07/14/2025 - 18:20:17: [basecommands.smx] "Console<0><Console><Console>" changed cvar (cvar "sv_maxunlag") (value "1")
L 07/14/2025 - 18:20:17: [basecommands.smx] "Console<0><Console><Console>" changed cvar (cvar "sv_forcepreload") (value "1")
L 07/14/2025 - 18:20:17: [basecommands.smx] "Console<0><Console><Console>" changed cvar (cvar "sv_client_predict") (value "1")
L 07/14/2025 - 18:20:17: [basecommands.smx] "Console<0><Console><Console>" changed cvar (cvar "sv_client_cmdrate_difference") (value "0")
L 07/14/2025 - 18:20:17: [basecommands.smx] "Console<0><Console><Console>" changed cvar (cvar "sv_max_queries_sec_global") (value "10")
L 07/14/2025 - 18:20:17: [basecommands.smx] "Console<0><Console><Console>" changed cvar (cvar "sv_max_queries_sec") (value "3")
L 07/14/2025 - 18:20:17: [basecommands.smx] "Console<0><Console><Console>" changed cvar (cvar "sv_max_queries_window") (value "10")
L 07/14/2025 - 18:20:17: [basecommands.smx] "Console<0><Console><Console>" changed cvar (cvar "sv_player_stuck_tolerance") (value "5")
L 07/14/2025 - 18:20:17: [basecommands.smx] "Console<0><Console><Console>" changed cvar (cvar "sv_stats") (value "0")
L 07/14/2025 - 18:20:17: [basecommands.smx] "Console<0><Console><Console>" changed cvar (cvar "sv_clockcorrection_msecs") (value "25")
L 07/14/2025 - 18:20:17: [optional/chat-processor.smx] Message formats generated for game 'left4dead2'.
L 07/14/2025 - 18:20:17: [optional/chat-processor.smx] Successfully hooked a SayText2 chat hook.
L 07/14/2025 - 18:20:18: [optional/l4d2_saferoom_item_remove.smx] Removed 0 saferoom item(s) (start: 0; end: 0).
L 07/14/2025 - 18:24:16: [fixes/firebulletsfix.smx] Found offset for Weapon_ShootPosition 286
L 07/14/2025 - 18:24:16: [confoglcompmod.smx] [PasswordSystem] Set password on (ᗜᴗᗜ), password 
L 07/14/2025 - 18:24:16: [optional/l4d2_tank_reset_iron.smx] [Logger] 创建了一个新logger：index: 0 name: tank_reset_iron
L 07/14/2025 - 18:24:16: [optional/l4d2_item_hint.smx] 
==========
Warning: You should install "[L4D & L4D2] Use Priority Patch" to fix attached models blocking +USE action (item hint): https://forums.alliedmods.net/showthread.php?t=327511
==========

L 07/14/2025 - 18:24:16: [optional/chat-processor.smx] Message formats generated for game 'left4dead2'.
L 07/14/2025 - 18:24:16: [optional/chat-processor.smx] Successfully hooked a SayText2 chat hook.
L 07/14/2025 - 18:24:16: [basecommands.smx] "Console<0><Console><Console>" changed cvar (cvar "z_frustration_lifetime") (value "999999")
L 07/14/2025 - 18:24:16: [basecommands.smx] "Console<0><Console><Console>" changed cvar (cvar "sb_stop") (value "1")
L 07/14/2025 - 18:24:16: [basecommands.smx] "Console<0><Console><Console>" changed cvar (cvar "director_no_death_check") (value "1")
L 07/14/2025 - 18:24:16: [basecommands.smx] "Console<0><Console><Console>" changed cvar (cvar "versus_force_start_time") (value "5")
L 07/14/2025 - 18:24:16: [basecommands.smx] "Console<0><Console><Console>" changed cvar (cvar "z_frustration_lifetime") (value "999999")
L 07/14/2025 - 18:24:16: [basecommands.smx] "Console<0><Console><Console>" changed cvar (cvar "sb_stop") (value "1")
L 07/14/2025 - 18:24:16: [basecommands.smx] "Console<0><Console><Console>" changed cvar (cvar "director_no_death_check") (value "1")
L 07/14/2025 - 18:24:16: [basecommands.smx] "Console<0><Console><Console>" changed cvar (cvar "versus_force_start_time") (value "5")
L 07/14/2025 - 18:24:20: -------- Mapchange to c2m1_highway --------
L 07/14/2025 - 18:24:21: [basecommands.smx] "Console<0><Console><Console>" changed cvar (cvar "confogl_match_execcfg_plugins") (value "generalfixes.cfg;confogl_plugins.cfg;sharedplugins.cfg")
L 07/14/2025 - 18:24:21: [basecommands.smx] "Console<0><Console><Console>" changed cvar (cvar "l4d2_addons_eclipse") (value "0")
L 07/14/2025 - 18:24:21: [basecommands.smx] "Console<0><Console><Console>" changed cvar (cvar "sv_allow_wait_command") (value "0")
L 07/14/2025 - 18:24:21: [basecommands.smx] "Console<0><Console><Console>" changed cvar (cvar "sv_minrate") (value "100000")
L 07/14/2025 - 18:24:21: [basecommands.smx] "Console<0><Console><Console>" changed cvar (cvar "sv_maxrate") (value "100000")
L 07/14/2025 - 18:24:21: [basecommands.smx] "Console<0><Console><Console>" changed cvar (cvar "sv_minupdaterate") (value "100")
L 07/14/2025 - 18:24:21: [basecommands.smx] "Console<0><Console><Console>" changed cvar (cvar "sv_maxupdaterate") (value "100")
L 07/14/2025 - 18:24:21: [basecommands.smx] "Console<0><Console><Console>" changed cvar (cvar "sv_mincmdrate") (value "100")
L 07/14/2025 - 18:24:21: [basecommands.smx] "Console<0><Console><Console>" changed cvar (cvar "sv_maxcmdrate") (value "100")
L 07/14/2025 - 18:24:21: [basecommands.smx] "Console<0><Console><Console>" changed cvar (cvar "sv_client_min_interp_ratio") (value "-1")
L 07/14/2025 - 18:24:21: [basecommands.smx] "Console<0><Console><Console>" changed cvar (cvar "sv_client_max_interp_ratio") (value "0")
L 07/14/2025 - 18:24:21: [basecommands.smx] "Console<0><Console><Console>" changed cvar (cvar "nb_update_frequency") (value "0.014")
L 07/14/2025 - 18:24:21: [basecommands.smx] "Console<0><Console><Console>" changed cvar (cvar "net_splitpacket_maxrate") (value "50000")
L 07/14/2025 - 18:24:21: [basecommands.smx] "Console<0><Console><Console>" changed cvar (cvar "net_maxcleartime") (value "0.0001")
L 07/14/2025 - 18:24:21: [basecommands.smx] "Console<0><Console><Console>" changed cvar (cvar "fps_max") (value "0")
L 07/14/2025 - 18:24:21: [basecommands.smx] "Console<0><Console><Console>" changed cvar (cvar "tick_door_speed") (value "1.3")
L 07/14/2025 - 18:24:21: [basecommands.smx] "Console<0><Console><Console>" changed cvar (cvar "mv_maxplayers") (value "30")
L 07/14/2025 - 18:24:21: [basecommands.smx] "Console<0><Console><Console>" changed cvar (cvar "mp_autoteambalance") (value "0")
L 07/14/2025 - 18:24:21: [basecommands.smx] "Console<0><Console><Console>" changed cvar (cvar "sv_unlag_fixstuck") (value "1")
L 07/14/2025 - 18:24:21: [basecommands.smx] "Console<0><Console><Console>" changed cvar (cvar "z_brawl_chance") (value "0")
L 07/14/2025 - 18:24:21: [basecommands.smx] "Console<0><Console><Console>" changed cvar (cvar "sv_maxunlag") (value "1")
L 07/14/2025 - 18:24:21: [basecommands.smx] "Console<0><Console><Console>" changed cvar (cvar "sv_forcepreload") (value "1")
L 07/14/2025 - 18:24:21: [basecommands.smx] "Console<0><Console><Console>" changed cvar (cvar "sv_client_predict") (value "1")
L 07/14/2025 - 18:24:21: [basecommands.smx] "Console<0><Console><Console>" changed cvar (cvar "sv_client_cmdrate_difference") (value "0")
L 07/14/2025 - 18:24:21: [basecommands.smx] "Console<0><Console><Console>" changed cvar (cvar "sv_max_queries_sec_global") (value "10")
L 07/14/2025 - 18:24:21: [basecommands.smx] "Console<0><Console><Console>" changed cvar (cvar "sv_max_queries_sec") (value "3")
L 07/14/2025 - 18:24:21: [basecommands.smx] "Console<0><Console><Console>" changed cvar (cvar "sv_max_queries_window") (value "10")
L 07/14/2025 - 18:24:21: [basecommands.smx] "Console<0><Console><Console>" changed cvar (cvar "sv_player_stuck_tolerance") (value "5")
L 07/14/2025 - 18:24:21: [basecommands.smx] "Console<0><Console><Console>" changed cvar (cvar "sv_stats") (value "0")
L 07/14/2025 - 18:24:21: [basecommands.smx] "Console<0><Console><Console>" changed cvar (cvar "sv_clockcorrection_msecs") (value "25")
L 07/14/2025 - 18:24:21: [basecommands.smx] "Console<0><Console><Console>" changed cvar (cvar "z_frustration_lifetime") (value "999999")
L 07/14/2025 - 18:24:21: [basecommands.smx] "Console<0><Console><Console>" changed cvar (cvar "sb_stop") (value "1")
L 07/14/2025 - 18:24:21: [basecommands.smx] "Console<0><Console><Console>" changed cvar (cvar "director_no_death_check") (value "1")
L 07/14/2025 - 18:24:21: [basecommands.smx] "Console<0><Console><Console>" changed cvar (cvar "versus_force_start_time") (value "5")
L 07/14/2025 - 18:24:21: [optional/chat-processor.smx] Message formats generated for game 'left4dead2'.
L 07/14/2025 - 18:24:21: [optional/chat-processor.smx] Successfully hooked a SayText2 chat hook.
L 07/14/2025 - 18:24:23: [optional/l4d2_saferoom_item_remove.smx] Removed 0 saferoom item(s) (start: 0; end: 0).
L 07/14/2025 - 18:29:29: [fixes/firebulletsfix.smx] Found offset for Weapon_ShootPosition 286
L 07/14/2025 - 18:29:30: [confoglcompmod.smx] [PasswordSystem] Set password on (ᗜᴗᗜ), password 
L 07/14/2025 - 18:29:30: [confoglcompmod.smx] [PasswordSystem] Set password on suki, password 
L 07/14/2025 - 18:29:30: [optional/l4d2_item_hint.smx] 
==========
Warning: You should install "[L4D & L4D2] Use Priority Patch" to fix attached models blocking +USE action (item hint): https://forums.alliedmods.net/showthread.php?t=327511
==========

L 07/14/2025 - 18:29:30: [optional/chat-processor.smx] Message formats generated for game 'left4dead2'.
L 07/14/2025 - 18:29:30: [optional/chat-processor.smx] Successfully hooked a SayText2 chat hook.
L 07/14/2025 - 18:29:34: -------- Mapchange to c2m1_highway --------
L 07/14/2025 - 18:29:35: [basecommands.smx] "Console<0><Console><Console>" changed cvar (cvar "confogl_match_execcfg_plugins") (value "generalfixes.cfg;confogl_plugins.cfg;sharedplugins.cfg")
L 07/14/2025 - 18:29:35: [basecommands.smx] "Console<0><Console><Console>" changed cvar (cvar "l4d2_addons_eclipse") (value "0")
L 07/14/2025 - 18:29:35: [basecommands.smx] "Console<0><Console><Console>" changed cvar (cvar "sv_allow_wait_command") (value "0")
L 07/14/2025 - 18:29:35: [basecommands.smx] "Console<0><Console><Console>" changed cvar (cvar "sv_minrate") (value "100000")
L 07/14/2025 - 18:29:35: [basecommands.smx] "Console<0><Console><Console>" changed cvar (cvar "sv_maxrate") (value "100000")
L 07/14/2025 - 18:29:35: [basecommands.smx] "Console<0><Console><Console>" changed cvar (cvar "sv_minupdaterate") (value "100")
L 07/14/2025 - 18:29:35: [basecommands.smx] "Console<0><Console><Console>" changed cvar (cvar "sv_maxupdaterate") (value "100")
L 07/14/2025 - 18:29:35: [basecommands.smx] "Console<0><Console><Console>" changed cvar (cvar "sv_mincmdrate") (value "100")
L 07/14/2025 - 18:29:35: [basecommands.smx] "Console<0><Console><Console>" changed cvar (cvar "sv_maxcmdrate") (value "100")
L 07/14/2025 - 18:29:35: [basecommands.smx] "Console<0><Console><Console>" changed cvar (cvar "sv_client_min_interp_ratio") (value "-1")
L 07/14/2025 - 18:29:35: [basecommands.smx] "Console<0><Console><Console>" changed cvar (cvar "sv_client_max_interp_ratio") (value "0")
L 07/14/2025 - 18:29:35: [basecommands.smx] "Console<0><Console><Console>" changed cvar (cvar "nb_update_frequency") (value "0.014")
L 07/14/2025 - 18:29:35: [basecommands.smx] "Console<0><Console><Console>" changed cvar (cvar "net_splitpacket_maxrate") (value "50000")
L 07/14/2025 - 18:29:35: [basecommands.smx] "Console<0><Console><Console>" changed cvar (cvar "net_maxcleartime") (value "0.0001")
L 07/14/2025 - 18:29:35: [basecommands.smx] "Console<0><Console><Console>" changed cvar (cvar "fps_max") (value "0")
L 07/14/2025 - 18:29:35: [basecommands.smx] "Console<0><Console><Console>" changed cvar (cvar "tick_door_speed") (value "1.3")
L 07/14/2025 - 18:29:35: [basecommands.smx] "Console<0><Console><Console>" changed cvar (cvar "mv_maxplayers") (value "30")
L 07/14/2025 - 18:29:35: [basecommands.smx] "Console<0><Console><Console>" changed cvar (cvar "mp_autoteambalance") (value "0")
L 07/14/2025 - 18:29:35: [basecommands.smx] "Console<0><Console><Console>" changed cvar (cvar "sv_unlag_fixstuck") (value "1")
L 07/14/2025 - 18:29:35: [basecommands.smx] "Console<0><Console><Console>" changed cvar (cvar "z_brawl_chance") (value "0")
L 07/14/2025 - 18:29:35: [basecommands.smx] "Console<0><Console><Console>" changed cvar (cvar "sv_maxunlag") (value "1")
L 07/14/2025 - 18:29:35: [basecommands.smx] "Console<0><Console><Console>" changed cvar (cvar "sv_forcepreload") (value "1")
L 07/14/2025 - 18:29:35: [basecommands.smx] "Console<0><Console><Console>" changed cvar (cvar "sv_client_predict") (value "1")
L 07/14/2025 - 18:29:35: [basecommands.smx] "Console<0><Console><Console>" changed cvar (cvar "sv_client_cmdrate_difference") (value "0")
L 07/14/2025 - 18:29:35: [basecommands.smx] "Console<0><Console><Console>" changed cvar (cvar "sv_max_queries_sec_global") (value "10")
L 07/14/2025 - 18:29:35: [basecommands.smx] "Console<0><Console><Console>" changed cvar (cvar "sv_max_queries_sec") (value "3")
L 07/14/2025 - 18:29:35: [basecommands.smx] "Console<0><Console><Console>" changed cvar (cvar "sv_max_queries_window") (value "10")
L 07/14/2025 - 18:29:35: [basecommands.smx] "Console<0><Console><Console>" changed cvar (cvar "sv_player_stuck_tolerance") (value "5")
L 07/14/2025 - 18:29:35: [basecommands.smx] "Console<0><Console><Console>" changed cvar (cvar "sv_stats") (value "0")
L 07/14/2025 - 18:29:35: [basecommands.smx] "Console<0><Console><Console>" changed cvar (cvar "sv_clockcorrection_msecs") (value "25")
L 07/14/2025 - 18:29:35: [optional/chat-processor.smx] Message formats generated for game 'left4dead2'.
L 07/14/2025 - 18:29:35: [optional/chat-processor.smx] Successfully hooked a SayText2 chat hook.
L 07/14/2025 - 18:29:36: [optional/l4d2_saferoom_item_remove.smx] Removed 0 saferoom item(s) (start: 0; end: 0).
L 07/14/2025 - 18:33:40: -------- Mapchange to c2m1_highway --------
L 07/14/2025 - 18:33:42: [basecommands.smx] "Console<0><Console><Console>" changed cvar (cvar "confogl_match_execcfg_plugins") (value "generalfixes.cfg;confogl_plugins.cfg;sharedplugins.cfg")
L 07/14/2025 - 18:33:42: [basecommands.smx] "Console<0><Console><Console>" changed cvar (cvar "l4d2_addons_eclipse") (value "0")
L 07/14/2025 - 18:33:42: [basecommands.smx] "Console<0><Console><Console>" changed cvar (cvar "sv_allow_wait_command") (value "0")
L 07/14/2025 - 18:33:42: [basecommands.smx] "Console<0><Console><Console>" changed cvar (cvar "sv_minrate") (value "100000")
L 07/14/2025 - 18:33:42: [basecommands.smx] "Console<0><Console><Console>" changed cvar (cvar "sv_maxrate") (value "100000")
L 07/14/2025 - 18:33:42: [basecommands.smx] "Console<0><Console><Console>" changed cvar (cvar "sv_minupdaterate") (value "100")
L 07/14/2025 - 18:33:42: [basecommands.smx] "Console<0><Console><Console>" changed cvar (cvar "sv_maxupdaterate") (value "100")
L 07/14/2025 - 18:33:42: [basecommands.smx] "Console<0><Console><Console>" changed cvar (cvar "sv_mincmdrate") (value "100")
L 07/14/2025 - 18:33:42: [basecommands.smx] "Console<0><Console><Console>" changed cvar (cvar "sv_maxcmdrate") (value "100")
L 07/14/2025 - 18:33:42: [basecommands.smx] "Console<0><Console><Console>" changed cvar (cvar "sv_client_min_interp_ratio") (value "-1")
L 07/14/2025 - 18:33:42: [basecommands.smx] "Console<0><Console><Console>" changed cvar (cvar "sv_client_max_interp_ratio") (value "0")
L 07/14/2025 - 18:33:42: [basecommands.smx] "Console<0><Console><Console>" changed cvar (cvar "nb_update_frequency") (value "0.014")
L 07/14/2025 - 18:33:42: [basecommands.smx] "Console<0><Console><Console>" changed cvar (cvar "net_splitpacket_maxrate") (value "50000")
L 07/14/2025 - 18:33:42: [basecommands.smx] "Console<0><Console><Console>" changed cvar (cvar "net_maxcleartime") (value "0.0001")
L 07/14/2025 - 18:33:42: [basecommands.smx] "Console<0><Console><Console>" changed cvar (cvar "fps_max") (value "0")
L 07/14/2025 - 18:33:42: [basecommands.smx] "Console<0><Console><Console>" changed cvar (cvar "tick_door_speed") (value "1.3")
L 07/14/2025 - 18:33:42: [basecommands.smx] "Console<0><Console><Console>" changed cvar (cvar "mv_maxplayers") (value "30")
L 07/14/2025 - 18:33:42: [basecommands.smx] "Console<0><Console><Console>" changed cvar (cvar "mp_autoteambalance") (value "0")
L 07/14/2025 - 18:33:42: [basecommands.smx] "Console<0><Console><Console>" changed cvar (cvar "sv_unlag_fixstuck") (value "1")
L 07/14/2025 - 18:33:42: [basecommands.smx] "Console<0><Console><Console>" changed cvar (cvar "z_brawl_chance") (value "0")
L 07/14/2025 - 18:33:42: [basecommands.smx] "Console<0><Console><Console>" changed cvar (cvar "sv_maxunlag") (value "1")
L 07/14/2025 - 18:33:42: [basecommands.smx] "Console<0><Console><Console>" changed cvar (cvar "sv_forcepreload") (value "1")
L 07/14/2025 - 18:33:42: [basecommands.smx] "Console<0><Console><Console>" changed cvar (cvar "sv_client_predict") (value "1")
L 07/14/2025 - 18:33:42: [basecommands.smx] "Console<0><Console><Console>" changed cvar (cvar "sv_client_cmdrate_difference") (value "0")
L 07/14/2025 - 18:33:42: [basecommands.smx] "Console<0><Console><Console>" changed cvar (cvar "sv_max_queries_sec_global") (value "10")
L 07/14/2025 - 18:33:42: [basecommands.smx] "Console<0><Console><Console>" changed cvar (cvar "sv_max_queries_sec") (value "3")
L 07/14/2025 - 18:33:42: [basecommands.smx] "Console<0><Console><Console>" changed cvar (cvar "sv_max_queries_window") (value "10")
L 07/14/2025 - 18:33:42: [basecommands.smx] "Console<0><Console><Console>" changed cvar (cvar "sv_player_stuck_tolerance") (value "5")
L 07/14/2025 - 18:33:42: [basecommands.smx] "Console<0><Console><Console>" changed cvar (cvar "sv_stats") (value "0")
L 07/14/2025 - 18:33:42: [basecommands.smx] "Console<0><Console><Console>" changed cvar (cvar "sv_clockcorrection_msecs") (value "25")
L 07/14/2025 - 18:33:42: [optional/chat-processor.smx] Message formats generated for game 'left4dead2'.
L 07/14/2025 - 18:33:42: [optional/chat-processor.smx] Successfully hooked a SayText2 chat hook.
L 07/14/2025 - 18:33:43: [optional/l4d2_saferoom_item_remove.smx] Removed 0 saferoom item(s) (start: 0; end: 0).
L 07/14/2025 - 18:35:33: SourceMod log file session started (file "/root/Steam/steamapps/common/L4D21/left4dead2/addons/sourcemod/logs/L20250714.log") (Version "1.12.0.7195")
L 07/14/2025 - 18:35:33: [fixes/firebulletsfix.smx] Found offset for Weapon_ShootPosition 286
L 07/14/2025 - 18:35:35: [basecommands.smx] "Console<0><Console><Console>" changed cvar (cvar "confogl_match_execcfg_plugins") (value "generalfixes.cfg;confogl_plugins.cfg;sharedplugins.cfg")
L 07/14/2025 - 18:35:35: [basecommands.smx] "Console<0><Console><Console>" changed cvar (cvar "l4d2_addons_eclipse") (value "0")
L 07/14/2025 - 18:35:35: [basecommands.smx] "Console<0><Console><Console>" changed cvar (cvar "sv_allow_wait_command") (value "0")
L 07/14/2025 - 18:35:35: [basecommands.smx] "Console<0><Console><Console>" changed cvar (cvar "sv_minrate") (value "100000")
L 07/14/2025 - 18:35:35: [basecommands.smx] "Console<0><Console><Console>" changed cvar (cvar "sv_maxrate") (value "100000")
L 07/14/2025 - 18:35:35: [basecommands.smx] "Console<0><Console><Console>" changed cvar (cvar "sv_minupdaterate") (value "100")
L 07/14/2025 - 18:35:35: [basecommands.smx] "Console<0><Console><Console>" changed cvar (cvar "sv_maxupdaterate") (value "100")
L 07/14/2025 - 18:35:35: [basecommands.smx] "Console<0><Console><Console>" changed cvar (cvar "sv_mincmdrate") (value "100")
L 07/14/2025 - 18:35:35: [basecommands.smx] "Console<0><Console><Console>" changed cvar (cvar "sv_maxcmdrate") (value "100")
L 07/14/2025 - 18:35:35: [basecommands.smx] "Console<0><Console><Console>" changed cvar (cvar "sv_client_min_interp_ratio") (value "-1")
L 07/14/2025 - 18:35:35: [basecommands.smx] "Console<0><Console><Console>" changed cvar (cvar "sv_client_max_interp_ratio") (value "0")
L 07/14/2025 - 18:35:35: [basecommands.smx] "Console<0><Console><Console>" changed cvar (cvar "nb_update_frequency") (value "0.014")
L 07/14/2025 - 18:35:35: [basecommands.smx] "Console<0><Console><Console>" changed cvar (cvar "net_splitpacket_maxrate") (value "50000")
L 07/14/2025 - 18:35:35: [basecommands.smx] "Console<0><Console><Console>" changed cvar (cvar "net_maxcleartime") (value "0.0001")
L 07/14/2025 - 18:35:35: [basecommands.smx] "Console<0><Console><Console>" changed cvar (cvar "fps_max") (value "0")
L 07/14/2025 - 18:35:35: [basecommands.smx] "Console<0><Console><Console>" changed cvar (cvar "tick_door_speed") (value "1.3")
L 07/14/2025 - 18:35:35: [basecommands.smx] "Console<0><Console><Console>" changed cvar (cvar "mv_maxplayers") (value "30")
L 07/14/2025 - 18:35:35: [basecommands.smx] "Console<0><Console><Console>" changed cvar (cvar "mp_autoteambalance") (value "0")
L 07/14/2025 - 18:35:35: [basecommands.smx] "Console<0><Console><Console>" changed cvar (cvar "sv_unlag_fixstuck") (value "1")
L 07/14/2025 - 18:35:35: [basecommands.smx] "Console<0><Console><Console>" changed cvar (cvar "z_brawl_chance") (value "0")
L 07/14/2025 - 18:35:35: [basecommands.smx] "Console<0><Console><Console>" changed cvar (cvar "sv_maxunlag") (value "1")
L 07/14/2025 - 18:35:35: [basecommands.smx] "Console<0><Console><Console>" changed cvar (cvar "sv_forcepreload") (value "1")
L 07/14/2025 - 18:35:35: [basecommands.smx] "Console<0><Console><Console>" changed cvar (cvar "sv_client_predict") (value "1")
L 07/14/2025 - 18:35:35: [basecommands.smx] "Console<0><Console><Console>" changed cvar (cvar "sv_client_cmdrate_difference") (value "0")
L 07/14/2025 - 18:35:35: [basecommands.smx] "Console<0><Console><Console>" changed cvar (cvar "sv_max_queries_sec_global") (value "10")
L 07/14/2025 - 18:35:35: [basecommands.smx] "Console<0><Console><Console>" changed cvar (cvar "sv_max_queries_sec") (value "3")
L 07/14/2025 - 18:35:35: [basecommands.smx] "Console<0><Console><Console>" changed cvar (cvar "sv_max_queries_window") (value "10")
L 07/14/2025 - 18:35:35: [basecommands.smx] "Console<0><Console><Console>" changed cvar (cvar "sv_player_stuck_tolerance") (value "5")
L 07/14/2025 - 18:35:35: [basecommands.smx] "Console<0><Console><Console>" changed cvar (cvar "sv_stats") (value "0")
L 07/14/2025 - 18:35:35: [basecommands.smx] "Console<0><Console><Console>" changed cvar (cvar "sv_clockcorrection_msecs") (value "25")
L 07/14/2025 - 18:35:35: [basecommands.smx] "Console<0><Console><Console>" changed cvar (cvar "survivor_max_incapacitated_count") (value "2")
L 07/14/2025 - 18:35:36: [fixes/firebulletsfix.smx] Found offset for Weapon_ShootPosition 286
L 07/14/2025 - 18:35:36: [optional/l4d2_item_hint.smx] 
==========
Warning: You should install "[L4D & L4D2] Use Priority Patch" to fix attached models blocking +USE action (item hint): https://forums.alliedmods.net/showthread.php?t=327511
==========

L 07/14/2025 - 18:35:36: [GEOIP] GeoIP2 database loaded: GeoLite2-Country (2023-12-22 14:46:10 UTC) (/root/Steam/steamapps/common/L4D21/left4dead2/addons/sourcemod/configs/geoip/GeoLite2-Country.mmdb)
L 07/14/2025 - 18:35:36: [GEOIP] GeoIP2 supported languages: de en es fr ja pt-BR ru zh-CN
L 07/14/2025 - 18:35:36: [GEOIP] Your database is older than 90 days. You should consider downloading a newer version from e.g. https://dev.maxmind.com/geoip/geolite2-free-geolocation-data
L 07/14/2025 - 18:35:37: [optional/chat-processor.smx] Message formats generated for game 'left4dead2'.
L 07/14/2025 - 18:35:37: [optional/chat-processor.smx] Successfully hooked a SayText2 chat hook.
L 07/14/2025 - 18:35:40: -------- Mapchange to c2m1_highway --------
L 07/14/2025 - 18:35:41: [basecommands.smx] "Console<0><Console><Console>" changed cvar (cvar "confogl_match_execcfg_plugins") (value "generalfixes.cfg;confogl_plugins.cfg;sharedplugins.cfg")
L 07/14/2025 - 18:35:41: [basecommands.smx] "Console<0><Console><Console>" changed cvar (cvar "l4d2_addons_eclipse") (value "0")
L 07/14/2025 - 18:35:41: [basecommands.smx] "Console<0><Console><Console>" changed cvar (cvar "sv_allow_wait_command") (value "0")
L 07/14/2025 - 18:35:41: [basecommands.smx] "Console<0><Console><Console>" changed cvar (cvar "sv_minrate") (value "100000")
L 07/14/2025 - 18:35:41: [basecommands.smx] "Console<0><Console><Console>" changed cvar (cvar "sv_maxrate") (value "100000")
L 07/14/2025 - 18:35:41: [basecommands.smx] "Console<0><Console><Console>" changed cvar (cvar "sv_minupdaterate") (value "100")
L 07/14/2025 - 18:35:41: [basecommands.smx] "Console<0><Console><Console>" changed cvar (cvar "sv_maxupdaterate") (value "100")
L 07/14/2025 - 18:35:41: [basecommands.smx] "Console<0><Console><Console>" changed cvar (cvar "sv_mincmdrate") (value "100")
L 07/14/2025 - 18:35:41: [basecommands.smx] "Console<0><Console><Console>" changed cvar (cvar "sv_maxcmdrate") (value "100")
L 07/14/2025 - 18:35:41: [basecommands.smx] "Console<0><Console><Console>" changed cvar (cvar "sv_client_min_interp_ratio") (value "-1")
L 07/14/2025 - 18:35:41: [basecommands.smx] "Console<0><Console><Console>" changed cvar (cvar "sv_client_max_interp_ratio") (value "0")
L 07/14/2025 - 18:35:41: [basecommands.smx] "Console<0><Console><Console>" changed cvar (cvar "nb_update_frequency") (value "0.014")
L 07/14/2025 - 18:35:41: [basecommands.smx] "Console<0><Console><Console>" changed cvar (cvar "net_splitpacket_maxrate") (value "50000")
L 07/14/2025 - 18:35:41: [basecommands.smx] "Console<0><Console><Console>" changed cvar (cvar "net_maxcleartime") (value "0.0001")
L 07/14/2025 - 18:35:41: [basecommands.smx] "Console<0><Console><Console>" changed cvar (cvar "fps_max") (value "0")
L 07/14/2025 - 18:35:41: [basecommands.smx] "Console<0><Console><Console>" changed cvar (cvar "tick_door_speed") (value "1.3")
L 07/14/2025 - 18:35:41: [basecommands.smx] "Console<0><Console><Console>" changed cvar (cvar "mv_maxplayers") (value "30")
L 07/14/2025 - 18:35:41: [basecommands.smx] "Console<0><Console><Console>" changed cvar (cvar "mp_autoteambalance") (value "0")
L 07/14/2025 - 18:35:41: [basecommands.smx] "Console<0><Console><Console>" changed cvar (cvar "sv_unlag_fixstuck") (value "1")
L 07/14/2025 - 18:35:41: [basecommands.smx] "Console<0><Console><Console>" changed cvar (cvar "z_brawl_chance") (value "0")
L 07/14/2025 - 18:35:41: [basecommands.smx] "Console<0><Console><Console>" changed cvar (cvar "sv_maxunlag") (value "1")
L 07/14/2025 - 18:35:41: [basecommands.smx] "Console<0><Console><Console>" changed cvar (cvar "sv_forcepreload") (value "1")
L 07/14/2025 - 18:35:41: [basecommands.smx] "Console<0><Console><Console>" changed cvar (cvar "sv_client_predict") (value "1")
L 07/14/2025 - 18:35:41: [basecommands.smx] "Console<0><Console><Console>" changed cvar (cvar "sv_client_cmdrate_difference") (value "0")
L 07/14/2025 - 18:35:41: [basecommands.smx] "Console<0><Console><Console>" changed cvar (cvar "sv_max_queries_sec_global") (value "10")
L 07/14/2025 - 18:35:41: [basecommands.smx] "Console<0><Console><Console>" changed cvar (cvar "sv_max_queries_sec") (value "3")
L 07/14/2025 - 18:35:41: [basecommands.smx] "Console<0><Console><Console>" changed cvar (cvar "sv_max_queries_window") (value "10")
L 07/14/2025 - 18:35:41: [basecommands.smx] "Console<0><Console><Console>" changed cvar (cvar "sv_player_stuck_tolerance") (value "5")
L 07/14/2025 - 18:35:41: [basecommands.smx] "Console<0><Console><Console>" changed cvar (cvar "sv_stats") (value "0")
L 07/14/2025 - 18:35:41: [basecommands.smx] "Console<0><Console><Console>" changed cvar (cvar "sv_clockcorrection_msecs") (value "25")
L 07/14/2025 - 18:35:42: [optional/chat-processor.smx] Message formats generated for game 'left4dead2'.
L 07/14/2025 - 18:35:42: [optional/chat-processor.smx] Successfully hooked a SayText2 chat hook.
L 07/14/2025 - 18:35:43: [optional/l4d2_saferoom_item_remove.smx] Removed 0 saferoom item(s) (start: 0; end: 0).
L 07/14/2025 - 18:36:07: [fixes/firebulletsfix.smx] Found offset for Weapon_ShootPosition 286
L 07/14/2025 - 18:36:08: [confoglcompmod.smx] [PasswordSystem] Set password on (ᗜᴗᗜ), password 
L 07/14/2025 - 18:36:08: [optional/l4d2_item_hint.smx] 
==========
Warning: You should install "[L4D & L4D2] Use Priority Patch" to fix attached models blocking +USE action (item hint): https://forums.alliedmods.net/showthread.php?t=327511
==========

L 07/14/2025 - 18:36:08: [optional/chat-processor.smx] Message formats generated for game 'left4dead2'.
L 07/14/2025 - 18:36:08: [optional/chat-processor.smx] Successfully hooked a SayText2 chat hook.
L 07/14/2025 - 18:36:11: -------- Mapchange to c2m1_highway --------
L 07/14/2025 - 18:36:12: [basecommands.smx] "Console<0><Console><Console>" changed cvar (cvar "confogl_match_execcfg_plugins") (value "generalfixes.cfg;confogl_plugins.cfg;sharedplugins.cfg")
L 07/14/2025 - 18:36:12: [basecommands.smx] "Console<0><Console><Console>" changed cvar (cvar "l4d2_addons_eclipse") (value "0")
L 07/14/2025 - 18:36:12: [basecommands.smx] "Console<0><Console><Console>" changed cvar (cvar "sv_allow_wait_command") (value "0")
L 07/14/2025 - 18:36:12: [basecommands.smx] "Console<0><Console><Console>" changed cvar (cvar "sv_minrate") (value "100000")
L 07/14/2025 - 18:36:12: [basecommands.smx] "Console<0><Console><Console>" changed cvar (cvar "sv_maxrate") (value "100000")
L 07/14/2025 - 18:36:12: [basecommands.smx] "Console<0><Console><Console>" changed cvar (cvar "sv_minupdaterate") (value "100")
L 07/14/2025 - 18:36:12: [basecommands.smx] "Console<0><Console><Console>" changed cvar (cvar "sv_maxupdaterate") (value "100")
L 07/14/2025 - 18:36:12: [basecommands.smx] "Console<0><Console><Console>" changed cvar (cvar "sv_mincmdrate") (value "100")
L 07/14/2025 - 18:36:12: [basecommands.smx] "Console<0><Console><Console>" changed cvar (cvar "sv_maxcmdrate") (value "100")
L 07/14/2025 - 18:36:12: [basecommands.smx] "Console<0><Console><Console>" changed cvar (cvar "sv_client_min_interp_ratio") (value "-1")
L 07/14/2025 - 18:36:12: [basecommands.smx] "Console<0><Console><Console>" changed cvar (cvar "sv_client_max_interp_ratio") (value "0")
L 07/14/2025 - 18:36:12: [basecommands.smx] "Console<0><Console><Console>" changed cvar (cvar "nb_update_frequency") (value "0.014")
L 07/14/2025 - 18:36:12: [basecommands.smx] "Console<0><Console><Console>" changed cvar (cvar "net_splitpacket_maxrate") (value "50000")
L 07/14/2025 - 18:36:12: [basecommands.smx] "Console<0><Console><Console>" changed cvar (cvar "net_maxcleartime") (value "0.0001")
L 07/14/2025 - 18:36:12: [basecommands.smx] "Console<0><Console><Console>" changed cvar (cvar "fps_max") (value "0")
L 07/14/2025 - 18:36:12: [basecommands.smx] "Console<0><Console><Console>" changed cvar (cvar "tick_door_speed") (value "1.3")
L 07/14/2025 - 18:36:12: [basecommands.smx] "Console<0><Console><Console>" changed cvar (cvar "mv_maxplayers") (value "30")
L 07/14/2025 - 18:36:12: [basecommands.smx] "Console<0><Console><Console>" changed cvar (cvar "mp_autoteambalance") (value "0")
L 07/14/2025 - 18:36:12: [basecommands.smx] "Console<0><Console><Console>" changed cvar (cvar "sv_unlag_fixstuck") (value "1")
L 07/14/2025 - 18:36:12: [basecommands.smx] "Console<0><Console><Console>" changed cvar (cvar "z_brawl_chance") (value "0")
L 07/14/2025 - 18:36:12: [basecommands.smx] "Console<0><Console><Console>" changed cvar (cvar "sv_maxunlag") (value "1")
L 07/14/2025 - 18:36:12: [basecommands.smx] "Console<0><Console><Console>" changed cvar (cvar "sv_forcepreload") (value "1")
L 07/14/2025 - 18:36:12: [basecommands.smx] "Console<0><Console><Console>" changed cvar (cvar "sv_client_predict") (value "1")
L 07/14/2025 - 18:36:12: [basecommands.smx] "Console<0><Console><Console>" changed cvar (cvar "sv_client_cmdrate_difference") (value "0")
L 07/14/2025 - 18:36:12: [basecommands.smx] "Console<0><Console><Console>" changed cvar (cvar "sv_max_queries_sec_global") (value "10")
L 07/14/2025 - 18:36:12: [basecommands.smx] "Console<0><Console><Console>" changed cvar (cvar "sv_max_queries_sec") (value "3")
L 07/14/2025 - 18:36:12: [basecommands.smx] "Console<0><Console><Console>" changed cvar (cvar "sv_max_queries_window") (value "10")
L 07/14/2025 - 18:36:12: [basecommands.smx] "Console<0><Console><Console>" changed cvar (cvar "sv_player_stuck_tolerance") (value "5")
L 07/14/2025 - 18:36:12: [basecommands.smx] "Console<0><Console><Console>" changed cvar (cvar "sv_stats") (value "0")
L 07/14/2025 - 18:36:12: [basecommands.smx] "Console<0><Console><Console>" changed cvar (cvar "sv_clockcorrection_msecs") (value "25")
L 07/14/2025 - 18:36:13: [optional/chat-processor.smx] Message formats generated for game 'left4dead2'.
L 07/14/2025 - 18:36:13: [optional/chat-processor.smx] Successfully hooked a SayText2 chat hook.
L 07/14/2025 - 18:36:14: [optional/l4d2_saferoom_item_remove.smx] Removed 0 saferoom item(s) (start: 0; end: 0).
L 07/14/2025 - 18:37:05: [optional/l4d2_saferoom_item_remove.smx] Removed 0 saferoom item(s) (start: 0; end: 0).
L 07/14/2025 - 18:41:58: -------- Mapchange to c2m2_fairgrounds --------
L 07/14/2025 - 18:41:59: [basecommands.smx] "Console<0><Console><Console>" changed cvar (cvar "confogl_match_execcfg_plugins") (value "generalfixes.cfg;confogl_plugins.cfg;sharedplugins.cfg")
L 07/14/2025 - 18:41:59: [basecommands.smx] "Console<0><Console><Console>" changed cvar (cvar "l4d2_addons_eclipse") (value "0")
L 07/14/2025 - 18:41:59: [basecommands.smx] "Console<0><Console><Console>" changed cvar (cvar "sv_allow_wait_command") (value "0")
L 07/14/2025 - 18:41:59: [basecommands.smx] "Console<0><Console><Console>" changed cvar (cvar "sv_minrate") (value "100000")
L 07/14/2025 - 18:41:59: [basecommands.smx] "Console<0><Console><Console>" changed cvar (cvar "sv_maxrate") (value "100000")
L 07/14/2025 - 18:41:59: [basecommands.smx] "Console<0><Console><Console>" changed cvar (cvar "sv_minupdaterate") (value "100")
L 07/14/2025 - 18:41:59: [basecommands.smx] "Console<0><Console><Console>" changed cvar (cvar "sv_maxupdaterate") (value "100")
L 07/14/2025 - 18:41:59: [basecommands.smx] "Console<0><Console><Console>" changed cvar (cvar "sv_mincmdrate") (value "100")
L 07/14/2025 - 18:41:59: [basecommands.smx] "Console<0><Console><Console>" changed cvar (cvar "sv_maxcmdrate") (value "100")
L 07/14/2025 - 18:41:59: [basecommands.smx] "Console<0><Console><Console>" changed cvar (cvar "sv_client_min_interp_ratio") (value "-1")
L 07/14/2025 - 18:41:59: [basecommands.smx] "Console<0><Console><Console>" changed cvar (cvar "sv_client_max_interp_ratio") (value "0")
L 07/14/2025 - 18:41:59: [basecommands.smx] "Console<0><Console><Console>" changed cvar (cvar "nb_update_frequency") (value "0.014")
L 07/14/2025 - 18:41:59: [basecommands.smx] "Console<0><Console><Console>" changed cvar (cvar "net_splitpacket_maxrate") (value "50000")
L 07/14/2025 - 18:41:59: [basecommands.smx] "Console<0><Console><Console>" changed cvar (cvar "net_maxcleartime") (value "0.0001")
L 07/14/2025 - 18:41:59: [basecommands.smx] "Console<0><Console><Console>" changed cvar (cvar "fps_max") (value "0")
L 07/14/2025 - 18:41:59: [basecommands.smx] "Console<0><Console><Console>" changed cvar (cvar "tick_door_speed") (value "1.3")
L 07/14/2025 - 18:41:59: [basecommands.smx] "Console<0><Console><Console>" changed cvar (cvar "mv_maxplayers") (value "30")
L 07/14/2025 - 18:41:59: [basecommands.smx] "Console<0><Console><Console>" changed cvar (cvar "mp_autoteambalance") (value "0")
L 07/14/2025 - 18:41:59: [basecommands.smx] "Console<0><Console><Console>" changed cvar (cvar "sv_unlag_fixstuck") (value "1")
L 07/14/2025 - 18:41:59: [basecommands.smx] "Console<0><Console><Console>" changed cvar (cvar "z_brawl_chance") (value "0")
L 07/14/2025 - 18:41:59: [basecommands.smx] "Console<0><Console><Console>" changed cvar (cvar "sv_maxunlag") (value "1")
L 07/14/2025 - 18:41:59: [basecommands.smx] "Console<0><Console><Console>" changed cvar (cvar "sv_forcepreload") (value "1")
L 07/14/2025 - 18:41:59: [basecommands.smx] "Console<0><Console><Console>" changed cvar (cvar "sv_client_predict") (value "1")
L 07/14/2025 - 18:41:59: [basecommands.smx] "Console<0><Console><Console>" changed cvar (cvar "sv_client_cmdrate_difference") (value "0")
L 07/14/2025 - 18:41:59: [basecommands.smx] "Console<0><Console><Console>" changed cvar (cvar "sv_max_queries_sec_global") (value "10")
L 07/14/2025 - 18:41:59: [basecommands.smx] "Console<0><Console><Console>" changed cvar (cvar "sv_max_queries_sec") (value "3")
L 07/14/2025 - 18:41:59: [basecommands.smx] "Console<0><Console><Console>" changed cvar (cvar "sv_max_queries_window") (value "10")
L 07/14/2025 - 18:41:59: [basecommands.smx] "Console<0><Console><Console>" changed cvar (cvar "sv_player_stuck_tolerance") (value "5")
L 07/14/2025 - 18:41:59: [basecommands.smx] "Console<0><Console><Console>" changed cvar (cvar "sv_stats") (value "0")
L 07/14/2025 - 18:41:59: [basecommands.smx] "Console<0><Console><Console>" changed cvar (cvar "sv_clockcorrection_msecs") (value "25")
L 07/14/2025 - 18:41:59: [optional/chat-processor.smx] Message formats generated for game 'left4dead2'.
L 07/14/2025 - 18:41:59: [optional/chat-processor.smx] Successfully hooked a SayText2 chat hook.
L 07/14/2025 - 18:42:00: [optional/l4d2_saferoom_item_remove.smx] Removed 0 saferoom item(s) (start: 0; end: 0).
L 07/14/2025 - 18:45:53: [optional/l4d2_saferoom_item_remove.smx] Removed 0 saferoom item(s) (start: 0; end: 0).
L 07/14/2025 - 18:48:49: -------- Mapchange to c2m3_coaster --------
L 07/14/2025 - 18:48:50: [basecommands.smx] "Console<0><Console><Console>" changed cvar (cvar "confogl_match_execcfg_plugins") (value "generalfixes.cfg;confogl_plugins.cfg;sharedplugins.cfg")
L 07/14/2025 - 18:48:50: [basecommands.smx] "Console<0><Console><Console>" changed cvar (cvar "l4d2_addons_eclipse") (value "0")
L 07/14/2025 - 18:48:50: [basecommands.smx] "Console<0><Console><Console>" changed cvar (cvar "sv_allow_wait_command") (value "0")
L 07/14/2025 - 18:48:50: [basecommands.smx] "Console<0><Console><Console>" changed cvar (cvar "sv_minrate") (value "100000")
L 07/14/2025 - 18:48:50: [basecommands.smx] "Console<0><Console><Console>" changed cvar (cvar "sv_maxrate") (value "100000")
L 07/14/2025 - 18:48:50: [basecommands.smx] "Console<0><Console><Console>" changed cvar (cvar "sv_minupdaterate") (value "100")
L 07/14/2025 - 18:48:50: [basecommands.smx] "Console<0><Console><Console>" changed cvar (cvar "sv_maxupdaterate") (value "100")
L 07/14/2025 - 18:48:50: [basecommands.smx] "Console<0><Console><Console>" changed cvar (cvar "sv_mincmdrate") (value "100")
L 07/14/2025 - 18:48:50: [basecommands.smx] "Console<0><Console><Console>" changed cvar (cvar "sv_maxcmdrate") (value "100")
L 07/14/2025 - 18:48:50: [basecommands.smx] "Console<0><Console><Console>" changed cvar (cvar "sv_client_min_interp_ratio") (value "-1")
L 07/14/2025 - 18:48:50: [basecommands.smx] "Console<0><Console><Console>" changed cvar (cvar "sv_client_max_interp_ratio") (value "0")
L 07/14/2025 - 18:48:50: [basecommands.smx] "Console<0><Console><Console>" changed cvar (cvar "nb_update_frequency") (value "0.014")
L 07/14/2025 - 18:48:50: [basecommands.smx] "Console<0><Console><Console>" changed cvar (cvar "net_splitpacket_maxrate") (value "50000")
L 07/14/2025 - 18:48:50: [basecommands.smx] "Console<0><Console><Console>" changed cvar (cvar "net_maxcleartime") (value "0.0001")
L 07/14/2025 - 18:48:50: [basecommands.smx] "Console<0><Console><Console>" changed cvar (cvar "fps_max") (value "0")
L 07/14/2025 - 18:48:50: [basecommands.smx] "Console<0><Console><Console>" changed cvar (cvar "tick_door_speed") (value "1.3")
L 07/14/2025 - 18:48:50: [basecommands.smx] "Console<0><Console><Console>" changed cvar (cvar "mv_maxplayers") (value "30")
L 07/14/2025 - 18:48:50: [basecommands.smx] "Console<0><Console><Console>" changed cvar (cvar "mp_autoteambalance") (value "0")
L 07/14/2025 - 18:48:50: [basecommands.smx] "Console<0><Console><Console>" changed cvar (cvar "sv_unlag_fixstuck") (value "1")
L 07/14/2025 - 18:48:50: [basecommands.smx] "Console<0><Console><Console>" changed cvar (cvar "z_brawl_chance") (value "0")
L 07/14/2025 - 18:48:50: [basecommands.smx] "Console<0><Console><Console>" changed cvar (cvar "sv_maxunlag") (value "1")
L 07/14/2025 - 18:48:50: [basecommands.smx] "Console<0><Console><Console>" changed cvar (cvar "sv_forcepreload") (value "1")
L 07/14/2025 - 18:48:50: [basecommands.smx] "Console<0><Console><Console>" changed cvar (cvar "sv_client_predict") (value "1")
L 07/14/2025 - 18:48:50: [basecommands.smx] "Console<0><Console><Console>" changed cvar (cvar "sv_client_cmdrate_difference") (value "0")
L 07/14/2025 - 18:48:50: [basecommands.smx] "Console<0><Console><Console>" changed cvar (cvar "sv_max_queries_sec_global") (value "10")
L 07/14/2025 - 18:48:50: [basecommands.smx] "Console<0><Console><Console>" changed cvar (cvar "sv_max_queries_sec") (value "3")
L 07/14/2025 - 18:48:50: [basecommands.smx] "Console<0><Console><Console>" changed cvar (cvar "sv_max_queries_window") (value "10")
L 07/14/2025 - 18:48:50: [basecommands.smx] "Console<0><Console><Console>" changed cvar (cvar "sv_player_stuck_tolerance") (value "5")
L 07/14/2025 - 18:48:50: [basecommands.smx] "Console<0><Console><Console>" changed cvar (cvar "sv_stats") (value "0")
L 07/14/2025 - 18:48:50: [basecommands.smx] "Console<0><Console><Console>" changed cvar (cvar "sv_clockcorrection_msecs") (value "25")
L 07/14/2025 - 18:48:50: [optional/chat-processor.smx] Message formats generated for game 'left4dead2'.
L 07/14/2025 - 18:48:50: [optional/chat-processor.smx] Successfully hooked a SayText2 chat hook.
L 07/14/2025 - 18:48:51: [optional/l4d2_saferoom_item_remove.smx] Removed 0 saferoom item(s) (start: 0; end: 0).
L 07/14/2025 - 18:52:56: [optional/l4d2_saferoom_item_remove.smx] Removed 0 saferoom item(s) (start: 0; end: 0).
L 07/14/2025 - 18:55:31: -------- Mapchange to c2m4_barns --------
L 07/14/2025 - 18:55:32: [basecommands.smx] "Console<0><Console><Console>" changed cvar (cvar "confogl_match_execcfg_plugins") (value "generalfixes.cfg;confogl_plugins.cfg;sharedplugins.cfg")
L 07/14/2025 - 18:55:32: [basecommands.smx] "Console<0><Console><Console>" changed cvar (cvar "l4d2_addons_eclipse") (value "0")
L 07/14/2025 - 18:55:32: [basecommands.smx] "Console<0><Console><Console>" changed cvar (cvar "sv_allow_wait_command") (value "0")
L 07/14/2025 - 18:55:32: [basecommands.smx] "Console<0><Console><Console>" changed cvar (cvar "sv_minrate") (value "100000")
L 07/14/2025 - 18:55:32: [basecommands.smx] "Console<0><Console><Console>" changed cvar (cvar "sv_maxrate") (value "100000")
L 07/14/2025 - 18:55:32: [basecommands.smx] "Console<0><Console><Console>" changed cvar (cvar "sv_minupdaterate") (value "100")
L 07/14/2025 - 18:55:32: [basecommands.smx] "Console<0><Console><Console>" changed cvar (cvar "sv_maxupdaterate") (value "100")
L 07/14/2025 - 18:55:32: [basecommands.smx] "Console<0><Console><Console>" changed cvar (cvar "sv_mincmdrate") (value "100")
L 07/14/2025 - 18:55:32: [basecommands.smx] "Console<0><Console><Console>" changed cvar (cvar "sv_maxcmdrate") (value "100")
L 07/14/2025 - 18:55:32: [basecommands.smx] "Console<0><Console><Console>" changed cvar (cvar "sv_client_min_interp_ratio") (value "-1")
L 07/14/2025 - 18:55:32: [basecommands.smx] "Console<0><Console><Console>" changed cvar (cvar "sv_client_max_interp_ratio") (value "0")
L 07/14/2025 - 18:55:32: [basecommands.smx] "Console<0><Console><Console>" changed cvar (cvar "nb_update_frequency") (value "0.014")
L 07/14/2025 - 18:55:32: [basecommands.smx] "Console<0><Console><Console>" changed cvar (cvar "net_splitpacket_maxrate") (value "50000")
L 07/14/2025 - 18:55:32: [basecommands.smx] "Console<0><Console><Console>" changed cvar (cvar "net_maxcleartime") (value "0.0001")
L 07/14/2025 - 18:55:32: [basecommands.smx] "Console<0><Console><Console>" changed cvar (cvar "fps_max") (value "0")
L 07/14/2025 - 18:55:32: [basecommands.smx] "Console<0><Console><Console>" changed cvar (cvar "tick_door_speed") (value "1.3")
L 07/14/2025 - 18:55:32: [basecommands.smx] "Console<0><Console><Console>" changed cvar (cvar "mv_maxplayers") (value "30")
L 07/14/2025 - 18:55:32: [basecommands.smx] "Console<0><Console><Console>" changed cvar (cvar "mp_autoteambalance") (value "0")
L 07/14/2025 - 18:55:32: [basecommands.smx] "Console<0><Console><Console>" changed cvar (cvar "sv_unlag_fixstuck") (value "1")
L 07/14/2025 - 18:55:32: [basecommands.smx] "Console<0><Console><Console>" changed cvar (cvar "z_brawl_chance") (value "0")
L 07/14/2025 - 18:55:32: [basecommands.smx] "Console<0><Console><Console>" changed cvar (cvar "sv_maxunlag") (value "1")
L 07/14/2025 - 18:55:32: [basecommands.smx] "Console<0><Console><Console>" changed cvar (cvar "sv_forcepreload") (value "1")
L 07/14/2025 - 18:55:32: [basecommands.smx] "Console<0><Console><Console>" changed cvar (cvar "sv_client_predict") (value "1")
L 07/14/2025 - 18:55:32: [basecommands.smx] "Console<0><Console><Console>" changed cvar (cvar "sv_client_cmdrate_difference") (value "0")
L 07/14/2025 - 18:55:32: [basecommands.smx] "Console<0><Console><Console>" changed cvar (cvar "sv_max_queries_sec_global") (value "10")
L 07/14/2025 - 18:55:32: [basecommands.smx] "Console<0><Console><Console>" changed cvar (cvar "sv_max_queries_sec") (value "3")
L 07/14/2025 - 18:55:32: [basecommands.smx] "Console<0><Console><Console>" changed cvar (cvar "sv_max_queries_window") (value "10")
L 07/14/2025 - 18:55:32: [basecommands.smx] "Console<0><Console><Console>" changed cvar (cvar "sv_player_stuck_tolerance") (value "5")
L 07/14/2025 - 18:55:32: [basecommands.smx] "Console<0><Console><Console>" changed cvar (cvar "sv_stats") (value "0")
L 07/14/2025 - 18:55:32: [basecommands.smx] "Console<0><Console><Console>" changed cvar (cvar "sv_clockcorrection_msecs") (value "25")
L 07/14/2025 - 18:55:32: [optional/chat-processor.smx] Message formats generated for game 'left4dead2'.
L 07/14/2025 - 18:55:32: [optional/chat-processor.smx] Successfully hooked a SayText2 chat hook.
L 07/14/2025 - 18:55:34: [optional/l4d2_saferoom_item_remove.smx] Removed 0 saferoom item(s) (start: 0; end: 0).
L 07/14/2025 - 18:59:48: [optional/l4d2_saferoom_item_remove.smx] Removed 0 saferoom item(s) (start: 0; end: 0).
L 07/14/2025 - 19:03:11: -------- Mapchange to c2m5_concert --------
L 07/14/2025 - 19:03:12: [basecommands.smx] "Console<0><Console><Console>" changed cvar (cvar "confogl_match_execcfg_plugins") (value "generalfixes.cfg;confogl_plugins.cfg;sharedplugins.cfg")
L 07/14/2025 - 19:03:12: [basecommands.smx] "Console<0><Console><Console>" changed cvar (cvar "l4d2_addons_eclipse") (value "0")
L 07/14/2025 - 19:03:12: [basecommands.smx] "Console<0><Console><Console>" changed cvar (cvar "sv_allow_wait_command") (value "0")
L 07/14/2025 - 19:03:12: [basecommands.smx] "Console<0><Console><Console>" changed cvar (cvar "sv_minrate") (value "100000")
L 07/14/2025 - 19:03:12: [basecommands.smx] "Console<0><Console><Console>" changed cvar (cvar "sv_maxrate") (value "100000")
L 07/14/2025 - 19:03:12: [basecommands.smx] "Console<0><Console><Console>" changed cvar (cvar "sv_minupdaterate") (value "100")
L 07/14/2025 - 19:03:12: [basecommands.smx] "Console<0><Console><Console>" changed cvar (cvar "sv_maxupdaterate") (value "100")
L 07/14/2025 - 19:03:12: [basecommands.smx] "Console<0><Console><Console>" changed cvar (cvar "sv_mincmdrate") (value "100")
L 07/14/2025 - 19:03:12: [basecommands.smx] "Console<0><Console><Console>" changed cvar (cvar "sv_maxcmdrate") (value "100")
L 07/14/2025 - 19:03:12: [basecommands.smx] "Console<0><Console><Console>" changed cvar (cvar "sv_client_min_interp_ratio") (value "-1")
L 07/14/2025 - 19:03:12: [basecommands.smx] "Console<0><Console><Console>" changed cvar (cvar "sv_client_max_interp_ratio") (value "0")
L 07/14/2025 - 19:03:12: [basecommands.smx] "Console<0><Console><Console>" changed cvar (cvar "nb_update_frequency") (value "0.014")
L 07/14/2025 - 19:03:12: [basecommands.smx] "Console<0><Console><Console>" changed cvar (cvar "net_splitpacket_maxrate") (value "50000")
L 07/14/2025 - 19:03:12: [basecommands.smx] "Console<0><Console><Console>" changed cvar (cvar "net_maxcleartime") (value "0.0001")
L 07/14/2025 - 19:03:12: [basecommands.smx] "Console<0><Console><Console>" changed cvar (cvar "fps_max") (value "0")
L 07/14/2025 - 19:03:12: [basecommands.smx] "Console<0><Console><Console>" changed cvar (cvar "tick_door_speed") (value "1.3")
L 07/14/2025 - 19:03:12: [basecommands.smx] "Console<0><Console><Console>" changed cvar (cvar "mv_maxplayers") (value "30")
L 07/14/2025 - 19:03:12: [basecommands.smx] "Console<0><Console><Console>" changed cvar (cvar "mp_autoteambalance") (value "0")
L 07/14/2025 - 19:03:12: [basecommands.smx] "Console<0><Console><Console>" changed cvar (cvar "sv_unlag_fixstuck") (value "1")
L 07/14/2025 - 19:03:12: [basecommands.smx] "Console<0><Console><Console>" changed cvar (cvar "z_brawl_chance") (value "0")
L 07/14/2025 - 19:03:12: [basecommands.smx] "Console<0><Console><Console>" changed cvar (cvar "sv_maxunlag") (value "1")
L 07/14/2025 - 19:03:12: [basecommands.smx] "Console<0><Console><Console>" changed cvar (cvar "sv_forcepreload") (value "1")
L 07/14/2025 - 19:03:12: [basecommands.smx] "Console<0><Console><Console>" changed cvar (cvar "sv_client_predict") (value "1")
L 07/14/2025 - 19:03:12: [basecommands.smx] "Console<0><Console><Console>" changed cvar (cvar "sv_client_cmdrate_difference") (value "0")
L 07/14/2025 - 19:03:12: [basecommands.smx] "Console<0><Console><Console>" changed cvar (cvar "sv_max_queries_sec_global") (value "10")
L 07/14/2025 - 19:03:12: [basecommands.smx] "Console<0><Console><Console>" changed cvar (cvar "sv_max_queries_sec") (value "3")
L 07/14/2025 - 19:03:12: [basecommands.smx] "Console<0><Console><Console>" changed cvar (cvar "sv_max_queries_window") (value "10")
L 07/14/2025 - 19:03:12: [basecommands.smx] "Console<0><Console><Console>" changed cvar (cvar "sv_player_stuck_tolerance") (value "5")
L 07/14/2025 - 19:03:12: [basecommands.smx] "Console<0><Console><Console>" changed cvar (cvar "sv_stats") (value "0")
L 07/14/2025 - 19:03:12: [basecommands.smx] "Console<0><Console><Console>" changed cvar (cvar "sv_clockcorrection_msecs") (value "25")
L 07/14/2025 - 19:03:12: [optional/chat-processor.smx] Message formats generated for game 'left4dead2'.
L 07/14/2025 - 19:03:12: [optional/chat-processor.smx] Successfully hooked a SayText2 chat hook.
L 07/14/2025 - 19:03:13: [optional/l4d2_saferoom_item_remove.smx] Removed 0 saferoom item(s) (start: 0; end: 0).
L 07/14/2025 - 19:04:04: SourceMod log file session started (file "/root/Steam/steamapps/common/L4D21/left4dead2/addons/sourcemod/logs/L20250714.log") (Version "1.12.0.7195")
L 07/14/2025 - 19:04:04: [fixes/firebulletsfix.smx] Found offset for Weapon_ShootPosition 286
L 07/14/2025 - 19:04:06: [basecommands.smx] "Console<0><Console><Console>" changed cvar (cvar "confogl_match_execcfg_plugins") (value "generalfixes.cfg;confogl_plugins.cfg;sharedplugins.cfg")
L 07/14/2025 - 19:04:06: [basecommands.smx] "Console<0><Console><Console>" changed cvar (cvar "l4d2_addons_eclipse") (value "0")
L 07/14/2025 - 19:04:06: [basecommands.smx] "Console<0><Console><Console>" changed cvar (cvar "sv_allow_wait_command") (value "0")
L 07/14/2025 - 19:04:06: [basecommands.smx] "Console<0><Console><Console>" changed cvar (cvar "sv_minrate") (value "100000")
L 07/14/2025 - 19:04:06: [basecommands.smx] "Console<0><Console><Console>" changed cvar (cvar "sv_maxrate") (value "100000")
L 07/14/2025 - 19:04:06: [basecommands.smx] "Console<0><Console><Console>" changed cvar (cvar "sv_minupdaterate") (value "100")
L 07/14/2025 - 19:04:06: [basecommands.smx] "Console<0><Console><Console>" changed cvar (cvar "sv_maxupdaterate") (value "100")
L 07/14/2025 - 19:04:06: [basecommands.smx] "Console<0><Console><Console>" changed cvar (cvar "sv_mincmdrate") (value "100")
L 07/14/2025 - 19:04:06: [basecommands.smx] "Console<0><Console><Console>" changed cvar (cvar "sv_maxcmdrate") (value "100")
L 07/14/2025 - 19:04:06: [basecommands.smx] "Console<0><Console><Console>" changed cvar (cvar "sv_client_min_interp_ratio") (value "-1")
L 07/14/2025 - 19:04:06: [basecommands.smx] "Console<0><Console><Console>" changed cvar (cvar "sv_client_max_interp_ratio") (value "0")
L 07/14/2025 - 19:04:06: [basecommands.smx] "Console<0><Console><Console>" changed cvar (cvar "nb_update_frequency") (value "0.014")
L 07/14/2025 - 19:04:06: [basecommands.smx] "Console<0><Console><Console>" changed cvar (cvar "net_splitpacket_maxrate") (value "50000")
L 07/14/2025 - 19:04:06: [basecommands.smx] "Console<0><Console><Console>" changed cvar (cvar "net_maxcleartime") (value "0.0001")
L 07/14/2025 - 19:04:06: [basecommands.smx] "Console<0><Console><Console>" changed cvar (cvar "fps_max") (value "0")
L 07/14/2025 - 19:04:06: [basecommands.smx] "Console<0><Console><Console>" changed cvar (cvar "tick_door_speed") (value "1.3")
L 07/14/2025 - 19:04:06: [basecommands.smx] "Console<0><Console><Console>" changed cvar (cvar "mv_maxplayers") (value "30")
L 07/14/2025 - 19:04:06: [basecommands.smx] "Console<0><Console><Console>" changed cvar (cvar "mp_autoteambalance") (value "0")
L 07/14/2025 - 19:04:06: [basecommands.smx] "Console<0><Console><Console>" changed cvar (cvar "sv_unlag_fixstuck") (value "1")
L 07/14/2025 - 19:04:06: [basecommands.smx] "Console<0><Console><Console>" changed cvar (cvar "z_brawl_chance") (value "0")
L 07/14/2025 - 19:04:06: [basecommands.smx] "Console<0><Console><Console>" changed cvar (cvar "sv_maxunlag") (value "1")
L 07/14/2025 - 19:04:06: [basecommands.smx] "Console<0><Console><Console>" changed cvar (cvar "sv_forcepreload") (value "1")
L 07/14/2025 - 19:04:06: [basecommands.smx] "Console<0><Console><Console>" changed cvar (cvar "sv_client_predict") (value "1")
L 07/14/2025 - 19:04:06: [basecommands.smx] "Console<0><Console><Console>" changed cvar (cvar "sv_client_cmdrate_difference") (value "0")
L 07/14/2025 - 19:04:06: [basecommands.smx] "Console<0><Console><Console>" changed cvar (cvar "sv_max_queries_sec_global") (value "10")
L 07/14/2025 - 19:04:06: [basecommands.smx] "Console<0><Console><Console>" changed cvar (cvar "sv_max_queries_sec") (value "3")
L 07/14/2025 - 19:04:06: [basecommands.smx] "Console<0><Console><Console>" changed cvar (cvar "sv_max_queries_window") (value "10")
L 07/14/2025 - 19:04:06: [basecommands.smx] "Console<0><Console><Console>" changed cvar (cvar "sv_player_stuck_tolerance") (value "5")
L 07/14/2025 - 19:04:06: [basecommands.smx] "Console<0><Console><Console>" changed cvar (cvar "sv_stats") (value "0")
L 07/14/2025 - 19:04:06: [basecommands.smx] "Console<0><Console><Console>" changed cvar (cvar "sv_clockcorrection_msecs") (value "25")
L 07/14/2025 - 19:04:06: [basecommands.smx] "Console<0><Console><Console>" changed cvar (cvar "survivor_max_incapacitated_count") (value "2")
L 07/14/2025 - 19:04:07: [fixes/firebulletsfix.smx] Found offset for Weapon_ShootPosition 286
L 07/14/2025 - 19:04:07: [optional/l4d2_item_hint.smx] 
==========
Warning: You should install "[L4D & L4D2] Use Priority Patch" to fix attached models blocking +USE action (item hint): https://forums.alliedmods.net/showthread.php?t=327511
==========

L 07/14/2025 - 19:04:07: [GEOIP] GeoIP2 database loaded: GeoLite2-Country (2023-12-22 14:46:10 UTC) (/root/Steam/steamapps/common/L4D21/left4dead2/addons/sourcemod/configs/geoip/GeoLite2-Country.mmdb)
L 07/14/2025 - 19:04:07: [GEOIP] GeoIP2 supported languages: de en es fr ja pt-BR ru zh-CN
L 07/14/2025 - 19:04:07: [GEOIP] Your database is older than 90 days. You should consider downloading a newer version from e.g. https://dev.maxmind.com/geoip/geolite2-free-geolocation-data
L 07/14/2025 - 19:04:07: [optional/chat-processor.smx] Message formats generated for game 'left4dead2'.
L 07/14/2025 - 19:04:07: [optional/chat-processor.smx] Successfully hooked a SayText2 chat hook.
L 07/14/2025 - 19:04:11: -------- Mapchange to c2m1_highway --------
L 07/14/2025 - 19:04:12: [basecommands.smx] "Console<0><Console><Console>" changed cvar (cvar "confogl_match_execcfg_plugins") (value "generalfixes.cfg;confogl_plugins.cfg;sharedplugins.cfg")
L 07/14/2025 - 19:04:12: [basecommands.smx] "Console<0><Console><Console>" changed cvar (cvar "l4d2_addons_eclipse") (value "0")
L 07/14/2025 - 19:04:12: [basecommands.smx] "Console<0><Console><Console>" changed cvar (cvar "sv_allow_wait_command") (value "0")
L 07/14/2025 - 19:04:12: [basecommands.smx] "Console<0><Console><Console>" changed cvar (cvar "sv_minrate") (value "100000")
L 07/14/2025 - 19:04:12: [basecommands.smx] "Console<0><Console><Console>" changed cvar (cvar "sv_maxrate") (value "100000")
L 07/14/2025 - 19:04:12: [basecommands.smx] "Console<0><Console><Console>" changed cvar (cvar "sv_minupdaterate") (value "100")
L 07/14/2025 - 19:04:12: [basecommands.smx] "Console<0><Console><Console>" changed cvar (cvar "sv_maxupdaterate") (value "100")
L 07/14/2025 - 19:04:12: [basecommands.smx] "Console<0><Console><Console>" changed cvar (cvar "sv_mincmdrate") (value "100")
L 07/14/2025 - 19:04:12: [basecommands.smx] "Console<0><Console><Console>" changed cvar (cvar "sv_maxcmdrate") (value "100")
L 07/14/2025 - 19:04:12: [basecommands.smx] "Console<0><Console><Console>" changed cvar (cvar "sv_client_min_interp_ratio") (value "-1")
L 07/14/2025 - 19:04:12: [basecommands.smx] "Console<0><Console><Console>" changed cvar (cvar "sv_client_max_interp_ratio") (value "0")
L 07/14/2025 - 19:04:12: [basecommands.smx] "Console<0><Console><Console>" changed cvar (cvar "nb_update_frequency") (value "0.014")
L 07/14/2025 - 19:04:12: [basecommands.smx] "Console<0><Console><Console>" changed cvar (cvar "net_splitpacket_maxrate") (value "50000")
L 07/14/2025 - 19:04:12: [basecommands.smx] "Console<0><Console><Console>" changed cvar (cvar "net_maxcleartime") (value "0.0001")
L 07/14/2025 - 19:04:12: [basecommands.smx] "Console<0><Console><Console>" changed cvar (cvar "fps_max") (value "0")
L 07/14/2025 - 19:04:12: [basecommands.smx] "Console<0><Console><Console>" changed cvar (cvar "tick_door_speed") (value "1.3")
L 07/14/2025 - 19:04:12: [basecommands.smx] "Console<0><Console><Console>" changed cvar (cvar "mv_maxplayers") (value "30")
L 07/14/2025 - 19:04:12: [basecommands.smx] "Console<0><Console><Console>" changed cvar (cvar "mp_autoteambalance") (value "0")
L 07/14/2025 - 19:04:12: [basecommands.smx] "Console<0><Console><Console>" changed cvar (cvar "sv_unlag_fixstuck") (value "1")
L 07/14/2025 - 19:04:12: [basecommands.smx] "Console<0><Console><Console>" changed cvar (cvar "z_brawl_chance") (value "0")
L 07/14/2025 - 19:04:12: [basecommands.smx] "Console<0><Console><Console>" changed cvar (cvar "sv_maxunlag") (value "1")
L 07/14/2025 - 19:04:12: [basecommands.smx] "Console<0><Console><Console>" changed cvar (cvar "sv_forcepreload") (value "1")
L 07/14/2025 - 19:04:12: [basecommands.smx] "Console<0><Console><Console>" changed cvar (cvar "sv_client_predict") (value "1")
L 07/14/2025 - 19:04:12: [basecommands.smx] "Console<0><Console><Console>" changed cvar (cvar "sv_client_cmdrate_difference") (value "0")
L 07/14/2025 - 19:04:12: [basecommands.smx] "Console<0><Console><Console>" changed cvar (cvar "sv_max_queries_sec_global") (value "10")
L 07/14/2025 - 19:04:12: [basecommands.smx] "Console<0><Console><Console>" changed cvar (cvar "sv_max_queries_sec") (value "3")
L 07/14/2025 - 19:04:12: [basecommands.smx] "Console<0><Console><Console>" changed cvar (cvar "sv_max_queries_window") (value "10")
L 07/14/2025 - 19:04:12: [basecommands.smx] "Console<0><Console><Console>" changed cvar (cvar "sv_player_stuck_tolerance") (value "5")
L 07/14/2025 - 19:04:12: [basecommands.smx] "Console<0><Console><Console>" changed cvar (cvar "sv_stats") (value "0")
L 07/14/2025 - 19:04:12: [basecommands.smx] "Console<0><Console><Console>" changed cvar (cvar "sv_clockcorrection_msecs") (value "25")
L 07/14/2025 - 19:04:12: [optional/chat-processor.smx] Message formats generated for game 'left4dead2'.
L 07/14/2025 - 19:04:12: [optional/chat-processor.smx] Successfully hooked a SayText2 chat hook.
L 07/14/2025 - 19:04:13: [optional/l4d2_saferoom_item_remove.smx] Removed 0 saferoom item(s) (start: 0; end: 0).
L 07/14/2025 - 19:41:06: SourceMod log file session started (file "/root/Steam/steamapps/common/L4D21/left4dead2/addons/sourcemod/logs/L20250714.log") (Version "1.12.0.7195")
L 07/14/2025 - 19:41:06: [fixes/firebulletsfix.smx] Found offset for Weapon_ShootPosition 286
L 07/14/2025 - 19:41:09: [basecommands.smx] "Console<0><Console><Console>" changed cvar (cvar "confogl_match_execcfg_plugins") (value "generalfixes.cfg;confogl_plugins.cfg;sharedplugins.cfg")
L 07/14/2025 - 19:41:09: [basecommands.smx] "Console<0><Console><Console>" changed cvar (cvar "l4d2_addons_eclipse") (value "0")
L 07/14/2025 - 19:41:09: [basecommands.smx] "Console<0><Console><Console>" changed cvar (cvar "sv_allow_wait_command") (value "0")
L 07/14/2025 - 19:41:09: [basecommands.smx] "Console<0><Console><Console>" changed cvar (cvar "sv_minrate") (value "100000")
L 07/14/2025 - 19:41:09: [basecommands.smx] "Console<0><Console><Console>" changed cvar (cvar "sv_maxrate") (value "100000")
L 07/14/2025 - 19:41:09: [basecommands.smx] "Console<0><Console><Console>" changed cvar (cvar "sv_minupdaterate") (value "100")
L 07/14/2025 - 19:41:09: [basecommands.smx] "Console<0><Console><Console>" changed cvar (cvar "sv_maxupdaterate") (value "100")
L 07/14/2025 - 19:41:09: [basecommands.smx] "Console<0><Console><Console>" changed cvar (cvar "sv_mincmdrate") (value "100")
L 07/14/2025 - 19:41:09: [basecommands.smx] "Console<0><Console><Console>" changed cvar (cvar "sv_maxcmdrate") (value "100")
L 07/14/2025 - 19:41:09: [basecommands.smx] "Console<0><Console><Console>" changed cvar (cvar "sv_client_min_interp_ratio") (value "-1")
L 07/14/2025 - 19:41:09: [basecommands.smx] "Console<0><Console><Console>" changed cvar (cvar "sv_client_max_interp_ratio") (value "0")
L 07/14/2025 - 19:41:09: [basecommands.smx] "Console<0><Console><Console>" changed cvar (cvar "nb_update_frequency") (value "0.014")
L 07/14/2025 - 19:41:09: [basecommands.smx] "Console<0><Console><Console>" changed cvar (cvar "net_splitpacket_maxrate") (value "50000")
L 07/14/2025 - 19:41:09: [basecommands.smx] "Console<0><Console><Console>" changed cvar (cvar "net_maxcleartime") (value "0.0001")
L 07/14/2025 - 19:41:09: [basecommands.smx] "Console<0><Console><Console>" changed cvar (cvar "fps_max") (value "0")
L 07/14/2025 - 19:41:09: [basecommands.smx] "Console<0><Console><Console>" changed cvar (cvar "tick_door_speed") (value "1.3")
L 07/14/2025 - 19:41:09: [basecommands.smx] "Console<0><Console><Console>" changed cvar (cvar "mv_maxplayers") (value "30")
L 07/14/2025 - 19:41:09: [basecommands.smx] "Console<0><Console><Console>" changed cvar (cvar "mp_autoteambalance") (value "0")
L 07/14/2025 - 19:41:09: [basecommands.smx] "Console<0><Console><Console>" changed cvar (cvar "sv_unlag_fixstuck") (value "1")
L 07/14/2025 - 19:41:09: [basecommands.smx] "Console<0><Console><Console>" changed cvar (cvar "z_brawl_chance") (value "0")
L 07/14/2025 - 19:41:09: [basecommands.smx] "Console<0><Console><Console>" changed cvar (cvar "sv_maxunlag") (value "1")
L 07/14/2025 - 19:41:09: [basecommands.smx] "Console<0><Console><Console>" changed cvar (cvar "sv_forcepreload") (value "1")
L 07/14/2025 - 19:41:09: [basecommands.smx] "Console<0><Console><Console>" changed cvar (cvar "sv_client_predict") (value "1")
L 07/14/2025 - 19:41:09: [basecommands.smx] "Console<0><Console><Console>" changed cvar (cvar "sv_client_cmdrate_difference") (value "0")
L 07/14/2025 - 19:41:09: [basecommands.smx] "Console<0><Console><Console>" changed cvar (cvar "sv_max_queries_sec_global") (value "10")
L 07/14/2025 - 19:41:09: [basecommands.smx] "Console<0><Console><Console>" changed cvar (cvar "sv_max_queries_sec") (value "3")
L 07/14/2025 - 19:41:09: [basecommands.smx] "Console<0><Console><Console>" changed cvar (cvar "sv_max_queries_window") (value "10")
L 07/14/2025 - 19:41:09: [basecommands.smx] "Console<0><Console><Console>" changed cvar (cvar "sv_player_stuck_tolerance") (value "5")
L 07/14/2025 - 19:41:09: [basecommands.smx] "Console<0><Console><Console>" changed cvar (cvar "sv_stats") (value "0")
L 07/14/2025 - 19:41:09: [basecommands.smx] "Console<0><Console><Console>" changed cvar (cvar "sv_clockcorrection_msecs") (value "25")
L 07/14/2025 - 19:41:09: [basecommands.smx] "Console<0><Console><Console>" changed cvar (cvar "survivor_max_incapacitated_count") (value "2")
L 07/14/2025 - 19:41:09: [fixes/firebulletsfix.smx] Found offset for Weapon_ShootPosition 286
L 07/14/2025 - 19:41:09: [optional/l4d2_item_hint.smx] 
==========
Warning: You should install "[L4D & L4D2] Use Priority Patch" to fix attached models blocking +USE action (item hint): https://forums.alliedmods.net/showthread.php?t=327511
==========

L 07/14/2025 - 19:41:09: [GEOIP] GeoIP2 database loaded: GeoLite2-Country (2023-12-22 14:46:10 UTC) (/root/Steam/steamapps/common/L4D21/left4dead2/addons/sourcemod/configs/geoip/GeoLite2-Country.mmdb)
L 07/14/2025 - 19:41:09: [GEOIP] GeoIP2 supported languages: de en es fr ja pt-BR ru zh-CN
L 07/14/2025 - 19:41:09: [GEOIP] Your database is older than 90 days. You should consider downloading a newer version from e.g. https://dev.maxmind.com/geoip/geolite2-free-geolocation-data
L 07/14/2025 - 19:41:10: [optional/chat-processor.smx] Message formats generated for game 'left4dead2'.
L 07/14/2025 - 19:41:10: [optional/chat-processor.smx] Successfully hooked a SayText2 chat hook.
L 07/14/2025 - 19:41:13: -------- Mapchange to c2m1_highway --------
L 07/14/2025 - 19:41:14: [basecommands.smx] "Console<0><Console><Console>" changed cvar (cvar "confogl_match_execcfg_plugins") (value "generalfixes.cfg;confogl_plugins.cfg;sharedplugins.cfg")
L 07/14/2025 - 19:41:14: [basecommands.smx] "Console<0><Console><Console>" changed cvar (cvar "l4d2_addons_eclipse") (value "0")
L 07/14/2025 - 19:41:14: [basecommands.smx] "Console<0><Console><Console>" changed cvar (cvar "sv_allow_wait_command") (value "0")
L 07/14/2025 - 19:41:14: [basecommands.smx] "Console<0><Console><Console>" changed cvar (cvar "sv_minrate") (value "100000")
L 07/14/2025 - 19:41:14: [basecommands.smx] "Console<0><Console><Console>" changed cvar (cvar "sv_maxrate") (value "100000")
L 07/14/2025 - 19:41:14: [basecommands.smx] "Console<0><Console><Console>" changed cvar (cvar "sv_minupdaterate") (value "100")
L 07/14/2025 - 19:41:14: [basecommands.smx] "Console<0><Console><Console>" changed cvar (cvar "sv_maxupdaterate") (value "100")
L 07/14/2025 - 19:41:14: [basecommands.smx] "Console<0><Console><Console>" changed cvar (cvar "sv_mincmdrate") (value "100")
L 07/14/2025 - 19:41:14: [basecommands.smx] "Console<0><Console><Console>" changed cvar (cvar "sv_maxcmdrate") (value "100")
L 07/14/2025 - 19:41:14: [basecommands.smx] "Console<0><Console><Console>" changed cvar (cvar "sv_client_min_interp_ratio") (value "-1")
L 07/14/2025 - 19:41:14: [basecommands.smx] "Console<0><Console><Console>" changed cvar (cvar "sv_client_max_interp_ratio") (value "0")
L 07/14/2025 - 19:41:14: [basecommands.smx] "Console<0><Console><Console>" changed cvar (cvar "nb_update_frequency") (value "0.014")
L 07/14/2025 - 19:41:14: [basecommands.smx] "Console<0><Console><Console>" changed cvar (cvar "net_splitpacket_maxrate") (value "50000")
L 07/14/2025 - 19:41:14: [basecommands.smx] "Console<0><Console><Console>" changed cvar (cvar "net_maxcleartime") (value "0.0001")
L 07/14/2025 - 19:41:14: [basecommands.smx] "Console<0><Console><Console>" changed cvar (cvar "fps_max") (value "0")
L 07/14/2025 - 19:41:14: [basecommands.smx] "Console<0><Console><Console>" changed cvar (cvar "tick_door_speed") (value "1.3")
L 07/14/2025 - 19:41:14: [basecommands.smx] "Console<0><Console><Console>" changed cvar (cvar "mv_maxplayers") (value "30")
L 07/14/2025 - 19:41:14: [basecommands.smx] "Console<0><Console><Console>" changed cvar (cvar "mp_autoteambalance") (value "0")
L 07/14/2025 - 19:41:14: [basecommands.smx] "Console<0><Console><Console>" changed cvar (cvar "sv_unlag_fixstuck") (value "1")
L 07/14/2025 - 19:41:14: [basecommands.smx] "Console<0><Console><Console>" changed cvar (cvar "z_brawl_chance") (value "0")
L 07/14/2025 - 19:41:14: [basecommands.smx] "Console<0><Console><Console>" changed cvar (cvar "sv_maxunlag") (value "1")
L 07/14/2025 - 19:41:14: [basecommands.smx] "Console<0><Console><Console>" changed cvar (cvar "sv_forcepreload") (value "1")
L 07/14/2025 - 19:41:14: [basecommands.smx] "Console<0><Console><Console>" changed cvar (cvar "sv_client_predict") (value "1")
L 07/14/2025 - 19:41:14: [basecommands.smx] "Console<0><Console><Console>" changed cvar (cvar "sv_client_cmdrate_difference") (value "0")
L 07/14/2025 - 19:41:14: [basecommands.smx] "Console<0><Console><Console>" changed cvar (cvar "sv_max_queries_sec_global") (value "10")
L 07/14/2025 - 19:41:14: [basecommands.smx] "Console<0><Console><Console>" changed cvar (cvar "sv_max_queries_sec") (value "3")
L 07/14/2025 - 19:41:14: [basecommands.smx] "Console<0><Console><Console>" changed cvar (cvar "sv_max_queries_window") (value "10")
L 07/14/2025 - 19:41:14: [basecommands.smx] "Console<0><Console><Console>" changed cvar (cvar "sv_player_stuck_tolerance") (value "5")
L 07/14/2025 - 19:41:14: [basecommands.smx] "Console<0><Console><Console>" changed cvar (cvar "sv_stats") (value "0")
L 07/14/2025 - 19:41:14: [basecommands.smx] "Console<0><Console><Console>" changed cvar (cvar "sv_clockcorrection_msecs") (value "25")
L 07/14/2025 - 19:41:15: [optional/chat-processor.smx] Message formats generated for game 'left4dead2'.
L 07/14/2025 - 19:41:15: [optional/chat-processor.smx] Successfully hooked a SayText2 chat hook.
L 07/14/2025 - 19:41:16: [optional/l4d2_saferoom_item_remove.smx] Removed 0 saferoom item(s) (start: 0; end: 0).
L 07/14/2025 - 20:14:13: [basecommands.smx] "Console<0><Console><Console>" changed map to "l4d2_daybreak01_hotel" (input "l4d2_daybreak01_hotel")
L 07/14/2025 - 20:14:42: -------- Mapchange to l4d2_daybreak01_hotel --------
L 07/14/2025 - 20:14:44: [optional/l4d2_saferoom_detect.smx] [SI] SaferoomInfo for l4d2_daybreak01_hotel is missing.
L 07/14/2025 - 20:14:44: [basecommands.smx] "Console<0><Console><Console>" changed cvar (cvar "confogl_match_execcfg_plugins") (value "generalfixes.cfg;confogl_plugins.cfg;sharedplugins.cfg")
L 07/14/2025 - 20:14:44: [basecommands.smx] "Console<0><Console><Console>" changed cvar (cvar "l4d2_addons_eclipse") (value "0")
L 07/14/2025 - 20:14:44: [basecommands.smx] "Console<0><Console><Console>" changed cvar (cvar "sv_allow_wait_command") (value "0")
L 07/14/2025 - 20:14:44: [basecommands.smx] "Console<0><Console><Console>" changed cvar (cvar "sv_minrate") (value "100000")
L 07/14/2025 - 20:14:44: [basecommands.smx] "Console<0><Console><Console>" changed cvar (cvar "sv_maxrate") (value "100000")
L 07/14/2025 - 20:14:44: [basecommands.smx] "Console<0><Console><Console>" changed cvar (cvar "sv_minupdaterate") (value "100")
L 07/14/2025 - 20:14:44: [basecommands.smx] "Console<0><Console><Console>" changed cvar (cvar "sv_maxupdaterate") (value "100")
L 07/14/2025 - 20:14:44: [basecommands.smx] "Console<0><Console><Console>" changed cvar (cvar "sv_mincmdrate") (value "100")
L 07/14/2025 - 20:14:44: [basecommands.smx] "Console<0><Console><Console>" changed cvar (cvar "sv_maxcmdrate") (value "100")
L 07/14/2025 - 20:14:44: [basecommands.smx] "Console<0><Console><Console>" changed cvar (cvar "sv_client_min_interp_ratio") (value "-1")
L 07/14/2025 - 20:14:44: [basecommands.smx] "Console<0><Console><Console>" changed cvar (cvar "sv_client_max_interp_ratio") (value "0")
L 07/14/2025 - 20:14:44: [basecommands.smx] "Console<0><Console><Console>" changed cvar (cvar "nb_update_frequency") (value "0.014")
L 07/14/2025 - 20:14:44: [basecommands.smx] "Console<0><Console><Console>" changed cvar (cvar "net_splitpacket_maxrate") (value "50000")
L 07/14/2025 - 20:14:44: [basecommands.smx] "Console<0><Console><Console>" changed cvar (cvar "net_maxcleartime") (value "0.0001")
L 07/14/2025 - 20:14:44: [basecommands.smx] "Console<0><Console><Console>" changed cvar (cvar "fps_max") (value "0")
L 07/14/2025 - 20:14:44: [basecommands.smx] "Console<0><Console><Console>" changed cvar (cvar "tick_door_speed") (value "1.3")
L 07/14/2025 - 20:14:44: [basecommands.smx] "Console<0><Console><Console>" changed cvar (cvar "mv_maxplayers") (value "30")
L 07/14/2025 - 20:14:44: [basecommands.smx] "Console<0><Console><Console>" changed cvar (cvar "mp_autoteambalance") (value "0")
L 07/14/2025 - 20:14:44: [basecommands.smx] "Console<0><Console><Console>" changed cvar (cvar "sv_unlag_fixstuck") (value "1")
L 07/14/2025 - 20:14:44: [basecommands.smx] "Console<0><Console><Console>" changed cvar (cvar "z_brawl_chance") (value "0")
L 07/14/2025 - 20:14:44: [basecommands.smx] "Console<0><Console><Console>" changed cvar (cvar "sv_maxunlag") (value "1")
L 07/14/2025 - 20:14:44: [basecommands.smx] "Console<0><Console><Console>" changed cvar (cvar "sv_forcepreload") (value "1")
L 07/14/2025 - 20:14:44: [basecommands.smx] "Console<0><Console><Console>" changed cvar (cvar "sv_client_predict") (value "1")
L 07/14/2025 - 20:14:44: [basecommands.smx] "Console<0><Console><Console>" changed cvar (cvar "sv_client_cmdrate_difference") (value "0")
L 07/14/2025 - 20:14:44: [basecommands.smx] "Console<0><Console><Console>" changed cvar (cvar "sv_max_queries_sec_global") (value "10")
L 07/14/2025 - 20:14:44: [basecommands.smx] "Console<0><Console><Console>" changed cvar (cvar "sv_max_queries_sec") (value "3")
L 07/14/2025 - 20:14:44: [basecommands.smx] "Console<0><Console><Console>" changed cvar (cvar "sv_max_queries_window") (value "10")
L 07/14/2025 - 20:14:44: [basecommands.smx] "Console<0><Console><Console>" changed cvar (cvar "sv_player_stuck_tolerance") (value "5")
L 07/14/2025 - 20:14:44: [basecommands.smx] "Console<0><Console><Console>" changed cvar (cvar "sv_stats") (value "0")
L 07/14/2025 - 20:14:44: [basecommands.smx] "Console<0><Console><Console>" changed cvar (cvar "sv_clockcorrection_msecs") (value "25")
L 07/14/2025 - 20:14:45: [optional/chat-processor.smx] Message formats generated for game 'left4dead2'.
L 07/14/2025 - 20:14:45: [optional/chat-processor.smx] Successfully hooked a SayText2 chat hook.
L 07/14/2025 - 20:14:46: [optional/l4d2_saferoom_item_remove.smx] Removed 0 saferoom item(s) (start: 0; end: 0).
L 07/14/2025 - 20:16:32: SourceMod log file session started (file "/root/Steam/steamapps/common/L4D21/left4dead2/addons/sourcemod/logs/L20250714.log") (Version "1.12.0.7195")
L 07/14/2025 - 20:16:32: [fixes/firebulletsfix.smx] Found offset for Weapon_ShootPosition 286
L 07/14/2025 - 20:16:35: [basecommands.smx] "Console<0><Console><Console>" changed cvar (cvar "confogl_match_execcfg_plugins") (value "generalfixes.cfg;confogl_plugins.cfg;sharedplugins.cfg")
L 07/14/2025 - 20:16:35: [basecommands.smx] "Console<0><Console><Console>" changed cvar (cvar "l4d2_addons_eclipse") (value "0")
L 07/14/2025 - 20:16:35: [basecommands.smx] "Console<0><Console><Console>" changed cvar (cvar "sv_allow_wait_command") (value "0")
L 07/14/2025 - 20:16:35: [basecommands.smx] "Console<0><Console><Console>" changed cvar (cvar "sv_minrate") (value "100000")
L 07/14/2025 - 20:16:35: [basecommands.smx] "Console<0><Console><Console>" changed cvar (cvar "sv_maxrate") (value "100000")
L 07/14/2025 - 20:16:35: [basecommands.smx] "Console<0><Console><Console>" changed cvar (cvar "sv_minupdaterate") (value "100")
L 07/14/2025 - 20:16:35: [basecommands.smx] "Console<0><Console><Console>" changed cvar (cvar "sv_maxupdaterate") (value "100")
L 07/14/2025 - 20:16:35: [basecommands.smx] "Console<0><Console><Console>" changed cvar (cvar "sv_mincmdrate") (value "100")
L 07/14/2025 - 20:16:35: [basecommands.smx] "Console<0><Console><Console>" changed cvar (cvar "sv_maxcmdrate") (value "100")
L 07/14/2025 - 20:16:35: [basecommands.smx] "Console<0><Console><Console>" changed cvar (cvar "sv_client_min_interp_ratio") (value "-1")
L 07/14/2025 - 20:16:35: [basecommands.smx] "Console<0><Console><Console>" changed cvar (cvar "sv_client_max_interp_ratio") (value "0")
L 07/14/2025 - 20:16:35: [basecommands.smx] "Console<0><Console><Console>" changed cvar (cvar "nb_update_frequency") (value "0.014")
L 07/14/2025 - 20:16:35: [basecommands.smx] "Console<0><Console><Console>" changed cvar (cvar "net_splitpacket_maxrate") (value "50000")
L 07/14/2025 - 20:16:35: [basecommands.smx] "Console<0><Console><Console>" changed cvar (cvar "net_maxcleartime") (value "0.0001")
L 07/14/2025 - 20:16:35: [basecommands.smx] "Console<0><Console><Console>" changed cvar (cvar "fps_max") (value "0")
L 07/14/2025 - 20:16:35: [basecommands.smx] "Console<0><Console><Console>" changed cvar (cvar "tick_door_speed") (value "1.3")
L 07/14/2025 - 20:16:35: [basecommands.smx] "Console<0><Console><Console>" changed cvar (cvar "mv_maxplayers") (value "30")
L 07/14/2025 - 20:16:35: [basecommands.smx] "Console<0><Console><Console>" changed cvar (cvar "mp_autoteambalance") (value "0")
L 07/14/2025 - 20:16:35: [basecommands.smx] "Console<0><Console><Console>" changed cvar (cvar "sv_unlag_fixstuck") (value "1")
L 07/14/2025 - 20:16:35: [basecommands.smx] "Console<0><Console><Console>" changed cvar (cvar "z_brawl_chance") (value "0")
L 07/14/2025 - 20:16:35: [basecommands.smx] "Console<0><Console><Console>" changed cvar (cvar "sv_maxunlag") (value "1")
L 07/14/2025 - 20:16:35: [basecommands.smx] "Console<0><Console><Console>" changed cvar (cvar "sv_forcepreload") (value "1")
L 07/14/2025 - 20:16:35: [basecommands.smx] "Console<0><Console><Console>" changed cvar (cvar "sv_client_predict") (value "1")
L 07/14/2025 - 20:16:35: [basecommands.smx] "Console<0><Console><Console>" changed cvar (cvar "sv_client_cmdrate_difference") (value "0")
L 07/14/2025 - 20:16:35: [basecommands.smx] "Console<0><Console><Console>" changed cvar (cvar "sv_max_queries_sec_global") (value "10")
L 07/14/2025 - 20:16:35: [basecommands.smx] "Console<0><Console><Console>" changed cvar (cvar "sv_max_queries_sec") (value "3")
L 07/14/2025 - 20:16:35: [basecommands.smx] "Console<0><Console><Console>" changed cvar (cvar "sv_max_queries_window") (value "10")
L 07/14/2025 - 20:16:35: [basecommands.smx] "Console<0><Console><Console>" changed cvar (cvar "sv_player_stuck_tolerance") (value "5")
L 07/14/2025 - 20:16:35: [basecommands.smx] "Console<0><Console><Console>" changed cvar (cvar "sv_stats") (value "0")
L 07/14/2025 - 20:16:35: [basecommands.smx] "Console<0><Console><Console>" changed cvar (cvar "sv_clockcorrection_msecs") (value "25")
L 07/14/2025 - 20:16:35: [basecommands.smx] "Console<0><Console><Console>" changed cvar (cvar "survivor_max_incapacitated_count") (value "2")
L 07/14/2025 - 20:16:35: [fixes/firebulletsfix.smx] Found offset for Weapon_ShootPosition 286
L 07/14/2025 - 20:16:35: [optional/l4d2_item_hint.smx] 
==========
Warning: You should install "[L4D & L4D2] Use Priority Patch" to fix attached models blocking +USE action (item hint): https://forums.alliedmods.net/showthread.php?t=327511
==========

L 07/14/2025 - 20:16:35: [GEOIP] GeoIP2 database loaded: GeoLite2-Country (2023-12-22 14:46:10 UTC) (/root/Steam/steamapps/common/L4D21/left4dead2/addons/sourcemod/configs/geoip/GeoLite2-Country.mmdb)
L 07/14/2025 - 20:16:35: [GEOIP] GeoIP2 supported languages: de en es fr ja pt-BR ru zh-CN
L 07/14/2025 - 20:16:35: [GEOIP] Your database is older than 90 days. You should consider downloading a newer version from e.g. https://dev.maxmind.com/geoip/geolite2-free-geolocation-data
L 07/14/2025 - 20:16:36: [optional/chat-processor.smx] Message formats generated for game 'left4dead2'.
L 07/14/2025 - 20:16:36: [optional/chat-processor.smx] Successfully hooked a SayText2 chat hook.
L 07/14/2025 - 20:16:39: -------- Mapchange to c2m1_highway --------
L 07/14/2025 - 20:16:40: [basecommands.smx] "Console<0><Console><Console>" changed cvar (cvar "confogl_match_execcfg_plugins") (value "generalfixes.cfg;confogl_plugins.cfg;sharedplugins.cfg")
L 07/14/2025 - 20:16:40: [basecommands.smx] "Console<0><Console><Console>" changed cvar (cvar "l4d2_addons_eclipse") (value "0")
L 07/14/2025 - 20:16:40: [basecommands.smx] "Console<0><Console><Console>" changed cvar (cvar "sv_allow_wait_command") (value "0")
L 07/14/2025 - 20:16:40: [basecommands.smx] "Console<0><Console><Console>" changed cvar (cvar "sv_minrate") (value "100000")
L 07/14/2025 - 20:16:40: [basecommands.smx] "Console<0><Console><Console>" changed cvar (cvar "sv_maxrate") (value "100000")
L 07/14/2025 - 20:16:40: [basecommands.smx] "Console<0><Console><Console>" changed cvar (cvar "sv_minupdaterate") (value "100")
L 07/14/2025 - 20:16:40: [basecommands.smx] "Console<0><Console><Console>" changed cvar (cvar "sv_maxupdaterate") (value "100")
L 07/14/2025 - 20:16:40: [basecommands.smx] "Console<0><Console><Console>" changed cvar (cvar "sv_mincmdrate") (value "100")
L 07/14/2025 - 20:16:40: [basecommands.smx] "Console<0><Console><Console>" changed cvar (cvar "sv_maxcmdrate") (value "100")
L 07/14/2025 - 20:16:40: [basecommands.smx] "Console<0><Console><Console>" changed cvar (cvar "sv_client_min_interp_ratio") (value "-1")
L 07/14/2025 - 20:16:40: [basecommands.smx] "Console<0><Console><Console>" changed cvar (cvar "sv_client_max_interp_ratio") (value "0")
L 07/14/2025 - 20:16:40: [basecommands.smx] "Console<0><Console><Console>" changed cvar (cvar "nb_update_frequency") (value "0.014")
L 07/14/2025 - 20:16:40: [basecommands.smx] "Console<0><Console><Console>" changed cvar (cvar "net_splitpacket_maxrate") (value "50000")
L 07/14/2025 - 20:16:40: [basecommands.smx] "Console<0><Console><Console>" changed cvar (cvar "net_maxcleartime") (value "0.0001")
L 07/14/2025 - 20:16:40: [basecommands.smx] "Console<0><Console><Console>" changed cvar (cvar "fps_max") (value "0")
L 07/14/2025 - 20:16:40: [basecommands.smx] "Console<0><Console><Console>" changed cvar (cvar "tick_door_speed") (value "1.3")
L 07/14/2025 - 20:16:40: [basecommands.smx] "Console<0><Console><Console>" changed cvar (cvar "mv_maxplayers") (value "30")
L 07/14/2025 - 20:16:40: [basecommands.smx] "Console<0><Console><Console>" changed cvar (cvar "mp_autoteambalance") (value "0")
L 07/14/2025 - 20:16:40: [basecommands.smx] "Console<0><Console><Console>" changed cvar (cvar "sv_unlag_fixstuck") (value "1")
L 07/14/2025 - 20:16:40: [basecommands.smx] "Console<0><Console><Console>" changed cvar (cvar "z_brawl_chance") (value "0")
L 07/14/2025 - 20:16:40: [basecommands.smx] "Console<0><Console><Console>" changed cvar (cvar "sv_maxunlag") (value "1")
L 07/14/2025 - 20:16:40: [basecommands.smx] "Console<0><Console><Console>" changed cvar (cvar "sv_forcepreload") (value "1")
L 07/14/2025 - 20:16:40: [basecommands.smx] "Console<0><Console><Console>" changed cvar (cvar "sv_client_predict") (value "1")
L 07/14/2025 - 20:16:40: [basecommands.smx] "Console<0><Console><Console>" changed cvar (cvar "sv_client_cmdrate_difference") (value "0")
L 07/14/2025 - 20:16:40: [basecommands.smx] "Console<0><Console><Console>" changed cvar (cvar "sv_max_queries_sec_global") (value "10")
L 07/14/2025 - 20:16:40: [basecommands.smx] "Console<0><Console><Console>" changed cvar (cvar "sv_max_queries_sec") (value "3")
L 07/14/2025 - 20:16:40: [basecommands.smx] "Console<0><Console><Console>" changed cvar (cvar "sv_max_queries_window") (value "10")
L 07/14/2025 - 20:16:40: [basecommands.smx] "Console<0><Console><Console>" changed cvar (cvar "sv_player_stuck_tolerance") (value "5")
L 07/14/2025 - 20:16:40: [basecommands.smx] "Console<0><Console><Console>" changed cvar (cvar "sv_stats") (value "0")
L 07/14/2025 - 20:16:40: [basecommands.smx] "Console<0><Console><Console>" changed cvar (cvar "sv_clockcorrection_msecs") (value "25")
L 07/14/2025 - 20:16:41: [optional/chat-processor.smx] Message formats generated for game 'left4dead2'.
L 07/14/2025 - 20:16:41: [optional/chat-processor.smx] Successfully hooked a SayText2 chat hook.
L 07/14/2025 - 20:16:42: [optional/l4d2_saferoom_item_remove.smx] Removed 0 saferoom item(s) (start: 0; end: 0).
L 07/14/2025 - 21:12:07: [fixes/firebulletsfix.smx] Found offset for Weapon_ShootPosition 286
L 07/14/2025 - 21:12:08: [confoglcompmod.smx] [PasswordSystem] Set password on 慧心老师, password 
L 07/14/2025 - 21:12:08: [confoglcompmod.smx] [PasswordSystem] Set password on Tom, password 
L 07/14/2025 - 21:12:08: [confoglcompmod.smx] [PasswordSystem] Set password on (S)(ᗜᴗᗜ), password 
L 07/14/2025 - 21:12:08: [optional/l4d2_item_hint.smx] 
==========
Warning: You should install "[L4D & L4D2] Use Priority Patch" to fix attached models blocking +USE action (item hint): https://forums.alliedmods.net/showthread.php?t=327511
==========

L 07/14/2025 - 21:12:08: [optional/l4d2_simpleplayerstats.smx] Connected to the database: playerstats
L 07/14/2025 - 21:12:08: [optional/l4d2_simpleplayerstats.smx] [INFO] Parsing configuration file: addons/sourcemod/configs/playerstats.cfg
L 07/14/2025 - 21:12:08: [optional/chat-processor.smx] Message formats generated for game 'left4dead2'.
L 07/14/2025 - 21:12:08: [optional/chat-processor.smx] Successfully hooked a SayText2 chat hook.
L 07/14/2025 - 21:12:08: [basecommands.smx] "Console<0><Console><Console>" changed cvar (cvar "pstats_enabled") (value "1")
L 07/14/2025 - 21:12:08: [basecommands.smx] "Console<0><Console><Console>" changed cvar (cvar "pstats_debug_enabled") (value "0")
L 07/14/2025 - 21:12:08: [basecommands.smx] "Console<0><Console><Console>" changed cvar (cvar "pstats_versus_exclusive") (value "0")
L 07/14/2025 - 21:12:08: [basecommands.smx] "Console<0><Console><Console>" changed cvar (cvar "pstats_record_bots") (value "0")
L 07/14/2025 - 21:12:08: [basecommands.smx] "Console<0><Console><Console>" changed cvar (cvar "pstats_menu_timeout") (value "30")
L 07/14/2025 - 21:12:08: [basecommands.smx] "Console<0><Console><Console>" changed cvar (cvar "pstats_max_top_players") (value "10")
L 07/14/2025 - 21:12:08: [basecommands.smx] "Console<0><Console><Console>" changed cvar (cvar "pstats_extras_enabled") (value "1")
L 07/14/2025 - 21:12:08: [basecommands.smx] "Console<0><Console><Console>" changed cvar (cvar "pstats_display_type") (value "3")
L 07/14/2025 - 21:12:08: [basecommands.smx] "Console<0><Console><Console>" changed cvar (cvar "pstats_show_rank_onjoin") (value "1")
L 07/14/2025 - 21:12:08: [basecommands.smx] "Console<0><Console><Console>" changed cvar (cvar "pstats_cannounce_enabled") (value "1")
L 07/14/2025 - 21:12:08: [basecommands.smx] "Console<0><Console><Console>" changed cvar (cvar "pstats_enabled") (value "1")
L 07/14/2025 - 21:12:08: [basecommands.smx] "Console<0><Console><Console>" changed cvar (cvar "pstats_debug_enabled") (value "0")
L 07/14/2025 - 21:12:08: [basecommands.smx] "Console<0><Console><Console>" changed cvar (cvar "pstats_versus_exclusive") (value "0")
L 07/14/2025 - 21:12:08: [basecommands.smx] "Console<0><Console><Console>" changed cvar (cvar "pstats_record_bots") (value "0")
L 07/14/2025 - 21:12:08: [basecommands.smx] "Console<0><Console><Console>" changed cvar (cvar "pstats_menu_timeout") (value "30")
L 07/14/2025 - 21:12:08: [basecommands.smx] "Console<0><Console><Console>" changed cvar (cvar "pstats_max_top_players") (value "10")
L 07/14/2025 - 21:12:08: [basecommands.smx] "Console<0><Console><Console>" changed cvar (cvar "pstats_extras_enabled") (value "1")
L 07/14/2025 - 21:12:08: [basecommands.smx] "Console<0><Console><Console>" changed cvar (cvar "pstats_display_type") (value "3")
L 07/14/2025 - 21:12:08: [basecommands.smx] "Console<0><Console><Console>" changed cvar (cvar "pstats_show_rank_onjoin") (value "1")
L 07/14/2025 - 21:12:08: [basecommands.smx] "Console<0><Console><Console>" changed cvar (cvar "pstats_cannounce_enabled") (value "1")
L 07/14/2025 - 21:12:08: [basecommands.smx] "Console<0><Console><Console>" changed cvar (cvar "survivor_max_incapacitated_count") (value "2")
L 07/14/2025 - 21:12:12: -------- Mapchange to c2m1_highway --------
L 07/14/2025 - 21:12:13: [basecommands.smx] "Console<0><Console><Console>" changed cvar (cvar "confogl_match_execcfg_plugins") (value "generalfixes.cfg;confogl_plugins.cfg;sharedplugins.cfg")
L 07/14/2025 - 21:12:13: [basecommands.smx] "Console<0><Console><Console>" changed cvar (cvar "l4d2_addons_eclipse") (value "0")
L 07/14/2025 - 21:12:13: [basecommands.smx] "Console<0><Console><Console>" changed cvar (cvar "sv_allow_wait_command") (value "0")
L 07/14/2025 - 21:12:13: [basecommands.smx] "Console<0><Console><Console>" changed cvar (cvar "sv_minrate") (value "100000")
L 07/14/2025 - 21:12:13: [basecommands.smx] "Console<0><Console><Console>" changed cvar (cvar "sv_maxrate") (value "100000")
L 07/14/2025 - 21:12:13: [basecommands.smx] "Console<0><Console><Console>" changed cvar (cvar "sv_minupdaterate") (value "100")
L 07/14/2025 - 21:12:13: [basecommands.smx] "Console<0><Console><Console>" changed cvar (cvar "sv_maxupdaterate") (value "100")
L 07/14/2025 - 21:12:13: [basecommands.smx] "Console<0><Console><Console>" changed cvar (cvar "sv_mincmdrate") (value "100")
L 07/14/2025 - 21:12:13: [basecommands.smx] "Console<0><Console><Console>" changed cvar (cvar "sv_maxcmdrate") (value "100")
L 07/14/2025 - 21:12:13: [basecommands.smx] "Console<0><Console><Console>" changed cvar (cvar "sv_client_min_interp_ratio") (value "-1")
L 07/14/2025 - 21:12:13: [basecommands.smx] "Console<0><Console><Console>" changed cvar (cvar "sv_client_max_interp_ratio") (value "0")
L 07/14/2025 - 21:12:13: [basecommands.smx] "Console<0><Console><Console>" changed cvar (cvar "nb_update_frequency") (value "0.014")
L 07/14/2025 - 21:12:13: [basecommands.smx] "Console<0><Console><Console>" changed cvar (cvar "net_splitpacket_maxrate") (value "50000")
L 07/14/2025 - 21:12:13: [basecommands.smx] "Console<0><Console><Console>" changed cvar (cvar "net_maxcleartime") (value "0.0001")
L 07/14/2025 - 21:12:13: [basecommands.smx] "Console<0><Console><Console>" changed cvar (cvar "fps_max") (value "0")
L 07/14/2025 - 21:12:13: [basecommands.smx] "Console<0><Console><Console>" changed cvar (cvar "tick_door_speed") (value "1.3")
L 07/14/2025 - 21:12:13: [basecommands.smx] "Console<0><Console><Console>" changed cvar (cvar "mv_maxplayers") (value "30")
L 07/14/2025 - 21:12:13: [basecommands.smx] "Console<0><Console><Console>" changed cvar (cvar "mp_autoteambalance") (value "0")
L 07/14/2025 - 21:12:13: [basecommands.smx] "Console<0><Console><Console>" changed cvar (cvar "sv_unlag_fixstuck") (value "1")
L 07/14/2025 - 21:12:13: [basecommands.smx] "Console<0><Console><Console>" changed cvar (cvar "z_brawl_chance") (value "0")
L 07/14/2025 - 21:12:13: [basecommands.smx] "Console<0><Console><Console>" changed cvar (cvar "sv_maxunlag") (value "1")
L 07/14/2025 - 21:12:13: [basecommands.smx] "Console<0><Console><Console>" changed cvar (cvar "sv_forcepreload") (value "1")
L 07/14/2025 - 21:12:13: [basecommands.smx] "Console<0><Console><Console>" changed cvar (cvar "sv_client_predict") (value "1")
L 07/14/2025 - 21:12:13: [basecommands.smx] "Console<0><Console><Console>" changed cvar (cvar "sv_client_cmdrate_difference") (value "0")
L 07/14/2025 - 21:12:13: [basecommands.smx] "Console<0><Console><Console>" changed cvar (cvar "sv_max_queries_sec_global") (value "10")
L 07/14/2025 - 21:12:13: [basecommands.smx] "Console<0><Console><Console>" changed cvar (cvar "sv_max_queries_sec") (value "3")
L 07/14/2025 - 21:12:13: [basecommands.smx] "Console<0><Console><Console>" changed cvar (cvar "sv_max_queries_window") (value "10")
L 07/14/2025 - 21:12:13: [basecommands.smx] "Console<0><Console><Console>" changed cvar (cvar "sv_player_stuck_tolerance") (value "5")
L 07/14/2025 - 21:12:13: [basecommands.smx] "Console<0><Console><Console>" changed cvar (cvar "sv_stats") (value "0")
L 07/14/2025 - 21:12:13: [basecommands.smx] "Console<0><Console><Console>" changed cvar (cvar "sv_clockcorrection_msecs") (value "25")
L 07/14/2025 - 21:12:13: [basecommands.smx] "Console<0><Console><Console>" changed cvar (cvar "pstats_enabled") (value "1")
L 07/14/2025 - 21:12:13: [basecommands.smx] "Console<0><Console><Console>" changed cvar (cvar "pstats_debug_enabled") (value "0")
L 07/14/2025 - 21:12:13: [basecommands.smx] "Console<0><Console><Console>" changed cvar (cvar "pstats_versus_exclusive") (value "0")
L 07/14/2025 - 21:12:13: [basecommands.smx] "Console<0><Console><Console>" changed cvar (cvar "pstats_record_bots") (value "0")
L 07/14/2025 - 21:12:13: [basecommands.smx] "Console<0><Console><Console>" changed cvar (cvar "pstats_menu_timeout") (value "30")
L 07/14/2025 - 21:12:13: [basecommands.smx] "Console<0><Console><Console>" changed cvar (cvar "pstats_max_top_players") (value "10")
L 07/14/2025 - 21:12:13: [basecommands.smx] "Console<0><Console><Console>" changed cvar (cvar "pstats_extras_enabled") (value "1")
L 07/14/2025 - 21:12:13: [basecommands.smx] "Console<0><Console><Console>" changed cvar (cvar "pstats_display_type") (value "3")
L 07/14/2025 - 21:12:13: [basecommands.smx] "Console<0><Console><Console>" changed cvar (cvar "pstats_show_rank_onjoin") (value "1")
L 07/14/2025 - 21:12:13: [basecommands.smx] "Console<0><Console><Console>" changed cvar (cvar "pstats_cannounce_enabled") (value "1")
L 07/14/2025 - 21:12:13: [basecommands.smx] "Console<0><Console><Console>" changed cvar (cvar "survivor_max_incapacitated_count") (value "2")
L 07/14/2025 - 21:12:13: [optional/l4d2_simpleplayerstats.smx] [INFO] Parsing configuration file: addons/sourcemod/configs/playerstats.cfg
L 07/14/2025 - 21:12:13: [optional/chat-processor.smx] Message formats generated for game 'left4dead2'.
L 07/14/2025 - 21:12:13: [optional/chat-processor.smx] Successfully hooked a SayText2 chat hook.
L 07/14/2025 - 21:12:14: [optional/l4d2_saferoom_item_remove.smx] Removed 0 saferoom item(s) (start: 0; end: 0).
L 07/14/2025 - 21:12:59: [optional/l4d2_simpleplayerstats.smx] [INFO] Found existing record for player '(ᗜᴗᗜ)' (STEAM_1:1:590841514)
L 07/14/2025 - 21:13:19: [optional/l4d2_simpleplayerstats.smx] [INFO] Player 'Tom' is viewing his own rank
L 07/14/2025 - 21:13:19: [optional/l4d2_simpleplayerstats.smx] [INFO] Player '(ᗜᴗᗜ)' is viewing his own rank
L 07/14/2025 - 21:13:43: [optional/l4d2_simpleplayerstats.smx] [INFO] Player '慧心老师' is viewing his own rank
L 07/14/2025 - 21:15:05: [basecommands.smx] "(ᗜᴗᗜ)<9><STEAM_1:1:590841514><>" kicked "Tom<3><STEAM_1:0:845964559><>" (reason "")
L 07/14/2025 - 21:15:23: SourceMod log file session started (file "/root/Steam/steamapps/common/L4D21/left4dead2/addons/sourcemod/logs/L20250714.log") (Version "1.12.0.7195")
L 07/14/2025 - 21:15:23: [fixes/firebulletsfix.smx] Found offset for Weapon_ShootPosition 286
L 07/14/2025 - 21:15:25: [basecommands.smx] "Console<0><Console><Console>" changed cvar (cvar "confogl_match_execcfg_plugins") (value "generalfixes.cfg;confogl_plugins.cfg;sharedplugins.cfg")
L 07/14/2025 - 21:15:25: [basecommands.smx] "Console<0><Console><Console>" changed cvar (cvar "l4d2_addons_eclipse") (value "0")
L 07/14/2025 - 21:15:25: [basecommands.smx] "Console<0><Console><Console>" changed cvar (cvar "sv_allow_wait_command") (value "0")
L 07/14/2025 - 21:15:25: [basecommands.smx] "Console<0><Console><Console>" changed cvar (cvar "sv_minrate") (value "100000")
L 07/14/2025 - 21:15:25: [basecommands.smx] "Console<0><Console><Console>" changed cvar (cvar "sv_maxrate") (value "100000")
L 07/14/2025 - 21:15:25: [basecommands.smx] "Console<0><Console><Console>" changed cvar (cvar "sv_minupdaterate") (value "100")
L 07/14/2025 - 21:15:25: [basecommands.smx] "Console<0><Console><Console>" changed cvar (cvar "sv_maxupdaterate") (value "100")
L 07/14/2025 - 21:15:25: [basecommands.smx] "Console<0><Console><Console>" changed cvar (cvar "sv_mincmdrate") (value "100")
L 07/14/2025 - 21:15:25: [basecommands.smx] "Console<0><Console><Console>" changed cvar (cvar "sv_maxcmdrate") (value "100")
L 07/14/2025 - 21:15:25: [basecommands.smx] "Console<0><Console><Console>" changed cvar (cvar "sv_client_min_interp_ratio") (value "-1")
L 07/14/2025 - 21:15:25: [basecommands.smx] "Console<0><Console><Console>" changed cvar (cvar "sv_client_max_interp_ratio") (value "0")
L 07/14/2025 - 21:15:25: [basecommands.smx] "Console<0><Console><Console>" changed cvar (cvar "nb_update_frequency") (value "0.014")
L 07/14/2025 - 21:15:25: [basecommands.smx] "Console<0><Console><Console>" changed cvar (cvar "net_splitpacket_maxrate") (value "50000")
L 07/14/2025 - 21:15:25: [basecommands.smx] "Console<0><Console><Console>" changed cvar (cvar "net_maxcleartime") (value "0.0001")
L 07/14/2025 - 21:15:25: [basecommands.smx] "Console<0><Console><Console>" changed cvar (cvar "fps_max") (value "0")
L 07/14/2025 - 21:15:25: [basecommands.smx] "Console<0><Console><Console>" changed cvar (cvar "tick_door_speed") (value "1.3")
L 07/14/2025 - 21:15:25: [basecommands.smx] "Console<0><Console><Console>" changed cvar (cvar "mv_maxplayers") (value "30")
L 07/14/2025 - 21:15:25: [basecommands.smx] "Console<0><Console><Console>" changed cvar (cvar "mp_autoteambalance") (value "0")
L 07/14/2025 - 21:15:25: [basecommands.smx] "Console<0><Console><Console>" changed cvar (cvar "sv_unlag_fixstuck") (value "1")
L 07/14/2025 - 21:15:25: [basecommands.smx] "Console<0><Console><Console>" changed cvar (cvar "z_brawl_chance") (value "0")
L 07/14/2025 - 21:15:25: [basecommands.smx] "Console<0><Console><Console>" changed cvar (cvar "sv_maxunlag") (value "1")
L 07/14/2025 - 21:15:25: [basecommands.smx] "Console<0><Console><Console>" changed cvar (cvar "sv_forcepreload") (value "1")
L 07/14/2025 - 21:15:25: [basecommands.smx] "Console<0><Console><Console>" changed cvar (cvar "sv_client_predict") (value "1")
L 07/14/2025 - 21:15:25: [basecommands.smx] "Console<0><Console><Console>" changed cvar (cvar "sv_client_cmdrate_difference") (value "0")
L 07/14/2025 - 21:15:25: [basecommands.smx] "Console<0><Console><Console>" changed cvar (cvar "sv_max_queries_sec_global") (value "10")
L 07/14/2025 - 21:15:25: [basecommands.smx] "Console<0><Console><Console>" changed cvar (cvar "sv_max_queries_sec") (value "3")
L 07/14/2025 - 21:15:25: [basecommands.smx] "Console<0><Console><Console>" changed cvar (cvar "sv_max_queries_window") (value "10")
L 07/14/2025 - 21:15:25: [basecommands.smx] "Console<0><Console><Console>" changed cvar (cvar "sv_player_stuck_tolerance") (value "5")
L 07/14/2025 - 21:15:25: [basecommands.smx] "Console<0><Console><Console>" changed cvar (cvar "sv_stats") (value "0")
L 07/14/2025 - 21:15:25: [basecommands.smx] "Console<0><Console><Console>" changed cvar (cvar "sv_clockcorrection_msecs") (value "25")
L 07/14/2025 - 21:15:25: [basecommands.smx] "Console<0><Console><Console>" changed cvar (cvar "survivor_max_incapacitated_count") (value "2")
L 07/14/2025 - 21:15:25: [fixes/firebulletsfix.smx] Found offset for Weapon_ShootPosition 286
L 07/14/2025 - 21:15:26: [optional/l4d2_item_hint.smx] 
==========
Warning: You should install "[L4D & L4D2] Use Priority Patch" to fix attached models blocking +USE action (item hint): https://forums.alliedmods.net/showthread.php?t=327511
==========

L 07/14/2025 - 21:15:26: [GEOIP] GeoIP2 database loaded: GeoLite2-Country (2023-12-22 14:46:10 UTC) (/root/Steam/steamapps/common/L4D21/left4dead2/addons/sourcemod/configs/geoip/GeoLite2-Country.mmdb)
L 07/14/2025 - 21:15:26: [GEOIP] GeoIP2 supported languages: de en es fr ja pt-BR ru zh-CN
L 07/14/2025 - 21:15:26: [GEOIP] Your database is older than 90 days. You should consider downloading a newer version from e.g. https://dev.maxmind.com/geoip/geolite2-free-geolocation-data
L 07/14/2025 - 21:15:26: [optional/chat-processor.smx] Message formats generated for game 'left4dead2'.
L 07/14/2025 - 21:15:26: [optional/chat-processor.smx] Successfully hooked a SayText2 chat hook.
L 07/14/2025 - 21:15:30: -------- Mapchange to c2m1_highway --------
L 07/14/2025 - 21:15:31: [basecommands.smx] "Console<0><Console><Console>" changed cvar (cvar "confogl_match_execcfg_plugins") (value "generalfixes.cfg;confogl_plugins.cfg;sharedplugins.cfg")
L 07/14/2025 - 21:15:31: [basecommands.smx] "Console<0><Console><Console>" changed cvar (cvar "l4d2_addons_eclipse") (value "0")
L 07/14/2025 - 21:15:31: [basecommands.smx] "Console<0><Console><Console>" changed cvar (cvar "sv_allow_wait_command") (value "0")
L 07/14/2025 - 21:15:31: [basecommands.smx] "Console<0><Console><Console>" changed cvar (cvar "sv_minrate") (value "100000")
L 07/14/2025 - 21:15:31: [basecommands.smx] "Console<0><Console><Console>" changed cvar (cvar "sv_maxrate") (value "100000")
L 07/14/2025 - 21:15:31: [basecommands.smx] "Console<0><Console><Console>" changed cvar (cvar "sv_minupdaterate") (value "100")
L 07/14/2025 - 21:15:31: [basecommands.smx] "Console<0><Console><Console>" changed cvar (cvar "sv_maxupdaterate") (value "100")
L 07/14/2025 - 21:15:31: [basecommands.smx] "Console<0><Console><Console>" changed cvar (cvar "sv_mincmdrate") (value "100")
L 07/14/2025 - 21:15:31: [basecommands.smx] "Console<0><Console><Console>" changed cvar (cvar "sv_maxcmdrate") (value "100")
L 07/14/2025 - 21:15:31: [basecommands.smx] "Console<0><Console><Console>" changed cvar (cvar "sv_client_min_interp_ratio") (value "-1")
L 07/14/2025 - 21:15:31: [basecommands.smx] "Console<0><Console><Console>" changed cvar (cvar "sv_client_max_interp_ratio") (value "0")
L 07/14/2025 - 21:15:31: [basecommands.smx] "Console<0><Console><Console>" changed cvar (cvar "nb_update_frequency") (value "0.014")
L 07/14/2025 - 21:15:31: [basecommands.smx] "Console<0><Console><Console>" changed cvar (cvar "net_splitpacket_maxrate") (value "50000")
L 07/14/2025 - 21:15:31: [basecommands.smx] "Console<0><Console><Console>" changed cvar (cvar "net_maxcleartime") (value "0.0001")
L 07/14/2025 - 21:15:31: [basecommands.smx] "Console<0><Console><Console>" changed cvar (cvar "fps_max") (value "0")
L 07/14/2025 - 21:15:31: [basecommands.smx] "Console<0><Console><Console>" changed cvar (cvar "tick_door_speed") (value "1.3")
L 07/14/2025 - 21:15:31: [basecommands.smx] "Console<0><Console><Console>" changed cvar (cvar "mv_maxplayers") (value "30")
L 07/14/2025 - 21:15:31: [basecommands.smx] "Console<0><Console><Console>" changed cvar (cvar "mp_autoteambalance") (value "0")
L 07/14/2025 - 21:15:31: [basecommands.smx] "Console<0><Console><Console>" changed cvar (cvar "sv_unlag_fixstuck") (value "1")
L 07/14/2025 - 21:15:31: [basecommands.smx] "Console<0><Console><Console>" changed cvar (cvar "z_brawl_chance") (value "0")
L 07/14/2025 - 21:15:31: [basecommands.smx] "Console<0><Console><Console>" changed cvar (cvar "sv_maxunlag") (value "1")
L 07/14/2025 - 21:15:31: [basecommands.smx] "Console<0><Console><Console>" changed cvar (cvar "sv_forcepreload") (value "1")
L 07/14/2025 - 21:15:31: [basecommands.smx] "Console<0><Console><Console>" changed cvar (cvar "sv_client_predict") (value "1")
L 07/14/2025 - 21:15:31: [basecommands.smx] "Console<0><Console><Console>" changed cvar (cvar "sv_client_cmdrate_difference") (value "0")
L 07/14/2025 - 21:15:31: [basecommands.smx] "Console<0><Console><Console>" changed cvar (cvar "sv_max_queries_sec_global") (value "10")
L 07/14/2025 - 21:15:31: [basecommands.smx] "Console<0><Console><Console>" changed cvar (cvar "sv_max_queries_sec") (value "3")
L 07/14/2025 - 21:15:31: [basecommands.smx] "Console<0><Console><Console>" changed cvar (cvar "sv_max_queries_window") (value "10")
L 07/14/2025 - 21:15:31: [basecommands.smx] "Console<0><Console><Console>" changed cvar (cvar "sv_player_stuck_tolerance") (value "5")
L 07/14/2025 - 21:15:31: [basecommands.smx] "Console<0><Console><Console>" changed cvar (cvar "sv_stats") (value "0")
L 07/14/2025 - 21:15:31: [basecommands.smx] "Console<0><Console><Console>" changed cvar (cvar "sv_clockcorrection_msecs") (value "25")
L 07/14/2025 - 21:15:31: [basecommands.smx] "Console<0><Console><Console>" changed cvar (cvar "survivor_max_incapacitated_count") (value "2")
L 07/14/2025 - 21:15:31: [optional/chat-processor.smx] Message formats generated for game 'left4dead2'.
L 07/14/2025 - 21:15:31: [optional/chat-processor.smx] Successfully hooked a SayText2 chat hook.
L 07/14/2025 - 21:15:32: [optional/l4d2_saferoom_item_remove.smx] Removed 0 saferoom item(s) (start: 0; end: 0).
L 07/14/2025 - 21:15:53: [fixes/firebulletsfix.smx] Found offset for Weapon_ShootPosition 286
L 07/14/2025 - 21:15:53: [confoglcompmod.smx] [PasswordSystem] Set password on (ᗜᴗᗜ), password 
L 07/14/2025 - 21:15:54: [basecommands.smx] "Console<0><Console><Console>" changed cvar (cvar "survivor_max_incapacitated_count") (value "2")
L 07/14/2025 - 21:16:01: [fixes/firebulletsfix.smx] Found offset for Weapon_ShootPosition 286
L 07/14/2025 - 21:16:01: [confoglcompmod.smx] [PasswordSystem] Set password on (ᗜᴗᗜ), password 
L 07/14/2025 - 21:16:01: [optional/l4d2_item_hint.smx] 
==========
Warning: You should install "[L4D & L4D2] Use Priority Patch" to fix attached models blocking +USE action (item hint): https://forums.alliedmods.net/showthread.php?t=327511
==========

L 07/14/2025 - 21:16:01: [optional/chat-processor.smx] Message formats generated for game 'left4dead2'.
L 07/14/2025 - 21:16:01: [optional/chat-processor.smx] Successfully hooked a SayText2 chat hook.
L 07/14/2025 - 21:16:01: [basecommands.smx] "Console<0><Console><Console>" changed cvar (cvar "survivor_max_incapacitated_count") (value "2")
L 07/14/2025 - 21:16:05: -------- Mapchange to c2m1_highway --------
L 07/14/2025 - 21:16:06: [basecommands.smx] "Console<0><Console><Console>" changed cvar (cvar "confogl_match_execcfg_plugins") (value "generalfixes.cfg;confogl_plugins.cfg;sharedplugins.cfg")
L 07/14/2025 - 21:16:06: [basecommands.smx] "Console<0><Console><Console>" changed cvar (cvar "l4d2_addons_eclipse") (value "0")
L 07/14/2025 - 21:16:06: [basecommands.smx] "Console<0><Console><Console>" changed cvar (cvar "sv_allow_wait_command") (value "0")
L 07/14/2025 - 21:16:06: [basecommands.smx] "Console<0><Console><Console>" changed cvar (cvar "sv_minrate") (value "100000")
L 07/14/2025 - 21:16:06: [basecommands.smx] "Console<0><Console><Console>" changed cvar (cvar "sv_maxrate") (value "100000")
L 07/14/2025 - 21:16:06: [basecommands.smx] "Console<0><Console><Console>" changed cvar (cvar "sv_minupdaterate") (value "100")
L 07/14/2025 - 21:16:06: [basecommands.smx] "Console<0><Console><Console>" changed cvar (cvar "sv_maxupdaterate") (value "100")
L 07/14/2025 - 21:16:06: [basecommands.smx] "Console<0><Console><Console>" changed cvar (cvar "sv_mincmdrate") (value "100")
L 07/14/2025 - 21:16:06: [basecommands.smx] "Console<0><Console><Console>" changed cvar (cvar "sv_maxcmdrate") (value "100")
L 07/14/2025 - 21:16:06: [basecommands.smx] "Console<0><Console><Console>" changed cvar (cvar "sv_client_min_interp_ratio") (value "-1")
L 07/14/2025 - 21:16:06: [basecommands.smx] "Console<0><Console><Console>" changed cvar (cvar "sv_client_max_interp_ratio") (value "0")
L 07/14/2025 - 21:16:06: [basecommands.smx] "Console<0><Console><Console>" changed cvar (cvar "nb_update_frequency") (value "0.014")
L 07/14/2025 - 21:16:06: [basecommands.smx] "Console<0><Console><Console>" changed cvar (cvar "net_splitpacket_maxrate") (value "50000")
L 07/14/2025 - 21:16:06: [basecommands.smx] "Console<0><Console><Console>" changed cvar (cvar "net_maxcleartime") (value "0.0001")
L 07/14/2025 - 21:16:06: [basecommands.smx] "Console<0><Console><Console>" changed cvar (cvar "fps_max") (value "0")
L 07/14/2025 - 21:16:06: [basecommands.smx] "Console<0><Console><Console>" changed cvar (cvar "tick_door_speed") (value "1.3")
L 07/14/2025 - 21:16:06: [basecommands.smx] "Console<0><Console><Console>" changed cvar (cvar "mv_maxplayers") (value "30")
L 07/14/2025 - 21:16:06: [basecommands.smx] "Console<0><Console><Console>" changed cvar (cvar "mp_autoteambalance") (value "0")
L 07/14/2025 - 21:16:06: [basecommands.smx] "Console<0><Console><Console>" changed cvar (cvar "sv_unlag_fixstuck") (value "1")
L 07/14/2025 - 21:16:06: [basecommands.smx] "Console<0><Console><Console>" changed cvar (cvar "z_brawl_chance") (value "0")
L 07/14/2025 - 21:16:06: [basecommands.smx] "Console<0><Console><Console>" changed cvar (cvar "sv_maxunlag") (value "1")
L 07/14/2025 - 21:16:06: [basecommands.smx] "Console<0><Console><Console>" changed cvar (cvar "sv_forcepreload") (value "1")
L 07/14/2025 - 21:16:06: [basecommands.smx] "Console<0><Console><Console>" changed cvar (cvar "sv_client_predict") (value "1")
L 07/14/2025 - 21:16:06: [basecommands.smx] "Console<0><Console><Console>" changed cvar (cvar "sv_client_cmdrate_difference") (value "0")
L 07/14/2025 - 21:16:06: [basecommands.smx] "Console<0><Console><Console>" changed cvar (cvar "sv_max_queries_sec_global") (value "10")
L 07/14/2025 - 21:16:06: [basecommands.smx] "Console<0><Console><Console>" changed cvar (cvar "sv_max_queries_sec") (value "3")
L 07/14/2025 - 21:16:06: [basecommands.smx] "Console<0><Console><Console>" changed cvar (cvar "sv_max_queries_window") (value "10")
L 07/14/2025 - 21:16:06: [basecommands.smx] "Console<0><Console><Console>" changed cvar (cvar "sv_player_stuck_tolerance") (value "5")
L 07/14/2025 - 21:16:06: [basecommands.smx] "Console<0><Console><Console>" changed cvar (cvar "sv_stats") (value "0")
L 07/14/2025 - 21:16:06: [basecommands.smx] "Console<0><Console><Console>" changed cvar (cvar "sv_clockcorrection_msecs") (value "25")
L 07/14/2025 - 21:16:06: [basecommands.smx] "Console<0><Console><Console>" changed cvar (cvar "survivor_max_incapacitated_count") (value "2")
L 07/14/2025 - 21:16:07: [optional/chat-processor.smx] Message formats generated for game 'left4dead2'.
L 07/14/2025 - 21:16:07: [optional/chat-processor.smx] Successfully hooked a SayText2 chat hook.
L 07/14/2025 - 21:16:07: [optional/l4d2_saferoom_item_remove.smx] Removed 0 saferoom item(s) (start: 0; end: 0).
L 07/14/2025 - 21:16:41: [fixes/firebulletsfix.smx] Found offset for Weapon_ShootPosition 286
L 07/14/2025 - 21:16:41: [confoglcompmod.smx] [PasswordSystem] Set password on (ᗜᴗᗜ), password 
L 07/14/2025 - 21:16:41: [optional/l4d2_item_hint.smx] 
==========
Warning: You should install "[L4D & L4D2] Use Priority Patch" to fix attached models blocking +USE action (item hint): https://forums.alliedmods.net/showthread.php?t=327511
==========

L 07/14/2025 - 21:16:41: [optional/chat-processor.smx] Message formats generated for game 'left4dead2'.
L 07/14/2025 - 21:16:41: [optional/chat-processor.smx] Successfully hooked a SayText2 chat hook.
L 07/14/2025 - 21:16:42: [basecommands.smx] "Console<0><Console><Console>" changed cvar (cvar "survivor_max_incapacitated_count") (value "2")
L 07/14/2025 - 21:16:45: -------- Mapchange to c2m1_highway --------
L 07/14/2025 - 21:16:46: [basecommands.smx] "Console<0><Console><Console>" changed cvar (cvar "confogl_match_execcfg_plugins") (value "generalfixes.cfg;confogl_plugins.cfg;sharedplugins.cfg")
L 07/14/2025 - 21:16:46: [basecommands.smx] "Console<0><Console><Console>" changed cvar (cvar "l4d2_addons_eclipse") (value "0")
L 07/14/2025 - 21:16:46: [basecommands.smx] "Console<0><Console><Console>" changed cvar (cvar "sv_allow_wait_command") (value "0")
L 07/14/2025 - 21:16:46: [basecommands.smx] "Console<0><Console><Console>" changed cvar (cvar "sv_minrate") (value "100000")
L 07/14/2025 - 21:16:46: [basecommands.smx] "Console<0><Console><Console>" changed cvar (cvar "sv_maxrate") (value "100000")
L 07/14/2025 - 21:16:46: [basecommands.smx] "Console<0><Console><Console>" changed cvar (cvar "sv_minupdaterate") (value "100")
L 07/14/2025 - 21:16:46: [basecommands.smx] "Console<0><Console><Console>" changed cvar (cvar "sv_maxupdaterate") (value "100")
L 07/14/2025 - 21:16:46: [basecommands.smx] "Console<0><Console><Console>" changed cvar (cvar "sv_mincmdrate") (value "100")
L 07/14/2025 - 21:16:46: [basecommands.smx] "Console<0><Console><Console>" changed cvar (cvar "sv_maxcmdrate") (value "100")
L 07/14/2025 - 21:16:46: [basecommands.smx] "Console<0><Console><Console>" changed cvar (cvar "sv_client_min_interp_ratio") (value "-1")
L 07/14/2025 - 21:16:46: [basecommands.smx] "Console<0><Console><Console>" changed cvar (cvar "sv_client_max_interp_ratio") (value "0")
L 07/14/2025 - 21:16:46: [basecommands.smx] "Console<0><Console><Console>" changed cvar (cvar "nb_update_frequency") (value "0.014")
L 07/14/2025 - 21:16:46: [basecommands.smx] "Console<0><Console><Console>" changed cvar (cvar "net_splitpacket_maxrate") (value "50000")
L 07/14/2025 - 21:16:46: [basecommands.smx] "Console<0><Console><Console>" changed cvar (cvar "net_maxcleartime") (value "0.0001")
L 07/14/2025 - 21:16:46: [basecommands.smx] "Console<0><Console><Console>" changed cvar (cvar "fps_max") (value "0")
L 07/14/2025 - 21:16:46: [basecommands.smx] "Console<0><Console><Console>" changed cvar (cvar "tick_door_speed") (value "1.3")
L 07/14/2025 - 21:16:46: [basecommands.smx] "Console<0><Console><Console>" changed cvar (cvar "mv_maxplayers") (value "30")
L 07/14/2025 - 21:16:46: [basecommands.smx] "Console<0><Console><Console>" changed cvar (cvar "mp_autoteambalance") (value "0")
L 07/14/2025 - 21:16:46: [basecommands.smx] "Console<0><Console><Console>" changed cvar (cvar "sv_unlag_fixstuck") (value "1")
L 07/14/2025 - 21:16:46: [basecommands.smx] "Console<0><Console><Console>" changed cvar (cvar "z_brawl_chance") (value "0")
L 07/14/2025 - 21:16:46: [basecommands.smx] "Console<0><Console><Console>" changed cvar (cvar "sv_maxunlag") (value "1")
L 07/14/2025 - 21:16:46: [basecommands.smx] "Console<0><Console><Console>" changed cvar (cvar "sv_forcepreload") (value "1")
L 07/14/2025 - 21:16:46: [basecommands.smx] "Console<0><Console><Console>" changed cvar (cvar "sv_client_predict") (value "1")
L 07/14/2025 - 21:16:46: [basecommands.smx] "Console<0><Console><Console>" changed cvar (cvar "sv_client_cmdrate_difference") (value "0")
L 07/14/2025 - 21:16:46: [basecommands.smx] "Console<0><Console><Console>" changed cvar (cvar "sv_max_queries_sec_global") (value "10")
L 07/14/2025 - 21:16:46: [basecommands.smx] "Console<0><Console><Console>" changed cvar (cvar "sv_max_queries_sec") (value "3")
L 07/14/2025 - 21:16:46: [basecommands.smx] "Console<0><Console><Console>" changed cvar (cvar "sv_max_queries_window") (value "10")
L 07/14/2025 - 21:16:46: [basecommands.smx] "Console<0><Console><Console>" changed cvar (cvar "sv_player_stuck_tolerance") (value "5")
L 07/14/2025 - 21:16:46: [basecommands.smx] "Console<0><Console><Console>" changed cvar (cvar "sv_stats") (value "0")
L 07/14/2025 - 21:16:46: [basecommands.smx] "Console<0><Console><Console>" changed cvar (cvar "sv_clockcorrection_msecs") (value "25")
L 07/14/2025 - 21:16:46: [basecommands.smx] "Console<0><Console><Console>" changed cvar (cvar "survivor_max_incapacitated_count") (value "2")
L 07/14/2025 - 21:16:47: [optional/chat-processor.smx] Message formats generated for game 'left4dead2'.
L 07/14/2025 - 21:16:47: [optional/chat-processor.smx] Successfully hooked a SayText2 chat hook.
L 07/14/2025 - 21:16:48: [optional/l4d2_saferoom_item_remove.smx] Removed 0 saferoom item(s) (start: 0; end: 0).
L 07/14/2025 - 21:17:33: [fixes/firebulletsfix.smx] Found offset for Weapon_ShootPosition 286
L 07/14/2025 - 21:17:33: [confoglcompmod.smx] [PasswordSystem] Set password on (ᗜᴗᗜ), password 
L 07/14/2025 - 21:17:33: [optional/l4d2_item_hint.smx] 
==========
Warning: You should install "[L4D & L4D2] Use Priority Patch" to fix attached models blocking +USE action (item hint): https://forums.alliedmods.net/showthread.php?t=327511
==========

L 07/14/2025 - 21:17:33: [optional/chat-processor.smx] Message formats generated for game 'left4dead2'.
L 07/14/2025 - 21:17:33: [optional/chat-processor.smx] Successfully hooked a SayText2 chat hook.
L 07/14/2025 - 21:17:33: [basecommands.smx] "Console<0><Console><Console>" changed cvar (cvar "survivor_max_incapacitated_count") (value "2")
L 07/14/2025 - 21:17:37: -------- Mapchange to c2m1_highway --------
L 07/14/2025 - 21:17:38: [basecommands.smx] "Console<0><Console><Console>" changed cvar (cvar "confogl_match_execcfg_plugins") (value "generalfixes.cfg;confogl_plugins.cfg;sharedplugins.cfg")
L 07/14/2025 - 21:17:38: [basecommands.smx] "Console<0><Console><Console>" changed cvar (cvar "l4d2_addons_eclipse") (value "0")
L 07/14/2025 - 21:17:38: [basecommands.smx] "Console<0><Console><Console>" changed cvar (cvar "sv_allow_wait_command") (value "0")
L 07/14/2025 - 21:17:38: [basecommands.smx] "Console<0><Console><Console>" changed cvar (cvar "sv_minrate") (value "100000")
L 07/14/2025 - 21:17:38: [basecommands.smx] "Console<0><Console><Console>" changed cvar (cvar "sv_maxrate") (value "100000")
L 07/14/2025 - 21:17:38: [basecommands.smx] "Console<0><Console><Console>" changed cvar (cvar "sv_minupdaterate") (value "100")
L 07/14/2025 - 21:17:38: [basecommands.smx] "Console<0><Console><Console>" changed cvar (cvar "sv_maxupdaterate") (value "100")
L 07/14/2025 - 21:17:38: [basecommands.smx] "Console<0><Console><Console>" changed cvar (cvar "sv_mincmdrate") (value "100")
L 07/14/2025 - 21:17:38: [basecommands.smx] "Console<0><Console><Console>" changed cvar (cvar "sv_maxcmdrate") (value "100")
L 07/14/2025 - 21:17:38: [basecommands.smx] "Console<0><Console><Console>" changed cvar (cvar "sv_client_min_interp_ratio") (value "-1")
L 07/14/2025 - 21:17:38: [basecommands.smx] "Console<0><Console><Console>" changed cvar (cvar "sv_client_max_interp_ratio") (value "0")
L 07/14/2025 - 21:17:38: [basecommands.smx] "Console<0><Console><Console>" changed cvar (cvar "nb_update_frequency") (value "0.014")
L 07/14/2025 - 21:17:38: [basecommands.smx] "Console<0><Console><Console>" changed cvar (cvar "net_splitpacket_maxrate") (value "50000")
L 07/14/2025 - 21:17:38: [basecommands.smx] "Console<0><Console><Console>" changed cvar (cvar "net_maxcleartime") (value "0.0001")
L 07/14/2025 - 21:17:38: [basecommands.smx] "Console<0><Console><Console>" changed cvar (cvar "fps_max") (value "0")
L 07/14/2025 - 21:17:38: [basecommands.smx] "Console<0><Console><Console>" changed cvar (cvar "tick_door_speed") (value "1.3")
L 07/14/2025 - 21:17:38: [basecommands.smx] "Console<0><Console><Console>" changed cvar (cvar "mv_maxplayers") (value "30")
L 07/14/2025 - 21:17:38: [basecommands.smx] "Console<0><Console><Console>" changed cvar (cvar "mp_autoteambalance") (value "0")
L 07/14/2025 - 21:17:38: [basecommands.smx] "Console<0><Console><Console>" changed cvar (cvar "sv_unlag_fixstuck") (value "1")
L 07/14/2025 - 21:17:38: [basecommands.smx] "Console<0><Console><Console>" changed cvar (cvar "z_brawl_chance") (value "0")
L 07/14/2025 - 21:17:38: [basecommands.smx] "Console<0><Console><Console>" changed cvar (cvar "sv_maxunlag") (value "1")
L 07/14/2025 - 21:17:38: [basecommands.smx] "Console<0><Console><Console>" changed cvar (cvar "sv_forcepreload") (value "1")
L 07/14/2025 - 21:17:38: [basecommands.smx] "Console<0><Console><Console>" changed cvar (cvar "sv_client_predict") (value "1")
L 07/14/2025 - 21:17:38: [basecommands.smx] "Console<0><Console><Console>" changed cvar (cvar "sv_client_cmdrate_difference") (value "0")
L 07/14/2025 - 21:17:38: [basecommands.smx] "Console<0><Console><Console>" changed cvar (cvar "sv_max_queries_sec_global") (value "10")
L 07/14/2025 - 21:17:38: [basecommands.smx] "Console<0><Console><Console>" changed cvar (cvar "sv_max_queries_sec") (value "3")
L 07/14/2025 - 21:17:38: [basecommands.smx] "Console<0><Console><Console>" changed cvar (cvar "sv_max_queries_window") (value "10")
L 07/14/2025 - 21:17:38: [basecommands.smx] "Console<0><Console><Console>" changed cvar (cvar "sv_player_stuck_tolerance") (value "5")
L 07/14/2025 - 21:17:38: [basecommands.smx] "Console<0><Console><Console>" changed cvar (cvar "sv_stats") (value "0")
L 07/14/2025 - 21:17:38: [basecommands.smx] "Console<0><Console><Console>" changed cvar (cvar "sv_clockcorrection_msecs") (value "25")
L 07/14/2025 - 21:17:38: [basecommands.smx] "Console<0><Console><Console>" changed cvar (cvar "survivor_max_incapacitated_count") (value "2")
L 07/14/2025 - 21:17:39: [optional/chat-processor.smx] Message formats generated for game 'left4dead2'.
L 07/14/2025 - 21:17:39: [optional/chat-processor.smx] Successfully hooked a SayText2 chat hook.
L 07/14/2025 - 21:17:40: [optional/l4d2_saferoom_item_remove.smx] Removed 0 saferoom item(s) (start: 0; end: 0).
L 07/14/2025 - 21:18:08: [basecommands.smx] "Console<0><Console><Console>" changed map to "l4d2_daybreak01_hotel" (input "l4d2_daybreak01_hotel")
L 07/14/2025 - 21:18:15: -------- Mapchange to l4d2_daybreak01_hotel --------
L 07/14/2025 - 21:18:16: [optional/l4d2_saferoom_detect.smx] [SI] SaferoomInfo for l4d2_daybreak01_hotel is missing.
L 07/14/2025 - 21:18:16: [basecommands.smx] "Console<0><Console><Console>" changed cvar (cvar "confogl_match_execcfg_plugins") (value "generalfixes.cfg;confogl_plugins.cfg;sharedplugins.cfg")
L 07/14/2025 - 21:18:16: [basecommands.smx] "Console<0><Console><Console>" changed cvar (cvar "l4d2_addons_eclipse") (value "0")
L 07/14/2025 - 21:18:16: [basecommands.smx] "Console<0><Console><Console>" changed cvar (cvar "sv_allow_wait_command") (value "0")
L 07/14/2025 - 21:18:16: [basecommands.smx] "Console<0><Console><Console>" changed cvar (cvar "sv_minrate") (value "100000")
L 07/14/2025 - 21:18:16: [basecommands.smx] "Console<0><Console><Console>" changed cvar (cvar "sv_maxrate") (value "100000")
L 07/14/2025 - 21:18:16: [basecommands.smx] "Console<0><Console><Console>" changed cvar (cvar "sv_minupdaterate") (value "100")
L 07/14/2025 - 21:18:16: [basecommands.smx] "Console<0><Console><Console>" changed cvar (cvar "sv_maxupdaterate") (value "100")
L 07/14/2025 - 21:18:16: [basecommands.smx] "Console<0><Console><Console>" changed cvar (cvar "sv_mincmdrate") (value "100")
L 07/14/2025 - 21:18:16: [basecommands.smx] "Console<0><Console><Console>" changed cvar (cvar "sv_maxcmdrate") (value "100")
L 07/14/2025 - 21:18:16: [basecommands.smx] "Console<0><Console><Console>" changed cvar (cvar "sv_client_min_interp_ratio") (value "-1")
L 07/14/2025 - 21:18:16: [basecommands.smx] "Console<0><Console><Console>" changed cvar (cvar "sv_client_max_interp_ratio") (value "0")
L 07/14/2025 - 21:18:16: [basecommands.smx] "Console<0><Console><Console>" changed cvar (cvar "nb_update_frequency") (value "0.014")
L 07/14/2025 - 21:18:16: [basecommands.smx] "Console<0><Console><Console>" changed cvar (cvar "net_splitpacket_maxrate") (value "50000")
L 07/14/2025 - 21:18:16: [basecommands.smx] "Console<0><Console><Console>" changed cvar (cvar "net_maxcleartime") (value "0.0001")
L 07/14/2025 - 21:18:16: [basecommands.smx] "Console<0><Console><Console>" changed cvar (cvar "fps_max") (value "0")
L 07/14/2025 - 21:18:16: [basecommands.smx] "Console<0><Console><Console>" changed cvar (cvar "tick_door_speed") (value "1.3")
L 07/14/2025 - 21:18:16: [basecommands.smx] "Console<0><Console><Console>" changed cvar (cvar "mv_maxplayers") (value "30")
L 07/14/2025 - 21:18:16: [basecommands.smx] "Console<0><Console><Console>" changed cvar (cvar "mp_autoteambalance") (value "0")
L 07/14/2025 - 21:18:16: [basecommands.smx] "Console<0><Console><Console>" changed cvar (cvar "sv_unlag_fixstuck") (value "1")
L 07/14/2025 - 21:18:16: [basecommands.smx] "Console<0><Console><Console>" changed cvar (cvar "z_brawl_chance") (value "0")
L 07/14/2025 - 21:18:16: [basecommands.smx] "Console<0><Console><Console>" changed cvar (cvar "sv_maxunlag") (value "1")
L 07/14/2025 - 21:18:16: [basecommands.smx] "Console<0><Console><Console>" changed cvar (cvar "sv_forcepreload") (value "1")
L 07/14/2025 - 21:18:16: [basecommands.smx] "Console<0><Console><Console>" changed cvar (cvar "sv_client_predict") (value "1")
L 07/14/2025 - 21:18:16: [basecommands.smx] "Console<0><Console><Console>" changed cvar (cvar "sv_client_cmdrate_difference") (value "0")
L 07/14/2025 - 21:18:16: [basecommands.smx] "Console<0><Console><Console>" changed cvar (cvar "sv_max_queries_sec_global") (value "10")
L 07/14/2025 - 21:18:16: [basecommands.smx] "Console<0><Console><Console>" changed cvar (cvar "sv_max_queries_sec") (value "3")
L 07/14/2025 - 21:18:16: [basecommands.smx] "Console<0><Console><Console>" changed cvar (cvar "sv_max_queries_window") (value "10")
L 07/14/2025 - 21:18:16: [basecommands.smx] "Console<0><Console><Console>" changed cvar (cvar "sv_player_stuck_tolerance") (value "5")
L 07/14/2025 - 21:18:16: [basecommands.smx] "Console<0><Console><Console>" changed cvar (cvar "sv_stats") (value "0")
L 07/14/2025 - 21:18:16: [basecommands.smx] "Console<0><Console><Console>" changed cvar (cvar "sv_clockcorrection_msecs") (value "25")
L 07/14/2025 - 21:18:16: [basecommands.smx] "Console<0><Console><Console>" changed cvar (cvar "survivor_max_incapacitated_count") (value "2")
L 07/14/2025 - 21:18:17: [optional/chat-processor.smx] Message formats generated for game 'left4dead2'.
L 07/14/2025 - 21:18:17: [optional/chat-processor.smx] Successfully hooked a SayText2 chat hook.
L 07/14/2025 - 21:18:18: [optional/l4d2_saferoom_item_remove.smx] Removed 0 saferoom item(s) (start: 0; end: 0).
L 07/14/2025 - 21:29:06: [confoglcompmod.smx] [ClientSettings] Kicking Akiyama Mio<40><STEAM_1:1:441087368><> for bad r_flashlightmuzzleflash value (0.000000). Min: 1 1.000000 Max: 1 1.000000
L 07/14/2025 - 21:56:15: [optional/l4d2_saferoom_item_remove.smx] Removed 0 saferoom item(s) (start: 0; end: 0).
L 07/14/2025 - 22:07:01: -------- Mapchange to l4d2_daybreak02_coastline --------
L 07/14/2025 - 22:07:03: [optional/l4d2_saferoom_detect.smx] [SI] SaferoomInfo for l4d2_daybreak02_coastline is missing.
L 07/14/2025 - 22:07:03: [basecommands.smx] "Console<0><Console><Console>" changed cvar (cvar "confogl_match_execcfg_plugins") (value "generalfixes.cfg;confogl_plugins.cfg;sharedplugins.cfg")
L 07/14/2025 - 22:07:03: [basecommands.smx] "Console<0><Console><Console>" changed cvar (cvar "l4d2_addons_eclipse") (value "0")
L 07/14/2025 - 22:07:03: [basecommands.smx] "Console<0><Console><Console>" changed cvar (cvar "sv_allow_wait_command") (value "0")
L 07/14/2025 - 22:07:03: [basecommands.smx] "Console<0><Console><Console>" changed cvar (cvar "sv_minrate") (value "100000")
L 07/14/2025 - 22:07:03: [basecommands.smx] "Console<0><Console><Console>" changed cvar (cvar "sv_maxrate") (value "100000")
L 07/14/2025 - 22:07:03: [basecommands.smx] "Console<0><Console><Console>" changed cvar (cvar "sv_minupdaterate") (value "100")
L 07/14/2025 - 22:07:03: [basecommands.smx] "Console<0><Console><Console>" changed cvar (cvar "sv_maxupdaterate") (value "100")
L 07/14/2025 - 22:07:03: [basecommands.smx] "Console<0><Console><Console>" changed cvar (cvar "sv_mincmdrate") (value "100")
L 07/14/2025 - 22:07:03: [basecommands.smx] "Console<0><Console><Console>" changed cvar (cvar "sv_maxcmdrate") (value "100")
L 07/14/2025 - 22:07:03: [basecommands.smx] "Console<0><Console><Console>" changed cvar (cvar "sv_client_min_interp_ratio") (value "-1")
L 07/14/2025 - 22:07:03: [basecommands.smx] "Console<0><Console><Console>" changed cvar (cvar "sv_client_max_interp_ratio") (value "0")
L 07/14/2025 - 22:07:03: [basecommands.smx] "Console<0><Console><Console>" changed cvar (cvar "nb_update_frequency") (value "0.014")
L 07/14/2025 - 22:07:03: [basecommands.smx] "Console<0><Console><Console>" changed cvar (cvar "net_splitpacket_maxrate") (value "50000")
L 07/14/2025 - 22:07:03: [basecommands.smx] "Console<0><Console><Console>" changed cvar (cvar "net_maxcleartime") (value "0.0001")
L 07/14/2025 - 22:07:03: [basecommands.smx] "Console<0><Console><Console>" changed cvar (cvar "fps_max") (value "0")
L 07/14/2025 - 22:07:03: [basecommands.smx] "Console<0><Console><Console>" changed cvar (cvar "tick_door_speed") (value "1.3")
L 07/14/2025 - 22:07:03: [basecommands.smx] "Console<0><Console><Console>" changed cvar (cvar "mv_maxplayers") (value "30")
L 07/14/2025 - 22:07:03: [basecommands.smx] "Console<0><Console><Console>" changed cvar (cvar "mp_autoteambalance") (value "0")
L 07/14/2025 - 22:07:03: [basecommands.smx] "Console<0><Console><Console>" changed cvar (cvar "sv_unlag_fixstuck") (value "1")
L 07/14/2025 - 22:07:03: [basecommands.smx] "Console<0><Console><Console>" changed cvar (cvar "z_brawl_chance") (value "0")
L 07/14/2025 - 22:07:03: [basecommands.smx] "Console<0><Console><Console>" changed cvar (cvar "sv_maxunlag") (value "1")
L 07/14/2025 - 22:07:03: [basecommands.smx] "Console<0><Console><Console>" changed cvar (cvar "sv_forcepreload") (value "1")
L 07/14/2025 - 22:07:03: [basecommands.smx] "Console<0><Console><Console>" changed cvar (cvar "sv_client_predict") (value "1")
L 07/14/2025 - 22:07:03: [basecommands.smx] "Console<0><Console><Console>" changed cvar (cvar "sv_client_cmdrate_difference") (value "0")
L 07/14/2025 - 22:07:03: [basecommands.smx] "Console<0><Console><Console>" changed cvar (cvar "sv_max_queries_sec_global") (value "10")
L 07/14/2025 - 22:07:03: [basecommands.smx] "Console<0><Console><Console>" changed cvar (cvar "sv_max_queries_sec") (value "3")
L 07/14/2025 - 22:07:03: [basecommands.smx] "Console<0><Console><Console>" changed cvar (cvar "sv_max_queries_window") (value "10")
L 07/14/2025 - 22:07:03: [basecommands.smx] "Console<0><Console><Console>" changed cvar (cvar "sv_player_stuck_tolerance") (value "5")
L 07/14/2025 - 22:07:03: [basecommands.smx] "Console<0><Console><Console>" changed cvar (cvar "sv_stats") (value "0")
L 07/14/2025 - 22:07:03: [basecommands.smx] "Console<0><Console><Console>" changed cvar (cvar "sv_clockcorrection_msecs") (value "25")
L 07/14/2025 - 22:07:03: [basecommands.smx] "Console<0><Console><Console>" changed cvar (cvar "survivor_max_incapacitated_count") (value "2")
L 07/14/2025 - 22:07:04: [optional/chat-processor.smx] Message formats generated for game 'left4dead2'.
L 07/14/2025 - 22:07:04: [optional/chat-processor.smx] Successfully hooked a SayText2 chat hook.
L 07/14/2025 - 22:07:05: [optional/l4d2_saferoom_item_remove.smx] Removed 0 saferoom item(s) (start: 0; end: 0).
L 07/14/2025 - 22:12:10: [optional/l4d2_saferoom_item_remove.smx] Removed 0 saferoom item(s) (start: 0; end: 0).
L 07/14/2025 - 22:18:33: -------- Mapchange to l4d2_daybreak03_bridge --------
L 07/14/2025 - 22:18:34: [optional/l4d2_saferoom_detect.smx] [SI] SaferoomInfo for l4d2_daybreak03_bridge is missing.
L 07/14/2025 - 22:18:34: [basecommands.smx] "Console<0><Console><Console>" changed cvar (cvar "confogl_match_execcfg_plugins") (value "generalfixes.cfg;confogl_plugins.cfg;sharedplugins.cfg")
L 07/14/2025 - 22:18:34: [basecommands.smx] "Console<0><Console><Console>" changed cvar (cvar "l4d2_addons_eclipse") (value "0")
L 07/14/2025 - 22:18:34: [basecommands.smx] "Console<0><Console><Console>" changed cvar (cvar "sv_allow_wait_command") (value "0")
L 07/14/2025 - 22:18:34: [basecommands.smx] "Console<0><Console><Console>" changed cvar (cvar "sv_minrate") (value "100000")
L 07/14/2025 - 22:18:34: [basecommands.smx] "Console<0><Console><Console>" changed cvar (cvar "sv_maxrate") (value "100000")
L 07/14/2025 - 22:18:34: [basecommands.smx] "Console<0><Console><Console>" changed cvar (cvar "sv_minupdaterate") (value "100")
L 07/14/2025 - 22:18:34: [basecommands.smx] "Console<0><Console><Console>" changed cvar (cvar "sv_maxupdaterate") (value "100")
L 07/14/2025 - 22:18:34: [basecommands.smx] "Console<0><Console><Console>" changed cvar (cvar "sv_mincmdrate") (value "100")
L 07/14/2025 - 22:18:34: [basecommands.smx] "Console<0><Console><Console>" changed cvar (cvar "sv_maxcmdrate") (value "100")
L 07/14/2025 - 22:18:34: [basecommands.smx] "Console<0><Console><Console>" changed cvar (cvar "sv_client_min_interp_ratio") (value "-1")
L 07/14/2025 - 22:18:34: [basecommands.smx] "Console<0><Console><Console>" changed cvar (cvar "sv_client_max_interp_ratio") (value "0")
L 07/14/2025 - 22:18:34: [basecommands.smx] "Console<0><Console><Console>" changed cvar (cvar "nb_update_frequency") (value "0.014")
L 07/14/2025 - 22:18:34: [basecommands.smx] "Console<0><Console><Console>" changed cvar (cvar "net_splitpacket_maxrate") (value "50000")
L 07/14/2025 - 22:18:34: [basecommands.smx] "Console<0><Console><Console>" changed cvar (cvar "net_maxcleartime") (value "0.0001")
L 07/14/2025 - 22:18:34: [basecommands.smx] "Console<0><Console><Console>" changed cvar (cvar "fps_max") (value "0")
L 07/14/2025 - 22:18:34: [basecommands.smx] "Console<0><Console><Console>" changed cvar (cvar "tick_door_speed") (value "1.3")
L 07/14/2025 - 22:18:34: [basecommands.smx] "Console<0><Console><Console>" changed cvar (cvar "mv_maxplayers") (value "30")
L 07/14/2025 - 22:18:34: [basecommands.smx] "Console<0><Console><Console>" changed cvar (cvar "mp_autoteambalance") (value "0")
L 07/14/2025 - 22:18:34: [basecommands.smx] "Console<0><Console><Console>" changed cvar (cvar "sv_unlag_fixstuck") (value "1")
L 07/14/2025 - 22:18:34: [basecommands.smx] "Console<0><Console><Console>" changed cvar (cvar "z_brawl_chance") (value "0")
L 07/14/2025 - 22:18:34: [basecommands.smx] "Console<0><Console><Console>" changed cvar (cvar "sv_maxunlag") (value "1")
L 07/14/2025 - 22:18:34: [basecommands.smx] "Console<0><Console><Console>" changed cvar (cvar "sv_forcepreload") (value "1")
L 07/14/2025 - 22:18:34: [basecommands.smx] "Console<0><Console><Console>" changed cvar (cvar "sv_client_predict") (value "1")
L 07/14/2025 - 22:18:34: [basecommands.smx] "Console<0><Console><Console>" changed cvar (cvar "sv_client_cmdrate_difference") (value "0")
L 07/14/2025 - 22:18:34: [basecommands.smx] "Console<0><Console><Console>" changed cvar (cvar "sv_max_queries_sec_global") (value "10")
L 07/14/2025 - 22:18:34: [basecommands.smx] "Console<0><Console><Console>" changed cvar (cvar "sv_max_queries_sec") (value "3")
L 07/14/2025 - 22:18:34: [basecommands.smx] "Console<0><Console><Console>" changed cvar (cvar "sv_max_queries_window") (value "10")
L 07/14/2025 - 22:18:34: [basecommands.smx] "Console<0><Console><Console>" changed cvar (cvar "sv_player_stuck_tolerance") (value "5")
L 07/14/2025 - 22:18:34: [basecommands.smx] "Console<0><Console><Console>" changed cvar (cvar "sv_stats") (value "0")
L 07/14/2025 - 22:18:34: [basecommands.smx] "Console<0><Console><Console>" changed cvar (cvar "sv_clockcorrection_msecs") (value "25")
L 07/14/2025 - 22:18:34: [basecommands.smx] "Console<0><Console><Console>" changed cvar (cvar "survivor_max_incapacitated_count") (value "2")
L 07/14/2025 - 22:18:34: [optional/chat-processor.smx] Message formats generated for game 'left4dead2'.
L 07/14/2025 - 22:18:34: [optional/chat-processor.smx] Successfully hooked a SayText2 chat hook.
L 07/14/2025 - 22:18:36: [optional/l4d2_saferoom_item_remove.smx] Removed 0 saferoom item(s) (start: 0; end: 0).
L 07/14/2025 - 22:31:54: [optional/l4d2_saferoom_item_remove.smx] Removed 0 saferoom item(s) (start: 0; end: 0).
L 07/14/2025 - 22:38:02: -------- Mapchange to l4d2_daybreak04_cruise --------
L 07/14/2025 - 22:38:03: [optional/l4d2_saferoom_detect.smx] [SI] SaferoomInfo for l4d2_daybreak04_cruise is missing.
L 07/14/2025 - 22:38:04: [basecommands.smx] "Console<0><Console><Console>" changed cvar (cvar "confogl_match_execcfg_plugins") (value "generalfixes.cfg;confogl_plugins.cfg;sharedplugins.cfg")
L 07/14/2025 - 22:38:04: [basecommands.smx] "Console<0><Console><Console>" changed cvar (cvar "l4d2_addons_eclipse") (value "0")
L 07/14/2025 - 22:38:04: [basecommands.smx] "Console<0><Console><Console>" changed cvar (cvar "sv_allow_wait_command") (value "0")
L 07/14/2025 - 22:38:04: [basecommands.smx] "Console<0><Console><Console>" changed cvar (cvar "sv_minrate") (value "100000")
L 07/14/2025 - 22:38:04: [basecommands.smx] "Console<0><Console><Console>" changed cvar (cvar "sv_maxrate") (value "100000")
L 07/14/2025 - 22:38:04: [basecommands.smx] "Console<0><Console><Console>" changed cvar (cvar "sv_minupdaterate") (value "100")
L 07/14/2025 - 22:38:04: [basecommands.smx] "Console<0><Console><Console>" changed cvar (cvar "sv_maxupdaterate") (value "100")
L 07/14/2025 - 22:38:04: [basecommands.smx] "Console<0><Console><Console>" changed cvar (cvar "sv_mincmdrate") (value "100")
L 07/14/2025 - 22:38:04: [basecommands.smx] "Console<0><Console><Console>" changed cvar (cvar "sv_maxcmdrate") (value "100")
L 07/14/2025 - 22:38:04: [basecommands.smx] "Console<0><Console><Console>" changed cvar (cvar "sv_client_min_interp_ratio") (value "-1")
L 07/14/2025 - 22:38:04: [basecommands.smx] "Console<0><Console><Console>" changed cvar (cvar "sv_client_max_interp_ratio") (value "0")
L 07/14/2025 - 22:38:04: [basecommands.smx] "Console<0><Console><Console>" changed cvar (cvar "nb_update_frequency") (value "0.014")
L 07/14/2025 - 22:38:04: [basecommands.smx] "Console<0><Console><Console>" changed cvar (cvar "net_splitpacket_maxrate") (value "50000")
L 07/14/2025 - 22:38:04: [basecommands.smx] "Console<0><Console><Console>" changed cvar (cvar "net_maxcleartime") (value "0.0001")
L 07/14/2025 - 22:38:04: [basecommands.smx] "Console<0><Console><Console>" changed cvar (cvar "fps_max") (value "0")
L 07/14/2025 - 22:38:04: [basecommands.smx] "Console<0><Console><Console>" changed cvar (cvar "tick_door_speed") (value "1.3")
L 07/14/2025 - 22:38:04: [basecommands.smx] "Console<0><Console><Console>" changed cvar (cvar "mv_maxplayers") (value "30")
L 07/14/2025 - 22:38:04: [basecommands.smx] "Console<0><Console><Console>" changed cvar (cvar "mp_autoteambalance") (value "0")
L 07/14/2025 - 22:38:04: [basecommands.smx] "Console<0><Console><Console>" changed cvar (cvar "sv_unlag_fixstuck") (value "1")
L 07/14/2025 - 22:38:04: [basecommands.smx] "Console<0><Console><Console>" changed cvar (cvar "z_brawl_chance") (value "0")
L 07/14/2025 - 22:38:04: [basecommands.smx] "Console<0><Console><Console>" changed cvar (cvar "sv_maxunlag") (value "1")
L 07/14/2025 - 22:38:04: [basecommands.smx] "Console<0><Console><Console>" changed cvar (cvar "sv_forcepreload") (value "1")
L 07/14/2025 - 22:38:04: [basecommands.smx] "Console<0><Console><Console>" changed cvar (cvar "sv_client_predict") (value "1")
L 07/14/2025 - 22:38:04: [basecommands.smx] "Console<0><Console><Console>" changed cvar (cvar "sv_client_cmdrate_difference") (value "0")
L 07/14/2025 - 22:38:04: [basecommands.smx] "Console<0><Console><Console>" changed cvar (cvar "sv_max_queries_sec_global") (value "10")
L 07/14/2025 - 22:38:04: [basecommands.smx] "Console<0><Console><Console>" changed cvar (cvar "sv_max_queries_sec") (value "3")
L 07/14/2025 - 22:38:04: [basecommands.smx] "Console<0><Console><Console>" changed cvar (cvar "sv_max_queries_window") (value "10")
L 07/14/2025 - 22:38:04: [basecommands.smx] "Console<0><Console><Console>" changed cvar (cvar "sv_player_stuck_tolerance") (value "5")
L 07/14/2025 - 22:38:04: [basecommands.smx] "Console<0><Console><Console>" changed cvar (cvar "sv_stats") (value "0")
L 07/14/2025 - 22:38:04: [basecommands.smx] "Console<0><Console><Console>" changed cvar (cvar "sv_clockcorrection_msecs") (value "25")
L 07/14/2025 - 22:38:04: [basecommands.smx] "Console<0><Console><Console>" changed cvar (cvar "survivor_max_incapacitated_count") (value "2")
L 07/14/2025 - 22:38:04: [optional/chat-processor.smx] Message formats generated for game 'left4dead2'.
L 07/14/2025 - 22:38:04: [optional/chat-processor.smx] Successfully hooked a SayText2 chat hook.
L 07/14/2025 - 22:38:05: [optional/l4d2_saferoom_item_remove.smx] Removed 0 saferoom item(s) (start: 0; end: 0).
L 07/14/2025 - 22:47:46: [optional/l4d2_saferoom_item_remove.smx] Removed 0 saferoom item(s) (start: 0; end: 0).
L 07/14/2025 - 22:57:48: -------- Mapchange to l4d2_daybreak05_rescue --------
L 07/14/2025 - 22:57:49: [optional/l4d2_saferoom_detect.smx] [SI] SaferoomInfo for l4d2_daybreak05_rescue is missing.
L 07/14/2025 - 22:57:49: [basecommands.smx] "Console<0><Console><Console>" changed cvar (cvar "confogl_match_execcfg_plugins") (value "generalfixes.cfg;confogl_plugins.cfg;sharedplugins.cfg")
L 07/14/2025 - 22:57:49: [basecommands.smx] "Console<0><Console><Console>" changed cvar (cvar "l4d2_addons_eclipse") (value "0")
L 07/14/2025 - 22:57:49: [basecommands.smx] "Console<0><Console><Console>" changed cvar (cvar "sv_allow_wait_command") (value "0")
L 07/14/2025 - 22:57:49: [basecommands.smx] "Console<0><Console><Console>" changed cvar (cvar "sv_minrate") (value "100000")
L 07/14/2025 - 22:57:49: [basecommands.smx] "Console<0><Console><Console>" changed cvar (cvar "sv_maxrate") (value "100000")
L 07/14/2025 - 22:57:49: [basecommands.smx] "Console<0><Console><Console>" changed cvar (cvar "sv_minupdaterate") (value "100")
L 07/14/2025 - 22:57:49: [basecommands.smx] "Console<0><Console><Console>" changed cvar (cvar "sv_maxupdaterate") (value "100")
L 07/14/2025 - 22:57:49: [basecommands.smx] "Console<0><Console><Console>" changed cvar (cvar "sv_mincmdrate") (value "100")
L 07/14/2025 - 22:57:49: [basecommands.smx] "Console<0><Console><Console>" changed cvar (cvar "sv_maxcmdrate") (value "100")
L 07/14/2025 - 22:57:49: [basecommands.smx] "Console<0><Console><Console>" changed cvar (cvar "sv_client_min_interp_ratio") (value "-1")
L 07/14/2025 - 22:57:49: [basecommands.smx] "Console<0><Console><Console>" changed cvar (cvar "sv_client_max_interp_ratio") (value "0")
L 07/14/2025 - 22:57:49: [basecommands.smx] "Console<0><Console><Console>" changed cvar (cvar "nb_update_frequency") (value "0.014")
L 07/14/2025 - 22:57:49: [basecommands.smx] "Console<0><Console><Console>" changed cvar (cvar "net_splitpacket_maxrate") (value "50000")
L 07/14/2025 - 22:57:49: [basecommands.smx] "Console<0><Console><Console>" changed cvar (cvar "net_maxcleartime") (value "0.0001")
L 07/14/2025 - 22:57:49: [basecommands.smx] "Console<0><Console><Console>" changed cvar (cvar "fps_max") (value "0")
L 07/14/2025 - 22:57:49: [basecommands.smx] "Console<0><Console><Console>" changed cvar (cvar "tick_door_speed") (value "1.3")
L 07/14/2025 - 22:57:49: [basecommands.smx] "Console<0><Console><Console>" changed cvar (cvar "mv_maxplayers") (value "30")
L 07/14/2025 - 22:57:49: [basecommands.smx] "Console<0><Console><Console>" changed cvar (cvar "mp_autoteambalance") (value "0")
L 07/14/2025 - 22:57:49: [basecommands.smx] "Console<0><Console><Console>" changed cvar (cvar "sv_unlag_fixstuck") (value "1")
L 07/14/2025 - 22:57:49: [basecommands.smx] "Console<0><Console><Console>" changed cvar (cvar "z_brawl_chance") (value "0")
L 07/14/2025 - 22:57:49: [basecommands.smx] "Console<0><Console><Console>" changed cvar (cvar "sv_maxunlag") (value "1")
L 07/14/2025 - 22:57:49: [basecommands.smx] "Console<0><Console><Console>" changed cvar (cvar "sv_forcepreload") (value "1")
L 07/14/2025 - 22:57:49: [basecommands.smx] "Console<0><Console><Console>" changed cvar (cvar "sv_client_predict") (value "1")
L 07/14/2025 - 22:57:49: [basecommands.smx] "Console<0><Console><Console>" changed cvar (cvar "sv_client_cmdrate_difference") (value "0")
L 07/14/2025 - 22:57:49: [basecommands.smx] "Console<0><Console><Console>" changed cvar (cvar "sv_max_queries_sec_global") (value "10")
L 07/14/2025 - 22:57:49: [basecommands.smx] "Console<0><Console><Console>" changed cvar (cvar "sv_max_queries_sec") (value "3")
L 07/14/2025 - 22:57:49: [basecommands.smx] "Console<0><Console><Console>" changed cvar (cvar "sv_max_queries_window") (value "10")
L 07/14/2025 - 22:57:49: [basecommands.smx] "Console<0><Console><Console>" changed cvar (cvar "sv_player_stuck_tolerance") (value "5")
L 07/14/2025 - 22:57:49: [basecommands.smx] "Console<0><Console><Console>" changed cvar (cvar "sv_stats") (value "0")
L 07/14/2025 - 22:57:49: [basecommands.smx] "Console<0><Console><Console>" changed cvar (cvar "sv_clockcorrection_msecs") (value "25")
L 07/14/2025 - 22:57:50: [basecommands.smx] "Console<0><Console><Console>" changed cvar (cvar "survivor_max_incapacitated_count") (value "2")
L 07/14/2025 - 22:57:50: [optional/chat-processor.smx] Message formats generated for game 'left4dead2'.
L 07/14/2025 - 22:57:50: [optional/chat-processor.smx] Successfully hooked a SayText2 chat hook.
L 07/14/2025 - 22:57:51: [optional/l4d2_saferoom_item_remove.smx] Removed 0 saferoom item(s) (start: 0; end: 0).
L 07/14/2025 - 23:39:37: SourceMod log file session started (file "/root/Steam/steamapps/common/L4D21/left4dead2/addons/sourcemod/logs/L20250714.log") (Version "1.12.0.7195")
L 07/14/2025 - 23:39:37: [fixes/firebulletsfix.smx] Found offset for Weapon_ShootPosition 286
L 07/14/2025 - 23:39:39: [basecommands.smx] "Console<0><Console><Console>" changed cvar (cvar "confogl_match_execcfg_plugins") (value "generalfixes.cfg;confogl_plugins.cfg;sharedplugins.cfg")
L 07/14/2025 - 23:39:39: [basecommands.smx] "Console<0><Console><Console>" changed cvar (cvar "l4d2_addons_eclipse") (value "0")
L 07/14/2025 - 23:39:39: [basecommands.smx] "Console<0><Console><Console>" changed cvar (cvar "sv_allow_wait_command") (value "0")
L 07/14/2025 - 23:39:39: [basecommands.smx] "Console<0><Console><Console>" changed cvar (cvar "sv_minrate") (value "100000")
L 07/14/2025 - 23:39:39: [basecommands.smx] "Console<0><Console><Console>" changed cvar (cvar "sv_maxrate") (value "100000")
L 07/14/2025 - 23:39:39: [basecommands.smx] "Console<0><Console><Console>" changed cvar (cvar "sv_minupdaterate") (value "100")
L 07/14/2025 - 23:39:39: [basecommands.smx] "Console<0><Console><Console>" changed cvar (cvar "sv_maxupdaterate") (value "100")
L 07/14/2025 - 23:39:39: [basecommands.smx] "Console<0><Console><Console>" changed cvar (cvar "sv_mincmdrate") (value "100")
L 07/14/2025 - 23:39:39: [basecommands.smx] "Console<0><Console><Console>" changed cvar (cvar "sv_maxcmdrate") (value "100")
L 07/14/2025 - 23:39:39: [basecommands.smx] "Console<0><Console><Console>" changed cvar (cvar "sv_client_min_interp_ratio") (value "-1")
L 07/14/2025 - 23:39:39: [basecommands.smx] "Console<0><Console><Console>" changed cvar (cvar "sv_client_max_interp_ratio") (value "0")
L 07/14/2025 - 23:39:39: [basecommands.smx] "Console<0><Console><Console>" changed cvar (cvar "nb_update_frequency") (value "0.014")
L 07/14/2025 - 23:39:39: [basecommands.smx] "Console<0><Console><Console>" changed cvar (cvar "net_splitpacket_maxrate") (value "50000")
L 07/14/2025 - 23:39:39: [basecommands.smx] "Console<0><Console><Console>" changed cvar (cvar "net_maxcleartime") (value "0.0001")
L 07/14/2025 - 23:39:39: [basecommands.smx] "Console<0><Console><Console>" changed cvar (cvar "fps_max") (value "0")
L 07/14/2025 - 23:39:39: [basecommands.smx] "Console<0><Console><Console>" changed cvar (cvar "tick_door_speed") (value "1.3")
L 07/14/2025 - 23:39:39: [basecommands.smx] "Console<0><Console><Console>" changed cvar (cvar "mv_maxplayers") (value "30")
L 07/14/2025 - 23:39:39: [basecommands.smx] "Console<0><Console><Console>" changed cvar (cvar "mp_autoteambalance") (value "0")
L 07/14/2025 - 23:39:39: [basecommands.smx] "Console<0><Console><Console>" changed cvar (cvar "sv_unlag_fixstuck") (value "1")
L 07/14/2025 - 23:39:39: [basecommands.smx] "Console<0><Console><Console>" changed cvar (cvar "z_brawl_chance") (value "0")
L 07/14/2025 - 23:39:39: [basecommands.smx] "Console<0><Console><Console>" changed cvar (cvar "sv_maxunlag") (value "1")
L 07/14/2025 - 23:39:39: [basecommands.smx] "Console<0><Console><Console>" changed cvar (cvar "sv_forcepreload") (value "1")
L 07/14/2025 - 23:39:39: [basecommands.smx] "Console<0><Console><Console>" changed cvar (cvar "sv_client_predict") (value "1")
L 07/14/2025 - 23:39:39: [basecommands.smx] "Console<0><Console><Console>" changed cvar (cvar "sv_client_cmdrate_difference") (value "0")
L 07/14/2025 - 23:39:39: [basecommands.smx] "Console<0><Console><Console>" changed cvar (cvar "sv_max_queries_sec_global") (value "10")
L 07/14/2025 - 23:39:39: [basecommands.smx] "Console<0><Console><Console>" changed cvar (cvar "sv_max_queries_sec") (value "3")
L 07/14/2025 - 23:39:39: [basecommands.smx] "Console<0><Console><Console>" changed cvar (cvar "sv_max_queries_window") (value "10")
L 07/14/2025 - 23:39:39: [basecommands.smx] "Console<0><Console><Console>" changed cvar (cvar "sv_player_stuck_tolerance") (value "5")
L 07/14/2025 - 23:39:39: [basecommands.smx] "Console<0><Console><Console>" changed cvar (cvar "sv_stats") (value "0")
L 07/14/2025 - 23:39:39: [basecommands.smx] "Console<0><Console><Console>" changed cvar (cvar "sv_clockcorrection_msecs") (value "25")
L 07/14/2025 - 23:39:39: [basecommands.smx] "Console<0><Console><Console>" changed cvar (cvar "survivor_max_incapacitated_count") (value "2")
L 07/14/2025 - 23:39:40: [fixes/firebulletsfix.smx] Found offset for Weapon_ShootPosition 286
L 07/14/2025 - 23:39:40: [optional/l4d2_item_hint.smx] 
==========
Warning: You should install "[L4D & L4D2] Use Priority Patch" to fix attached models blocking +USE action (item hint): https://forums.alliedmods.net/showthread.php?t=327511
==========

L 07/14/2025 - 23:39:40: [GEOIP] GeoIP2 database loaded: GeoLite2-Country (2023-12-22 14:46:10 UTC) (/root/Steam/steamapps/common/L4D21/left4dead2/addons/sourcemod/configs/geoip/GeoLite2-Country.mmdb)
L 07/14/2025 - 23:39:40: [GEOIP] GeoIP2 supported languages: de en es fr ja pt-BR ru zh-CN
L 07/14/2025 - 23:39:40: [GEOIP] Your database is older than 90 days. You should consider downloading a newer version from e.g. https://dev.maxmind.com/geoip/geolite2-free-geolocation-data
L 07/14/2025 - 23:39:40: [optional/chat-processor.smx] Message formats generated for game 'left4dead2'.
L 07/14/2025 - 23:39:40: [optional/chat-processor.smx] Successfully hooked a SayText2 chat hook.
L 07/14/2025 - 23:39:44: -------- Mapchange to c2m1_highway --------
L 07/14/2025 - 23:39:45: [basecommands.smx] "Console<0><Console><Console>" changed cvar (cvar "confogl_match_execcfg_plugins") (value "generalfixes.cfg;confogl_plugins.cfg;sharedplugins.cfg")
L 07/14/2025 - 23:39:45: [basecommands.smx] "Console<0><Console><Console>" changed cvar (cvar "l4d2_addons_eclipse") (value "0")
L 07/14/2025 - 23:39:45: [basecommands.smx] "Console<0><Console><Console>" changed cvar (cvar "sv_allow_wait_command") (value "0")
L 07/14/2025 - 23:39:45: [basecommands.smx] "Console<0><Console><Console>" changed cvar (cvar "sv_minrate") (value "100000")
L 07/14/2025 - 23:39:45: [basecommands.smx] "Console<0><Console><Console>" changed cvar (cvar "sv_maxrate") (value "100000")
L 07/14/2025 - 23:39:45: [basecommands.smx] "Console<0><Console><Console>" changed cvar (cvar "sv_minupdaterate") (value "100")
L 07/14/2025 - 23:39:45: [basecommands.smx] "Console<0><Console><Console>" changed cvar (cvar "sv_maxupdaterate") (value "100")
L 07/14/2025 - 23:39:45: [basecommands.smx] "Console<0><Console><Console>" changed cvar (cvar "sv_mincmdrate") (value "100")
L 07/14/2025 - 23:39:45: [basecommands.smx] "Console<0><Console><Console>" changed cvar (cvar "sv_maxcmdrate") (value "100")
L 07/14/2025 - 23:39:45: [basecommands.smx] "Console<0><Console><Console>" changed cvar (cvar "sv_client_min_interp_ratio") (value "-1")
L 07/14/2025 - 23:39:45: [basecommands.smx] "Console<0><Console><Console>" changed cvar (cvar "sv_client_max_interp_ratio") (value "0")
L 07/14/2025 - 23:39:45: [basecommands.smx] "Console<0><Console><Console>" changed cvar (cvar "nb_update_frequency") (value "0.014")
L 07/14/2025 - 23:39:45: [basecommands.smx] "Console<0><Console><Console>" changed cvar (cvar "net_splitpacket_maxrate") (value "50000")
L 07/14/2025 - 23:39:45: [basecommands.smx] "Console<0><Console><Console>" changed cvar (cvar "net_maxcleartime") (value "0.0001")
L 07/14/2025 - 23:39:45: [basecommands.smx] "Console<0><Console><Console>" changed cvar (cvar "fps_max") (value "0")
L 07/14/2025 - 23:39:45: [basecommands.smx] "Console<0><Console><Console>" changed cvar (cvar "tick_door_speed") (value "1.3")
L 07/14/2025 - 23:39:45: [basecommands.smx] "Console<0><Console><Console>" changed cvar (cvar "mv_maxplayers") (value "30")
L 07/14/2025 - 23:39:45: [basecommands.smx] "Console<0><Console><Console>" changed cvar (cvar "mp_autoteambalance") (value "0")
L 07/14/2025 - 23:39:45: [basecommands.smx] "Console<0><Console><Console>" changed cvar (cvar "sv_unlag_fixstuck") (value "1")
L 07/14/2025 - 23:39:45: [basecommands.smx] "Console<0><Console><Console>" changed cvar (cvar "z_brawl_chance") (value "0")
L 07/14/2025 - 23:39:45: [basecommands.smx] "Console<0><Console><Console>" changed cvar (cvar "sv_maxunlag") (value "1")
L 07/14/2025 - 23:39:45: [basecommands.smx] "Console<0><Console><Console>" changed cvar (cvar "sv_forcepreload") (value "1")
L 07/14/2025 - 23:39:45: [basecommands.smx] "Console<0><Console><Console>" changed cvar (cvar "sv_client_predict") (value "1")
L 07/14/2025 - 23:39:45: [basecommands.smx] "Console<0><Console><Console>" changed cvar (cvar "sv_client_cmdrate_difference") (value "0")
L 07/14/2025 - 23:39:45: [basecommands.smx] "Console<0><Console><Console>" changed cvar (cvar "sv_max_queries_sec_global") (value "10")
L 07/14/2025 - 23:39:45: [basecommands.smx] "Console<0><Console><Console>" changed cvar (cvar "sv_max_queries_sec") (value "3")
L 07/14/2025 - 23:39:45: [basecommands.smx] "Console<0><Console><Console>" changed cvar (cvar "sv_max_queries_window") (value "10")
L 07/14/2025 - 23:39:45: [basecommands.smx] "Console<0><Console><Console>" changed cvar (cvar "sv_player_stuck_tolerance") (value "5")
L 07/14/2025 - 23:39:45: [basecommands.smx] "Console<0><Console><Console>" changed cvar (cvar "sv_stats") (value "0")
L 07/14/2025 - 23:39:45: [basecommands.smx] "Console<0><Console><Console>" changed cvar (cvar "sv_clockcorrection_msecs") (value "25")
L 07/14/2025 - 23:39:45: [basecommands.smx] "Console<0><Console><Console>" changed cvar (cvar "survivor_max_incapacitated_count") (value "2")
L 07/14/2025 - 23:39:45: [optional/chat-processor.smx] Message formats generated for game 'left4dead2'.
L 07/14/2025 - 23:39:45: [optional/chat-processor.smx] Successfully hooked a SayText2 chat hook.
L 07/14/2025 - 23:39:46: [optional/l4d2_saferoom_item_remove.smx] Removed 0 saferoom item(s) (start: 0; end: 0).
L 07/14/2025 - 23:49:32: SourceMod log file session started (file "/root/Steam/steamapps/common/L4D21/left4dead2/addons/sourcemod/logs/L20250714.log") (Version "1.12.0.7195")
L 07/14/2025 - 23:49:32: [fixes/firebulletsfix.smx] Found offset for Weapon_ShootPosition 286
L 07/14/2025 - 23:49:34: [basecommands.smx] "Console<0><Console><Console>" changed cvar (cvar "confogl_match_execcfg_plugins") (value "generalfixes.cfg;confogl_plugins.cfg;sharedplugins.cfg")
L 07/14/2025 - 23:49:34: [basecommands.smx] "Console<0><Console><Console>" changed cvar (cvar "l4d2_addons_eclipse") (value "0")
L 07/14/2025 - 23:49:34: [basecommands.smx] "Console<0><Console><Console>" changed cvar (cvar "sv_allow_wait_command") (value "0")
L 07/14/2025 - 23:49:34: [basecommands.smx] "Console<0><Console><Console>" changed cvar (cvar "sv_minrate") (value "100000")
L 07/14/2025 - 23:49:34: [basecommands.smx] "Console<0><Console><Console>" changed cvar (cvar "sv_maxrate") (value "100000")
L 07/14/2025 - 23:49:34: [basecommands.smx] "Console<0><Console><Console>" changed cvar (cvar "sv_minupdaterate") (value "100")
L 07/14/2025 - 23:49:34: [basecommands.smx] "Console<0><Console><Console>" changed cvar (cvar "sv_maxupdaterate") (value "100")
L 07/14/2025 - 23:49:34: [basecommands.smx] "Console<0><Console><Console>" changed cvar (cvar "sv_mincmdrate") (value "100")
L 07/14/2025 - 23:49:34: [basecommands.smx] "Console<0><Console><Console>" changed cvar (cvar "sv_maxcmdrate") (value "100")
L 07/14/2025 - 23:49:34: [basecommands.smx] "Console<0><Console><Console>" changed cvar (cvar "sv_client_min_interp_ratio") (value "-1")
L 07/14/2025 - 23:49:34: [basecommands.smx] "Console<0><Console><Console>" changed cvar (cvar "sv_client_max_interp_ratio") (value "0")
L 07/14/2025 - 23:49:34: [basecommands.smx] "Console<0><Console><Console>" changed cvar (cvar "nb_update_frequency") (value "0.014")
L 07/14/2025 - 23:49:34: [basecommands.smx] "Console<0><Console><Console>" changed cvar (cvar "net_splitpacket_maxrate") (value "50000")
L 07/14/2025 - 23:49:34: [basecommands.smx] "Console<0><Console><Console>" changed cvar (cvar "net_maxcleartime") (value "0.0001")
L 07/14/2025 - 23:49:34: [basecommands.smx] "Console<0><Console><Console>" changed cvar (cvar "fps_max") (value "0")
L 07/14/2025 - 23:49:34: [basecommands.smx] "Console<0><Console><Console>" changed cvar (cvar "tick_door_speed") (value "1.3")
L 07/14/2025 - 23:49:34: [basecommands.smx] "Console<0><Console><Console>" changed cvar (cvar "mv_maxplayers") (value "30")
L 07/14/2025 - 23:49:34: [basecommands.smx] "Console<0><Console><Console>" changed cvar (cvar "mp_autoteambalance") (value "0")
L 07/14/2025 - 23:49:34: [basecommands.smx] "Console<0><Console><Console>" changed cvar (cvar "sv_unlag_fixstuck") (value "1")
L 07/14/2025 - 23:49:34: [basecommands.smx] "Console<0><Console><Console>" changed cvar (cvar "z_brawl_chance") (value "0")
L 07/14/2025 - 23:49:34: [basecommands.smx] "Console<0><Console><Console>" changed cvar (cvar "sv_maxunlag") (value "1")
L 07/14/2025 - 23:49:34: [basecommands.smx] "Console<0><Console><Console>" changed cvar (cvar "sv_forcepreload") (value "1")
L 07/14/2025 - 23:49:34: [basecommands.smx] "Console<0><Console><Console>" changed cvar (cvar "sv_client_predict") (value "1")
L 07/14/2025 - 23:49:34: [basecommands.smx] "Console<0><Console><Console>" changed cvar (cvar "sv_client_cmdrate_difference") (value "0")
L 07/14/2025 - 23:49:34: [basecommands.smx] "Console<0><Console><Console>" changed cvar (cvar "sv_max_queries_sec_global") (value "10")
L 07/14/2025 - 23:49:34: [basecommands.smx] "Console<0><Console><Console>" changed cvar (cvar "sv_max_queries_sec") (value "3")
L 07/14/2025 - 23:49:34: [basecommands.smx] "Console<0><Console><Console>" changed cvar (cvar "sv_max_queries_window") (value "10")
L 07/14/2025 - 23:49:34: [basecommands.smx] "Console<0><Console><Console>" changed cvar (cvar "sv_player_stuck_tolerance") (value "5")
L 07/14/2025 - 23:49:34: [basecommands.smx] "Console<0><Console><Console>" changed cvar (cvar "sv_stats") (value "0")
L 07/14/2025 - 23:49:34: [basecommands.smx] "Console<0><Console><Console>" changed cvar (cvar "sv_clockcorrection_msecs") (value "25")
L 07/14/2025 - 23:49:34: [basecommands.smx] "Console<0><Console><Console>" changed cvar (cvar "survivor_max_incapacitated_count") (value "2")
L 07/14/2025 - 23:49:35: [fixes/firebulletsfix.smx] Found offset for Weapon_ShootPosition 286
L 07/14/2025 - 23:49:35: [optional/l4d2_item_hint.smx] 
==========
Warning: You should install "[L4D & L4D2] Use Priority Patch" to fix attached models blocking +USE action (item hint): https://forums.alliedmods.net/showthread.php?t=327511
==========

L 07/14/2025 - 23:49:35: [GEOIP] GeoIP2 database loaded: GeoLite2-Country (2023-12-22 14:46:10 UTC) (/root/Steam/steamapps/common/L4D21/left4dead2/addons/sourcemod/configs/geoip/GeoLite2-Country.mmdb)
L 07/14/2025 - 23:49:35: [GEOIP] GeoIP2 supported languages: de en es fr ja pt-BR ru zh-CN
L 07/14/2025 - 23:49:35: [GEOIP] Your database is older than 90 days. You should consider downloading a newer version from e.g. https://dev.maxmind.com/geoip/geolite2-free-geolocation-data
L 07/14/2025 - 23:49:35: [optional/chat-processor.smx] Message formats generated for game 'left4dead2'.
L 07/14/2025 - 23:49:35: [optional/chat-processor.smx] Successfully hooked a SayText2 chat hook.
L 07/14/2025 - 23:49:39: -------- Mapchange to c2m1_highway --------
L 07/14/2025 - 23:49:40: [basecommands.smx] "Console<0><Console><Console>" changed cvar (cvar "confogl_match_execcfg_plugins") (value "generalfixes.cfg;confogl_plugins.cfg;sharedplugins.cfg")
L 07/14/2025 - 23:49:40: [basecommands.smx] "Console<0><Console><Console>" changed cvar (cvar "l4d2_addons_eclipse") (value "0")
L 07/14/2025 - 23:49:40: [basecommands.smx] "Console<0><Console><Console>" changed cvar (cvar "sv_allow_wait_command") (value "0")
L 07/14/2025 - 23:49:40: [basecommands.smx] "Console<0><Console><Console>" changed cvar (cvar "sv_minrate") (value "100000")
L 07/14/2025 - 23:49:40: [basecommands.smx] "Console<0><Console><Console>" changed cvar (cvar "sv_maxrate") (value "100000")
L 07/14/2025 - 23:49:40: [basecommands.smx] "Console<0><Console><Console>" changed cvar (cvar "sv_minupdaterate") (value "100")
L 07/14/2025 - 23:49:40: [basecommands.smx] "Console<0><Console><Console>" changed cvar (cvar "sv_maxupdaterate") (value "100")
L 07/14/2025 - 23:49:40: [basecommands.smx] "Console<0><Console><Console>" changed cvar (cvar "sv_mincmdrate") (value "100")
L 07/14/2025 - 23:49:40: [basecommands.smx] "Console<0><Console><Console>" changed cvar (cvar "sv_maxcmdrate") (value "100")
L 07/14/2025 - 23:49:40: [basecommands.smx] "Console<0><Console><Console>" changed cvar (cvar "sv_client_min_interp_ratio") (value "-1")
L 07/14/2025 - 23:49:40: [basecommands.smx] "Console<0><Console><Console>" changed cvar (cvar "sv_client_max_interp_ratio") (value "0")
L 07/14/2025 - 23:49:40: [basecommands.smx] "Console<0><Console><Console>" changed cvar (cvar "nb_update_frequency") (value "0.014")
L 07/14/2025 - 23:49:40: [basecommands.smx] "Console<0><Console><Console>" changed cvar (cvar "net_splitpacket_maxrate") (value "50000")
L 07/14/2025 - 23:49:40: [basecommands.smx] "Console<0><Console><Console>" changed cvar (cvar "net_maxcleartime") (value "0.0001")
L 07/14/2025 - 23:49:40: [basecommands.smx] "Console<0><Console><Console>" changed cvar (cvar "fps_max") (value "0")
L 07/14/2025 - 23:49:40: [basecommands.smx] "Console<0><Console><Console>" changed cvar (cvar "tick_door_speed") (value "1.3")
L 07/14/2025 - 23:49:40: [basecommands.smx] "Console<0><Console><Console>" changed cvar (cvar "mv_maxplayers") (value "30")
L 07/14/2025 - 23:49:40: [basecommands.smx] "Console<0><Console><Console>" changed cvar (cvar "mp_autoteambalance") (value "0")
L 07/14/2025 - 23:49:40: [basecommands.smx] "Console<0><Console><Console>" changed cvar (cvar "sv_unlag_fixstuck") (value "1")
L 07/14/2025 - 23:49:40: [basecommands.smx] "Console<0><Console><Console>" changed cvar (cvar "z_brawl_chance") (value "0")
L 07/14/2025 - 23:49:40: [basecommands.smx] "Console<0><Console><Console>" changed cvar (cvar "sv_maxunlag") (value "1")
L 07/14/2025 - 23:49:40: [basecommands.smx] "Console<0><Console><Console>" changed cvar (cvar "sv_forcepreload") (value "1")
L 07/14/2025 - 23:49:40: [basecommands.smx] "Console<0><Console><Console>" changed cvar (cvar "sv_client_predict") (value "1")
L 07/14/2025 - 23:49:40: [basecommands.smx] "Console<0><Console><Console>" changed cvar (cvar "sv_client_cmdrate_difference") (value "0")
L 07/14/2025 - 23:49:40: [basecommands.smx] "Console<0><Console><Console>" changed cvar (cvar "sv_max_queries_sec_global") (value "10")
L 07/14/2025 - 23:49:40: [basecommands.smx] "Console<0><Console><Console>" changed cvar (cvar "sv_max_queries_sec") (value "3")
L 07/14/2025 - 23:49:40: [basecommands.smx] "Console<0><Console><Console>" changed cvar (cvar "sv_max_queries_window") (value "10")
L 07/14/2025 - 23:49:40: [basecommands.smx] "Console<0><Console><Console>" changed cvar (cvar "sv_player_stuck_tolerance") (value "5")
L 07/14/2025 - 23:49:40: [basecommands.smx] "Console<0><Console><Console>" changed cvar (cvar "sv_stats") (value "0")
L 07/14/2025 - 23:49:40: [basecommands.smx] "Console<0><Console><Console>" changed cvar (cvar "sv_clockcorrection_msecs") (value "25")
L 07/14/2025 - 23:49:40: [basecommands.smx] "Console<0><Console><Console>" changed cvar (cvar "survivor_max_incapacitated_count") (value "2")
L 07/14/2025 - 23:49:40: [optional/chat-processor.smx] Message formats generated for game 'left4dead2'.
L 07/14/2025 - 23:49:40: [optional/chat-processor.smx] Successfully hooked a SayText2 chat hook.
L 07/14/2025 - 23:49:41: [optional/l4d2_saferoom_item_remove.smx] Removed 0 saferoom item(s) (start: 0; end: 0).
